/*******************************************************************************
 * Size: 20 px
 * Bpp: 4
 * Opts: --font SourceHanSansSC-Regular.otf --range 0x20-0x7E,0xB7,0xD7,0x25B2,0x25BC,0x25CF,0x266A,0x2713,0x3002,0x300C-0x300D,0x4E00,0x4E03,0x4E09-0x4E0B,0x4E0D-0x4E0E,0x4E16,0x4E1D,0x4E24,0x4E2A,0x4E2D,0x4E3A,0x4E48,0x4E4B-0x4E4C,0x4E50,0x4E5D,0x4E60,0x4E66,0x4E86,0x4E8C,0x4E8E,0x4E94,0x4EA4,0x4EAE,0x4EB2,0x4EBA,0x4EC0,0x4ECA-0x4ECB,0x4ED8,0x4F18,0x4F1A,0x4F1E,0x4F3C,0x4F46,0x4F4D,0x4F4F,0x4F53,0x4F60,0x4F8B,0x4FBF,0x5019,0x505A,0x505C,0x5065,0x508D,0x50A8,0x50CF,0x513F,0x5143,0x5148,0x5165,0x5168,0x516B-0x516D,0x5173-0x5174,0x518D,0x51E0,0x51FA,0x5207,0x521D,0x5229,0x5230,0x529B,0x52A0-0x52A1,0x52A8-0x52A9,0x5305,0x5319,0x533B,0x5341,0x5348,0x534A,0x5355,0x535C,0x5361,0x5371,0x5385,0x53BB,0x53CB-0x53CC,0x53D1,0x53D6,0x53E3,0x53EB,0x53EF,0x53F8,0x5403,0x5408,0x540D,0x5411,0x5417,0x5427,0x542C,0x5440,0x5443,0x5458,0x547C,0x5496,0x54C1,0x54C7,0x54DF,0x54E5-0x54E6,0x54EA,0x5507,0x554A,0x5561,0x5564,0x5589,0x559C-0x559D,0x55D2,0x560E,0x5634,0x5636,0x56DB,0x56DE,0x56FA,0x56FD,0x5706,0x571F,0x5728,0x5730,0x573A,0x5761,0x57CE,0x57FA,0x58F0,0x5904,0x590D,0x5916,0x591A,0x591C,0x5927,0x5929-0x592A,0x5934,0x5973,0x5976,0x597D,0x59B9,0x59D0,0x5A01,0x5A74,0x5B50,0x5B57-0x5B58,0x5B66,0x5B69,0x5B89,0x5B8C,0x5B9C,0x5BB6,0x5BB9,0x5BF9,0x5C0F,0x5C11,0x5C16,0x5C31,0x5C3E,0x5DF1-0x5DF2,0x5E02,0x5E08,0x5E2E,0x5E38,0x5E3D,0x5E73-0x5E74,0x5E94,0x5E97,0x5EA6,0x5EB7,0x5F00,0x5F1F-0x5F20,0x5F39-0x5F3A,0x5F62,0x5F88,0x5F97,0x600E,0x601D,0x60F3,0x610F,0x6162,0x6210-0x6211,0x6237,0x623F,0x624B,0x6253,0x6270,0x62B1,0x62C9,0x62CC,0x62FC,0x6307,0x6309,0x6362,0x638C,0x63E1,0x6469,0x6478,0x64AD,0x64E6,0x6536,0x6570,0x6587,0x65E0,0x65E5,0x65E9,0x65F6,0x660E,0x661F,0x6628,0x662F,0x665A,0x6668,0x66F4,0x6709,0x670B,0x670D,0x671F,0x672A,0x672C,0x6735,0x673A,0x6761,0x6765,0x679C,0x6811,0x6821,0x6837,0x68A6,0x68A8,0x68D2,0x6905,0x6A58-0x6A59,0x6B21-0x6B22,0x6B38,0x6B3E,0x6B49,0x6B63,0x6B6A,0x6BCD,0x6BCF,0x6C14,0x6C34,0x6C42,0x6C47,0x6C49,0x6C83,0x6C9F,0x6CA1,0x6CB9,0x6CD5,0x6CE1-0x6CE2,0x6D0B,0x6D17,0x6D4B,0x6D77,0x6E05,0x6E23,0x6ED1,0x6F02,0x7070,0x7092,0x70B8-0x70B9,0x70E4,0x70F9,0x7231,0x7236-0x7237,0x7247,0x725B,0x7269,0x7279,0x72D7,0x73B0,0x73BB,0x7403,0x7483,0x74DC,0x751F,0x7528,0x7535,0x7537,0x754C,0x756A,0x7591,0x75BC,0x75C5,0x767D,0x7684,0x770B,0x773C,0x775B,0x77ED,0x786E,0x793A,0x793C,0x79D1,0x79DF,0x79F0,0x79FB,0x7A7A,0x7A97,0x7AD9,0x7B14,0x7B2C,0x7B54,0x7C73,0x7C89,0x7CD5,0x7CFB,0x7D27,0x7D2B,0x7D2F,0x7EA2,0x7EA6,0x7EC3,0x7ED3,0x7ED9,0x7EE7,0x7EEA,0x7EED,0x7EFF,0x7F6E,0x7FFB,0x8001,0x8033,0x8036,0x8089,0x80E1,0x8111,0x811A,0x8138,0x817F,0x81EA,0x820C,0x8212,0x8272,0x82F9,0x8304,0x8336,0x8349,0x836F,0x8393,0x83DC,0x8404,0x841D,0x8461,0x8471,0x84DD,0x852C,0x8549,0x86CB,0x884C,0x8863,0x8868,0x88C5,0x88D9,0x897F,0x8981,0x89C1,0x89D2,0x8BA1,0x8BA4,0x8BB0,0x8BB7,0x8BBE,0x8BCD,0x8BDD,0x8BED,0x8BF4,0x8BF6-0x8BF7,0x8BFB,0x8C01,0x8C08,0x8C22,0x8C46,0x8C8C,0x8D26,0x8D2D,0x8D35,0x8D70,0x8D77,0x8DEF,0x8EAB,0x8F66,0x8F6E,0x8F7B,0x8F83,0x8F85-0x8F86,0x8FB9,0x8FC7,0x8FD1,0x8FD4,0x8FD9,0x8FDB-0x8FDC,0x8FF7,0x9001,0x9009,0x901A,0x904D,0x90A3,0x90D1,0x90E8,0x9152,0x9171,0x91CC-0x91CD,0x91CF,0x949F,0x94A5,0x94B1,0x94C1,0x94C5,0x94F6,0x9519,0x955C,0x957F,0x95E8,0x95EE,0x95F4,0x9662,0x9664,0x96E8,0x9700,0x9762,0x978B,0x97E9,0x97F3,0x9884,0x9898,0x989C,0x98DF,0x9910,0x996A,0x996D-0x996E,0x9996,0x9999,0x9A8C,0x9AD8,0x9E21,0x9EC4,0x9ED1,0x9F3B,0xFF01,0xFF08-0xFF09,0xFF0C,0xFF1A-0xFF1B,0xFF1F --size 20 --bpp 4 --format lvgl --lv-font-name ko_zh20 --lv-include lvgl.h --no-compress --no-kerning --output assets/fonts/ko_zh20.c
 ******************************************************************************/

#ifdef LV_LVGL_H_INCLUDE_SIMPLE
#include "lvgl.h"
#else
#include "lvgl.h"
#endif

#ifndef KO_ZH20
#define KO_ZH20 1
#endif

#if KO_ZH20

/*-----------------
 *    BITMAPS
 *----------------*/

/*Store the image of the glyphs*/
static LV_ATTRIBUTE_LARGE_CONST const uint8_t glyph_bitmap[] = {
    /* U+0020 " " */

    /* U+0021 "!" */
    0xb, 0xf2, 0xa, 0xf1, 0xa, 0xf1, 0x9, 0xf0,
    0x9, 0xf0, 0x8, 0xf0, 0x8, 0xf0, 0x7, 0xf0,
    0x7, 0xe0, 0x6, 0xe0, 0x2, 0x60, 0x6, 0x91,
    0xf, 0xf7, 0x9, 0xd2,

    /* U+0022 "\"" */
    0x3f, 0xb0, 0x4f, 0xa2, 0xfb, 0x3, 0xfa, 0x1f,
    0xa0, 0x2f, 0x90, 0xf8, 0x1, 0xf7, 0xe, 0x70,
    0xf, 0x50, 0x94, 0x0, 0x92,

    /* U+0023 "#" */
    0x0, 0x4, 0xe0, 0x2, 0xf1, 0x0, 0x0, 0x7b,
    0x0, 0x4e, 0x0, 0x0, 0xa, 0x80, 0x7, 0xb0,
    0x0, 0xcf, 0xff, 0xff, 0xff, 0xf6, 0x2, 0x3e,
    0x73, 0x3c, 0x93, 0x10, 0x0, 0xf2, 0x0, 0xd5,
    0x0, 0x0, 0x1f, 0x0, 0xf, 0x30, 0x0, 0x4,
    0xf0, 0x1, 0xf2, 0x0, 0x3f, 0xff, 0xff, 0xff,
    0xff, 0x0, 0x39, 0xc3, 0x37, 0xe3, 0x30, 0x0,
    0x99, 0x0, 0x6c, 0x0, 0x0, 0xb, 0x70, 0x8,
    0xa0, 0x0, 0x0, 0xd6, 0x0, 0xa8, 0x0, 0x0,
    0xe, 0x40, 0xc, 0x60, 0x0,

    /* U+0024 "$" */
    0x0, 0x0, 0xa3, 0x0, 0x0, 0x0, 0xf, 0x40,
    0x0, 0x0, 0x4, 0xf8, 0x10, 0x0, 0x2d, 0xff,
    0xff, 0x90, 0xc, 0xf5, 0x2, 0x7f, 0x22, 0xfa,
    0x0, 0x0, 0x0, 0x3f, 0x90, 0x0, 0x0, 0x0,
    0xef, 0x30, 0x0, 0x0, 0x4, 0xff, 0x80, 0x0,
    0x0, 0x2, 0xcf, 0xd3, 0x0, 0x0, 0x0, 0x7f,
    0xf7, 0x0, 0x0, 0x0, 0x2d, 0xf4, 0x0, 0x0,
    0x0, 0x3f, 0xa0, 0x0, 0x0, 0x1, 0xfb, 0x38,
    0x0, 0x0, 0x6f, 0x77, 0xfe, 0xa7, 0xaf, 0xe0,
    0x4, 0xae, 0xfe, 0x91, 0x0, 0x0, 0xf, 0x40,
    0x0, 0x0, 0x0, 0xf4, 0x0, 0x0,

    /* U+0025 "%" */
    0x0, 0x8e, 0xea, 0x10, 0x0, 0x0, 0xa9, 0x0,
    0x0, 0x8, 0xe4, 0x3c, 0xc0, 0x0, 0x3, 0xe1,
    0x0, 0x0, 0xf, 0x60, 0x3, 0xf3, 0x0, 0xc,
    0x60, 0x0, 0x0, 0x2f, 0x30, 0x0, 0xf5, 0x0,
    0x6d, 0x0, 0x0, 0x0, 0x2f, 0x30, 0x0, 0xf5,
    0x1, 0xe4, 0x0, 0x0, 0x0, 0xf, 0x50, 0x2,
    0xf3, 0x8, 0xa0, 0x4c, 0xea, 0x10, 0x9, 0xd2,
    0x1b, 0xd0, 0x2f, 0x23, 0xf7, 0x3b, 0xd0, 0x0,
    0xaf, 0xfc, 0x20, 0xb8, 0xb, 0xb0, 0x1, 0xf5,
    0x0, 0x0, 0x10, 0x4, 0xe0, 0xe, 0x70, 0x0,
    0xd8, 0x0, 0x0, 0x0, 0xd, 0x50, 0xf, 0x60,
    0x0, 0xb9, 0x0, 0x0, 0x0, 0x7c, 0x0, 0xe,
    0x70, 0x0, 0xd8, 0x0, 0x0, 0x1, 0xf3, 0x0,
    0xb, 0xb0, 0x1, 0xf5, 0x0, 0x0, 0x9, 0xa0,
    0x0, 0x3, 0xf6, 0x2b, 0xd0, 0x0, 0x0, 0x3f,
    0x10, 0x0, 0x0, 0x5d, 0xfb, 0x10,

    /* U+0026 "&" */
    0x0, 0x1, 0xae, 0xea, 0x10, 0x0, 0x0, 0x0,
    0xc, 0xe6, 0x7f, 0x90, 0x0, 0x0, 0x0, 0x3f,
    0x80, 0xb, 0xd0, 0x0, 0x0, 0x0, 0x4f, 0x40,
    0xb, 0xb0, 0x0, 0x0, 0x0, 0x1f, 0x60, 0x5f,
    0x30, 0x0, 0x0, 0x0, 0xc, 0xc8, 0xe3, 0x0,
    0x0, 0x0, 0x0, 0xa, 0xfd, 0x10, 0x0, 0x6,
    0x70, 0x1, 0xbf, 0xcf, 0x50, 0x0, 0x1f, 0xa0,
    0xb, 0xf4, 0xc, 0xf3, 0x0, 0x7f, 0x30, 0x2f,
    0xa0, 0x1, 0xdf, 0x42, 0xfb, 0x0, 0x3f, 0x90,
    0x0, 0x1c, 0xfd, 0xe1, 0x0, 0xf, 0xe1, 0x0,
    0x2, 0xff, 0xd3, 0x0, 0x6, 0xfe, 0x97, 0xaf,
    0xe8, 0xef, 0xc1, 0x0, 0x4b, 0xef, 0xc8, 0x10,
    0x18, 0xd0,

    /* U+0027 "'" */
    0x3f, 0xb2, 0xfb, 0x1f, 0xa0, 0xf8, 0xe, 0x70,
    0x94,

    /* U+0028 "(" */
    0x0, 0x0, 0x0, 0x0, 0x9a, 0x0, 0x2f, 0x50,
    0x9, 0xd0, 0x0, 0xf7, 0x0, 0x5f, 0x20, 0x9,
    0xd0, 0x0, 0xda, 0x0, 0xf, 0x80, 0x0, 0xf7,
    0x0, 0x2f, 0x60, 0x1, 0xf6, 0x0, 0xf, 0x70,
    0x0, 0xf8, 0x0, 0xc, 0xb0, 0x0, 0x8e, 0x0,
    0x4, 0xf3, 0x0, 0xe, 0x80, 0x0, 0x7e, 0x0,
    0x0, 0xe7, 0x0, 0x6, 0x70,

    /* U+0029 ")" */
    0x0, 0x0, 0x0, 0xe5, 0x0, 0x9, 0xd0, 0x0,
    0x1f, 0x50, 0x0, 0xbb, 0x0, 0x5, 0xf1, 0x0,
    0x1f, 0x50, 0x0, 0xe9, 0x0, 0xb, 0xb0, 0x0,
    0xad, 0x0, 0x9, 0xe0, 0x0, 0x9d, 0x0, 0xa,
    0xc0, 0x0, 0xcb, 0x0, 0xf, 0x80, 0x2, 0xf4,
    0x0, 0x7f, 0x0, 0xc, 0xa0, 0x3, 0xf3, 0x0,
    0xbb, 0x0, 0xa, 0x30, 0x0,

    /* U+002A "*" */
    0x0, 0xe, 0x30, 0x0, 0x0, 0xf, 0x50, 0x10,
    0x8f, 0xbf, 0xde, 0xd0, 0x5, 0xdf, 0xf7, 0x10,
    0x1, 0xed, 0xf4, 0x0, 0x9, 0xd0, 0x8e, 0x0,
    0x1, 0x10, 0x3, 0x0,

    /* U+002B "+" */
    0x0, 0x0, 0x2f, 0x40, 0x0, 0x0, 0x0, 0x2,
    0xf4, 0x0, 0x0, 0x0, 0x0, 0x2f, 0x40, 0x0,
    0x0, 0x11, 0x14, 0xf5, 0x11, 0x10, 0x3f, 0xff,
    0xff, 0xff, 0xff, 0x50, 0x44, 0x46, 0xf7, 0x44,
    0x41, 0x0, 0x0, 0x2f, 0x40, 0x0, 0x0, 0x0,
    0x2, 0xf4, 0x0, 0x0, 0x0, 0x0, 0x2f, 0x40,
    0x0, 0x0, 0x0, 0x2, 0xf4, 0x0, 0x0,

    /* U+002C "," */
    0x6, 0x50, 0x5f, 0xf2, 0x2d, 0xf5, 0x0, 0xf4,
    0x8, 0xe0, 0xaf, 0x40, 0x62, 0x0,

    /* U+002D "-" */
    0x1, 0x11, 0x11, 0x1, 0xff, 0xff, 0xf0, 0x4,
    0x44, 0x44, 0x0,

    /* U+002E "." */
    0x19, 0x60, 0x7f, 0xf0, 0x2d, 0x90,

    /* U+002F "/" */
    0x0, 0x0, 0x0, 0xe6, 0x0, 0x0, 0x4, 0xf1,
    0x0, 0x0, 0x9, 0xc0, 0x0, 0x0, 0xe, 0x70,
    0x0, 0x0, 0x3f, 0x20, 0x0, 0x0, 0x8c, 0x0,
    0x0, 0x0, 0xd7, 0x0, 0x0, 0x2, 0xf2, 0x0,
    0x0, 0x7, 0xd0, 0x0, 0x0, 0xc, 0x80, 0x0,
    0x0, 0x1f, 0x30, 0x0, 0x0, 0x6e, 0x0, 0x0,
    0x0, 0xb9, 0x0, 0x0, 0x1, 0xf4, 0x0, 0x0,
    0x5, 0xf0, 0x0, 0x0, 0xa, 0xa0, 0x0, 0x0,
    0xf, 0x50, 0x0, 0x0, 0x4f, 0x0, 0x0, 0x0,
    0x9b, 0x0, 0x0, 0x0,

    /* U+0030 "0" */
    0x0, 0x6c, 0xfc, 0x70, 0x0, 0x7, 0xfc, 0x7b,
    0xf9, 0x0, 0x1f, 0xc0, 0x0, 0xaf, 0x30, 0x8f,
    0x40, 0x0, 0x2f, 0xa0, 0xbf, 0x0, 0x0, 0xd,
    0xd0, 0xde, 0x0, 0x0, 0xc, 0xf0, 0xfc, 0x0,
    0x0, 0xa, 0xf1, 0xfc, 0x0, 0x0, 0xa, 0xf1,
    0xde, 0x0, 0x0, 0xc, 0xf0, 0xbf, 0x0, 0x0,
    0xe, 0xd0, 0x7f, 0x40, 0x0, 0x2f, 0x90, 0x1f,
    0xc0, 0x0, 0xaf, 0x30, 0x7, 0xfc, 0x8c, 0xf9,
    0x0, 0x0, 0x6c, 0xfc, 0x70, 0x0,

    /* U+0031 "1" */
    0x0, 0x49, 0xfd, 0x0, 0x0, 0x9f, 0xff, 0xd0,
    0x0, 0x0, 0x11, 0xfd, 0x0, 0x0, 0x0, 0xf,
    0xd0, 0x0, 0x0, 0x0, 0xfd, 0x0, 0x0, 0x0,
    0xf, 0xd0, 0x0, 0x0, 0x0, 0xfd, 0x0, 0x0,
    0x0, 0xf, 0xd0, 0x0, 0x0, 0x0, 0xfd, 0x0,
    0x0, 0x0, 0xf, 0xd0, 0x0, 0x0, 0x0, 0xfd,
    0x0, 0x0, 0x0, 0xf, 0xd0, 0x0, 0x17, 0x77,
    0xfe, 0x77, 0x63, 0xff, 0xff, 0xff, 0xfc,

    /* U+0032 "2" */
    0x0, 0x3b, 0xee, 0xc5, 0x0, 0x0, 0x6f, 0xd9,
    0x9e, 0xf8, 0x0, 0xb, 0x80, 0x0, 0xe, 0xf1,
    0x0, 0x0, 0x0, 0x0, 0x8f, 0x40, 0x0, 0x0,
    0x0, 0x7, 0xf4, 0x0, 0x0, 0x0, 0x0, 0xbf,
    0x10, 0x0, 0x0, 0x0, 0x2f, 0xb0, 0x0, 0x0,
    0x0, 0xb, 0xf2, 0x0, 0x0, 0x0, 0x7, 0xf7,
    0x0, 0x0, 0x0, 0x6, 0xfa, 0x0, 0x0, 0x0,
    0x6, 0xfb, 0x0, 0x0, 0x0, 0x8, 0xfa, 0x0,
    0x0, 0x0, 0xa, 0xfe, 0x78, 0x88, 0x88, 0x1,
    0xff, 0xff, 0xff, 0xff, 0xf1,

    /* U+0033 "3" */
    0x0, 0x3a, 0xdf, 0xd7, 0x0, 0x7, 0xfd, 0x98,
    0xcf, 0xc0, 0x2, 0x60, 0x0, 0xb, 0xf4, 0x0,
    0x0, 0x0, 0x6, 0xf6, 0x0, 0x0, 0x0, 0xb,
    0xf3, 0x0, 0x0, 0x25, 0xbf, 0x80, 0x0, 0x6,
    0xff, 0xf6, 0x0, 0x0, 0x2, 0x57, 0xcf, 0xa0,
    0x0, 0x0, 0x0, 0x7, 0xf8, 0x0, 0x0, 0x0,
    0x0, 0xfd, 0x0, 0x0, 0x0, 0x0, 0xfe, 0x1c,
    0x50, 0x0, 0x7, 0xfa, 0x1b, 0xfd, 0xa8, 0xcf,
    0xe1, 0x0, 0x6c, 0xef, 0xd8, 0x10,

    /* U+0034 "4" */
    0x0, 0x0, 0x0, 0xdf, 0x80, 0x0, 0x0, 0x0,
    0x8f, 0xf8, 0x0, 0x0, 0x0, 0x3f, 0x9f, 0x80,
    0x0, 0x0, 0xd, 0xe3, 0xf8, 0x0, 0x0, 0x8,
    0xf5, 0x3f, 0x80, 0x0, 0x3, 0xf9, 0x3, 0xf8,
    0x0, 0x0, 0xde, 0x0, 0x3f, 0x80, 0x0, 0x8f,
    0x40, 0x3, 0xf8, 0x0, 0x3f, 0xa1, 0x11, 0x4f,
    0x91, 0x9, 0xff, 0xff, 0xff, 0xff, 0xf7, 0x24,
    0x44, 0x44, 0x7f, 0xa4, 0x20, 0x0, 0x0, 0x3,
    0xf8, 0x0, 0x0, 0x0, 0x0, 0x3f, 0x80, 0x0,
    0x0, 0x0, 0x3, 0xf8, 0x0,

    /* U+0035 "5" */
    0x0, 0xdf, 0xff, 0xff, 0xf4, 0x0, 0xe, 0xe8,
    0x88, 0x88, 0x20, 0x0, 0xfb, 0x0, 0x0, 0x0,
    0x0, 0xf, 0x90, 0x0, 0x0, 0x0, 0x2, 0xf8,
    0x0, 0x0, 0x0, 0x0, 0x3f, 0xce, 0xff, 0xb2,
    0x0, 0x2, 0xea, 0x65, 0x9f, 0xf2, 0x0, 0x0,
    0x0, 0x0, 0x6f, 0xb0, 0x0, 0x0, 0x0, 0x0,
    0xfe, 0x0, 0x0, 0x0, 0x0, 0xd, 0xf0, 0x0,
    0x0, 0x0, 0x1, 0xfc, 0x1, 0xc4, 0x0, 0x0,
    0xaf, 0x70, 0x1c, 0xfd, 0x99, 0xdf, 0xb0, 0x0,
    0x6, 0xce, 0xfc, 0x60, 0x0,

    /* U+0036 "6" */
    0x0, 0x8, 0xcf, 0xc8, 0x0, 0x2, 0xdf, 0xb8,
    0xaf, 0xa0, 0xc, 0xf4, 0x0, 0x2, 0x0, 0x4f,
    0x80, 0x0, 0x0, 0x0, 0x8f, 0x20, 0x0, 0x0,
    0x0, 0xbf, 0x19, 0xef, 0xd5, 0x0, 0xde, 0xda,
    0x56, 0xdf, 0x60, 0xdf, 0x60, 0x0, 0xe, 0xe0,
    0xbf, 0x0, 0x0, 0x9, 0xf1, 0x9f, 0x10, 0x0,
    0x8, 0xf3, 0x5f, 0x60, 0x0, 0xa, 0xf0, 0xd,
    0xe1, 0x0, 0x2f, 0xb0, 0x4, 0xfe, 0x88, 0xef,
    0x20, 0x0, 0x2a, 0xee, 0xa1, 0x0,

    /* U+0037 "7" */
    0xf, 0xff, 0xff, 0xff, 0xff, 0x20, 0x88, 0x88,
    0x88, 0x9f, 0xd0, 0x0, 0x0, 0x0, 0x8, 0xf3,
    0x0, 0x0, 0x0, 0x3, 0xf7, 0x0, 0x0, 0x0,
    0x0, 0xce, 0x0, 0x0, 0x0, 0x0, 0x3f, 0x70,
    0x0, 0x0, 0x0, 0xa, 0xf1, 0x0, 0x0, 0x0,
    0x0, 0xfb, 0x0, 0x0, 0x0, 0x0, 0x4f, 0x80,
    0x0, 0x0, 0x0, 0x7, 0xf4, 0x0, 0x0, 0x0,
    0x0, 0xbf, 0x20, 0x0, 0x0, 0x0, 0xc, 0xf0,
    0x0, 0x0, 0x0, 0x0, 0xef, 0x0, 0x0, 0x0,
    0x0, 0xf, 0xe0, 0x0, 0x0,

    /* U+0038 "8" */
    0x0, 0x7, 0xdf, 0xd9, 0x10, 0x0, 0xa, 0xfa,
    0x68, 0xfe, 0x0, 0x2, 0xf9, 0x0, 0x5, 0xf7,
    0x0, 0x5f, 0x50, 0x0, 0xf, 0x90, 0x2, 0xf7,
    0x0, 0x1, 0xf7, 0x0, 0x8, 0xf4, 0x0, 0x6e,
    0x10, 0x0, 0xa, 0xfb, 0x5d, 0x20, 0x0, 0x7,
    0xe5, 0x8e, 0xf7, 0x0, 0x7, 0xf2, 0x0, 0xa,
    0xf8, 0x0, 0xea, 0x0, 0x0, 0xd, 0xf0, 0xf,
    0x90, 0x0, 0x0, 0x9f, 0x20, 0xce, 0x20, 0x0,
    0xe, 0xe0, 0x3, 0xfe, 0x86, 0x7d, 0xf5, 0x0,
    0x2, 0x9d, 0xfd, 0xa3, 0x0,

    /* U+0039 "9" */
    0x0, 0x2a, 0xee, 0xb4, 0x0, 0x0, 0x2f, 0xe8,
    0x7c, 0xf6, 0x0, 0xb, 0xf2, 0x0, 0xa, 0xf1,
    0x0, 0xfb, 0x0, 0x0, 0x2f, 0x80, 0x1f, 0xa0,
    0x0, 0x0, 0xdc, 0x0, 0xed, 0x0, 0x0, 0x2e,
    0xe0, 0x7, 0xfa, 0x32, 0x6e, 0xef, 0x0, 0x8,
    0xff, 0xfd, 0x3c, 0xf0, 0x0, 0x0, 0x31, 0x0,
    0xed, 0x0, 0x0, 0x0, 0x0, 0x2f, 0xa0, 0x0,
    0x0, 0x0, 0x9, 0xf5, 0x0, 0x15, 0x0, 0x4,
    0xfd, 0x0, 0x9, 0xfc, 0x8b, 0xfe, 0x20, 0x0,
    0x7, 0xcf, 0xd9, 0x10, 0x0,

    /* U+003A ":" */
    0x2d, 0x90, 0x7f, 0xf0, 0x1a, 0x60, 0x0, 0x0,
    0x0, 0x0, 0x0, 0x0, 0x0, 0x0, 0x0, 0x0,
    0x19, 0x60, 0x7f, 0xf0, 0x2d, 0x90,

    /* U+003B ";" */
    0x2d, 0x90, 0x7f, 0xf0, 0x1a, 0x60, 0x0, 0x0,
    0x0, 0x0, 0x0, 0x0, 0x0, 0x0, 0x0, 0x0,
    0x6, 0x50, 0x5f, 0xf2, 0x2d, 0xf5, 0x0, 0xf4,
    0x8, 0xe0, 0xaf, 0x40, 0x62, 0x0,

    /* U+003C "<" */
    0x0, 0x0, 0x0, 0x0, 0x16, 0x30, 0x0, 0x0,
    0x4, 0xaf, 0xf4, 0x0, 0x1, 0x7d, 0xfd, 0x71,
    0x0, 0x5b, 0xfe, 0x93, 0x0, 0x0, 0x3f, 0xe5,
    0x0, 0x0, 0x0, 0x1, 0xaf, 0xe9, 0x30, 0x0,
    0x0, 0x0, 0x17, 0xdf, 0xd8, 0x20, 0x0, 0x0,
    0x0, 0x39, 0xff, 0xc3, 0x0, 0x0, 0x0, 0x0,
    0x6c, 0x50, 0x0, 0x0, 0x0, 0x0, 0x0,

    /* U+003D "=" */
    0x3f, 0xff, 0xff, 0xff, 0xff, 0x51, 0x55, 0x55,
    0x55, 0x55, 0x51, 0x0, 0x0, 0x0, 0x0, 0x0,
    0x0, 0x0, 0x0, 0x0, 0x0, 0x0, 0x1, 0x11,
    0x11, 0x11, 0x11, 0x3, 0xff, 0xff, 0xff, 0xff,
    0xf5, 0x4, 0x44, 0x44, 0x44, 0x44, 0x10,

    /* U+003E ">" */
    0x27, 0x10, 0x0, 0x0, 0x0, 0x3, 0xff, 0xb4,
    0x0, 0x0, 0x0, 0x1, 0x6c, 0xfe, 0x82, 0x0,
    0x0, 0x0, 0x2, 0x8e, 0xfc, 0x50, 0x0, 0x0,
    0x0, 0x4, 0xef, 0x50, 0x0, 0x0, 0x38, 0xef,
    0xb2, 0x0, 0x17, 0xdf, 0xe8, 0x10, 0x1, 0xbf,
    0xfa, 0x40, 0x0, 0x0, 0x3d, 0x71, 0x0, 0x0,
    0x0, 0x0, 0x0, 0x0, 0x0, 0x0, 0x0,

    /* U+003F "?" */
    0x0, 0x7d, 0xfe, 0x91, 0x0, 0xbf, 0xb8, 0xbf,
    0xd0, 0x4, 0x30, 0x0, 0xaf, 0x40, 0x0, 0x0,
    0x6, 0xf5, 0x0, 0x0, 0x0, 0xbf, 0x10, 0x0,
    0x0, 0x8f, 0x50, 0x0, 0x0, 0x5f, 0x80, 0x0,
    0x0, 0x1e, 0xc0, 0x0, 0x0, 0x6, 0xf4, 0x0,
    0x0, 0x0, 0x49, 0x10, 0x0, 0x0, 0x0, 0x0,
    0x0, 0x0, 0x0, 0x4a, 0x20, 0x0, 0x0, 0xc,
    0xfa, 0x0, 0x0, 0x0, 0x7e, 0x50, 0x0,

    /* U+0040 "@" */
    0x0, 0x0, 0x2, 0x7c, 0xef, 0xeb, 0x60, 0x0,
    0x0, 0x0, 0x9, 0xfc, 0x74, 0x46, 0x9e, 0xc3,
    0x0, 0x0, 0x1d, 0xd4, 0x0, 0x0, 0x0, 0x1b,
    0xf2, 0x0, 0xc, 0xd1, 0x0, 0x0, 0x0, 0x0,
    0xc, 0xb0, 0x8, 0xf2, 0x0, 0x0, 0x0, 0x0,
    0x0, 0x2f, 0x41, 0xf7, 0x0, 0x1, 0x9d, 0xc6,
    0xf0, 0x0, 0xc9, 0x6f, 0x0, 0x2, 0xeb, 0x45,
    0xfd, 0x0, 0xa, 0xba, 0xa0, 0x0, 0xbc, 0x0,
    0xc, 0xa0, 0x0, 0x8b, 0xc8, 0x0, 0x2f, 0x40,
    0x0, 0xf7, 0x0, 0xa, 0x9d, 0x70, 0x5, 0xf1,
    0x0, 0x1f, 0x40, 0x0, 0xd6, 0xc8, 0x0, 0x6f,
    0x10, 0x5, 0xf2, 0x0, 0x5e, 0xa, 0xb0, 0x2,
    0xf7, 0x4, 0xdf, 0x60, 0x4e, 0x50, 0x5f, 0x20,
    0x6, 0xff, 0xb1, 0x7e, 0xfd, 0x40, 0x0, 0xcc,
    0x0, 0x0, 0x0, 0x0, 0x0, 0x0, 0x0, 0x2,
    0xfa, 0x10, 0x0, 0x0, 0x0, 0x0, 0x0, 0x0,
    0x4, 0xde, 0x74, 0x10, 0x26, 0xa0, 0x0, 0x0,
    0x0, 0x0, 0x7c, 0xff, 0xff, 0xc6, 0x0, 0x0,
    0x0, 0x0, 0x0, 0x0, 0x12, 0x0, 0x0, 0x0,
    0x0,

    /* U+0041 "A" */
    0x0, 0x0, 0x2f, 0xf4, 0x0, 0x0, 0x0, 0x0,
    0x7, 0xee, 0xa0, 0x0, 0x0, 0x0, 0x0, 0xda,
    0x8f, 0x0, 0x0, 0x0, 0x0, 0x3f, 0x43, 0xf5,
    0x0, 0x0, 0x0, 0x8, 0xf0, 0xe, 0xb0, 0x0,
    0x0, 0x0, 0xea, 0x0, 0x8f, 0x10, 0x0, 0x0,
    0x4f, 0x40, 0x3, 0xf6, 0x0, 0x0, 0x9, 0xf2,
    0x11, 0x2e, 0xc0, 0x0, 0x0, 0xff, 0xff, 0xff,
    0xff, 0x10, 0x0, 0x5f, 0x74, 0x44, 0x46, 0xf7,
    0x0, 0xa, 0xf0, 0x0, 0x0, 0xe, 0xd0, 0x1,
    0xfb, 0x0, 0x0, 0x0, 0xaf, 0x20, 0x6f, 0x60,
    0x0, 0x0, 0x5, 0xf8, 0xb, 0xf1, 0x0, 0x0,
    0x0, 0xf, 0xe0,

    /* U+0042 "B" */
    0xff, 0xff, 0xfe, 0xb6, 0x0, 0xf, 0xe6, 0x67,
    0x9d, 0xfa, 0x0, 0xfd, 0x0, 0x0, 0xc, 0xf2,
    0xf, 0xd0, 0x0, 0x0, 0x7f, 0x50, 0xfd, 0x0,
    0x0, 0xa, 0xf3, 0xf, 0xd1, 0x12, 0x49, 0xf8,
    0x0, 0xff, 0xff, 0xff, 0xfa, 0x10, 0xf, 0xe4,
    0x44, 0x69, 0xef, 0x40, 0xfd, 0x0, 0x0, 0x2,
    0xee, 0xf, 0xd0, 0x0, 0x0, 0xa, 0xf2, 0xfd,
    0x0, 0x0, 0x0, 0xbf, 0x1f, 0xd0, 0x0, 0x0,
    0x5f, 0xd0, 0xfe, 0x77, 0x79, 0xcf, 0xe2, 0xf,
    0xff, 0xff, 0xec, 0x71, 0x0,

    /* U+0043 "C" */
    0x0, 0x2, 0x9c, 0xfe, 0xa2, 0x0, 0x0, 0x7f,
    0xfd, 0xac, 0xff, 0x40, 0x6, 0xfd, 0x30, 0x0,
    0x19, 0x10, 0x1e, 0xf1, 0x0, 0x0, 0x0, 0x0,
    0x6f, 0x80, 0x0, 0x0, 0x0, 0x0, 0x9f, 0x40,
    0x0, 0x0, 0x0, 0x0, 0xcf, 0x20, 0x0, 0x0,
    0x0, 0x0, 0xcf, 0x20, 0x0, 0x0, 0x0, 0x0,
    0x9f, 0x40, 0x0, 0x0, 0x0, 0x0, 0x6f, 0x80,
    0x0, 0x0, 0x0, 0x0, 0x1e, 0xf1, 0x0, 0x0,
    0x0, 0x0, 0x6, 0xfd, 0x30, 0x0, 0x9, 0x80,
    0x0, 0x7f, 0xfd, 0xab, 0xff, 0x50, 0x0, 0x3,
    0x9c, 0xfe, 0xa2, 0x0,

    /* U+0044 "D" */
    0xff, 0xff, 0xdb, 0x81, 0x0, 0xf, 0xe7, 0x7a,
    0xcf, 0xe6, 0x0, 0xfd, 0x0, 0x0, 0x4e, 0xf3,
    0xf, 0xd0, 0x0, 0x0, 0x4f, 0xd0, 0xfd, 0x0,
    0x0, 0x0, 0xbf, 0x3f, 0xd0, 0x0, 0x0, 0x8,
    0xf5, 0xfd, 0x0, 0x0, 0x0, 0x6f, 0x8f, 0xd0,
    0x0, 0x0, 0x6, 0xf7, 0xfd, 0x0, 0x0, 0x0,
    0x8f, 0x5f, 0xd0, 0x0, 0x0, 0xc, 0xf3, 0xfd,
    0x0, 0x0, 0x4, 0xfc, 0xf, 0xd0, 0x0, 0x5,
    0xef, 0x30, 0xfe, 0x78, 0xad, 0xfe, 0x50, 0xf,
    0xff, 0xfe, 0xb8, 0x10, 0x0,

    /* U+0045 "E" */
    0xff, 0xff, 0xff, 0xff, 0x7f, 0xe8, 0x88, 0x88,
    0x83, 0xfd, 0x0, 0x0, 0x0, 0xf, 0xd0, 0x0,
    0x0, 0x0, 0xfd, 0x0, 0x0, 0x0, 0xf, 0xf8,
    0x88, 0x88, 0x30, 0xff, 0xff, 0xff, 0xf6, 0xf,
    0xd0, 0x0, 0x0, 0x0, 0xfd, 0x0, 0x0, 0x0,
    0xf, 0xd0, 0x0, 0x0, 0x0, 0xfd, 0x0, 0x0,
    0x0, 0xf, 0xd0, 0x0, 0x0, 0x0, 0xff, 0x88,
    0x88, 0x88, 0x6f, 0xff, 0xff, 0xff, 0xfa,

    /* U+0046 "F" */
    0xff, 0xff, 0xff, 0xff, 0x7f, 0xe8, 0x88, 0x88,
    0x83, 0xfd, 0x0, 0x0, 0x0, 0xf, 0xd0, 0x0,
    0x0, 0x0, 0xfd, 0x0, 0x0, 0x0, 0xf, 0xd0,
    0x0, 0x0, 0x0, 0xff, 0xff, 0xff, 0xf7, 0xf,
    0xe8, 0x88, 0x88, 0x30, 0xfd, 0x0, 0x0, 0x0,
    0xf, 0xd0, 0x0, 0x0, 0x0, 0xfd, 0x0, 0x0,
    0x0, 0xf, 0xd0, 0x0, 0x0, 0x0, 0xfd, 0x0,
    0x0, 0x0, 0xf, 0xd0, 0x0, 0x0, 0x0,

    /* U+0047 "G" */
    0x0, 0x1, 0x9b, 0xee, 0xc5, 0x0, 0x0, 0x6f,
    0xfe, 0xbb, 0xef, 0xa0, 0x5, 0xfe, 0x40, 0x0,
    0x5, 0x50, 0x1e, 0xf2, 0x0, 0x0, 0x0, 0x0,
    0x7f, 0x80, 0x0, 0x0, 0x0, 0x0, 0xbf, 0x40,
    0x0, 0x0, 0x0, 0x0, 0xcf, 0x20, 0x0, 0x48,
    0x88, 0x82, 0xcf, 0x20, 0x0, 0x8f, 0xff, 0xf4,
    0x9f, 0x40, 0x0, 0x0, 0x6, 0xf4, 0x6f, 0x80,
    0x0, 0x0, 0x6, 0xf4, 0x1e, 0xf1, 0x0, 0x0,
    0x6, 0xf4, 0x6, 0xfe, 0x30, 0x0, 0x8, 0xf4,
    0x0, 0x7f, 0xfd, 0xaa, 0xdf, 0xd2, 0x0, 0x2,
    0x9c, 0xfd, 0xb6, 0x0,

    /* U+0048 "H" */
    0xfd, 0x0, 0x0, 0x0, 0x4f, 0x8f, 0xd0, 0x0,
    0x0, 0x4, 0xf8, 0xfd, 0x0, 0x0, 0x0, 0x4f,
    0x8f, 0xd0, 0x0, 0x0, 0x4, 0xf8, 0xfd, 0x0,
    0x0, 0x0, 0x4f, 0x8f, 0xf9, 0x99, 0x99, 0x9b,
    0xf8, 0xff, 0xff, 0xff, 0xff, 0xff, 0x8f, 0xd0,
    0x0, 0x0, 0x4, 0xf8, 0xfd, 0x0, 0x0, 0x0,
    0x4f, 0x8f, 0xd0, 0x0, 0x0, 0x4, 0xf8, 0xfd,
    0x0, 0x0, 0x0, 0x4f, 0x8f, 0xd0, 0x0, 0x0,
    0x4, 0xf8, 0xfd, 0x0, 0x0, 0x0, 0x4f, 0x8f,
    0xd0, 0x0, 0x0, 0x4, 0xf8,

    /* U+0049 "I" */
    0xfd, 0xfd, 0xfd, 0xfd, 0xfd, 0xfd, 0xfd, 0xfd,
    0xfd, 0xfd, 0xfd, 0xfd, 0xfd, 0xfd,

    /* U+004A "J" */
    0x0, 0x0, 0x0, 0x1f, 0xc0, 0x0, 0x0, 0x1,
    0xfc, 0x0, 0x0, 0x0, 0x1f, 0xc0, 0x0, 0x0,
    0x1, 0xfc, 0x0, 0x0, 0x0, 0x1f, 0xc0, 0x0,
    0x0, 0x1, 0xfc, 0x0, 0x0, 0x0, 0x1f, 0xc0,
    0x0, 0x0, 0x1, 0xfc, 0x0, 0x0, 0x0, 0x1f,
    0xc0, 0x0, 0x0, 0x1, 0xfc, 0x0, 0x0, 0x0,
    0x3f, 0xa1, 0xb8, 0x0, 0x9, 0xf7, 0xb, 0xfd,
    0xac, 0xfd, 0x0, 0x7, 0xdf, 0xd9, 0x10,

    /* U+004B "K" */
    0xfd, 0x0, 0x0, 0x6, 0xfb, 0xf, 0xd0, 0x0,
    0x4, 0xfc, 0x0, 0xfd, 0x0, 0x2, 0xfe, 0x10,
    0xf, 0xd0, 0x1, 0xef, 0x20, 0x0, 0xfd, 0x0,
    0xdf, 0x40, 0x0, 0xf, 0xd0, 0xbf, 0xb0, 0x0,
    0x0, 0xfd, 0xaf, 0xef, 0x40, 0x0, 0xf, 0xff,
    0xa2, 0xfd, 0x0, 0x0, 0xff, 0xc0, 0x8, 0xf7,
    0x0, 0xf, 0xe1, 0x0, 0xe, 0xf2, 0x0, 0xfd,
    0x0, 0x0, 0x5f, 0xb0, 0xf, 0xd0, 0x0, 0x0,
    0xbf, 0x50, 0xfd, 0x0, 0x0, 0x2, 0xfe, 0xf,
    0xd0, 0x0, 0x0, 0x8, 0xf8,

    /* U+004C "L" */
    0xfd, 0x0, 0x0, 0x0, 0xf, 0xd0, 0x0, 0x0,
    0x0, 0xfd, 0x0, 0x0, 0x0, 0xf, 0xd0, 0x0,
    0x0, 0x0, 0xfd, 0x0, 0x0, 0x0, 0xf, 0xd0,
    0x0, 0x0, 0x0, 0xfd, 0x0, 0x0, 0x0, 0xf,
    0xd0, 0x0, 0x0, 0x0, 0xfd, 0x0, 0x0, 0x0,
    0xf, 0xd0, 0x0, 0x0, 0x0, 0xfd, 0x0, 0x0,
    0x0, 0xf, 0xd0, 0x0, 0x0, 0x0, 0xff, 0x88,
    0x88, 0x88, 0x2f, 0xff, 0xff, 0xff, 0xf4,

    /* U+004D "M" */
    0xff, 0x60, 0x0, 0x0, 0x3, 0xff, 0x3f, 0xfc,
    0x0, 0x0, 0x0, 0x8f, 0xf3, 0xfc, 0xf2, 0x0,
    0x0, 0xe, 0xcf, 0x3f, 0x9e, 0x80, 0x0, 0x4,
    0xf7, 0xf3, 0xf9, 0x9e, 0x0, 0x0, 0xac, 0x6f,
    0x3f, 0xa3, 0xf4, 0x0, 0x1f, 0x67, 0xf3, 0xfa,
    0xd, 0xa0, 0x6, 0xf1, 0x7f, 0x3f, 0xa0, 0x7f,
    0x10, 0xca, 0x7, 0xf3, 0xfa, 0x1, 0xf6, 0x2f,
    0x40, 0x7f, 0x3f, 0xa0, 0xb, 0xc7, 0xe0, 0x7,
    0xf3, 0xfa, 0x0, 0x4f, 0xe8, 0x0, 0x7f, 0x3f,
    0xa0, 0x0, 0xef, 0x20, 0x7, 0xf3, 0xfa, 0x0,
    0x5, 0x70, 0x0, 0x7f, 0x3f, 0xa0, 0x0, 0x0,
    0x0, 0x7, 0xf3,

    /* U+004E "N" */
    0xff, 0x30, 0x0, 0x0, 0x4f, 0x6f, 0xfc, 0x0,
    0x0, 0x4, 0xf6, 0xfc, 0xf6, 0x0, 0x0, 0x4f,
    0x6f, 0x9b, 0xf1, 0x0, 0x4, 0xf6, 0xfa, 0x2f,
    0xa0, 0x0, 0x4f, 0x6f, 0xb0, 0x9f, 0x40, 0x4,
    0xf6, 0xfc, 0x1, 0xed, 0x0, 0x4f, 0x6f, 0xc0,
    0x6, 0xf7, 0x4, 0xf6, 0xfc, 0x0, 0xc, 0xf1,
    0x3f, 0x6f, 0xc0, 0x0, 0x3f, 0xa2, 0xf6, 0xfc,
    0x0, 0x0, 0x9f, 0x5f, 0x6f, 0xc0, 0x0, 0x0,
    0xed, 0xf6, 0xfc, 0x0, 0x0, 0x5, 0xff, 0x6f,
    0xc0, 0x0, 0x0, 0xc, 0xf6,

    /* U+004F "O" */
    0x0, 0x4, 0xad, 0xfc, 0x92, 0x0, 0x0, 0x8,
    0xff, 0xca, 0xdf, 0xf7, 0x0, 0x7, 0xfd, 0x20,
    0x0, 0x3e, 0xf4, 0x1, 0xff, 0x10, 0x0, 0x0,
    0x2f, 0xd0, 0x7f, 0x80, 0x0, 0x0, 0x0, 0xaf,
    0x49, 0xf4, 0x0, 0x0, 0x0, 0x6, 0xf7, 0xcf,
    0x20, 0x0, 0x0, 0x0, 0x4f, 0x9c, 0xf2, 0x0,
    0x0, 0x0, 0x4, 0xf9, 0x9f, 0x40, 0x0, 0x0,
    0x0, 0x6f, 0x77, 0xf8, 0x0, 0x0, 0x0, 0xb,
    0xf4, 0x1f, 0xf1, 0x0, 0x0, 0x3, 0xfd, 0x0,
    0x7f, 0xd2, 0x0, 0x3, 0xef, 0x40, 0x0, 0x8f,
    0xfc, 0xad, 0xff, 0x60, 0x0, 0x0, 0x3a, 0xdf,
    0xc9, 0x20, 0x0,

    /* U+0050 "P" */
    0xff, 0xff, 0xfd, 0xb5, 0x0, 0xfe, 0x77, 0x89,
    0xef, 0xb0, 0xfd, 0x0, 0x0, 0xb, 0xf5, 0xfd,
    0x0, 0x0, 0x4, 0xf9, 0xfd, 0x0, 0x0, 0x3,
    0xf9, 0xfd, 0x0, 0x0, 0x9, 0xf6, 0xfe, 0x22,
    0x24, 0xaf, 0xc0, 0xff, 0xff, 0xff, 0xf9, 0x10,
    0xfe, 0x55, 0x43, 0x0, 0x0, 0xfd, 0x0, 0x0,
    0x0, 0x0, 0xfd, 0x0, 0x0, 0x0, 0x0, 0xfd,
    0x0, 0x0, 0x0, 0x0, 0xfd, 0x0, 0x0, 0x0,
    0x0, 0xfd, 0x0, 0x0, 0x0, 0x0,

    /* U+0051 "Q" */
    0x0, 0x3, 0xae, 0xfe, 0x92, 0x0, 0x0, 0x6,
    0xff, 0xda, 0xdf, 0xe5, 0x0, 0x5, 0xfe, 0x20,
    0x0, 0x4f, 0xf3, 0x0, 0xef, 0x20, 0x0, 0x0,
    0x4f, 0xb0, 0x6f, 0xa0, 0x0, 0x0, 0x0, 0xcf,
    0x38, 0xf5, 0x0, 0x0, 0x0, 0x7, 0xf6, 0xbf,
    0x20, 0x0, 0x0, 0x0, 0x5f, 0x8c, 0xf1, 0x0,
    0x0, 0x0, 0x4, 0xfa, 0xbf, 0x20, 0x0, 0x0,
    0x0, 0x5f, 0x89, 0xf4, 0x0, 0x0, 0x0, 0x7,
    0xf6, 0x6f, 0x90, 0x0, 0x0, 0x0, 0xbf, 0x30,
    0xef, 0x10, 0x0, 0x0, 0x3f, 0xc0, 0x7, 0xfc,
    0x10, 0x0, 0x2d, 0xf4, 0x0, 0x8, 0xfe, 0x97,
    0xaf, 0xf6, 0x0, 0x0, 0x5, 0xbf, 0xff, 0xa3,
    0x0, 0x0, 0x0, 0x0, 0x3f, 0xd1, 0x0, 0x0,
    0x0, 0x0, 0x0, 0x9f, 0xd5, 0x20, 0x10, 0x0,
    0x0, 0x0, 0x7f, 0xff, 0xfd, 0x0, 0x0, 0x0,
    0x0, 0x15, 0x77, 0x50,

    /* U+0052 "R" */
    0xff, 0xff, 0xfe, 0xc6, 0x0, 0xf, 0xe7, 0x77,
    0x9d, 0xfc, 0x0, 0xfd, 0x0, 0x0, 0xa, 0xf6,
    0xf, 0xd0, 0x0, 0x0, 0x3f, 0x90, 0xfd, 0x0,
    0x0, 0x3, 0xfa, 0xf, 0xd0, 0x0, 0x0, 0x8f,
    0x70, 0xfe, 0x22, 0x24, 0x9f, 0xe0, 0xf, 0xff,
    0xff, 0xff, 0xb1, 0x0, 0xfe, 0x55, 0x8f, 0xa0,
    0x0, 0xf, 0xd0, 0x0, 0xcf, 0x40, 0x0, 0xfd,
    0x0, 0x2, 0xfe, 0x0, 0xf, 0xd0, 0x0, 0x8,
    0xf8, 0x0, 0xfd, 0x0, 0x0, 0xd, 0xf3, 0xf,
    0xd0, 0x0, 0x0, 0x4f, 0xc0,

    /* U+0053 "S" */
    0x0, 0x4, 0xbe, 0xfb, 0x81, 0x0, 0x0, 0x7f,
    0xfb, 0xad, 0xfe, 0x30, 0x1, 0xfd, 0x10, 0x0,
    0x3a, 0x0, 0x4, 0xf9, 0x0, 0x0, 0x0, 0x0,
    0x2, 0xfd, 0x0, 0x0, 0x0, 0x0, 0x0, 0x9f,
    0xe6, 0x0, 0x0, 0x0, 0x0, 0x5, 0xef, 0xf9,
    0x20, 0x0, 0x0, 0x0, 0x5, 0xbf, 0xf9, 0x0,
    0x0, 0x0, 0x0, 0x3, 0xcf, 0x90, 0x0, 0x0,
    0x0, 0x0, 0xf, 0xe0, 0x0, 0x0, 0x0, 0x0,
    0xe, 0xf0, 0xa, 0xd3, 0x0, 0x0, 0x6f, 0xb0,
    0x4, 0xef, 0xeb, 0xad, 0xfe, 0x20, 0x0, 0x18,
    0xdf, 0xfc, 0x81, 0x0,

    /* U+0054 "T" */
    0x5f, 0xff, 0xff, 0xff, 0xff, 0xf5, 0x38, 0x88,
    0x8f, 0xf8, 0x88, 0x83, 0x0, 0x0, 0xe, 0xe0,
    0x0, 0x0, 0x0, 0x0, 0xe, 0xe0, 0x0, 0x0,
    0x0, 0x0, 0xe, 0xe0, 0x0, 0x0, 0x0, 0x0,
    0xe, 0xe0, 0x0, 0x0, 0x0, 0x0, 0xe, 0xe0,
    0x0, 0x0, 0x0, 0x0, 0xe, 0xe0, 0x0, 0x0,
    0x0, 0x0, 0xe, 0xe0, 0x0, 0x0, 0x0, 0x0,
    0xe, 0xe0, 0x0, 0x0, 0x0, 0x0, 0xe, 0xe0,
    0x0, 0x0, 0x0, 0x0, 0xe, 0xe0, 0x0, 0x0,
    0x0, 0x0, 0xe, 0xe0, 0x0, 0x0, 0x0, 0x0,
    0xe, 0xe0, 0x0, 0x0,

    /* U+0055 "U" */
    0xf, 0xc0, 0x0, 0x0, 0x4, 0xf7, 0xf, 0xc0,
    0x0, 0x0, 0x4, 0xf7, 0xf, 0xc0, 0x0, 0x0,
    0x4, 0xf7, 0xf, 0xc0, 0x0, 0x0, 0x4, 0xf7,
    0xf, 0xc0, 0x0, 0x0, 0x4, 0xf7, 0xf, 0xc0,
    0x0, 0x0, 0x4, 0xf7, 0xf, 0xc0, 0x0, 0x0,
    0x4, 0xf7, 0xf, 0xc0, 0x0, 0x0, 0x4, 0xf7,
    0xf, 0xd0, 0x0, 0x0, 0x5, 0xf7, 0xf, 0xf0,
    0x0, 0x0, 0x7, 0xf6, 0xb, 0xf3, 0x0, 0x0,
    0xc, 0xf2, 0x4, 0xfc, 0x10, 0x0, 0x6f, 0xb0,
    0x0, 0xaf, 0xfb, 0xad, 0xfe, 0x20, 0x0, 0x5,
    0xce, 0xfd, 0x91, 0x0,

    /* U+0056 "V" */
    0xdf, 0x10, 0x0, 0x0, 0x8, 0xf5, 0x7f, 0x60,
    0x0, 0x0, 0xd, 0xf0, 0x2f, 0xb0, 0x0, 0x0,
    0x3f, 0xa0, 0xd, 0xf0, 0x0, 0x0, 0x8f, 0x40,
    0x8, 0xf4, 0x0, 0x0, 0xdf, 0x0, 0x2, 0xf9,
    0x0, 0x2, 0xfa, 0x0, 0x0, 0xde, 0x0, 0x7,
    0xf4, 0x0, 0x0, 0x8f, 0x30, 0xd, 0xe0, 0x0,
    0x0, 0x3f, 0x80, 0x1f, 0x90, 0x0, 0x0, 0xe,
    0xd0, 0x6f, 0x40, 0x0, 0x0, 0x8, 0xf2, 0xbe,
    0x0, 0x0, 0x0, 0x3, 0xf8, 0xf9, 0x0, 0x0,
    0x0, 0x0, 0xef, 0xf3, 0x0, 0x0, 0x0, 0x0,
    0x9f, 0xe0, 0x0, 0x0,

    /* U+0057 "W" */
    0x6f, 0x80, 0x0, 0x2, 0xfd, 0x0, 0x0, 0xd,
    0xe0, 0x2f, 0xb0, 0x0, 0x6, 0xff, 0x10, 0x0,
    0xf, 0xa0, 0xe, 0xe0, 0x0, 0xb, 0xdf, 0x50,
    0x0, 0x4f, 0x70, 0xb, 0xf1, 0x0, 0xf, 0x7e,
    0x90, 0x0, 0x7f, 0x30, 0x8, 0xf4, 0x0, 0x3f,
    0x3b, 0xd0, 0x0, 0xbf, 0x0, 0x4, 0xf8, 0x0,
    0x8f, 0x7, 0xf2, 0x0, 0xec, 0x0, 0x1, 0xfb,
    0x0, 0xcb, 0x3, 0xf6, 0x1, 0xf9, 0x0, 0x0,
    0xde, 0x1, 0xf7, 0x0, 0xfa, 0x5, 0xf5, 0x0,
    0x0, 0xaf, 0x14, 0xf3, 0x0, 0xbe, 0x8, 0xf2,
    0x0, 0x0, 0x6f, 0x48, 0xe0, 0x0, 0x7f, 0x1b,
    0xe0, 0x0, 0x0, 0x3f, 0x7b, 0xa0, 0x0, 0x3f,
    0x5e, 0xb0, 0x0, 0x0, 0xf, 0xaf, 0x60, 0x0,
    0xe, 0xaf, 0x70, 0x0, 0x0, 0xc, 0xff, 0x20,
    0x0, 0xa, 0xff, 0x40, 0x0, 0x0, 0x8, 0xfe,
    0x0, 0x0, 0x6, 0xff, 0x10, 0x0,

    /* U+0058 "X" */
    0x1f, 0xe0, 0x0, 0x0, 0x5f, 0x80, 0x7, 0xf7,
    0x0, 0x0, 0xee, 0x0, 0x0, 0xdf, 0x10, 0x7,
    0xf6, 0x0, 0x0, 0x4f, 0x90, 0x1f, 0xc0, 0x0,
    0x0, 0xb, 0xf2, 0x8f, 0x30, 0x0, 0x0, 0x2,
    0xfc, 0xfa, 0x0, 0x0, 0x0, 0x0, 0x9f, 0xf1,
    0x0, 0x0, 0x0, 0x0, 0xcf, 0xf3, 0x0, 0x0,
    0x0, 0x6, 0xf6, 0xfd, 0x0, 0x0, 0x0, 0x1e,
    0xc0, 0x7f, 0x60, 0x0, 0x0, 0x9f, 0x40, 0xe,
    0xf1, 0x0, 0x3, 0xfb, 0x0, 0x5, 0xfa, 0x0,
    0xc, 0xf2, 0x0, 0x0, 0xcf, 0x30, 0x5f, 0x90,
    0x0, 0x0, 0x3f, 0xd0,

    /* U+0059 "Y" */
    0xc, 0xf2, 0x0, 0x0, 0x8, 0xf6, 0x3, 0xfa,
    0x0, 0x0, 0xf, 0xd0, 0x0, 0xbf, 0x20, 0x0,
    0x7f, 0x50, 0x0, 0x3f, 0x90, 0x0, 0xed, 0x0,
    0x0, 0xb, 0xf1, 0x6, 0xf5, 0x0, 0x0, 0x3,
    0xf9, 0xe, 0xc0, 0x0, 0x0, 0x0, 0xbf, 0x7f,
    0x40, 0x0, 0x0, 0x0, 0x2f, 0xfc, 0x0, 0x0,
    0x0, 0x0, 0xb, 0xf4, 0x0, 0x0, 0x0, 0x0,
    0x9, 0xf3, 0x0, 0x0, 0x0, 0x0, 0x9, 0xf3,
    0x0, 0x0, 0x0, 0x0, 0x9, 0xf3, 0x0, 0x0,
    0x0, 0x0, 0x9, 0xf3, 0x0, 0x0, 0x0, 0x0,
    0x9, 0xf3, 0x0, 0x0,

    /* U+005A "Z" */
    0x4f, 0xff, 0xff, 0xff, 0xff, 0x2, 0x88, 0x88,
    0x88, 0xbf, 0xb0, 0x0, 0x0, 0x0, 0xd, 0xe1,
    0x0, 0x0, 0x0, 0x9, 0xf5, 0x0, 0x0, 0x0,
    0x4, 0xfa, 0x0, 0x0, 0x0, 0x1, 0xee, 0x10,
    0x0, 0x0, 0x0, 0xaf, 0x50, 0x0, 0x0, 0x0,
    0x5f, 0xa0, 0x0, 0x0, 0x0, 0x1e, 0xe1, 0x0,
    0x0, 0x0, 0xb, 0xf4, 0x0, 0x0, 0x0, 0x5,
    0xf9, 0x0, 0x0, 0x0, 0x1, 0xfd, 0x0, 0x0,
    0x0, 0x0, 0xbf, 0xc8, 0x88, 0x88, 0x88, 0x1f,
    0xff, 0xff, 0xff, 0xff, 0xf1,

    /* U+005B "[" */
    0xdf, 0xff, 0x1d, 0x80, 0x0, 0xd7, 0x0, 0xd,
    0x70, 0x0, 0xd7, 0x0, 0xd, 0x70, 0x0, 0xd7,
    0x0, 0xd, 0x70, 0x0, 0xd7, 0x0, 0xd, 0x70,
    0x0, 0xd7, 0x0, 0xd, 0x70, 0x0, 0xd7, 0x0,
    0xd, 0x70, 0x0, 0xd7, 0x0, 0xd, 0x70, 0x0,
    0xd7, 0x0, 0xd, 0x70, 0x0, 0xdf, 0xee, 0x11,
    0x11, 0x10,

    /* U+005C "\\" */
    0x8c, 0x0, 0x0, 0x0, 0x3f, 0x10, 0x0, 0x0,
    0xe, 0x60, 0x0, 0x0, 0x9, 0xb0, 0x0, 0x0,
    0x4, 0xf0, 0x0, 0x0, 0x0, 0xf5, 0x0, 0x0,
    0x0, 0xaa, 0x0, 0x0, 0x0, 0x5f, 0x0, 0x0,
    0x0, 0xf, 0x40, 0x0, 0x0, 0xb, 0x90, 0x0,
    0x0, 0x6, 0xe0, 0x0, 0x0, 0x1, 0xf3, 0x0,
    0x0, 0x0, 0xc8, 0x0, 0x0, 0x0, 0x7d, 0x0,
    0x0, 0x0, 0x2f, 0x20, 0x0, 0x0, 0xd, 0x70,
    0x0, 0x0, 0x8, 0xc0, 0x0, 0x0, 0x3, 0xf1,
    0x0, 0x0, 0x0, 0xd6,

    /* U+005D "]" */
    0x4f, 0xff, 0xa0, 0x0, 0xba, 0x0, 0xb, 0xa0,
    0x0, 0xba, 0x0, 0xb, 0xa0, 0x0, 0xba, 0x0,
    0xb, 0xa0, 0x0, 0xba, 0x0, 0xb, 0xa0, 0x0,
    0xba, 0x0, 0xb, 0xa0, 0x0, 0xba, 0x0, 0xb,
    0xa0, 0x0, 0xba, 0x0, 0xb, 0xa0, 0x0, 0xba,
    0x0, 0xb, 0xa0, 0x0, 0xba, 0x4e, 0xef, 0xa0,
    0x11, 0x11,

    /* U+005E "^" */
    0x0, 0x2, 0x73, 0x0, 0x0, 0x0, 0xaf, 0xc0,
    0x0, 0x0, 0x1f, 0xaf, 0x20, 0x0, 0x7, 0xf1,
    0xe8, 0x0, 0x0, 0xda, 0x8, 0xe0, 0x0, 0x4f,
    0x40, 0x2f, 0x50, 0xa, 0xe0, 0x0, 0xcc, 0x1,
    0xf8, 0x0, 0x6, 0xf2, 0x7f, 0x20, 0x0, 0x1f,
    0x90,

    /* U+005F "_" */
    0xbf, 0xff, 0xff, 0xff, 0xff, 0xe2, 0x22, 0x22,
    0x22, 0x22, 0x22,

    /* U+0060 "`" */
    0x7, 0x70, 0x0, 0x5, 0xfb, 0x0, 0x0, 0x5f,
    0x80, 0x0, 0x4, 0xf6,

    /* U+0061 "a" */
    0x1, 0x8b, 0xee, 0xa1, 0x2, 0xff, 0xb8, 0xbf,
    0xe0, 0x5, 0x10, 0x0, 0x9f, 0x50, 0x0, 0x0,
    0x3, 0xf8, 0x0, 0x3, 0x7a, 0xdf, 0xa0, 0x5d,
    0xfb, 0x87, 0xfa, 0x4f, 0xb1, 0x0, 0x2f, 0xaa,
    0xf0, 0x0, 0x2, 0xfa, 0xbf, 0x10, 0x0, 0x9f,
    0xa6, 0xfd, 0x89, 0xeb, 0xfa, 0x7, 0xdf, 0xb6,
    0xe, 0xa0,

    /* U+0062 "b" */
    0x2f, 0xa0, 0x0, 0x0, 0x0, 0x2, 0xfa, 0x0,
    0x0, 0x0, 0x0, 0x2f, 0xa0, 0x0, 0x0, 0x0,
    0x2, 0xfa, 0x0, 0x0, 0x0, 0x0, 0x2f, 0xa0,
    0x0, 0x0, 0x0, 0x2, 0xfa, 0x29, 0xde, 0xb2,
    0x0, 0x2f, 0xdf, 0xc9, 0xbf, 0xf3, 0x2, 0xff,
    0x50, 0x0, 0x5f, 0xb0, 0x2f, 0xa0, 0x0, 0x0,
    0xdf, 0x12, 0xfa, 0x0, 0x0, 0xa, 0xf3, 0x2f,
    0xa0, 0x0, 0x0, 0x9f, 0x42, 0xfa, 0x0, 0x0,
    0xb, 0xf2, 0x2f, 0xa0, 0x0, 0x1, 0xff, 0x2,
    0xfd, 0x20, 0x0, 0x9f, 0x80, 0x2f, 0xef, 0xa9,
    0xdf, 0xc0, 0x2, 0xf5, 0x4b, 0xfd, 0x80, 0x0,

    /* U+0063 "c" */
    0x0, 0x2a, 0xdf, 0xc5, 0x0, 0x5f, 0xfb, 0x9c,
    0xf2, 0x2f, 0xe3, 0x0, 0x2, 0x9, 0xf6, 0x0,
    0x0, 0x0, 0xcf, 0x10, 0x0, 0x0, 0xe, 0xf0,
    0x0, 0x0, 0x0, 0xcf, 0x10, 0x0, 0x0, 0x9,
    0xf5, 0x0, 0x0, 0x0, 0x2f, 0xe2, 0x0, 0x3,
    0x0, 0x7f, 0xfa, 0x8b, 0xf6, 0x0, 0x3b, 0xee,
    0xb5, 0x0,

    /* U+0064 "d" */
    0x0, 0x0, 0x0, 0x4, 0xf8, 0x0, 0x0, 0x0,
    0x4, 0xf8, 0x0, 0x0, 0x0, 0x4, 0xf8, 0x0,
    0x0, 0x0, 0x4, 0xf8, 0x0, 0x0, 0x0, 0x4,
    0xf8, 0x0, 0x4b, 0xed, 0x94, 0xf8, 0x7, 0xff,
    0xa9, 0xdf, 0xf8, 0x2f, 0xe2, 0x0, 0x8, 0xf8,
    0x9f, 0x60, 0x0, 0x4, 0xf8, 0xcf, 0x10, 0x0,
    0x4, 0xf8, 0xef, 0x0, 0x0, 0x4, 0xf8, 0xcf,
    0x0, 0x0, 0x4, 0xf8, 0xaf, 0x40, 0x0, 0x4,
    0xf8, 0x4f, 0xc1, 0x0, 0x1c, 0xf8, 0xa, 0xfe,
    0x9a, 0xec, 0xf8, 0x0, 0x7c, 0xfc, 0x60, 0xf8,

    /* U+0065 "e" */
    0x0, 0x3b, 0xee, 0xa2, 0x0, 0x6, 0xfd, 0x88,
    0xee, 0x20, 0x2f, 0xc0, 0x0, 0x1f, 0xa0, 0x9f,
    0x30, 0x0, 0x9, 0xf0, 0xce, 0x0, 0x0, 0x7,
    0xf2, 0xef, 0xff, 0xff, 0xff, 0xf3, 0xce, 0x33,
    0x33, 0x33, 0x30, 0x9f, 0x20, 0x0, 0x0, 0x0,
    0x2f, 0xc0, 0x0, 0x0, 0x0, 0x6, 0xfe, 0x97,
    0x9d, 0x80, 0x0, 0x3a, 0xdf, 0xc8, 0x10,

    /* U+0066 "f" */
    0x0, 0x7, 0xdf, 0xc0, 0x0, 0x6f, 0xc7, 0x70,
    0x0, 0xbf, 0x20, 0x0, 0x0, 0xdf, 0x0, 0x0,
    0x0, 0xdf, 0x0, 0x0, 0x7f, 0xff, 0xff, 0x40,
    0x37, 0xef, 0x77, 0x10, 0x0, 0xdf, 0x0, 0x0,
    0x0, 0xdf, 0x0, 0x0, 0x0, 0xdf, 0x0, 0x0,
    0x0, 0xdf, 0x0, 0x0, 0x0, 0xdf, 0x0, 0x0,
    0x0, 0xdf, 0x0, 0x0, 0x0, 0xdf, 0x0, 0x0,
    0x0, 0xdf, 0x0, 0x0, 0x0, 0xdf, 0x0, 0x0,

    /* U+0067 "g" */
    0x0, 0x8d, 0xff, 0xff, 0xfc, 0xc, 0xf9, 0x59,
    0xfd, 0x65, 0x5f, 0x80, 0x0, 0x8f, 0x30, 0x8f,
    0x30, 0x0, 0x4f, 0x60, 0x5f, 0x60, 0x0, 0x6f,
    0x40, 0xd, 0xe4, 0x4, 0xec, 0x0, 0x5, 0xff,
    0xff, 0xa1, 0x0, 0x1f, 0x60, 0x20, 0x0, 0x0,
    0x4f, 0x50, 0x0, 0x0, 0x0, 0x1f, 0xe8, 0x77,
    0x75, 0x10, 0x9, 0xfe, 0xff, 0xff, 0xf5, 0x6f,
    0x20, 0x0, 0x5, 0xfd, 0xdb, 0x0, 0x0, 0x0,
    0xde, 0xdd, 0x0, 0x0, 0x4, 0xf9, 0x6f, 0xc6,
    0x45, 0x9f, 0xc0, 0x4, 0xbe, 0xfd, 0xb5, 0x0,

    /* U+0068 "h" */
    0x2f, 0xa0, 0x0, 0x0, 0x0, 0x2f, 0xa0, 0x0,
    0x0, 0x0, 0x2f, 0xa0, 0x0, 0x0, 0x0, 0x2f,
    0xa0, 0x0, 0x0, 0x0, 0x2f, 0xa0, 0x0, 0x0,
    0x0, 0x2f, 0xa0, 0x9e, 0xeb, 0x20, 0x2f, 0xcd,
    0xea, 0xcf, 0xe0, 0x2f, 0xf8, 0x0, 0xb, 0xf4,
    0x2f, 0xb0, 0x0, 0x6, 0xf6, 0x2f, 0xa0, 0x0,
    0x4, 0xf8, 0x2f, 0xa0, 0x0, 0x4, 0xf8, 0x2f,
    0xa0, 0x0, 0x4, 0xf8, 0x2f, 0xa0, 0x0, 0x4,
    0xf8, 0x2f, 0xa0, 0x0, 0x4, 0xf8, 0x2f, 0xa0,
    0x0, 0x4, 0xf8, 0x2f, 0xa0, 0x0, 0x4, 0xf8,

    /* U+0069 "i" */
    0x3e, 0x95, 0xfc, 0x3, 0x10, 0x0, 0x0, 0x2,
    0xfa, 0x2f, 0xa2, 0xfa, 0x2f, 0xa2, 0xfa, 0x2f,
    0xa2, 0xfa, 0x2f, 0xa2, 0xfa, 0x2f, 0xa2, 0xfa,

    /* U+006A "j" */
    0x0, 0x2e, 0x90, 0x4, 0xfd, 0x0, 0x3, 0x10,
    0x0, 0x0, 0x0, 0x0, 0x0, 0x2, 0xfa, 0x0,
    0x2f, 0xa0, 0x2, 0xfa, 0x0, 0x2f, 0xa0, 0x2,
    0xfa, 0x0, 0x2f, 0xa0, 0x2, 0xfa, 0x0, 0x2f,
    0xa0, 0x2, 0xfa, 0x0, 0x2f, 0xa0, 0x2, 0xfa,
    0x0, 0x2f, 0xa0, 0x2, 0xfa, 0x0, 0x5f, 0x85,
    0x7d, 0xf3, 0x9f, 0xd6, 0x0,

    /* U+006B "k" */
    0x2f, 0xa0, 0x0, 0x0, 0x0, 0x2f, 0xa0, 0x0,
    0x0, 0x0, 0x2f, 0xa0, 0x0, 0x0, 0x0, 0x2f,
    0xa0, 0x0, 0x0, 0x0, 0x2f, 0xa0, 0x0, 0x0,
    0x0, 0x2f, 0xa0, 0x0, 0x2f, 0xd1, 0x2f, 0xa0,
    0x0, 0xdf, 0x20, 0x2f, 0xa0, 0xa, 0xf5, 0x0,
    0x2f, 0xa0, 0x7f, 0x70, 0x0, 0x2f, 0xa4, 0xfe,
    0x0, 0x0, 0x2f, 0xce, 0xef, 0x60, 0x0, 0x2f,
    0xfe, 0x1d, 0xe1, 0x0, 0x2f, 0xf3, 0x3, 0xfa,
    0x0, 0x2f, 0xa0, 0x0, 0xaf, 0x40, 0x2f, 0xa0,
    0x0, 0x1f, 0xd0, 0x2f, 0xa0, 0x0, 0x7, 0xf8,

    /* U+006C "l" */
    0x2f, 0xa0, 0x2f, 0xa0, 0x2f, 0xa0, 0x2f, 0xa0,
    0x2f, 0xa0, 0x2f, 0xa0, 0x2f, 0xa0, 0x2f, 0xa0,
    0x2f, 0xa0, 0x2f, 0xa0, 0x2f, 0xa0, 0x2f, 0xa0,
    0x2f, 0xa0, 0x2f, 0xb0, 0xf, 0xe5, 0x7, 0xfa,

    /* U+006D "m" */
    0x2f, 0x61, 0xae, 0xea, 0x0, 0x4c, 0xfd, 0x50,
    0x2f, 0xad, 0xda, 0xdf, 0x86, 0xfb, 0xaf, 0xf3,
    0x2f, 0xf8, 0x0, 0x1e, 0xfe, 0x20, 0x6, 0xf9,
    0x2f, 0xb0, 0x0, 0xa, 0xf4, 0x0, 0x1, 0xfb,
    0x2f, 0xa0, 0x0, 0x9, 0xf3, 0x0, 0x0, 0xfc,
    0x2f, 0xa0, 0x0, 0x9, 0xf3, 0x0, 0x0, 0xfc,
    0x2f, 0xa0, 0x0, 0x9, 0xf3, 0x0, 0x0, 0xfc,
    0x2f, 0xa0, 0x0, 0x9, 0xf3, 0x0, 0x0, 0xfc,
    0x2f, 0xa0, 0x0, 0x9, 0xf3, 0x0, 0x0, 0xfc,
    0x2f, 0xa0, 0x0, 0x9, 0xf3, 0x0, 0x0, 0xfc,
    0x2f, 0xa0, 0x0, 0x9, 0xf3, 0x0, 0x0, 0xfc,

    /* U+006E "n" */
    0x2f, 0x60, 0x9e, 0xeb, 0x20, 0x2f, 0xad, 0xea,
    0xcf, 0xe0, 0x2f, 0xf8, 0x0, 0xb, 0xf4, 0x2f,
    0xb0, 0x0, 0x6, 0xf6, 0x2f, 0xa0, 0x0, 0x4,
    0xf8, 0x2f, 0xa0, 0x0, 0x4, 0xf8, 0x2f, 0xa0,
    0x0, 0x4, 0xf8, 0x2f, 0xa0, 0x0, 0x4, 0xf8,
    0x2f, 0xa0, 0x0, 0x4, 0xf8, 0x2f, 0xa0, 0x0,
    0x4, 0xf8, 0x2f, 0xa0, 0x0, 0x4, 0xf8,

    /* U+006F "o" */
    0x0, 0x3a, 0xee, 0xb4, 0x0, 0x0, 0x6f, 0xea,
    0x9e, 0xf8, 0x0, 0x2f, 0xd1, 0x0, 0x1c, 0xf3,
    0x9, 0xf5, 0x0, 0x0, 0x3f, 0xb0, 0xcf, 0x10,
    0x0, 0x0, 0xee, 0xe, 0xf0, 0x0, 0x0, 0xd,
    0xf0, 0xcf, 0x0, 0x0, 0x0, 0xee, 0x9, 0xf5,
    0x0, 0x0, 0x3f, 0xb0, 0x2f, 0xd1, 0x0, 0xc,
    0xf4, 0x0, 0x6f, 0xe9, 0x9e, 0xf8, 0x0, 0x0,
    0x3b, 0xee, 0xb4, 0x0, 0x0,

    /* U+0070 "p" */
    0x2f, 0x62, 0x9d, 0xeb, 0x20, 0x2, 0xfc, 0xfc,
    0x9b, 0xff, 0x30, 0x2f, 0xf5, 0x0, 0x5, 0xfb,
    0x2, 0xfa, 0x0, 0x0, 0xd, 0xf1, 0x2f, 0xa0,
    0x0, 0x0, 0xaf, 0x32, 0xfa, 0x0, 0x0, 0x9,
    0xf4, 0x2f, 0xa0, 0x0, 0x0, 0xbf, 0x22, 0xfa,
    0x0, 0x0, 0x1f, 0xf0, 0x2f, 0xd2, 0x0, 0x9,
    0xf8, 0x2, 0xff, 0xfa, 0x9d, 0xfc, 0x0, 0x2f,
    0xa4, 0xcf, 0xd8, 0x0, 0x2, 0xfa, 0x0, 0x0,
    0x0, 0x0, 0x2f, 0xa0, 0x0, 0x0, 0x0, 0x2,
    0xfa, 0x0, 0x0, 0x0, 0x0, 0x2f, 0xa0, 0x0,
    0x0, 0x0, 0x2, 0xfa, 0x0, 0x0, 0x0, 0x0,

    /* U+0071 "q" */
    0x0, 0x4b, 0xed, 0x91, 0xf8, 0x7, 0xff, 0xa9,
    0xdf, 0xf8, 0x2f, 0xe2, 0x0, 0x8, 0xf8, 0x9f,
    0x60, 0x0, 0x4, 0xf8, 0xcf, 0x10, 0x0, 0x4,
    0xf8, 0xef, 0x0, 0x0, 0x4, 0xf8, 0xcf, 0x0,
    0x0, 0x4, 0xf8, 0xaf, 0x40, 0x0, 0x4, 0xf8,
    0x4f, 0xc1, 0x0, 0x1c, 0xf8, 0xa, 0xfe, 0x9a,
    0xed, 0xf8, 0x0, 0x7c, 0xfc, 0x63, 0xf8, 0x0,
    0x0, 0x0, 0x4, 0xf8, 0x0, 0x0, 0x0, 0x4,
    0xf8, 0x0, 0x0, 0x0, 0x4, 0xf8, 0x0, 0x0,
    0x0, 0x4, 0xf8, 0x0, 0x0, 0x0, 0x4, 0xf8,

    /* U+0072 "r" */
    0x2f, 0x61, 0xbf, 0xa2, 0xf7, 0xcd, 0xa5, 0x2f,
    0xfa, 0x0, 0x2, 0xfe, 0x10, 0x0, 0x2f, 0xb0,
    0x0, 0x2, 0xfa, 0x0, 0x0, 0x2f, 0xa0, 0x0,
    0x2, 0xfa, 0x0, 0x0, 0x2f, 0xa0, 0x0, 0x2,
    0xfa, 0x0, 0x0, 0x2f, 0xa0, 0x0, 0x0,

    /* U+0073 "s" */
    0x0, 0x4c, 0xee, 0xb4, 0x0, 0x4f, 0xd7, 0x7b,
    0xf1, 0xa, 0xf1, 0x0, 0x1, 0x0, 0xaf, 0x30,
    0x0, 0x0, 0x2, 0xff, 0x93, 0x0, 0x0, 0x1,
    0x8f, 0xfb, 0x30, 0x0, 0x0, 0x17, 0xef, 0x30,
    0x0, 0x0, 0x4, 0xf8, 0x5, 0x0, 0x0, 0x4f,
    0x71, 0xfe, 0x97, 0x8e, 0xe2, 0x1, 0x9c, 0xfe,
    0xa2, 0x0,

    /* U+0074 "t" */
    0x0, 0x9f, 0x0, 0x0, 0x0, 0xaf, 0x0, 0x0,
    0x0, 0xbf, 0x0, 0x0, 0x7f, 0xff, 0xff, 0xe0,
    0x37, 0xef, 0x77, 0x60, 0x0, 0xdf, 0x0, 0x0,
    0x0, 0xdf, 0x0, 0x0, 0x0, 0xdf, 0x0, 0x0,
    0x0, 0xdf, 0x0, 0x0, 0x0, 0xdf, 0x0, 0x0,
    0x0, 0xdf, 0x0, 0x0, 0x0, 0xbf, 0x30, 0x0,
    0x0, 0x6f, 0xd8, 0xa0, 0x0, 0x8, 0xde, 0xb1,

    /* U+0075 "u" */
    0x4f, 0x80, 0x0, 0x7, 0xf4, 0x4f, 0x80, 0x0,
    0x7, 0xf4, 0x4f, 0x80, 0x0, 0x7, 0xf4, 0x4f,
    0x80, 0x0, 0x7, 0xf4, 0x4f, 0x80, 0x0, 0x7,
    0xf4, 0x4f, 0x80, 0x0, 0x7, 0xf4, 0x4f, 0x80,
    0x0, 0x7, 0xf4, 0x3f, 0x90, 0x0, 0x9, 0xf4,
    0x1f, 0xe0, 0x0, 0x5f, 0xf4, 0xb, 0xfd, 0x9d,
    0xe8, 0xf4, 0x1, 0xae, 0xea, 0x13, 0xf4,

    /* U+0076 "v" */
    0x8f, 0x50, 0x0, 0x0, 0xcf, 0x3, 0xfa, 0x0,
    0x0, 0x2f, 0xa0, 0xd, 0xf0, 0x0, 0x7, 0xf4,
    0x0, 0x7f, 0x40, 0x0, 0xce, 0x0, 0x2, 0xf9,
    0x0, 0x2f, 0x90, 0x0, 0xc, 0xe0, 0x7, 0xf3,
    0x0, 0x0, 0x6f, 0x40, 0xce, 0x0, 0x0, 0x1,
    0xf9, 0x1f, 0x80, 0x0, 0x0, 0xb, 0xe6, 0xf2,
    0x0, 0x0, 0x0, 0x5f, 0xed, 0x0, 0x0, 0x0,
    0x0, 0xff, 0x70, 0x0, 0x0,

    /* U+0077 "w" */
    0x5f, 0x80, 0x0, 0xe, 0xf1, 0x0, 0x5, 0xf6,
    0xf, 0xc0, 0x0, 0x3f, 0xf5, 0x0, 0x9, 0xf1,
    0xc, 0xf0, 0x0, 0x7c, 0xc9, 0x0, 0xd, 0xd0,
    0x7, 0xf4, 0x0, 0xb9, 0x9e, 0x0, 0x1f, 0x90,
    0x3, 0xf8, 0x0, 0xf5, 0x5f, 0x20, 0x5f, 0x40,
    0x0, 0xec, 0x4, 0xf1, 0x1f, 0x60, 0x9f, 0x0,
    0x0, 0xaf, 0x8, 0xd0, 0xd, 0xa0, 0xdc, 0x0,
    0x0, 0x6f, 0x3c, 0x90, 0x9, 0xe1, 0xf8, 0x0,
    0x0, 0x1f, 0x7f, 0x50, 0x4, 0xf7, 0xf3, 0x0,
    0x0, 0xd, 0xef, 0x10, 0x0, 0xfe, 0xf0, 0x0,
    0x0, 0x9, 0xfd, 0x0, 0x0, 0xcf, 0xb0, 0x0,

    /* U+0078 "x" */
    0x2f, 0xd0, 0x0, 0xc, 0xf1, 0x7, 0xf7, 0x0,
    0x5f, 0x70, 0x0, 0xdf, 0x10, 0xed, 0x0, 0x0,
    0x3f, 0xa6, 0xf4, 0x0, 0x0, 0x9, 0xff, 0xa0,
    0x0, 0x0, 0x5, 0xff, 0x30, 0x0, 0x0, 0xd,
    0xdf, 0xb0, 0x0, 0x0, 0x8f, 0x37, 0xf6, 0x0,
    0x2, 0xfa, 0x0, 0xdf, 0x10, 0xc, 0xf1, 0x0,
    0x4f, 0xa0, 0x6f, 0x80, 0x0, 0xa, 0xf5,

    /* U+0079 "y" */
    0x8f, 0x50, 0x0, 0x0, 0xcf, 0x2, 0xfa, 0x0,
    0x0, 0x1f, 0xa0, 0xc, 0xf1, 0x0, 0x6, 0xf4,
    0x0, 0x6f, 0x60, 0x0, 0xbf, 0x0, 0x0, 0xfb,
    0x0, 0xf, 0xa0, 0x0, 0x9, 0xf1, 0x5, 0xf4,
    0x0, 0x0, 0x3f, 0x70, 0xaf, 0x0, 0x0, 0x0,
    0xdc, 0xe, 0xa0, 0x0, 0x0, 0x7, 0xf5, 0xf4,
    0x0, 0x0, 0x0, 0x1f, 0xee, 0x0, 0x0, 0x0,
    0x0, 0xaf, 0x90, 0x0, 0x0, 0x0, 0x7, 0xf4,
    0x0, 0x0, 0x0, 0x0, 0xde, 0x0, 0x0, 0x0,
    0x0, 0x6f, 0x70, 0x0, 0x0, 0x8, 0x9f, 0xc0,
    0x0, 0x0, 0x2, 0xee, 0x91, 0x0, 0x0, 0x0,

    /* U+007A "z" */
    0xa, 0xff, 0xff, 0xff, 0xb0, 0x47, 0x77, 0x7d,
    0xf6, 0x0, 0x0, 0x4, 0xfb, 0x0, 0x0, 0x0,
    0xee, 0x10, 0x0, 0x0, 0x9f, 0x50, 0x0, 0x0,
    0x4f, 0xb0, 0x0, 0x0, 0xe, 0xe1, 0x0, 0x0,
    0x9, 0xf5, 0x0, 0x0, 0x4, 0xfb, 0x0, 0x0,
    0x0, 0xef, 0x97, 0x77, 0x76, 0x4f, 0xff, 0xff,
    0xff, 0xe0,

    /* U+007B "{" */
    0x0, 0x9, 0xef, 0x10, 0x4, 0xf7, 0x10, 0x0,
    0x7f, 0x0, 0x0, 0x7, 0xf0, 0x0, 0x0, 0x7f,
    0x0, 0x0, 0x6, 0xf0, 0x0, 0x0, 0x5f, 0x10,
    0x0, 0x6, 0xf0, 0x0, 0x1, 0xcd, 0x0, 0x3,
    0xfe, 0x10, 0x0, 0x4, 0xdb, 0x0, 0x0, 0x7,
    0xf0, 0x0, 0x0, 0x5f, 0x10, 0x0, 0x6, 0xf0,
    0x0, 0x0, 0x7f, 0x0, 0x0, 0x7, 0xf0, 0x0,
    0x0, 0x7f, 0x0, 0x0, 0x5, 0xf5, 0x0, 0x0,
    0xb, 0xff, 0x10, 0x0, 0x0, 0x10,

    /* U+007C "|" */
    0xe5, 0xe5, 0xe5, 0xe5, 0xe5, 0xe5, 0xe5, 0xe5,
    0xe5, 0xe5, 0xe5, 0xe5, 0xe5, 0xe5, 0xe5, 0xe5,
    0xe5, 0xe5, 0xe5, 0xe5, 0xe5, 0xe5,

    /* U+007D "}" */
    0x4f, 0xe6, 0x0, 0x1, 0xaf, 0x10, 0x0, 0x4f,
    0x30, 0x0, 0x3f, 0x40, 0x0, 0x4f, 0x30, 0x0,
    0x4f, 0x20, 0x0, 0x4f, 0x20, 0x0, 0x3f, 0x20,
    0x0, 0x1f, 0x91, 0x0, 0x4, 0xff, 0x0, 0xe,
    0xb4, 0x0, 0x3f, 0x30, 0x0, 0x4f, 0x10, 0x0,
    0x4f, 0x20, 0x0, 0x4f, 0x30, 0x0, 0x3f, 0x40,
    0x0, 0x4f, 0x40, 0x0, 0x8f, 0x10, 0x4f, 0xf8,
    0x0, 0x1, 0x0, 0x0,

    /* U+007E "~" */
    0x0, 0x0, 0x0, 0x0, 0x0, 0x0, 0x1c, 0xfd,
    0x40, 0x0, 0x40, 0xc, 0xc5, 0xaf, 0x82, 0x9f,
    0x10, 0x71, 0x0, 0x5f, 0xff, 0x40, 0x0, 0x0,
    0x0, 0x3, 0x0, 0x0,

    /* U+00B7 "·" */
    0x0, 0x11, 0x0, 0x7, 0xff, 0x70, 0xf, 0xff,
    0xf0, 0xf, 0xff, 0xf0, 0x5, 0xee, 0x50,

    /* U+00D7 "×" */
    0x8, 0x0, 0x0, 0x0, 0x0, 0x0, 0x80, 0x2e,
    0xc0, 0x0, 0x0, 0x0, 0xc, 0xe2, 0x2, 0xec,
    0x0, 0x0, 0x0, 0xce, 0x20, 0x0, 0x2e, 0xc1,
    0x0, 0xc, 0xe2, 0x0, 0x0, 0x2, 0xec, 0x11,
    0xce, 0x20, 0x0, 0x0, 0x0, 0x2e, 0xcc, 0xe2,
    0x0, 0x0, 0x0, 0x0, 0x3, 0xff, 0x30, 0x0,
    0x0, 0x0, 0x0, 0x1c, 0xee, 0xd1, 0x0, 0x0,
    0x0, 0x1, 0xde, 0x22, 0xed, 0x10, 0x0, 0x0,
    0x1d, 0xe2, 0x0, 0x1d, 0xd1, 0x0, 0x1, 0xdd,
    0x10, 0x0, 0x1, 0xdd, 0x10, 0x1d, 0xd1, 0x0,
    0x0, 0x0, 0x1d, 0xd1, 0x1b, 0x10, 0x0, 0x0,
    0x0, 0x1, 0xb1,

    /* U+25B2 "▲" */
    0x0, 0x0, 0x0, 0x0, 0x1, 0x10, 0x0, 0x0,
    0x0, 0x0, 0x0, 0x0, 0x0, 0x0, 0x9, 0x90,
    0x0, 0x0, 0x0, 0x0, 0x0, 0x0, 0x0, 0x0,
    0x2f, 0xf2, 0x0, 0x0, 0x0, 0x0, 0x0, 0x0,
    0x0, 0x0, 0xbf, 0xfb, 0x0, 0x0, 0x0, 0x0,
    0x0, 0x0, 0x0, 0x5, 0xff, 0xff, 0x50, 0x0,
    0x0, 0x0, 0x0, 0x0, 0x0, 0xd, 0xff, 0xff,
    0xd0, 0x0, 0x0, 0x0, 0x0, 0x0, 0x0, 0x7f,
    0xff, 0xff, 0xf7, 0x0, 0x0, 0x0, 0x0, 0x0,
    0x1, 0xff, 0xff, 0xff, 0xff, 0x10, 0x0, 0x0,
    0x0, 0x0, 0xa, 0xff, 0xff, 0xff, 0xff, 0xa0,
    0x0, 0x0, 0x0, 0x0, 0x3f, 0xff, 0xff, 0xff,
    0xff, 0xf3, 0x0, 0x0, 0x0, 0x0, 0xcf, 0xff,
    0xff, 0xff, 0xff, 0xfc, 0x0, 0x0, 0x0, 0x5,
    0xff, 0xff, 0xff, 0xff, 0xff, 0xff, 0x50, 0x0,
    0x0, 0xe, 0xff, 0xff, 0xff, 0xff, 0xff, 0xff,
    0xe0, 0x0, 0x0, 0x8f, 0xff, 0xff, 0xff, 0xff,
    0xff, 0xff, 0xf8, 0x0, 0x2, 0xff, 0xff, 0xff,
    0xff, 0xff, 0xff, 0xff, 0xff, 0x20, 0xa, 0xff,
    0xff, 0xff, 0xff, 0xff, 0xff, 0xff, 0xff, 0xa0,
    0x2c, 0xcc, 0xcc, 0xcc, 0xcc, 0xcc, 0xcc, 0xcc,
    0xcc, 0xc2,

    /* U+25BC "▼" */
    0x2e, 0xff, 0xff, 0xff, 0xff, 0xff, 0xff, 0xff,
    0xff, 0xe2, 0x9, 0xff, 0xff, 0xff, 0xff, 0xff,
    0xff, 0xff, 0xff, 0x80, 0x1, 0xef, 0xff, 0xff,
    0xff, 0xff, 0xff, 0xff, 0xfe, 0x10, 0x0, 0x6f,
    0xff, 0xff, 0xff, 0xff, 0xff, 0xff, 0xf6, 0x0,
    0x0, 0xd, 0xff, 0xff, 0xff, 0xff, 0xff, 0xff,
    0xd0, 0x0, 0x0, 0x4, 0xff, 0xff, 0xff, 0xff,
    0xff, 0xff, 0x40, 0x0, 0x0, 0x0, 0xaf, 0xff,
    0xff, 0xff, 0xff, 0xfa, 0x0, 0x0, 0x0, 0x0,
    0x2f, 0xff, 0xff, 0xff, 0xff, 0xf2, 0x0, 0x0,
    0x0, 0x0, 0x8, 0xff, 0xff, 0xff, 0xff, 0x80,
    0x0, 0x0, 0x0, 0x0, 0x0, 0xef, 0xff, 0xff,
    0xfe, 0x0, 0x0, 0x0, 0x0, 0x0, 0x0, 0x5f,
    0xff, 0xff, 0xf5, 0x0, 0x0, 0x0, 0x0, 0x0,
    0x0, 0xc, 0xff, 0xff, 0xc0, 0x0, 0x0, 0x0,
    0x0, 0x0, 0x0, 0x3, 0xff, 0xff, 0x30, 0x0,
    0x0, 0x0, 0x0, 0x0, 0x0, 0x0, 0xaf, 0xf9,
    0x0, 0x0, 0x0, 0x0, 0x0, 0x0, 0x0, 0x0,
    0x1f, 0xf1, 0x0, 0x0, 0x0, 0x0, 0x0, 0x0,
    0x0, 0x0, 0x7, 0x70, 0x0, 0x0, 0x0, 0x0,
    0x0, 0x0, 0x0, 0x0, 0x0, 0x0, 0x0, 0x0,
    0x0, 0x0,

    /* U+25CF "●" */
    0x0, 0x0, 0x4, 0x9d, 0xff, 0xd9, 0x40, 0x0,
    0x0, 0x0, 0x2, 0xcf, 0xff, 0xff, 0xff, 0xfc,
    0x20, 0x0, 0x0, 0x3e, 0xff, 0xff, 0xff, 0xff,
    0xff, 0xe3, 0x0, 0x2, 0xef, 0xff, 0xff, 0xff,
    0xff, 0xff, 0xfe, 0x20, 0xc, 0xff, 0xff, 0xff,
    0xff, 0xff, 0xff, 0xff, 0xc0, 0x4f, 0xff, 0xff,
    0xff, 0xff, 0xff, 0xff, 0xff, 0xf4, 0x9f, 0xff,
    0xff, 0xff, 0xff, 0xff, 0xff, 0xff, 0xf9, 0xdf,
    0xff, 0xff, 0xff, 0xff, 0xff, 0xff, 0xff, 0xfd,
    0xff, 0xff, 0xff, 0xff, 0xff, 0xff, 0xff, 0xff,
    0xff, 0xff, 0xff, 0xff, 0xff, 0xff, 0xff, 0xff,
    0xff, 0xff, 0xdf, 0xff, 0xff, 0xff, 0xff, 0xff,
    0xff, 0xff, 0xfd, 0x9f, 0xff, 0xff, 0xff, 0xff,
    0xff, 0xff, 0xff, 0xf9, 0x4f, 0xff, 0xff, 0xff,
    0xff, 0xff, 0xff, 0xff, 0xf4, 0xc, 0xff, 0xff,
    0xff, 0xff, 0xff, 0xff, 0xff, 0xc0, 0x2, 0xef,
    0xff, 0xff, 0xff, 0xff, 0xff, 0xfe, 0x20, 0x0,
    0x3e, 0xff, 0xff, 0xff, 0xff, 0xff, 0xe3, 0x0,
    0x0, 0x2, 0xcf, 0xff, 0xff, 0xff, 0xfc, 0x20,
    0x0, 0x0, 0x0, 0x4, 0x9d, 0xff, 0xd9, 0x40,
    0x0, 0x0,

    /* U+266A "♪" */
    0x0, 0x0, 0x3, 0x0, 0x0, 0x0, 0x0, 0x0,
    0x71, 0x0, 0x0, 0x0, 0x0, 0x7, 0x60, 0x0,
    0x0, 0x0, 0x0, 0x7e, 0x10, 0x0, 0x0, 0x0,
    0x7, 0xfd, 0x0, 0x0, 0x0, 0x0, 0x7c, 0xfb,
    0x0, 0x0, 0x0, 0x7, 0x41, 0xca, 0x0, 0x0,
    0x0, 0x74, 0x0, 0xe5, 0x0, 0x0, 0x7, 0x40,
    0x6, 0xb0, 0x0, 0x0, 0x74, 0x0, 0x2d, 0x0,
    0x0, 0x7, 0x40, 0x1, 0xb0, 0x0, 0x0, 0x74,
    0x0, 0x48, 0x0, 0x0, 0x7, 0x40, 0x8, 0x20,
    0x0, 0x0, 0x74, 0x0, 0x80, 0x0, 0x1, 0x28,
    0x40, 0x11, 0x0, 0x1b, 0xff, 0xf4, 0x0, 0x0,
    0xd, 0xff, 0xff, 0x10, 0x0, 0x2, 0xff, 0xff,
    0xa0, 0x0, 0x0, 0x9, 0xed, 0x70, 0x0, 0x0,
    0x0,

    /* U+2713 "✓" */
    0x0, 0x0, 0x0, 0x0, 0x0, 0x0, 0x10, 0x0,
    0x0, 0x0, 0x0, 0x0, 0x2, 0xe6, 0x0, 0x0,
    0x0, 0x0, 0x0, 0x1e, 0xf3, 0x0, 0x0, 0x0,
    0x0, 0x0, 0xcf, 0x30, 0x0, 0x0, 0x0, 0x0,
    0x8, 0xf4, 0x0, 0x0, 0x0, 0x0, 0x0, 0x3f,
    0x90, 0x0, 0x0, 0x0, 0x0, 0x0, 0xdd, 0x0,
    0x0, 0x0, 0x0, 0x0, 0x7, 0xf3, 0x0, 0x0,
    0x0, 0x0, 0x0, 0xe, 0x90, 0x0, 0x0, 0x77,
    0x0, 0x0, 0x8f, 0x10, 0x0, 0x0, 0x9f, 0x20,
    0x1, 0xf8, 0x0, 0x0, 0x0, 0x1e, 0xa0, 0x7,
    0xf1, 0x0, 0x0, 0x0, 0x6, 0xf2, 0xc, 0x90,
    0x0, 0x0, 0x0, 0x0, 0xe9, 0x2f, 0x30, 0x0,
    0x0, 0x0, 0x0, 0x7f, 0x9e, 0x0, 0x0, 0x0,
    0x0, 0x0, 0x1f, 0xf8, 0x0, 0x0, 0x0, 0x0,
    0x0, 0x4, 0x41, 0x0, 0x0, 0x0, 0x0,

    /* U+3002 "。" */
    0x0, 0x7c, 0xc5, 0x0, 0x9b, 0x34, 0xd6, 0xf,
    0x0, 0x3, 0xd1, 0xf0, 0x0, 0x2d, 0xb, 0x91,
    0x2c, 0x70, 0x19, 0xee, 0x70,

    /* U+300C "「" */
    0xff, 0xff, 0xff, 0x4f, 0xb6, 0x66, 0x62, 0xf7,
    0x0, 0x0, 0xf, 0x70, 0x0, 0x0, 0xf7, 0x0,
    0x0, 0xf, 0x70, 0x0, 0x0, 0xf7, 0x0, 0x0,
    0xf, 0x70, 0x0, 0x0, 0xf7, 0x0, 0x0, 0xf,
    0x70, 0x0, 0x0, 0xf7, 0x0, 0x0, 0xf, 0x70,
    0x0, 0x0, 0xf7, 0x0, 0x0, 0x0,

    /* U+300D "」" */
    0x0, 0x0, 0x7, 0xe0, 0x0, 0x0, 0x7f, 0x0,
    0x0, 0x7, 0xf0, 0x0, 0x0, 0x7f, 0x0, 0x0,
    0x7, 0xf0, 0x0, 0x0, 0x7f, 0x0, 0x0, 0x7,
    0xf0, 0x0, 0x0, 0x7f, 0x0, 0x0, 0x7, 0xf0,
    0x0, 0x0, 0x7f, 0x0, 0x0, 0x7, 0xf1, 0x55,
    0x55, 0xaf, 0x4f, 0xff, 0xff, 0xf0,

    /* U+4E00 "一" */
    0x19, 0x99, 0x99, 0x99, 0x99, 0x99, 0x99, 0x99,
    0x99, 0x92, 0x1f, 0xff, 0xff, 0xff, 0xff, 0xff,
    0xff, 0xff, 0xff, 0xf3, 0x0, 0x0, 0x0, 0x0,
    0x0, 0x0, 0x0, 0x0, 0x0, 0x0,

    /* U+4E03 "七" */
    0x0, 0x0, 0x0, 0x63, 0x0, 0x0, 0x0, 0x0,
    0x0, 0x0, 0x0, 0x0, 0x1f, 0x80, 0x0, 0x0,
    0x0, 0x0, 0x0, 0x0, 0x0, 0x1, 0xf8, 0x0,
    0x0, 0x0, 0x0, 0x0, 0x0, 0x0, 0x0, 0x1f,
    0x80, 0x0, 0x0, 0x0, 0x0, 0x0, 0x0, 0x0,
    0x1, 0xf8, 0x0, 0x0, 0x0, 0x0, 0x0, 0x0,
    0x0, 0x0, 0x1f, 0x80, 0x0, 0x0, 0x1, 0x36,
    0x80, 0x0, 0x0, 0x1, 0xf8, 0x14, 0x79, 0xce,
    0xff, 0xff, 0x20, 0x2, 0x57, 0xaf, 0xff, 0xff,
    0xfc, 0xa7, 0x42, 0x0, 0xbf, 0xff, 0xfe, 0xfc,
    0x64, 0x10, 0x0, 0x0, 0x0, 0x7, 0x86, 0x30,
    0x1f, 0x80, 0x0, 0x0, 0x0, 0x0, 0x0, 0x0,
    0x0, 0x1, 0xf8, 0x0, 0x0, 0x0, 0x0, 0x0,
    0x0, 0x0, 0x0, 0x1f, 0x80, 0x0, 0x0, 0x0,
    0x0, 0x0, 0x0, 0x0, 0x1, 0xf8, 0x0, 0x0,
    0x0, 0x0, 0x0, 0x0, 0x0, 0x0, 0x1f, 0x80,
    0x0, 0x0, 0x0, 0xe, 0x60, 0x0, 0x0, 0x1,
    0xf8, 0x0, 0x0, 0x0, 0x1, 0xf7, 0x0, 0x0,
    0x0, 0xf, 0x90, 0x0, 0x0, 0x0, 0x5f, 0x50,
    0x0, 0x0, 0x0, 0xdf, 0x98, 0x88, 0x88, 0x9e,
    0xf0, 0x0, 0x0, 0x0, 0x3, 0xbe, 0xff, 0xff,
    0xfe, 0xc4, 0x0,

    /* U+4E09 "三" */
    0xb, 0xff, 0xff, 0xff, 0xff, 0xff, 0xff, 0xff,
    0x50, 0x6, 0x88, 0x88, 0x88, 0x88, 0x88, 0x88,
    0x88, 0x30, 0x0, 0x0, 0x0, 0x0, 0x0, 0x0,
    0x0, 0x0, 0x0, 0x0, 0x0, 0x0, 0x0, 0x0,
    0x0, 0x0, 0x0, 0x0, 0x0, 0x0, 0x0, 0x0,
    0x0, 0x0, 0x0, 0x0, 0x0, 0x0, 0x0, 0x0,
    0x0, 0x0, 0x0, 0x0, 0x0, 0x0, 0x0, 0x37,
    0x77, 0x77, 0x77, 0x77, 0x77, 0x50, 0x0, 0x0,
    0x7f, 0xff, 0xff, 0xff, 0xff, 0xff, 0xc0, 0x0,
    0x0, 0x0, 0x0, 0x0, 0x0, 0x0, 0x0, 0x0,
    0x0, 0x0, 0x0, 0x0, 0x0, 0x0, 0x0, 0x0,
    0x0, 0x0, 0x0, 0x0, 0x0, 0x0, 0x0, 0x0,
    0x0, 0x0, 0x0, 0x0, 0x0, 0x0, 0x0, 0x0,
    0x0, 0x0, 0x0, 0x0, 0x0, 0x0, 0x0, 0x0,
    0x0, 0x0, 0x0, 0x0, 0x0, 0x67, 0x77, 0x77,
    0x77, 0x77, 0x77, 0x77, 0x77, 0x73, 0xef, 0xff,
    0xff, 0xff, 0xff, 0xff, 0xff, 0xff, 0xf7, 0x0,
    0x0, 0x0, 0x0, 0x0, 0x0, 0x0, 0x0, 0x0,

    /* U+4E0A "上" */
    0x0, 0x0, 0x0, 0x4, 0x91, 0x0, 0x0, 0x0,
    0x0, 0x0, 0x0, 0x0, 0x7, 0xf1, 0x0, 0x0,
    0x0, 0x0, 0x0, 0x0, 0x0, 0x7, 0xf1, 0x0,
    0x0, 0x0, 0x0, 0x0, 0x0, 0x0, 0x7, 0xf1,
    0x0, 0x0, 0x0, 0x0, 0x0, 0x0, 0x0, 0x7,
    0xf1, 0x0, 0x0, 0x0, 0x0, 0x0, 0x0, 0x0,
    0x7, 0xf1, 0x0, 0x0, 0x0, 0x0, 0x0, 0x0,
    0x0, 0x7, 0xf8, 0x77, 0x77, 0x77, 0x40, 0x0,
    0x0, 0x0, 0x7, 0xff, 0xff, 0xff, 0xff, 0x90,
    0x0, 0x0, 0x0, 0x7, 0xf2, 0x0, 0x0, 0x0,
    0x0, 0x0, 0x0, 0x0, 0x7, 0xf1, 0x0, 0x0,
    0x0, 0x0, 0x0, 0x0, 0x0, 0x7, 0xf1, 0x0,
    0x0, 0x0, 0x0, 0x0, 0x0, 0x0, 0x7, 0xf1,
    0x0, 0x0, 0x0, 0x0, 0x0, 0x0, 0x0, 0x7,
    0xf1, 0x0, 0x0, 0x0, 0x0, 0x0, 0x0, 0x0,
    0x7, 0xf1, 0x0, 0x0, 0x0, 0x0, 0x0, 0x0,
    0x0, 0x7, 0xf1, 0x0, 0x0, 0x0, 0x0, 0x0,
    0x0, 0x0, 0x7, 0xf1, 0x0, 0x0, 0x0, 0x0,
    0xff, 0xff, 0xff, 0xff, 0xff, 0xff, 0xff, 0xff,
    0xff, 0x88, 0x88, 0x88, 0x88, 0x88, 0x88, 0x88,
    0x88, 0x88,

    /* U+4E0B "下" */
    0x67, 0x77, 0x77, 0x77, 0x77, 0x77, 0x77, 0x77,
    0x76, 0xef, 0xff, 0xff, 0xff, 0xff, 0xff, 0xff,
    0xff, 0xfe, 0x0, 0x0, 0x0, 0x3, 0xf6, 0x0,
    0x0, 0x0, 0x0, 0x0, 0x0, 0x0, 0x2, 0xf6,
    0x0, 0x0, 0x0, 0x0, 0x0, 0x0, 0x0, 0x2,
    0xf6, 0x0, 0x0, 0x0, 0x0, 0x0, 0x0, 0x0,
    0x2, 0xfa, 0x10, 0x0, 0x0, 0x0, 0x0, 0x0,
    0x0, 0x2, 0xff, 0xf8, 0x10, 0x0, 0x0, 0x0,
    0x0, 0x0, 0x2, 0xf8, 0xaf, 0xe6, 0x0, 0x0,
    0x0, 0x0, 0x0, 0x2, 0xf6, 0x4, 0xdf, 0xc3,
    0x0, 0x0, 0x0, 0x0, 0x2, 0xf6, 0x0, 0x8,
    0xff, 0x60, 0x0, 0x0, 0x0, 0x2, 0xf6, 0x0,
    0x0, 0x3e, 0x40, 0x0, 0x0, 0x0, 0x2, 0xf6,
    0x0, 0x0, 0x0, 0x0, 0x0, 0x0, 0x0, 0x2,
    0xf6, 0x0, 0x0, 0x0, 0x0, 0x0, 0x0, 0x0,
    0x2, 0xf6, 0x0, 0x0, 0x0, 0x0, 0x0, 0x0,
    0x0, 0x2, 0xf6, 0x0, 0x0, 0x0, 0x0, 0x0,
    0x0, 0x0, 0x2, 0xf6, 0x0, 0x0, 0x0, 0x0,
    0x0, 0x0, 0x0, 0x2, 0xf6, 0x0, 0x0, 0x0,
    0x0, 0x0, 0x0, 0x0, 0x2, 0xf6, 0x0, 0x0,
    0x0, 0x0,

    /* U+4E0D "不" */
    0x6, 0x77, 0x77, 0x77, 0x77, 0x77, 0x77, 0x77,
    0x77, 0x30, 0xdf, 0xff, 0xff, 0xff, 0xff, 0xff,
    0xff, 0xff, 0xf6, 0x0, 0x0, 0x0, 0x0, 0x4,
    0xfb, 0x0, 0x0, 0x0, 0x0, 0x0, 0x0, 0x0,
    0x0, 0xdf, 0x10, 0x0, 0x0, 0x0, 0x0, 0x0,
    0x0, 0x0, 0x9f, 0x90, 0x0, 0x0, 0x0, 0x0,
    0x0, 0x0, 0x0, 0x6f, 0xf9, 0x12, 0x0, 0x0,
    0x0, 0x0, 0x0, 0x0, 0x5f, 0xdf, 0x9b, 0xf6,
    0x0, 0x0, 0x0, 0x0, 0x0, 0x5f, 0xc1, 0xf9,
    0xa, 0xfb, 0x10, 0x0, 0x0, 0x0, 0x7f, 0xc1,
    0xf, 0x90, 0x7, 0xfe, 0x30, 0x0, 0x1, 0xaf,
    0xc1, 0x0, 0xf9, 0x0, 0x3, 0xef, 0x60, 0x6,
    0xef, 0x80, 0x0, 0xf, 0x90, 0x0, 0x2, 0xdf,
    0x71, 0xed, 0x30, 0x0, 0x0, 0xf9, 0x0, 0x0,
    0x1, 0xd7, 0x3, 0x0, 0x0, 0x0, 0xf, 0x90,
    0x0, 0x0, 0x0, 0x0, 0x0, 0x0, 0x0, 0x0,
    0xf9, 0x0, 0x0, 0x0, 0x0, 0x0, 0x0, 0x0,
    0x0, 0xf, 0x90, 0x0, 0x0, 0x0, 0x0, 0x0,
    0x0, 0x0, 0x0, 0xf9, 0x0, 0x0, 0x0, 0x0,
    0x0, 0x0, 0x0, 0x0, 0xf, 0x90, 0x0, 0x0,
    0x0, 0x0, 0x0, 0x0, 0x0, 0x0, 0xf9, 0x0,
    0x0, 0x0, 0x0,

    /* U+4E0E "与" */
    0x0, 0x0, 0x42, 0x0, 0x0, 0x0, 0x0, 0x0,
    0x0, 0x0, 0xf, 0x80, 0x0, 0x0, 0x0, 0x0,
    0x0, 0x0, 0x3, 0xf5, 0x0, 0x0, 0x0, 0x0,
    0x0, 0x0, 0x0, 0x6f, 0xff, 0xff, 0xff, 0xff,
    0xff, 0xf7, 0x0, 0x9, 0xe6, 0x66, 0x66, 0x66,
    0x66, 0x66, 0x20, 0x0, 0xdb, 0x0, 0x0, 0x0,
    0x0, 0x0, 0x0, 0x0, 0x1f, 0x70, 0x0, 0x0,
    0x0, 0x0, 0x0, 0x0, 0x4, 0xf4, 0x0, 0x0,
    0x0, 0x0, 0x0, 0x0, 0x0, 0x8f, 0xff, 0xff,
    0xff, 0xff, 0xff, 0xff, 0xb0, 0x4, 0x66, 0x66,
    0x66, 0x66, 0x66, 0x66, 0xf9, 0x0, 0x0, 0x0,
    0x0, 0x0, 0x0, 0x0, 0xf, 0x70, 0x0, 0x0,
    0x0, 0x0, 0x0, 0x0, 0x2, 0xf5, 0xef, 0xff,
    0xff, 0xff, 0xff, 0xff, 0x80, 0x5f, 0x37, 0x77,
    0x77, 0x77, 0x77, 0x77, 0x74, 0x8, 0xf1, 0x0,
    0x0, 0x0, 0x0, 0x0, 0x0, 0x0, 0xbd, 0x0,
    0x0, 0x0, 0x0, 0x0, 0x0, 0x0, 0x1f, 0x90,
    0x0, 0x0, 0x0, 0x0, 0x28, 0x76, 0x7c, 0xf3,
    0x0, 0x0, 0x0, 0x0, 0x0, 0xef, 0xff, 0xe6,
    0x0, 0x0, 0x0, 0x0, 0x0, 0x0, 0x0, 0x0,
    0x0, 0x0,

    /* U+4E16 "世" */
    0x0, 0x4, 0x20, 0x0, 0x97, 0x0, 0x4, 0x70,
    0x0, 0x0, 0xf, 0x70, 0x0, 0xda, 0x0, 0x8,
    0xf0, 0x0, 0x0, 0xf, 0x70, 0x0, 0xda, 0x0,
    0x8, 0xf0, 0x0, 0x0, 0xf, 0x70, 0x0, 0xda,
    0x0, 0x8, 0xf0, 0x0, 0x0, 0xf, 0x70, 0x0,
    0xda, 0x0, 0x8, 0xf0, 0x0, 0xff, 0xff, 0xff,
    0xff, 0xff, 0xff, 0xff, 0xff, 0xff, 0x77, 0x8f,
    0xb7, 0x77, 0xed, 0x77, 0x7c, 0xf7, 0x77, 0x0,
    0xf, 0x70, 0x0, 0xda, 0x0, 0x8, 0xf0, 0x0,
    0x0, 0xf, 0x70, 0x0, 0xda, 0x0, 0x8, 0xf0,
    0x0, 0x0, 0xf, 0x70, 0x0, 0xda, 0x0, 0x8,
    0xf0, 0x0, 0x0, 0xf, 0x70, 0x0, 0xda, 0x0,
    0x8, 0xf0, 0x0, 0x0, 0xf, 0x70, 0x0, 0xdc,
    0x55, 0x5b, 0xf0, 0x0, 0x0, 0xf, 0x70, 0x0,
    0xdf, 0xff, 0xff, 0xf0, 0x0, 0x0, 0xf, 0x70,
    0x0, 0x0, 0x0, 0x0, 0x0, 0x0, 0x0, 0xf,
    0x70, 0x0, 0x0, 0x0, 0x0, 0x0, 0x0, 0x0,
    0xf, 0x92, 0x22, 0x22, 0x22, 0x22, 0x22, 0x21,
    0x0, 0xf, 0xff, 0xff, 0xff, 0xff, 0xff, 0xff,
    0xf6, 0x0, 0x4, 0x44, 0x44, 0x44, 0x44, 0x44,
    0x44, 0x42,

    /* U+4E1D "丝" */
    0x0, 0x0, 0x4b, 0x10, 0x0, 0x0, 0xc, 0x40,
    0x0, 0x0, 0x0, 0xbd, 0x0, 0x0, 0x0, 0x7f,
    0x20, 0x0, 0x0, 0x3, 0xf6, 0x0, 0x0, 0x0,
    0xea, 0x0, 0x0, 0x0, 0xa, 0xe0, 0x1, 0x0,
    0x6, 0xf2, 0x0, 0x0, 0x0, 0x3f, 0x50, 0xb,
    0xc0, 0xe, 0x80, 0x4, 0xe3, 0x0, 0xcb, 0x0,
    0x5f, 0x60, 0x9d, 0x0, 0xd, 0xd0, 0x7, 0xf1,
    0x1, 0xec, 0x5, 0xf4, 0x1, 0x9f, 0x30, 0x3f,
    0xfe, 0xff, 0xf2, 0xf, 0xff, 0xff, 0xf8, 0x0,
    0x9, 0x76, 0xaf, 0x70, 0x6, 0x65, 0x5f, 0xd0,
    0x0, 0x0, 0x1, 0xeb, 0x0, 0x0, 0x0, 0xbe,
    0x20, 0x0, 0x0, 0xc, 0xe1, 0x0, 0x0, 0x8,
    0xf4, 0x0, 0x0, 0x0, 0x9f, 0x30, 0x0, 0x0,
    0x6f, 0x60, 0x0, 0x0, 0x9, 0xfb, 0x67, 0x89,
    0x47, 0xfd, 0x78, 0x99, 0xa3, 0xd, 0xff, 0xfe,
    0xdc, 0x4a, 0xff, 0xed, 0xcc, 0xb2, 0x2, 0x20,
    0x0, 0x0, 0x1, 0x10, 0x0, 0x0, 0x0, 0x0,
    0x0, 0x0, 0x0, 0x0, 0x0, 0x0, 0x0, 0x0,
    0xff, 0xff, 0xff, 0xff, 0xff, 0xff, 0xff, 0xff,
    0xfe, 0x66, 0x66, 0x66, 0x66, 0x66, 0x66, 0x66,
    0x66, 0x66,

    /* U+4E24 "两" */
    0x46, 0x66, 0x66, 0x66, 0x66, 0x66, 0x66, 0x66,
    0x65, 0xbf, 0xff, 0xff, 0xff, 0xff, 0xff, 0xff,
    0xff, 0xfe, 0x0, 0x0, 0x4, 0xf3, 0x0, 0x2f,
    0x50, 0x0, 0x0, 0x0, 0x0, 0x4, 0xf3, 0x0,
    0x2f, 0x50, 0x0, 0x0, 0x2, 0x22, 0x26, 0xf5,
    0x22, 0x4f, 0x72, 0x22, 0x20, 0xe, 0xff, 0xff,
    0xff, 0xff, 0xff, 0xff, 0xff, 0xf1, 0xe, 0xa3,
    0x37, 0xf5, 0x33, 0x5f, 0x63, 0x38, 0xf1, 0xe,
    0x90, 0x6, 0xf0, 0x0, 0x4f, 0x20, 0x6, 0xf1,
    0xe, 0x90, 0x8, 0xf2, 0x0, 0x6f, 0x40, 0x6,
    0xf1, 0xe, 0x90, 0xc, 0xfd, 0x0, 0xaf, 0xe2,
    0x6, 0xf1, 0xe, 0x90, 0x1f, 0x9f, 0x80, 0xe9,
    0xdd, 0x6, 0xf1, 0xe, 0x90, 0x7f, 0x17, 0xd5,
    0xf3, 0x3f, 0x86, 0xf1, 0xe, 0x91, 0xea, 0x0,
    0x3d, 0xc0, 0x7, 0xf8, 0xf1, 0xe, 0x9c, 0xe1,
    0x0, 0xaf, 0x20, 0x0, 0x96, 0xf1, 0xe, 0x9a,
    0x40, 0x0, 0x96, 0x0, 0x0, 0x6, 0xf1, 0xe,
    0x90, 0x0, 0x0, 0x0, 0x0, 0x0, 0x6, 0xf1,
    0xe, 0x90, 0x0, 0x0, 0x0, 0x0, 0x77, 0x7b,
    0xf0, 0xe, 0x90, 0x0, 0x0, 0x0, 0x0, 0xbf,
    0xfd, 0x70,

    /* U+4E2A "个" */
    0x0, 0x0, 0x0, 0x0, 0x0, 0x20, 0x0, 0x0,
    0x0, 0x0, 0x0, 0x0, 0x0, 0x0, 0xa, 0xf1,
    0x0, 0x0, 0x0, 0x0, 0x0, 0x0, 0x0, 0x0,
    0x6f, 0xf3, 0x0, 0x0, 0x0, 0x0, 0x0, 0x0,
    0x0, 0x5, 0xfb, 0xde, 0x20, 0x0, 0x0, 0x0,
    0x0, 0x0, 0x0, 0x5f, 0xc0, 0x1d, 0xe3, 0x0,
    0x0, 0x0, 0x0, 0x0, 0x7, 0xfc, 0x10, 0x2,
    0xdf, 0x50, 0x0, 0x0, 0x0, 0x1, 0xcf, 0xb0,
    0x7, 0x50, 0x1c, 0xfa, 0x10, 0x0, 0x0, 0x8f,
    0xf8, 0x0, 0xe, 0xa0, 0x0, 0x8f, 0xf7, 0x0,
    0x2e, 0xfd, 0x40, 0x0, 0xe, 0xa0, 0x0, 0x3,
    0xdf, 0xd0, 0x8, 0x60, 0x0, 0x0, 0xe, 0xa0,
    0x0, 0x0, 0x7, 0x70, 0x0, 0x0, 0x0, 0x0,
    0xe, 0xa0, 0x0, 0x0, 0x0, 0x0, 0x0, 0x0,
    0x0, 0x0, 0xe, 0xa0, 0x0, 0x0, 0x0, 0x0,
    0x0, 0x0, 0x0, 0x0, 0xe, 0xa0, 0x0, 0x0,
    0x0, 0x0, 0x0, 0x0, 0x0, 0x0, 0xe, 0xa0,
    0x0, 0x0, 0x0, 0x0, 0x0, 0x0, 0x0, 0x0,
    0xe, 0xa0, 0x0, 0x0, 0x0, 0x0, 0x0, 0x0,
    0x0, 0x0, 0xe, 0xa0, 0x0, 0x0, 0x0, 0x0,
    0x0, 0x0, 0x0, 0x0, 0xe, 0xa0, 0x0, 0x0,
    0x0, 0x0, 0x0, 0x0, 0x0, 0x0, 0xe, 0xa0,
    0x0, 0x0, 0x0, 0x0, 0x0, 0x0, 0x0, 0x0,
    0xe, 0xa0, 0x0, 0x0, 0x0, 0x0,

    /* U+4E2D "中" */
    0x0, 0x0, 0x0, 0x0, 0x53, 0x0, 0x0, 0x0,
    0x0, 0x0, 0x0, 0x0, 0xe, 0xa0, 0x0, 0x0,
    0x0, 0x0, 0x0, 0x0, 0x0, 0xea, 0x0, 0x0,
    0x0, 0x0, 0x33, 0x33, 0x33, 0x3f, 0xb3, 0x33,
    0x33, 0x32, 0x1f, 0xff, 0xff, 0xff, 0xff, 0xff,
    0xff, 0xff, 0xc1, 0xf8, 0x33, 0x33, 0x3f, 0xb3,
    0x33, 0x33, 0xdc, 0x1f, 0x60, 0x0, 0x0, 0xea,
    0x0, 0x0, 0xc, 0xc1, 0xf6, 0x0, 0x0, 0xe,
    0xa0, 0x0, 0x0, 0xcc, 0x1f, 0x60, 0x0, 0x0,
    0xea, 0x0, 0x0, 0xc, 0xc1, 0xf6, 0x0, 0x0,
    0xe, 0xa0, 0x0, 0x0, 0xcc, 0x1f, 0xa6, 0x66,
    0x66, 0xfc, 0x66, 0x66, 0x6d, 0xc1, 0xff, 0xff,
    0xff, 0xff, 0xff, 0xff, 0xff, 0xfc, 0x1f, 0x70,
    0x0, 0x0, 0xea, 0x0, 0x0, 0xc, 0xc0, 0x41,
    0x0, 0x0, 0xe, 0xa0, 0x0, 0x0, 0x22, 0x0,
    0x0, 0x0, 0x0, 0xea, 0x0, 0x0, 0x0, 0x0,
    0x0, 0x0, 0x0, 0xe, 0xa0, 0x0, 0x0, 0x0,
    0x0, 0x0, 0x0, 0x0, 0xea, 0x0, 0x0, 0x0,
    0x0, 0x0, 0x0, 0x0, 0xe, 0xa0, 0x0, 0x0,
    0x0, 0x0, 0x0, 0x0, 0x0, 0xea, 0x0, 0x0,
    0x0, 0x0,

    /* U+4E3A "为" */
    0x0, 0x0, 0x10, 0x0, 0xb7, 0x0, 0x0, 0x0,
    0x0, 0x0, 0x9, 0xe1, 0x0, 0xe9, 0x0, 0x0,
    0x0, 0x0, 0x0, 0x1, 0xec, 0x0, 0xe9, 0x0,
    0x0, 0x0, 0x0, 0x0, 0x0, 0x4f, 0x50, 0xe9,
    0x0, 0x0, 0x0, 0x0, 0x0, 0x0, 0x2, 0x0,
    0xf9, 0x0, 0x0, 0x0, 0x0, 0x7, 0xff, 0xff,
    0xff, 0xff, 0xff, 0xff, 0xff, 0xfd, 0x3, 0x88,
    0x88, 0x89, 0xfa, 0x88, 0x88, 0x88, 0xdd, 0x0,
    0x0, 0x0, 0x5, 0xf2, 0x0, 0x0, 0x0, 0xcc,
    0x0, 0x0, 0x0, 0x9, 0xf0, 0x0, 0x0, 0x0,
    0xcb, 0x0, 0x0, 0x0, 0xe, 0xb0, 0xca, 0x0,
    0x0, 0xdb, 0x0, 0x0, 0x0, 0x5f, 0x50, 0x5f,
    0x70, 0x0, 0xea, 0x0, 0x0, 0x0, 0xde, 0x0,
    0x8, 0xf3, 0x0, 0xf9, 0x0, 0x0, 0x8, 0xf6,
    0x0, 0x0, 0xd9, 0x1, 0xf8, 0x0, 0x0, 0x4f,
    0xb0, 0x0, 0x0, 0x10, 0x2, 0xf6, 0x0, 0x3,
    0xee, 0x10, 0x0, 0x0, 0x0, 0x5, 0xf4, 0x0,
    0x4f, 0xe3, 0x0, 0x0, 0x0, 0x0, 0x9, 0xf2,
    0x8, 0xfe, 0x20, 0x0, 0x0, 0x7, 0x88, 0x9f,
    0xd0, 0x5, 0xa1, 0x0, 0x0, 0x0, 0x7, 0xff,
    0xfc, 0x30, 0x0, 0x0, 0x0, 0x0, 0x0, 0x0,
    0x0, 0x0, 0x0,

    /* U+4E48 "么" */
    0x0, 0x0, 0x0, 0x3, 0x50, 0x0, 0x0, 0x0,
    0x0, 0x0, 0x0, 0x0, 0xd, 0xe1, 0x0, 0x0,
    0x0, 0x0, 0x0, 0x0, 0x0, 0x8f, 0x50, 0x0,
    0x0, 0x0, 0x0, 0x0, 0x0, 0x5, 0xf9, 0x0,
    0x0, 0x0, 0x0, 0x0, 0x0, 0x0, 0x3f, 0xc0,
    0x0, 0x0, 0x70, 0x0, 0x0, 0x0, 0x3, 0xed,
    0x10, 0x0, 0x9, 0xf7, 0x0, 0x0, 0x0, 0x3e,
    0xd1, 0x0, 0x0, 0x5f, 0xa0, 0x0, 0x0, 0x5,
    0xfe, 0x10, 0x0, 0x2, 0xfc, 0x0, 0x0, 0x0,
    0x6f, 0xc1, 0x0, 0x0, 0x1e, 0xe1, 0x0, 0x0,
    0x0, 0x19, 0x0, 0x0, 0x0, 0xcf, 0x30, 0x0,
    0x0, 0x0, 0x0, 0x0, 0x0, 0xb, 0xf6, 0x0,
    0x52, 0x0, 0x0, 0x0, 0x0, 0x0, 0xaf, 0x70,
    0x1, 0xed, 0x0, 0x0, 0x0, 0x0, 0x9, 0xf7,
    0x0, 0x0, 0x4f, 0xa0, 0x0, 0x0, 0x0, 0xaf,
    0x80, 0x0, 0x0, 0x8, 0xf6, 0x0, 0x0, 0xb,
    0xf6, 0x0, 0x0, 0x0, 0x1, 0xdf, 0x20, 0x3,
    0xdf, 0xb7, 0x89, 0xac, 0xde, 0xff, 0xff, 0xb0,
    0xb, 0xff, 0xff, 0xfe, 0xdb, 0xa9, 0x76, 0x49,
    0xf5, 0x3, 0x64, 0x21, 0x0, 0x0, 0x0, 0x0,
    0x0, 0xea, 0x0, 0x0, 0x0, 0x0, 0x0, 0x0,
    0x0, 0x0, 0x20,

    /* U+4E4B "之" */
    0x0, 0x0, 0x0, 0x0, 0x0, 0x0, 0x0, 0x0,
    0x0, 0x0, 0x0, 0x0, 0x0, 0x0, 0x5d, 0x10,
    0x0, 0x0, 0x0, 0x0, 0x0, 0x0, 0x0, 0x0,
    0x2f, 0xb0, 0x0, 0x0, 0x0, 0x0, 0x0, 0x0,
    0x0, 0x0, 0x7, 0xf5, 0x0, 0x0, 0x0, 0x0,
    0x0, 0x0, 0x0, 0x0, 0x0, 0xc5, 0x0, 0x0,
    0x0, 0x0, 0x0, 0xff, 0xff, 0xff, 0xff, 0xff,
    0xff, 0xff, 0xd1, 0x0, 0x0, 0x88, 0x88, 0x88,
    0x88, 0x88, 0x88, 0xbf, 0xb0, 0x0, 0x0, 0x0,
    0x0, 0x0, 0x0, 0x0, 0x1, 0xee, 0x10, 0x0,
    0x0, 0x0, 0x0, 0x0, 0x0, 0x0, 0xc, 0xf3,
    0x0, 0x0, 0x0, 0x0, 0x0, 0x0, 0x0, 0x0,
    0xbf, 0x40, 0x0, 0x0, 0x0, 0x0, 0x0, 0x0,
    0x0, 0xc, 0xf5, 0x0, 0x0, 0x0, 0x0, 0x0,
    0x0, 0x0, 0x1, 0xcf, 0x50, 0x0, 0x0, 0x0,
    0x0, 0x0, 0x0, 0x0, 0x3e, 0xf4, 0x0, 0x0,
    0x0, 0x0, 0x0, 0x0, 0x0, 0x5, 0xfe, 0x20,
    0x0, 0x0, 0x0, 0x0, 0x0, 0x0, 0x1, 0xaf,
    0xb1, 0x0, 0x0, 0x0, 0x0, 0x0, 0x0, 0x4,
    0x9e, 0xf6, 0x0, 0x0, 0x0, 0x0, 0x0, 0x0,
    0x0, 0x8f, 0xef, 0xb2, 0x0, 0x0, 0x0, 0x0,
    0x0, 0x0, 0x8, 0xf8, 0x4, 0xef, 0xc8, 0x76,
    0x67, 0x78, 0x8a, 0xb1, 0x8, 0xb0, 0x0, 0x5,
    0xbe, 0xff, 0xff, 0xff, 0xfe, 0xc0, 0x0, 0x0,
    0x0, 0x0, 0x0, 0x0, 0x0, 0x0, 0x0, 0x0,

    /* U+4E4C "乌" */
    0x0, 0x0, 0x0, 0x0, 0x0, 0x0, 0x0, 0x0,
    0x0, 0x0, 0x0, 0x0, 0xa, 0xe0, 0x0, 0x0,
    0x0, 0x0, 0x0, 0x0, 0x0, 0x1f, 0x70, 0x0,
    0x0, 0x0, 0x0, 0x0, 0x3f, 0xff, 0xff, 0xff,
    0xff, 0xff, 0xf7, 0x0, 0x0, 0x3f, 0x86, 0x66,
    0x66, 0x66, 0x68, 0xf6, 0x0, 0x0, 0x3f, 0x30,
    0x0, 0x0, 0x0, 0x4, 0xf4, 0x0, 0x0, 0x3f,
    0x30, 0x0, 0x0, 0x0, 0x7, 0xf2, 0x0, 0x0,
    0x3f, 0x30, 0x0, 0x0, 0x44, 0x5d, 0xe0, 0x0,
    0x0, 0x3f, 0x30, 0x0, 0x0, 0x9e, 0xfd, 0x50,
    0x0, 0x0, 0x3f, 0x30, 0x0, 0x0, 0x0, 0x0,
    0x0, 0x0, 0x0, 0x3f, 0x86, 0x66, 0x66, 0x66,
    0x66, 0x66, 0x62, 0x0, 0x3f, 0xff, 0xff, 0xff,
    0xff, 0xff, 0xff, 0xf5, 0x0, 0x0, 0x0, 0x0,
    0x0, 0x0, 0x0, 0x3, 0xf4, 0x0, 0x0, 0x0,
    0x0, 0x0, 0x0, 0x0, 0x4, 0xf3, 0xef, 0xff,
    0xff, 0xff, 0xff, 0xff, 0xff, 0x15, 0xf1, 0x56,
    0x66, 0x66, 0x66, 0x66, 0x66, 0x66, 0x7, 0xf0,
    0x0, 0x0, 0x0, 0x0, 0x0, 0x0, 0x0, 0xa,
    0xd0, 0x0, 0x0, 0x0, 0x0, 0x0, 0x4, 0x65,
    0x7f, 0x90, 0x0, 0x0, 0x0, 0x0, 0x0, 0x7,
    0xff, 0xfc, 0x10, 0x0, 0x0, 0x0, 0x0, 0x0,
    0x0, 0x0, 0x0, 0x0,

    /* U+4E50 "乐" */
    0x0, 0x0, 0x0, 0x0, 0x0, 0x0, 0x0, 0x25,
    0x60, 0x0, 0x0, 0x3, 0x56, 0x78, 0x89, 0xac,
    0xef, 0xff, 0xe2, 0x0, 0x0, 0xb, 0xff, 0xfe,
    0xdc, 0xba, 0x86, 0x41, 0x0, 0x0, 0x0, 0xd,
    0xc0, 0x0, 0x0, 0x0, 0x0, 0x0, 0x0, 0x0,
    0x0, 0xe, 0x90, 0x0, 0x6, 0xd1, 0x0, 0x0,
    0x0, 0x0, 0x0, 0xf, 0x70, 0x0, 0x6, 0xf1,
    0x0, 0x0, 0x0, 0x0, 0x0, 0x3f, 0x40, 0x0,
    0x6, 0xf1, 0x0, 0x0, 0x0, 0x0, 0x0, 0x7f,
    0x10, 0x0, 0x6, 0xf1, 0x0, 0x0, 0x0, 0x0,
    0x0, 0xdf, 0xff, 0xff, 0xff, 0xff, 0xff, 0xff,
    0xff, 0x60, 0x0, 0x8a, 0x98, 0x88, 0x8c, 0xf9,
    0x88, 0x88, 0x88, 0x30, 0x0, 0x0, 0x0, 0x0,
    0x6, 0xf1, 0x0, 0x0, 0x0, 0x0, 0x0, 0x0,
    0x44, 0x0, 0x6, 0xf1, 0x0, 0x32, 0x0, 0x0,
    0x0, 0x1, 0xfb, 0x0, 0x6, 0xf1, 0x0, 0xdd,
    0x0, 0x0, 0x0, 0xa, 0xf2, 0x0, 0x6, 0xf1,
    0x0, 0x2f, 0xa0, 0x0, 0x0, 0x5f, 0x70, 0x0,
    0x6, 0xf1, 0x0, 0x6, 0xf7, 0x0, 0x4, 0xfb,
    0x0, 0x0, 0x6, 0xf1, 0x0, 0x0, 0xaf, 0x30,
    0x1e, 0xe1, 0x0, 0x0, 0x6, 0xf1, 0x0, 0x0,
    0x1e, 0xd0, 0x6, 0x30, 0x0, 0x47, 0x7c, 0xf0,
    0x0, 0x0, 0x5, 0x40, 0x0, 0x0, 0x0, 0x5f,
    0xfd, 0x60, 0x0, 0x0, 0x0, 0x0,

    /* U+4E5D "九" */
    0x0, 0x0, 0x0, 0x7, 0x50, 0x0, 0x0, 0x0,
    0x0, 0x0, 0x0, 0x0, 0x0, 0xf, 0xa0, 0x0,
    0x0, 0x0, 0x0, 0x0, 0x0, 0x0, 0x0, 0xf,
    0xa0, 0x0, 0x0, 0x0, 0x0, 0x0, 0x0, 0x0,
    0x0, 0xf, 0x90, 0x0, 0x0, 0x0, 0x0, 0x0,
    0x0, 0x0, 0x0, 0xf, 0x90, 0x0, 0x0, 0x0,
    0x0, 0x0, 0x3, 0x99, 0x99, 0x9f, 0xd9, 0x99,
    0x99, 0x50, 0x0, 0x0, 0x6, 0xff, 0xff, 0xff,
    0xff, 0xff, 0xff, 0x90, 0x0, 0x0, 0x0, 0x0,
    0x0, 0x3f, 0x60, 0x0, 0xe, 0x90, 0x0, 0x0,
    0x0, 0x0, 0x0, 0x5f, 0x30, 0x0, 0xe, 0x90,
    0x0, 0x0, 0x0, 0x0, 0x0, 0x8f, 0x10, 0x0,
    0xe, 0x90, 0x0, 0x0, 0x0, 0x0, 0x0, 0xce,
    0x0, 0x0, 0xe, 0x90, 0x0, 0x0, 0x0, 0x0,
    0x2, 0xf8, 0x0, 0x0, 0xe, 0x90, 0x0, 0x0,
    0x0, 0x0, 0x8, 0xf2, 0x0, 0x0, 0xe, 0x90,
    0x0, 0x0, 0x0, 0x0, 0x2f, 0xc0, 0x0, 0x0,
    0xe, 0x90, 0x0, 0x10, 0x0, 0x0, 0xdf, 0x20,
    0x0, 0x0, 0xe, 0x90, 0x0, 0xe6, 0x0, 0x1b,
    0xf5, 0x0, 0x0, 0x0, 0xe, 0xa0, 0x0, 0xf6,
    0x5, 0xef, 0x70, 0x0, 0x0, 0x0, 0xd, 0xe7,
    0x79, 0xf3, 0x1d, 0xd4, 0x0, 0x0, 0x0, 0x0,
    0x6, 0xef, 0xff, 0xa0, 0x1, 0x0, 0x0, 0x0,
    0x0, 0x0, 0x0, 0x0, 0x0, 0x0,

    /* U+4E60 "习" */
    0x35, 0x55, 0x55, 0x55, 0x55, 0x55, 0x55, 0x54,
    0x9f, 0xff, 0xff, 0xff, 0xff, 0xff, 0xff, 0xfc,
    0x1, 0x11, 0x11, 0x11, 0x11, 0x11, 0x11, 0xcb,
    0x0, 0x1, 0x0, 0x0, 0x0, 0x0, 0x0, 0xcb,
    0x0, 0x2f, 0xb1, 0x0, 0x0, 0x0, 0x0, 0xcb,
    0x0, 0x4, 0xee, 0x50, 0x0, 0x0, 0x0, 0xdb,
    0x0, 0x0, 0x1b, 0xf9, 0x0, 0x0, 0x0, 0xda,
    0x0, 0x0, 0x0, 0x8f, 0xa0, 0x0, 0x0, 0xda,
    0x0, 0x0, 0x0, 0x5, 0x30, 0x0, 0x0, 0xea,
    0x0, 0x0, 0x0, 0x0, 0x0, 0x5a, 0x20, 0xe9,
    0x0, 0x0, 0x0, 0x15, 0xbf, 0xfc, 0x20, 0xf9,
    0x0, 0x1, 0x6b, 0xff, 0xc7, 0x10, 0x0, 0xf8,
    0x27, 0xcf, 0xfc, 0x72, 0x0, 0x0, 0x1, 0xf7,
    0xbf, 0xc7, 0x20, 0x0, 0x0, 0x0, 0x3, 0xf5,
    0x22, 0x0, 0x0, 0x0, 0x0, 0x0, 0x6, 0xf3,
    0x0, 0x0, 0x0, 0x0, 0x4, 0x66, 0x7d, 0xe0,
    0x0, 0x0, 0x0, 0x0, 0x5, 0xff, 0xfd, 0x40,
    0x0, 0x0, 0x0, 0x0, 0x0, 0x0, 0x0, 0x0,

    /* U+4E66 "书" */
    0x0, 0x0, 0x0, 0x2, 0x40, 0x0, 0x0, 0x0,
    0x0, 0x0, 0x0, 0x0, 0x0, 0x9e, 0x0, 0x0,
    0x3c, 0x30, 0x0, 0x0, 0x0, 0x0, 0x9, 0xe0,
    0x0, 0x2, 0xcf, 0x80, 0x0, 0x24, 0x44, 0x44,
    0xbf, 0x44, 0x44, 0x44, 0x7f, 0xc0, 0x6, 0xff,
    0xff, 0xff, 0xff, 0xff, 0xff, 0xf0, 0x34, 0x0,
    0x12, 0x22, 0x22, 0xae, 0x22, 0x22, 0x8f, 0x0,
    0x0, 0x0, 0x0, 0x0, 0x9, 0xe0, 0x0, 0x6,
    0xf0, 0x0, 0x0, 0x0, 0x0, 0x0, 0x9e, 0x0,
    0x0, 0x6f, 0x0, 0x0, 0x0, 0x0, 0x0, 0x9,
    0xe0, 0x0, 0x6, 0xf0, 0x0, 0xb, 0xff, 0xff,
    0xff, 0xff, 0xff, 0xff, 0xff, 0xff, 0xe0, 0x57,
    0x77, 0x77, 0x7c, 0xf7, 0x77, 0x77, 0x77, 0xdd,
    0x0, 0x0, 0x0, 0x0, 0x9e, 0x0, 0x0, 0x0,
    0xc, 0xb0, 0x0, 0x0, 0x0, 0x9, 0xe0, 0x0,
    0x0, 0x0, 0xea, 0x0, 0x0, 0x0, 0x0, 0x9e,
    0x0, 0x0, 0x0, 0xf, 0x70, 0x0, 0x0, 0x0,
    0x9, 0xe0, 0x0, 0x0, 0x6, 0xf4, 0x0, 0x0,
    0x0, 0x0, 0x9e, 0x0, 0x3f, 0xff, 0xfd, 0x0,
    0x0, 0x0, 0x0, 0x9, 0xe0, 0x0, 0x56, 0x65,
    0x0, 0x0, 0x0, 0x0, 0x0, 0x9e, 0x0, 0x0,
    0x0, 0x0, 0x0, 0x0, 0x0, 0x0, 0x9, 0xe0,
    0x0, 0x0, 0x0, 0x0, 0x0,

    /* U+4E86 "了" */
    0x33, 0x33, 0x33, 0x33, 0x33, 0x33, 0x33, 0x30,
    0xff, 0xff, 0xff, 0xff, 0xff, 0xff, 0xff, 0xf9,
    0x33, 0x33, 0x33, 0x33, 0x33, 0x33, 0x9f, 0xd1,
    0x0, 0x0, 0x0, 0x0, 0x0, 0x8, 0xfc, 0x10,
    0x0, 0x0, 0x0, 0x0, 0x1, 0xbf, 0xa0, 0x0,
    0x0, 0x0, 0x0, 0x0, 0x6f, 0xe5, 0x0, 0x0,
    0x0, 0x0, 0x0, 0x9, 0xfa, 0x10, 0x0, 0x0,
    0x0, 0x0, 0x0, 0xa, 0xe0, 0x0, 0x0, 0x0,
    0x0, 0x0, 0x0, 0xa, 0xe0, 0x0, 0x0, 0x0,
    0x0, 0x0, 0x0, 0xa, 0xe0, 0x0, 0x0, 0x0,
    0x0, 0x0, 0x0, 0xa, 0xe0, 0x0, 0x0, 0x0,
    0x0, 0x0, 0x0, 0xa, 0xe0, 0x0, 0x0, 0x0,
    0x0, 0x0, 0x0, 0xa, 0xe0, 0x0, 0x0, 0x0,
    0x0, 0x0, 0x0, 0xa, 0xe0, 0x0, 0x0, 0x0,
    0x0, 0x0, 0x0, 0xa, 0xe0, 0x0, 0x0, 0x0,
    0x0, 0x0, 0x0, 0xa, 0xe0, 0x0, 0x0, 0x0,
    0x0, 0x6, 0x77, 0x7e, 0xd0, 0x0, 0x0, 0x0,
    0x0, 0x7, 0xff, 0xec, 0x40, 0x0, 0x0, 0x0,

    /* U+4E8C "二" */
    0x2, 0xff, 0xff, 0xff, 0xff, 0xff, 0xff, 0xff,
    0x30, 0x1, 0xaa, 0xaa, 0xaa, 0xaa, 0xaa, 0xaa,
    0xaa, 0x20, 0x0, 0x0, 0x0, 0x0, 0x0, 0x0,
    0x0, 0x0, 0x0, 0x0, 0x0, 0x0, 0x0, 0x0,
    0x0, 0x0, 0x0, 0x0, 0x0, 0x0, 0x0, 0x0,
    0x0, 0x0, 0x0, 0x0, 0x0, 0x0, 0x0, 0x0,
    0x0, 0x0, 0x0, 0x0, 0x0, 0x0, 0x0, 0x0,
    0x0, 0x0, 0x0, 0x0, 0x0, 0x0, 0x0, 0x0,
    0x0, 0x0, 0x0, 0x0, 0x0, 0x0, 0x0, 0x0,
    0x0, 0x0, 0x0, 0x0, 0x0, 0x0, 0x0, 0x0,
    0x0, 0x0, 0x0, 0x0, 0x0, 0x0, 0x0, 0x0,
    0x0, 0x0, 0x0, 0x0, 0x0, 0x0, 0x0, 0x0,
    0x0, 0x0, 0x0, 0x0, 0x0, 0x0, 0x0, 0x0,
    0x0, 0x0, 0x0, 0x0, 0xdf, 0xff, 0xff, 0xff,
    0xff, 0xff, 0xff, 0xff, 0xfe, 0x89, 0x99, 0x99,
    0x99, 0x99, 0x99, 0x99, 0x99, 0x99,

    /* U+4E8E "于" */
    0x3, 0x77, 0x77, 0x77, 0x77, 0x77, 0x77, 0x77,
    0x30, 0x8, 0xff, 0xff, 0xff, 0xff, 0xff, 0xff,
    0xff, 0x80, 0x0, 0x0, 0x0, 0x0, 0xaf, 0x0,
    0x0, 0x0, 0x0, 0x0, 0x0, 0x0, 0x0, 0x9f,
    0x0, 0x0, 0x0, 0x0, 0x0, 0x0, 0x0, 0x0,
    0x9f, 0x0, 0x0, 0x0, 0x0, 0x0, 0x0, 0x0,
    0x0, 0x9f, 0x0, 0x0, 0x0, 0x0, 0x0, 0x0,
    0x0, 0x0, 0x9f, 0x0, 0x0, 0x0, 0x0, 0xdf,
    0xff, 0xff, 0xff, 0xff, 0xff, 0xff, 0xff, 0xfe,
    0x78, 0x88, 0x88, 0x88, 0xdf, 0x88, 0x88, 0x88,
    0x88, 0x0, 0x0, 0x0, 0x0, 0x9f, 0x0, 0x0,
    0x0, 0x0, 0x0, 0x0, 0x0, 0x0, 0x9f, 0x0,
    0x0, 0x0, 0x0, 0x0, 0x0, 0x0, 0x0, 0x9f,
    0x0, 0x0, 0x0, 0x0, 0x0, 0x0, 0x0, 0x0,
    0x9f, 0x0, 0x0, 0x0, 0x0, 0x0, 0x0, 0x0,
    0x0, 0x9f, 0x0, 0x0, 0x0, 0x0, 0x0, 0x0,
    0x0, 0x0, 0x9f, 0x0, 0x0, 0x0, 0x0, 0x0,
    0x0, 0x68, 0x88, 0xee, 0x0, 0x0, 0x0, 0x0,
    0x0, 0x0, 0x6f, 0xff, 0xc5, 0x0, 0x0, 0x0,
    0x0, 0x0, 0x0, 0x0, 0x0, 0x0, 0x0, 0x0,
    0x0, 0x0,

    /* U+4E94 "五" */
    0x9, 0xff, 0xff, 0xff, 0xff, 0xff, 0xff, 0xff,
    0x70, 0x5, 0x88, 0x88, 0x8f, 0xd8, 0x88, 0x88,
    0x88, 0x40, 0x0, 0x0, 0x0, 0xf, 0x90, 0x0,
    0x0, 0x0, 0x0, 0x0, 0x0, 0x0, 0x2f, 0x70,
    0x0, 0x0, 0x0, 0x0, 0x0, 0x0, 0x0, 0x4f,
    0x50, 0x0, 0x0, 0x0, 0x0, 0x0, 0x0, 0x0,
    0x7f, 0x20, 0x0, 0x0, 0x0, 0x0, 0x0, 0x7f,
    0xff, 0xff, 0xff, 0xff, 0xff, 0x80, 0x0, 0x0,
    0x36, 0x66, 0xde, 0x66, 0x66, 0x8f, 0x70, 0x0,
    0x0, 0x0, 0x0, 0xea, 0x0, 0x0, 0x3f, 0x60,
    0x0, 0x0, 0x0, 0x1, 0xf8, 0x0, 0x0, 0x4f,
    0x40, 0x0, 0x0, 0x0, 0x4, 0xf5, 0x0, 0x0,
    0x5f, 0x30, 0x0, 0x0, 0x0, 0x7, 0xf2, 0x0,
    0x0, 0x7f, 0x10, 0x0, 0x0, 0x0, 0xa, 0xf0,
    0x0, 0x0, 0x9f, 0x0, 0x0, 0x0, 0x0, 0xd,
    0xc0, 0x0, 0x0, 0xae, 0x0, 0x0, 0xdf, 0xff,
    0xff, 0xff, 0xff, 0xff, 0xff, 0xff, 0xfe, 0x67,
    0x77, 0x77, 0x77, 0x77, 0x77, 0x77, 0x77, 0x77,

    /* U+4EA4 "交" */
    0x0, 0x0, 0x0, 0x0, 0x7c, 0x0, 0x0, 0x0,
    0x0, 0x0, 0x0, 0x0, 0x0, 0x4, 0xf7, 0x0,
    0x0, 0x0, 0x0, 0x0, 0x0, 0x0, 0x0, 0xc,
    0xc0, 0x0, 0x0, 0x0, 0x0, 0xdf, 0xff, 0xff,
    0xff, 0xff, 0xff, 0xff, 0xff, 0xf6, 0x6, 0x66,
    0x66, 0x66, 0x66, 0x66, 0x66, 0x66, 0x66, 0x20,
    0x0, 0x0, 0x5c, 0x30, 0x0, 0x5, 0xb2, 0x0,
    0x0, 0x0, 0x0, 0x5f, 0xb0, 0x0, 0x0, 0x3e,
    0xf5, 0x0, 0x0, 0x0, 0x7f, 0xb0, 0x0, 0x0,
    0x0, 0x1b, 0xf8, 0x0, 0x1, 0xbf, 0xa1, 0x40,
    0x0, 0x0, 0x25, 0x9, 0xfa, 0x0, 0x7f, 0x60,
    0x3f, 0x50, 0x0, 0xb, 0xe1, 0x8, 0xf3, 0x0,
    0x10, 0x0, 0xbd, 0x0, 0x3, 0xf7, 0x0, 0x2,
    0x0, 0x0, 0x0, 0x3, 0xf8, 0x0, 0xde, 0x0,
    0x0, 0x0, 0x0, 0x0, 0x0, 0x7, 0xf6, 0xbf,
    0x30, 0x0, 0x0, 0x0, 0x0, 0x0, 0x0, 0x9,
    0xff, 0x50, 0x0, 0x0, 0x0, 0x0, 0x0, 0x0,
    0x5, 0xef, 0xfb, 0x30, 0x0, 0x0, 0x0, 0x0,
    0x0, 0x3c, 0xfb, 0x25, 0xef, 0xa2, 0x0, 0x0,
    0x0, 0x38, 0xdf, 0xe5, 0x0, 0x0, 0x8f, 0xfd,
    0x84, 0x1, 0xef, 0xfb, 0x50, 0x0, 0x0, 0x0,
    0x16, 0xbf, 0xfa, 0x5, 0x50, 0x0, 0x0, 0x0,
    0x0, 0x0, 0x0, 0x5, 0x10,

    /* U+4EAE "亮" */
    0x0, 0x0, 0x0, 0x1, 0xc5, 0x0, 0x0, 0x0,
    0x0, 0x0, 0x0, 0x0, 0x0, 0xbe, 0x0, 0x0,
    0x0, 0x0, 0xef, 0xff, 0xff, 0xff, 0xff, 0xff,
    0xff, 0xff, 0xf9, 0x45, 0x55, 0x55, 0x55, 0x55,
    0x55, 0x55, 0x55, 0x53, 0x0, 0x4, 0x44, 0x44,
    0x44, 0x44, 0x44, 0x40, 0x0, 0x0, 0xf, 0xec,
    0xcc, 0xcc, 0xcc, 0xce, 0xf0, 0x0, 0x0, 0xf,
    0x80, 0x0, 0x0, 0x0, 0x8, 0xf0, 0x0, 0x0,
    0xf, 0xfe, 0xee, 0xee, 0xee, 0xef, 0xf0, 0x0,
    0x0, 0x2, 0x22, 0x22, 0x22, 0x22, 0x22, 0x20,
    0x0, 0x23, 0x33, 0x33, 0x33, 0x33, 0x33, 0x33,
    0x33, 0x31, 0x8f, 0xff, 0xff, 0xff, 0xff, 0xff,
    0xff, 0xff, 0xf4, 0x8e, 0x0, 0x0, 0x0, 0x0,
    0x0, 0x0, 0x2, 0xf4, 0x8e, 0x0, 0xe, 0xff,
    0xff, 0xff, 0xc0, 0x2, 0xf4, 0x0, 0x0, 0x1f,
    0x95, 0x55, 0x5d, 0xc0, 0x0, 0x0, 0x0, 0x0,
    0x6f, 0x30, 0x0, 0xc, 0xc0, 0x0, 0x30, 0x0,
    0x2, 0xec, 0x0, 0x0, 0xc, 0xc0, 0x0, 0xc9,
    0x4, 0x9f, 0xe2, 0x0, 0x0, 0xb, 0xe5, 0x55,
    0xf6, 0xaf, 0xe8, 0x0, 0x0, 0x0, 0x5, 0xef,
    0xff, 0xd1, 0x12, 0x0, 0x0, 0x0, 0x0, 0x0,
    0x0, 0x0, 0x0,

    /* U+4EB2 "亲" */
    0x0, 0x0, 0x0, 0x2, 0xa3, 0x0, 0x0, 0x0,
    0x0, 0x0, 0x0, 0x0, 0x0, 0xeb, 0x0, 0x0,
    0x0, 0x0, 0x0, 0x55, 0x55, 0x55, 0xbf, 0x75,
    0x55, 0x55, 0x40, 0x2, 0xff, 0xff, 0xff, 0xff,
    0xff, 0xff, 0xff, 0xd0, 0x0, 0x0, 0x69, 0x0,
    0x0, 0x0, 0x69, 0x0, 0x0, 0x0, 0x0, 0x4f,
    0x40, 0x0, 0x0, 0xeb, 0x0, 0x0, 0x0, 0x0,
    0xd, 0xb0, 0x0, 0x6, 0xf3, 0x0, 0x0, 0x25,
    0x55, 0x5b, 0xf6, 0x55, 0x5d, 0xe5, 0x55, 0x54,
    0x5f, 0xff, 0xff, 0xff, 0xff, 0xff, 0xff, 0xff,
    0xfc, 0x0, 0x0, 0x0, 0x0, 0x7f, 0x0, 0x0,
    0x0, 0x0, 0x2, 0x22, 0x22, 0x22, 0x9f, 0x22,
    0x22, 0x22, 0x21, 0xe, 0xff, 0xff, 0xff, 0xff,
    0xff, 0xff, 0xff, 0xf8, 0x2, 0x22, 0x22, 0x22,
    0x9f, 0x32, 0x22, 0x22, 0x21, 0x0, 0x0, 0xb9,
    0x0, 0x7f, 0x0, 0x7b, 0x0, 0x0, 0x0, 0x6,
    0xf5, 0x0, 0x7f, 0x0, 0x4f, 0xb0, 0x0, 0x0,
    0x2f, 0xb0, 0x0, 0x7f, 0x0, 0x5, 0xfa, 0x0,
    0x3, 0xed, 0x10, 0x0, 0x7f, 0x0, 0x0, 0x7f,
    0x70, 0xa, 0xe1, 0x1, 0x55, 0xbf, 0x0, 0x0,
    0xb, 0xb0, 0x0, 0x10, 0x0, 0xef, 0xe7, 0x0,
    0x0, 0x0, 0x0,

    /* U+4EBA "人" */
    0x0, 0x0, 0x0, 0x0, 0xa, 0x90, 0x0, 0x0,
    0x0, 0x0, 0x0, 0x0, 0x0, 0x0, 0xe, 0xc0,
    0x0, 0x0, 0x0, 0x0, 0x0, 0x0, 0x0, 0x0,
    0xf, 0xb0, 0x0, 0x0, 0x0, 0x0, 0x0, 0x0,
    0x0, 0x0, 0xf, 0xb0, 0x0, 0x0, 0x0, 0x0,
    0x0, 0x0, 0x0, 0x0, 0x1f, 0xd0, 0x0, 0x0,
    0x0, 0x0, 0x0, 0x0, 0x0, 0x0, 0x4f, 0xf0,
    0x0, 0x0, 0x0, 0x0, 0x0, 0x0, 0x0, 0x0,
    0x7f, 0xf4, 0x0, 0x0, 0x0, 0x0, 0x0, 0x0,
    0x0, 0x0, 0xbf, 0xe9, 0x0, 0x0, 0x0, 0x0,
    0x0, 0x0, 0x0, 0x0, 0xea, 0x9e, 0x0, 0x0,
    0x0, 0x0, 0x0, 0x0, 0x0, 0x5, 0xf5, 0x4f,
    0x40, 0x0, 0x0, 0x0, 0x0, 0x0, 0x0, 0xb,
    0xf1, 0xe, 0xb0, 0x0, 0x0, 0x0, 0x0, 0x0,
    0x0, 0x3f, 0x80, 0x6, 0xf4, 0x0, 0x0, 0x0,
    0x0, 0x0, 0x0, 0xdf, 0x10, 0x0, 0xdd, 0x0,
    0x0, 0x0, 0x0, 0x0, 0x8, 0xf7, 0x0, 0x0,
    0x5f, 0xa0, 0x0, 0x0, 0x0, 0x0, 0x6f, 0xa0,
    0x0, 0x0, 0x8, 0xf8, 0x0, 0x0, 0x0, 0x6,
    0xfd, 0x0, 0x0, 0x0, 0x0, 0xaf, 0xa0, 0x0,
    0x2, 0xbf, 0xc1, 0x0, 0x0, 0x0, 0x0, 0xb,
    0xfd, 0x50, 0xc, 0xf7, 0x0, 0x0, 0x0, 0x0,
    0x0, 0x0, 0x7f, 0xe1, 0x1, 0x30, 0x0, 0x0,
    0x0, 0x0, 0x0, 0x0, 0x1, 0x20,

    /* U+4EC0 "什" */
    0x0, 0x0, 0x1, 0x10, 0x0, 0x0, 0x21, 0x0,
    0x0, 0x0, 0x0, 0x0, 0x9, 0xe0, 0x0, 0x0,
    0xda, 0x0, 0x0, 0x0, 0x0, 0x0, 0x2f, 0x70,
    0x0, 0x0, 0xda, 0x0, 0x0, 0x0, 0x0, 0x0,
    0xae, 0x0, 0x0, 0x0, 0xda, 0x0, 0x0, 0x0,
    0x0, 0x2, 0xf7, 0x0, 0x0, 0x0, 0xda, 0x0,
    0x0, 0x0, 0x0, 0xc, 0xf3, 0x0, 0x0, 0x0,
    0xda, 0x0, 0x0, 0x0, 0x0, 0x8f, 0xf3, 0x0,
    0x0, 0x0, 0xda, 0x0, 0x0, 0x0, 0x6, 0xfa,
    0xf3, 0x7f, 0xff, 0xff, 0xff, 0xff, 0xff, 0xf1,
    0x1f, 0xa3, 0xf3, 0x38, 0x88, 0x88, 0xfd, 0x88,
    0x88, 0x80, 0x7, 0x3, 0xf3, 0x0, 0x0, 0x0,
    0xda, 0x0, 0x0, 0x0, 0x0, 0x3, 0xf3, 0x0,
    0x0, 0x0, 0xda, 0x0, 0x0, 0x0, 0x0, 0x3,
    0xf3, 0x0, 0x0, 0x0, 0xda, 0x0, 0x0, 0x0,
    0x0, 0x3, 0xf3, 0x0, 0x0, 0x0, 0xda, 0x0,
    0x0, 0x0, 0x0, 0x3, 0xf3, 0x0, 0x0, 0x0,
    0xda, 0x0, 0x0, 0x0, 0x0, 0x3, 0xf3, 0x0,
    0x0, 0x0, 0xda, 0x0, 0x0, 0x0, 0x0, 0x3,
    0xf3, 0x0, 0x0, 0x0, 0xda, 0x0, 0x0, 0x0,
    0x0, 0x3, 0xf3, 0x0, 0x0, 0x0, 0xda, 0x0,
    0x0, 0x0, 0x0, 0x3, 0xf3, 0x0, 0x0, 0x0,
    0xda, 0x0, 0x0, 0x0, 0x0, 0x3, 0xf3, 0x0,
    0x0, 0x0, 0xda, 0x0, 0x0, 0x0, 0x0, 0x0,
    0x0, 0x0, 0x0, 0x0, 0x0, 0x0, 0x0, 0x0,

    /* U+4ECA "今" */
    0x0, 0x0, 0x0, 0x0, 0x7, 0xa1, 0x0, 0x0,
    0x0, 0x0, 0x0, 0x0, 0x0, 0x0, 0x4f, 0xf3,
    0x0, 0x0, 0x0, 0x0, 0x0, 0x0, 0x0, 0x3,
    0xee, 0xcf, 0x30, 0x0, 0x0, 0x0, 0x0, 0x0,
    0x0, 0x4f, 0xe2, 0x1d, 0xf5, 0x0, 0x0, 0x0,
    0x0, 0x0, 0x6, 0xfe, 0x20, 0x1, 0xcf, 0x80,
    0x0, 0x0, 0x0, 0x1, 0xbf, 0xc1, 0x41, 0x0,
    0xa, 0xfc, 0x20, 0x0, 0x0, 0x7e, 0xf8, 0x0,
    0xde, 0x40, 0x0, 0x6f, 0xf9, 0x10, 0x1e, 0xfc,
    0x20, 0x0, 0xb, 0xf7, 0x0, 0x2, 0xcf, 0xe1,
    0x6, 0x60, 0x0, 0x0, 0x0, 0x9f, 0x60, 0x0,
    0x5, 0x40, 0x0, 0x0, 0x0, 0x0, 0x0, 0x6,
    0x0, 0x0, 0x0, 0x0, 0x0, 0xb, 0xff, 0xff,
    0xff, 0xff, 0xff, 0xff, 0xc0, 0x0, 0x0, 0x7,
    0x88, 0x88, 0x88, 0x88, 0x88, 0xef, 0x70, 0x0,
    0x0, 0x0, 0x0, 0x0, 0x0, 0x0, 0x4, 0xfa,
    0x0, 0x0, 0x0, 0x0, 0x0, 0x0, 0x0, 0x0,
    0x2f, 0xd0, 0x0, 0x0, 0x0, 0x0, 0x0, 0x0,
    0x0, 0x0, 0xdf, 0x20, 0x0, 0x0, 0x0, 0x0,
    0x0, 0x0, 0x0, 0xb, 0xf5, 0x0, 0x0, 0x0,
    0x0, 0x0, 0x0, 0x0, 0x0, 0x9f, 0x80, 0x0,
    0x0, 0x0, 0x0, 0x0, 0x0, 0x0, 0x6, 0xfb,
    0x0, 0x0, 0x0, 0x0, 0x0, 0x0, 0x0, 0x0,
    0x1, 0x70, 0x0, 0x0, 0x0, 0x0,

    /* U+4ECB "介" */
    0x0, 0x0, 0x0, 0x0, 0x2, 0x30, 0x0, 0x0,
    0x0, 0x0, 0x0, 0x0, 0x0, 0x0, 0xd, 0xf0,
    0x0, 0x0, 0x0, 0x0, 0x0, 0x0, 0x0, 0x0,
    0x9f, 0xf7, 0x0, 0x0, 0x0, 0x0, 0x0, 0x0,
    0x0, 0x9, 0xf6, 0x8f, 0x60, 0x0, 0x0, 0x0,
    0x0, 0x0, 0x0, 0xaf, 0x70, 0x9, 0xf9, 0x0,
    0x0, 0x0, 0x0, 0x0, 0x3d, 0xf6, 0x0, 0x0,
    0x8f, 0xc3, 0x0, 0x0, 0x0, 0x18, 0xfe, 0x40,
    0x0, 0x0, 0x5, 0xef, 0xa2, 0x0, 0x29, 0xff,
    0xa1, 0x0, 0x0, 0x0, 0x0, 0x1a, 0xff, 0xc2,
    0x1e, 0xb3, 0x4, 0x80, 0x0, 0x0, 0x8, 0x50,
    0x29, 0xc0, 0x1, 0x0, 0x7, 0xf1, 0x0, 0x0,
    0xf, 0x90, 0x0, 0x0, 0x0, 0x0, 0x7, 0xf1,
    0x0, 0x0, 0xf, 0x90, 0x0, 0x0, 0x0, 0x0,
    0x8, 0xf0, 0x0, 0x0, 0xf, 0x90, 0x0, 0x0,
    0x0, 0x0, 0x9, 0xf0, 0x0, 0x0, 0xf, 0x90,
    0x0, 0x0, 0x0, 0x0, 0xd, 0xd0, 0x0, 0x0,
    0xf, 0x90, 0x0, 0x0, 0x0, 0x0, 0x2f, 0x80,
    0x0, 0x0, 0xf, 0x90, 0x0, 0x0, 0x0, 0x0,
    0xcf, 0x20, 0x0, 0x0, 0xf, 0x90, 0x0, 0x0,
    0x0, 0xa, 0xf7, 0x0, 0x0, 0x0, 0xf, 0x90,
    0x0, 0x0, 0x3, 0xcf, 0x90, 0x0, 0x0, 0x0,
    0xf, 0x90, 0x0, 0x0, 0x1, 0xc6, 0x0, 0x0,
    0x0, 0x0, 0xf, 0x90, 0x0, 0x0,

    /* U+4ED8 "付" */
    0x0, 0x0, 0x5, 0x80, 0x0, 0x0, 0x0, 0x1a,
    0x40, 0x0, 0x0, 0x0, 0xdd, 0x0, 0x0, 0x0,
    0x1, 0xf6, 0x0, 0x0, 0x0, 0x5f, 0x50, 0x0,
    0x0, 0x0, 0x1f, 0x60, 0x0, 0x0, 0xd, 0xd0,
    0x0, 0x0, 0x0, 0x1, 0xf6, 0x0, 0x0, 0x5,
    0xf5, 0x17, 0x77, 0x77, 0x77, 0x8f, 0xb7, 0x70,
    0x1, 0xef, 0x13, 0xff, 0xff, 0xff, 0xff, 0xff,
    0xfe, 0x0, 0xaf, 0xf1, 0x0, 0x0, 0x0, 0x0,
    0x2f, 0x70, 0x0, 0x8f, 0xef, 0x10, 0x0, 0x0,
    0x0, 0x1, 0xf6, 0x0, 0x3f, 0xb6, 0xf1, 0x0,
    0x56, 0x0, 0x0, 0x1f, 0x60, 0x0, 0xa1, 0x6f,
    0x10, 0x9, 0xf2, 0x0, 0x1, 0xf6, 0x0, 0x0,
    0x6, 0xf1, 0x0, 0x1e, 0xb0, 0x0, 0x1f, 0x60,
    0x0, 0x0, 0x6f, 0x10, 0x0, 0x6f, 0x50, 0x1,
    0xf6, 0x0, 0x0, 0x6, 0xf1, 0x0, 0x0, 0xdd,
    0x0, 0x1f, 0x60, 0x0, 0x0, 0x6f, 0x10, 0x0,
    0x5, 0xc1, 0x1, 0xf6, 0x0, 0x0, 0x6, 0xf1,
    0x0, 0x0, 0x0, 0x0, 0x1f, 0x60, 0x0, 0x0,
    0x6f, 0x10, 0x0, 0x0, 0x0, 0x1, 0xf6, 0x0,
    0x0, 0x6, 0xf1, 0x0, 0x0, 0x0, 0x0, 0x2f,
    0x60, 0x0, 0x0, 0x6f, 0x10, 0x0, 0x3, 0x77,
    0x7a, 0xf4, 0x0, 0x0, 0x6, 0xe1, 0x0, 0x0,
    0x2f, 0xff, 0xd9, 0x0, 0x0,

    /* U+4F18 "优" */
    0x0, 0x0, 0x6, 0x60, 0x0, 0x38, 0x0, 0x1,
    0x0, 0x0, 0x0, 0x0, 0x1f, 0x90, 0x0, 0x6f,
    0x10, 0x8d, 0x20, 0x0, 0x0, 0x0, 0x7f, 0x20,
    0x0, 0x6f, 0x10, 0xc, 0xe1, 0x0, 0x0, 0x0,
    0xeb, 0x0, 0x0, 0x7f, 0x0, 0x1, 0xdb, 0x0,
    0x0, 0x6, 0xf4, 0x0, 0x0, 0x7f, 0x10, 0x0,
    0x32, 0x0, 0x0, 0x1e, 0xe0, 0xff, 0xff, 0xff,
    0xff, 0xff, 0xff, 0xf2, 0x0, 0xbf, 0xe0, 0x55,
    0x55, 0xde, 0x55, 0x55, 0x55, 0x51, 0x8, 0xfe,
    0xe0, 0x0, 0x0, 0xdc, 0x1, 0x0, 0x0, 0x0,
    0xd, 0xb8, 0xe0, 0x0, 0x0, 0xfa, 0xf, 0x60,
    0x0, 0x0, 0x3, 0x8, 0xe0, 0x0, 0x1, 0xf8,
    0xf, 0x60, 0x0, 0x0, 0x0, 0x8, 0xe0, 0x0,
    0x5, 0xf6, 0xf, 0x60, 0x0, 0x0, 0x0, 0x8,
    0xe0, 0x0, 0x9, 0xf1, 0xf, 0x60, 0x0, 0x0,
    0x0, 0x8, 0xe0, 0x0, 0xe, 0xd0, 0xf, 0x60,
    0x0, 0x0, 0x0, 0x8, 0xe0, 0x0, 0x5f, 0x80,
    0xf, 0x60, 0x0, 0x30, 0x0, 0x8, 0xe0, 0x0,
    0xdf, 0x10, 0xf, 0x60, 0x2, 0xf3, 0x0, 0x8,
    0xe0, 0x8, 0xf8, 0x0, 0xf, 0x60, 0x3, 0xf2,
    0x0, 0x8, 0xe0, 0x7f, 0xe1, 0x0, 0xf, 0xb6,
    0x5a, 0xe0, 0x0, 0x8, 0xe2, 0xfe, 0x20, 0x0,
    0x9, 0xff, 0xff, 0x70, 0x0, 0x8, 0xe0, 0x72,
    0x0, 0x0, 0x0, 0x0, 0x0, 0x0,

    /* U+4F1A "会" */
    0x0, 0x0, 0x0, 0x0, 0x0, 0x71, 0x0, 0x0,
    0x0, 0x0, 0x0, 0x0, 0x0, 0x0, 0xb, 0xf4,
    0x0, 0x0, 0x0, 0x0, 0x0, 0x0, 0x0, 0x0,
    0xaf, 0xfc, 0x10, 0x0, 0x0, 0x0, 0x0, 0x0,
    0x0, 0x1b, 0xf7, 0x2d, 0xd3, 0x0, 0x0, 0x0,
    0x0, 0x0, 0x3, 0xdf, 0x60, 0x1, 0xcf, 0x70,
    0x0, 0x0, 0x0, 0x1, 0x9f, 0xe3, 0x0, 0x0,
    0x8, 0xfd, 0x40, 0x0, 0x1, 0x8f, 0xfe, 0x86,
    0x66, 0x66, 0x66, 0xad, 0xfc, 0x60, 0xb, 0xfb,
    0x38, 0xff, 0xff, 0xff, 0xff, 0xe0, 0x5d, 0xe1,
    0x0, 0x30, 0x0, 0x0, 0x0, 0x0, 0x0, 0x0,
    0x0, 0x10, 0x0, 0x0, 0x0, 0x0, 0x0, 0x0,
    0x0, 0x0, 0x0, 0x0, 0x1, 0xff, 0xff, 0xff,
    0xff, 0xff, 0xff, 0xff, 0xff, 0x70, 0x0, 0x77,
    0x77, 0x7c, 0xfb, 0x77, 0x77, 0x77, 0x77, 0x30,
    0x0, 0x0, 0x0, 0x3f, 0xd0, 0x0, 0x18, 0x10,
    0x0, 0x0, 0x0, 0x0, 0x1, 0xee, 0x20, 0x0,
    0x2e, 0xc0, 0x0, 0x0, 0x0, 0x0, 0x1c, 0xe3,
    0x0, 0x0, 0x3, 0xec, 0x0, 0x0, 0x0, 0x1,
    0xcf, 0x31, 0x23, 0x46, 0x78, 0xcf, 0xb0, 0x0,
    0x0, 0x1e, 0xff, 0xff, 0xff, 0xff, 0xfe, 0xcc,
    0xf8, 0x0, 0x0, 0xb, 0xb9, 0x76, 0x43, 0x20,
    0x0, 0x0, 0xae, 0x0, 0x0, 0x0, 0x0, 0x0,
    0x0, 0x0, 0x0, 0x0, 0x11, 0x0,

    /* U+4F1E "伞" */
    0x0, 0x0, 0x0, 0x0, 0x0, 0x50, 0x0, 0x0,
    0x0, 0x0, 0x0, 0x0, 0x0, 0x0, 0xc, 0xf2,
    0x0, 0x0, 0x0, 0x0, 0x0, 0x0, 0x0, 0x2,
    0xcf, 0xfb, 0x10, 0x0, 0x0, 0x0, 0x0, 0x0,
    0x0, 0x6f, 0xc2, 0x3e, 0xe5, 0x0, 0x0, 0x0,
    0x0, 0x0, 0x3c, 0xf8, 0x0, 0x1, 0xaf, 0xc4,
    0x0, 0x0, 0x0, 0x4b, 0xfd, 0x40, 0x5, 0x50,
    0x4, 0xcf, 0xe7, 0x10, 0x2e, 0xfd, 0x50, 0x0,
    0xc, 0xb0, 0x0, 0x4, 0xbf, 0xf3, 0x7, 0x40,
    0x86, 0x0, 0xc, 0xb0, 0x0, 0x68, 0x2, 0x60,
    0x0, 0x0, 0x8f, 0x20, 0xc, 0xb0, 0x0, 0xeb,
    0x0, 0x0, 0x0, 0x0, 0xe, 0xa0, 0xc, 0xb0,
    0x7, 0xf2, 0x0, 0x0, 0x0, 0x0, 0x7, 0xf2,
    0xc, 0xb0, 0x2f, 0x70, 0x0, 0x0, 0x0, 0x0,
    0x0, 0x71, 0xc, 0xb0, 0x27, 0x0, 0x0, 0x0,
    0x6, 0x66, 0x66, 0x66, 0x6e, 0xd6, 0x66, 0x66,
    0x66, 0x60, 0xf, 0xff, 0xff, 0xff, 0xff, 0xff,
    0xff, 0xff, 0xff, 0xe0, 0x0, 0x0, 0x0, 0x0,
    0xc, 0xb0, 0x0, 0x0, 0x0, 0x0, 0x0, 0x0,
    0x0, 0x0, 0xc, 0xb0, 0x0, 0x0, 0x0, 0x0,
    0x0, 0x0, 0x0, 0x0, 0xc, 0xb0, 0x0, 0x0,
    0x0, 0x0, 0x0, 0x0, 0x0, 0x0, 0xc, 0xb0,
    0x0, 0x0, 0x0, 0x0, 0x0, 0x0, 0x0, 0x0,
    0xc, 0xb0, 0x0, 0x0, 0x0, 0x0,

    /* U+4F3C "似" */
    0x0, 0x0, 0x10, 0x0, 0x0, 0x0, 0x0, 0x0,
    0x0, 0x0, 0x0, 0x0, 0xac, 0x0, 0x0, 0x0,
    0x0, 0x2, 0xd4, 0x0, 0x0, 0x1, 0xf6, 0xe,
    0x80, 0x60, 0x0, 0x3, 0xf4, 0x0, 0x0, 0x7,
    0xf1, 0xe, 0x81, 0xf6, 0x0, 0x4, 0xf3, 0x0,
    0x0, 0xe, 0xa0, 0xe, 0x80, 0x9e, 0x0, 0x5,
    0xf2, 0x0, 0x0, 0x6f, 0x70, 0xe, 0x80, 0x2f,
    0x60, 0x6, 0xf1, 0x0, 0x0, 0xef, 0x70, 0xe,
    0x80, 0xb, 0xd0, 0x7, 0xf0, 0x0, 0x9, 0xff,
    0x70, 0xe, 0x80, 0x5, 0xf3, 0x9, 0xd0, 0x0,
    0x5f, 0x7f, 0x70, 0xe, 0x80, 0x0, 0xf5, 0xc,
    0xb0, 0x0, 0x5c, 0xf, 0x70, 0xe, 0x80, 0x0,
    0x0, 0xf, 0x90, 0x0, 0x1, 0xf, 0x70, 0xe,
    0x80, 0x0, 0x0, 0x2f, 0x60, 0x0, 0x0, 0xf,
    0x70, 0xe, 0x80, 0x0, 0x0, 0x6f, 0xa0, 0x0,
    0x0, 0xf, 0x70, 0xe, 0x80, 0x2b, 0x80, 0xdf,
    0xf2, 0x0, 0x0, 0xf, 0x70, 0xe, 0x87, 0xfd,
    0x34, 0xf8, 0xea, 0x0, 0x0, 0xf, 0x70, 0xf,
    0xff, 0x90, 0xb, 0xe0, 0x8f, 0x20, 0x0, 0xf,
    0x70, 0x6f, 0xe4, 0x0, 0x5f, 0x70, 0x1f, 0x80,
    0x0, 0xf, 0x70, 0x3c, 0x10, 0x3, 0xfd, 0x0,
    0xb, 0xe0, 0x0, 0xf, 0x70, 0x0, 0x0, 0x4f,
    0xd1, 0x0, 0x5, 0xf3, 0x0, 0xf, 0x70, 0x0,
    0x0, 0xa, 0x10, 0x0, 0x0, 0x10,

    /* U+4F46 "但" */
    0x0, 0x0, 0x7, 0x60, 0x0, 0x0, 0x0, 0x0,
    0x0, 0x0, 0x0, 0x0, 0x1f, 0x91, 0x55, 0x55,
    0x55, 0x55, 0x53, 0x0, 0x0, 0x0, 0x9f, 0x23,
    0xff, 0xff, 0xff, 0xff, 0xf8, 0x0, 0x0, 0x1,
    0xfa, 0x3, 0xf5, 0x0, 0x0, 0x1, 0xf8, 0x0,
    0x0, 0x9, 0xf2, 0x3, 0xf4, 0x0, 0x0, 0x0,
    0xf8, 0x0, 0x0, 0x3f, 0xe0, 0x3, 0xf4, 0x0,
    0x0, 0x0, 0xf8, 0x0, 0x1, 0xdf, 0xe0, 0x3,
    0xf5, 0x0, 0x0, 0x1, 0xf8, 0x0, 0xc, 0xfd,
    0xe0, 0x3, 0xff, 0xff, 0xff, 0xff, 0xf8, 0x0,
    0x4f, 0x78, 0xe0, 0x3, 0xf9, 0x55, 0x55, 0x56,
    0xf8, 0x0, 0x7, 0x8, 0xe0, 0x3, 0xf4, 0x0,
    0x0, 0x0, 0xf8, 0x0, 0x0, 0x8, 0xe0, 0x3,
    0xf4, 0x0, 0x0, 0x0, 0xf8, 0x0, 0x0, 0x8,
    0xe0, 0x3, 0xf4, 0x0, 0x0, 0x0, 0xf8, 0x0,
    0x0, 0x8, 0xe0, 0x3, 0xf9, 0x66, 0x66, 0x67,
    0xf8, 0x0, 0x0, 0x8, 0xe0, 0x3, 0xff, 0xff,
    0xff, 0xff, 0xf8, 0x0, 0x0, 0x8, 0xe0, 0x0,
    0x0, 0x0, 0x0, 0x0, 0x0, 0x0, 0x0, 0x8,
    0xe0, 0x0, 0x0, 0x0, 0x0, 0x0, 0x0, 0x0,
    0x0, 0x8, 0xe0, 0x67, 0x77, 0x77, 0x77, 0x77,
    0x77, 0x71, 0x0, 0x8, 0xe0, 0xef, 0xff, 0xff,
    0xff, 0xff, 0xff, 0xf4, 0x0, 0x8, 0xe0, 0x0,
    0x0, 0x0, 0x0, 0x0, 0x0, 0x0,

    /* U+4F4D "位" */
    0x0, 0x0, 0x5, 0x70, 0x0, 0x5, 0xc0, 0x0,
    0x0, 0x0, 0x0, 0x0, 0xe, 0xb0, 0x0, 0x4,
    0xf4, 0x0, 0x0, 0x0, 0x0, 0x0, 0x6f, 0x40,
    0x0, 0x0, 0xf9, 0x0, 0x0, 0x0, 0x0, 0x0,
    0xdc, 0x1, 0x22, 0x22, 0x86, 0x22, 0x22, 0x0,
    0x0, 0x5, 0xf4, 0xa, 0xff, 0xff, 0xff, 0xff,
    0xff, 0x40, 0x0, 0x1e, 0xf1, 0x3, 0x44, 0x44,
    0x44, 0x44, 0x44, 0x10, 0x0, 0xbf, 0xf1, 0x0,
    0x5, 0x0, 0x0, 0x5, 0x70, 0x0, 0x8, 0xfd,
    0xf1, 0x0, 0x3f, 0x30, 0x0, 0xa, 0xd0, 0x0,
    0x1f, 0xa6, 0xf1, 0x0, 0xf, 0x60, 0x0, 0xd,
    0xa0, 0x0, 0x6, 0x6, 0xf1, 0x0, 0xd, 0x90,
    0x0, 0xf, 0x70, 0x0, 0x0, 0x6, 0xf1, 0x0,
    0xa, 0xd0, 0x0, 0x2f, 0x40, 0x0, 0x0, 0x6,
    0xf1, 0x0, 0x7, 0xf0, 0x0, 0x5f, 0x10, 0x0,
    0x0, 0x6, 0xf1, 0x0, 0x5, 0xf2, 0x0, 0x8e,
    0x0, 0x0, 0x0, 0x6, 0xf1, 0x0, 0x2, 0xf4,
    0x0, 0xba, 0x0, 0x0, 0x0, 0x6, 0xf1, 0x0,
    0x1, 0xf6, 0x0, 0xf7, 0x0, 0x0, 0x0, 0x6,
    0xf1, 0x0, 0x0, 0x61, 0x3, 0xf3, 0x0, 0x0,
    0x0, 0x6, 0xf1, 0x37, 0x77, 0x77, 0x7b, 0xf8,
    0x77, 0x70, 0x0, 0x6, 0xf1, 0x7f, 0xff, 0xff,
    0xff, 0xff, 0xff, 0xf1, 0x0, 0x6, 0xf1, 0x0,
    0x0, 0x0, 0x0, 0x0, 0x0, 0x0,

    /* U+4F4F "住" */
    0x0, 0x0, 0x7, 0x70, 0x0, 0xb, 0x60, 0x0,
    0x0, 0x0, 0x0, 0x0, 0x1f, 0x90, 0x0, 0xa,
    0xe1, 0x0, 0x0, 0x0, 0x0, 0x0, 0x7f, 0x20,
    0x0, 0x2, 0xf8, 0x0, 0x0, 0x0, 0x0, 0x0,
    0xeb, 0x0, 0x0, 0x0, 0x96, 0x0, 0x0, 0x0,
    0x0, 0x7, 0xf4, 0x6f, 0xff, 0xff, 0xff, 0xff,
    0xff, 0xb0, 0x0, 0x2f, 0xf1, 0x37, 0x77, 0x78,
    0xfb, 0x77, 0x77, 0x50, 0x0, 0xcf, 0xf1, 0x0,
    0x0, 0x1, 0xf6, 0x0, 0x0, 0x0, 0xa, 0xfc,
    0xf1, 0x0, 0x0, 0x1, 0xf6, 0x0, 0x0, 0x0,
    0x1f, 0x96, 0xf1, 0x0, 0x0, 0x1, 0xf6, 0x0,
    0x0, 0x0, 0x6, 0x6, 0xf1, 0x0, 0x0, 0x1,
    0xf6, 0x0, 0x0, 0x0, 0x0, 0x6, 0xf1, 0xb,
    0xff, 0xff, 0xff, 0xff, 0xff, 0x20, 0x0, 0x6,
    0xf1, 0x4, 0x66, 0x67, 0xfa, 0x66, 0x66, 0x10,
    0x0, 0x6, 0xf1, 0x0, 0x0, 0x1, 0xf6, 0x0,
    0x0, 0x0, 0x0, 0x6, 0xf1, 0x0, 0x0, 0x1,
    0xf6, 0x0, 0x0, 0x0, 0x0, 0x6, 0xf1, 0x0,
    0x0, 0x1, 0xf6, 0x0, 0x0, 0x0, 0x0, 0x6,
    0xf1, 0x0, 0x0, 0x1, 0xf6, 0x0, 0x0, 0x0,
    0x0, 0x6, 0xf1, 0x67, 0x77, 0x78, 0xfb, 0x77,
    0x77, 0x70, 0x0, 0x6, 0xf1, 0xdf, 0xff, 0xff,
    0xff, 0xff, 0xff, 0xf1, 0x0, 0x6, 0xf1, 0x0,
    0x0, 0x0, 0x0, 0x0, 0x0, 0x0,

    /* U+4F53 "体" */
    0x0, 0x0, 0x2, 0x0, 0x0, 0x2, 0x40, 0x0,
    0x0, 0x0, 0x0, 0x0, 0x7f, 0x10, 0x0, 0x8,
    0xf0, 0x0, 0x0, 0x0, 0x0, 0x0, 0xe9, 0x0,
    0x0, 0x8, 0xf0, 0x0, 0x0, 0x0, 0x0, 0x6,
    0xf1, 0x0, 0x0, 0x8, 0xf0, 0x0, 0x0, 0x0,
    0x0, 0xd, 0xa2, 0xff, 0xff, 0xff, 0xff, 0xff,
    0xff, 0xe0, 0x0, 0x6f, 0x81, 0x77, 0x77, 0xcf,
    0xff, 0x87, 0x77, 0x70, 0x2, 0xff, 0x80, 0x0,
    0x0, 0xdf, 0xff, 0x40, 0x0, 0x0, 0xd, 0xdf,
    0x80, 0x0, 0x4, 0xf9, 0xf9, 0xb0, 0x0, 0x0,
    0x4f, 0x3e, 0x80, 0x0, 0xb, 0x88, 0xf2, 0xf2,
    0x0, 0x0, 0x4, 0xe, 0x80, 0x0, 0x4f, 0x18,
    0xf0, 0xab, 0x0, 0x0, 0x0, 0xe, 0x80, 0x0,
    0xc9, 0x8, 0xf0, 0x3f, 0x40, 0x0, 0x0, 0xe,
    0x80, 0x7, 0xf2, 0x8, 0xf0, 0xc, 0xe1, 0x0,
    0x0, 0xe, 0x80, 0x3f, 0x80, 0x8, 0xf0, 0x2,
    0xfa, 0x0, 0x0, 0xe, 0x83, 0xec, 0x56, 0x6b,
    0xf6, 0x66, 0x8f, 0x90, 0x0, 0xe, 0x8a, 0xe1,
    0xcf, 0xff, 0xff, 0xff, 0x2a, 0xe1, 0x0, 0xe,
    0x80, 0x20, 0x0, 0x8, 0xf0, 0x0, 0x0, 0x20,
    0x0, 0xe, 0x80, 0x0, 0x0, 0x8, 0xf0, 0x0,
    0x0, 0x0, 0x0, 0xe, 0x80, 0x0, 0x0, 0x8,
    0xf0, 0x0, 0x0, 0x0, 0x0, 0xe, 0x80, 0x0,
    0x0, 0x7, 0xe0, 0x0, 0x0, 0x0,

    /* U+4F60 "你" */
    0x0, 0x0, 0x9, 0x30, 0x9, 0x40, 0x0, 0x0,
    0x0, 0x0, 0x0, 0x0, 0x7f, 0x20, 0x3f, 0x50,
    0x0, 0x0, 0x0, 0x0, 0x0, 0x0, 0xeb, 0x0,
    0x8f, 0x10, 0x0, 0x0, 0x0, 0x0, 0x0, 0x6,
    0xf3, 0x0, 0xdc, 0x0, 0x0, 0x0, 0x0, 0x0,
    0x0, 0xe, 0xb0, 0x2, 0xff, 0xff, 0xff, 0xff,
    0xff, 0xd0, 0x0, 0x8f, 0x80, 0x9, 0xf7, 0x66,
    0xfc, 0x66, 0x6d, 0xc0, 0x3, 0xff, 0x80, 0x2f,
    0x80, 0x0, 0xe8, 0x0, 0xd, 0x90, 0x2e, 0xdf,
    0x80, 0xce, 0x10, 0x0, 0xe8, 0x0, 0xf, 0x60,
    0xaf, 0x2e, 0x80, 0x86, 0x0, 0x0, 0xe8, 0x0,
    0x27, 0x10, 0x35, 0xe, 0x80, 0x0, 0x5f, 0x20,
    0xe8, 0xc, 0xa0, 0x0, 0x0, 0xe, 0x80, 0x0,
    0xad, 0x0, 0xe8, 0x7, 0xf2, 0x0, 0x0, 0xe,
    0x80, 0x0, 0xf8, 0x0, 0xe8, 0x1, 0xf8, 0x0,
    0x0, 0xe, 0x80, 0x5, 0xf3, 0x0, 0xe8, 0x0,
    0x9e, 0x0, 0x0, 0xe, 0x80, 0xc, 0xd0, 0x0,
    0xe8, 0x0, 0x4f, 0x40, 0x0, 0xe, 0x80, 0x5f,
    0x60, 0x0, 0xe8, 0x0, 0xf, 0x90, 0x0, 0xe,
    0x80, 0x9c, 0x0, 0x0, 0xe8, 0x0, 0xb, 0xa0,
    0x0, 0xe, 0x80, 0x1, 0x0, 0x0, 0xe8, 0x0,
    0x0, 0x0, 0x0, 0xe, 0x80, 0x0, 0x2, 0x78,
    0xf8, 0x0, 0x0, 0x0, 0x0, 0xe, 0x70, 0x0,
    0x0, 0xff, 0xc2, 0x0, 0x0, 0x0, 0x0, 0x0,
    0x0, 0x0, 0x0, 0x0, 0x0, 0x0, 0x0, 0x0,

    /* U+4F8B "例" */
    0x0, 0x0, 0x62, 0x0, 0x0, 0x0, 0x0, 0x0,
    0x7, 0x30, 0x0, 0x2f, 0x67, 0x77, 0x77, 0x77,
    0x0, 0x0, 0xe7, 0x0, 0x7, 0xf1, 0xee, 0xff,
    0xee, 0xd0, 0x40, 0xe, 0x70, 0x0, 0xda, 0x0,
    0x1f, 0x60, 0x0, 0x2f, 0x20, 0xe7, 0x0, 0x3f,
    0x50, 0x5, 0xf2, 0x0, 0x2, 0xf2, 0xe, 0x70,
    0xb, 0xf3, 0x0, 0x9e, 0x0, 0x0, 0x2f, 0x20,
    0xe7, 0x3, 0xff, 0x30, 0xe, 0xff, 0xff, 0x62,
    0xf2, 0xe, 0x70, 0xde, 0xf3, 0x2, 0xf8, 0x56,
    0xf3, 0x2f, 0x20, 0xe7, 0x2f, 0x6f, 0x30, 0x9e,
    0x0, 0x4f, 0x12, 0xf2, 0xe, 0x70, 0x42, 0xf3,
    0x1f, 0x80, 0x8, 0xd0, 0x2f, 0x20, 0xe7, 0x0,
    0x2f, 0x3a, 0xf3, 0x30, 0xca, 0x2, 0xf2, 0xe,
    0x70, 0x2, 0xf3, 0x86, 0x9f, 0x7f, 0x40, 0x2f,
    0x20, 0xe7, 0x0, 0x2f, 0x30, 0x0, 0x8f, 0xe0,
    0x2, 0xf2, 0xe, 0x70, 0x2, 0xf3, 0x0, 0x0,
    0xe8, 0x0, 0x2e, 0x20, 0xe7, 0x0, 0x2f, 0x30,
    0x0, 0x9e, 0x0, 0x0, 0x0, 0xe, 0x70, 0x2,
    0xf3, 0x0, 0x6f, 0x40, 0x0, 0x0, 0x0, 0xe7,
    0x0, 0x2f, 0x30, 0x9f, 0x80, 0x0, 0x0, 0x67,
    0x8f, 0x60, 0x2, 0xf3, 0xd, 0x60, 0x0, 0x0,
    0xa, 0xff, 0xb1, 0x0, 0x1, 0x0, 0x0, 0x0,
    0x0, 0x0, 0x0, 0x0, 0x0,

    /* U+4FBF "便" */
    0x0, 0x0, 0x5, 0x10, 0x0, 0x0, 0x0, 0x0,
    0x0, 0x0, 0x0, 0x0, 0x6f, 0x76, 0x66, 0x66,
    0x66, 0x66, 0x66, 0x60, 0x0, 0x0, 0xdb, 0x6e,
    0xee, 0xee, 0xff, 0xee, 0xee, 0xd0, 0x0, 0x4,
    0xf3, 0x0, 0x0, 0x0, 0xf7, 0x0, 0x0, 0x0,
    0x0, 0xb, 0xb0, 0xc, 0xdd, 0xdd, 0xfe, 0xdd,
    0xdd, 0x20, 0x0, 0x4f, 0x80, 0xe, 0xa5, 0x55,
    0xfa, 0x55, 0x7f, 0x30, 0x0, 0xef, 0x80, 0xe,
    0x70, 0x0, 0xf7, 0x0, 0x3f, 0x30, 0xb, 0xff,
    0x80, 0xe, 0x92, 0x22, 0xf9, 0x22, 0x6f, 0x30,
    0x3f, 0x8e, 0x80, 0xe, 0xff, 0xff, 0xff, 0xff,
    0xff, 0x30, 0x7, 0xe, 0x80, 0xe, 0x70, 0x0,
    0xf7, 0x0, 0x3f, 0x30, 0x0, 0xe, 0x80, 0xe,
    0x92, 0x23, 0xf9, 0x22, 0x6f, 0x30, 0x0, 0xe,
    0x80, 0xe, 0xff, 0xff, 0xff, 0xff, 0xff, 0x30,
    0x0, 0xe, 0x80, 0x4, 0x0, 0x4, 0xf3, 0x0,
    0x0, 0x0, 0x0, 0xe, 0x80, 0x2f, 0x90, 0x9,
    0xe0, 0x0, 0x0, 0x0, 0x0, 0xe, 0x80, 0x5,
    0xfa, 0x3f, 0x70, 0x0, 0x0, 0x0, 0x0, 0xe,
    0x80, 0x0, 0x4f, 0xff, 0x10, 0x0, 0x0, 0x0,
    0x0, 0xe, 0x80, 0x0, 0x6e, 0xff, 0xfa, 0x51,
    0x0, 0x0, 0x0, 0xe, 0x83, 0x9e, 0xfa, 0x12,
    0x8e, 0xff, 0xfd, 0xb2, 0x0, 0xe, 0x83, 0xe9,
    0x30, 0x0, 0x0, 0x36, 0x9c, 0xa0, 0x0, 0x0,
    0x0, 0x0, 0x0, 0x0, 0x0, 0x0, 0x0, 0x0,

    /* U+5019 "候" */
    0x0, 0x0, 0x67, 0x0, 0x0, 0x0, 0x0, 0x0,
    0x0, 0x0, 0x0, 0x0, 0xdb, 0x0, 0xc, 0xff,
    0xff, 0xff, 0xf3, 0x0, 0x0, 0x3, 0xf5, 0x0,
    0x4, 0x55, 0x55, 0x58, 0xf1, 0x0, 0x0, 0x9,
    0xf0, 0x0, 0x0, 0x0, 0x0, 0x7, 0xf0, 0x0,
    0x0, 0xe, 0xa0, 0x41, 0x0, 0x0, 0x0, 0x9,
    0xd0, 0x0, 0x0, 0x6f, 0x50, 0xf4, 0xde, 0xee,
    0xee, 0xef, 0xfe, 0xe0, 0x0, 0xef, 0x40, 0xf4,
    0x55, 0xa9, 0x55, 0x55, 0x55, 0x50, 0x9, 0xff,
    0x40, 0xf4, 0x0, 0xe8, 0x0, 0x0, 0x0, 0x0,
    0x2f, 0xbf, 0x40, 0xf4, 0x5, 0xfb, 0x99, 0x99,
    0x99, 0x30, 0xc, 0x2f, 0x40, 0xf4, 0xd, 0xda,
    0xbf, 0xca, 0xaa, 0x30, 0x0, 0x1f, 0x40, 0xf4,
    0xaf, 0x10, 0x2f, 0x40, 0x0, 0x0, 0x0, 0x1f,
    0x40, 0xf4, 0x75, 0x0, 0x2f, 0x40, 0x0, 0x0,
    0x0, 0x1f, 0x40, 0xf4, 0xab, 0xbb, 0xcf, 0xcb,
    0xbb, 0xb0, 0x0, 0x1f, 0x40, 0xf4, 0x89, 0x99,
    0xcf, 0xd9, 0x99, 0x90, 0x0, 0x1f, 0x40, 0xe3,
    0x0, 0x0, 0xcf, 0xe0, 0x0, 0x0, 0x0, 0x1f,
    0x40, 0x0, 0x0, 0x8, 0xf5, 0xea, 0x0, 0x0,
    0x0, 0x1f, 0x40, 0x0, 0x1, 0xaf, 0x70, 0x4f,
    0xc2, 0x0, 0x0, 0x1f, 0x40, 0x1, 0x9f, 0xe5,
    0x0, 0x4, 0xef, 0xb1, 0x0, 0x1f, 0x40, 0x1,
    0xd8, 0x10, 0x0, 0x0, 0x17, 0x90, 0x0, 0x0,
    0x0, 0x0, 0x0, 0x0, 0x0, 0x0, 0x0, 0x0,

    /* U+505A "做" */
    0x0, 0x0, 0x0, 0x0, 0x0, 0x0, 0x0, 0x0,
    0x0, 0x0, 0x0, 0x0, 0x89, 0x0, 0xc5, 0x0,
    0x6, 0xd0, 0x0, 0x0, 0x0, 0x0, 0xe9, 0x0,
    0xf7, 0x0, 0x9, 0xd0, 0x0, 0x0, 0x0, 0x6,
    0xf3, 0x0, 0xf7, 0x0, 0xd, 0xa0, 0x0, 0x0,
    0x0, 0xc, 0xd0, 0x0, 0xf7, 0x0, 0xf, 0x70,
    0x0, 0x0, 0x0, 0x3f, 0x8b, 0xee, 0xff, 0xee,
    0x5f, 0xff, 0xff, 0xf0, 0x0, 0xcf, 0x65, 0x66,
    0xfa, 0x66, 0x9f, 0x55, 0x8f, 0x50, 0x6, 0xff,
    0x60, 0x0, 0xf7, 0x0, 0xef, 0x0, 0x7d, 0x0,
    0x2f, 0xcf, 0x60, 0x0, 0xf7, 0x6, 0xff, 0x20,
    0x9b, 0x0, 0x7f, 0x2f, 0x60, 0x0, 0xf7, 0xb,
    0xad, 0x40, 0xc8, 0x0, 0x4, 0xf, 0x63, 0xee,
    0xff, 0xeb, 0x1a, 0x80, 0xf5, 0x0, 0x0, 0xf,
    0x63, 0xf7, 0x55, 0xca, 0x7, 0xd5, 0xf1, 0x0,
    0x0, 0xf, 0x63, 0xf1, 0x0, 0xaa, 0x2, 0xfb,
    0xb0, 0x0, 0x0, 0xf, 0x63, 0xf1, 0x0, 0xaa,
    0x0, 0xdf, 0x50, 0x0, 0x0, 0xf, 0x63, 0xf1,
    0x0, 0xaa, 0x0, 0x9f, 0x10, 0x0, 0x0, 0xf,
    0x63, 0xf1, 0x0, 0xaa, 0x3, 0xff, 0x80, 0x0,
    0x0, 0xf, 0x63, 0xff, 0xff, 0xfa, 0x1e, 0xd8,
    0xf4, 0x0, 0x0, 0xf, 0x63, 0xf6, 0x55, 0x58,
    0xef, 0x20, 0xdf, 0x50, 0x0, 0xf, 0x61, 0x70,
    0x0, 0x3f, 0xf4, 0x0, 0x3f, 0xf0, 0x0, 0xf,
    0x60, 0x0, 0x0, 0xa, 0x30, 0x0, 0x3, 0x70,
    0x0, 0x0, 0x0, 0x0, 0x0, 0x0, 0x0, 0x0,
    0x0, 0x0,

    /* U+505C "停" */
    0x0, 0x0, 0x0, 0x0, 0x0, 0x0, 0x0, 0x0,
    0x0, 0x0, 0x0, 0x1, 0xd4, 0x0, 0x0, 0x7e,
    0x10, 0x0, 0x0, 0x0, 0x0, 0x7f, 0x33, 0x33,
    0x34, 0xf9, 0x33, 0x33, 0x30, 0x0, 0xe, 0x99,
    0xff, 0xff, 0xff, 0xff, 0xff, 0xfe, 0x0, 0x5,
    0xf2, 0x0, 0x0, 0x0, 0x0, 0x0, 0x0, 0x0,
    0x0, 0xda, 0x0, 0x1d, 0xdd, 0xdd, 0xdd, 0xdd,
    0x30, 0x0, 0x6f, 0x70, 0x2, 0xf7, 0x33, 0x33,
    0x36, 0xf3, 0x0, 0x1e, 0xf7, 0x0, 0x2f, 0x40,
    0x0, 0x0, 0x3f, 0x30, 0xc, 0xef, 0x70, 0x2,
    0xff, 0xff, 0xff, 0xff, 0xf3, 0x4, 0xf5, 0xe7,
    0x0, 0x1, 0x11, 0x11, 0x11, 0x11, 0x0, 0x7,
    0xe, 0x70, 0x45, 0x55, 0x55, 0x55, 0x55, 0x55,
    0x40, 0x0, 0xe7, 0xe, 0xfe, 0xee, 0xee, 0xee,
    0xee, 0xfe, 0x0, 0xe, 0x70, 0xe6, 0x0, 0x0,
    0x0, 0x0, 0x7, 0xe0, 0x0, 0xe7, 0xd, 0x8f,
    0xff, 0xff, 0xff, 0xff, 0x8d, 0x0, 0xe, 0x70,
    0x0, 0x44, 0x45, 0xf9, 0x44, 0x40, 0x0, 0x0,
    0xe7, 0x0, 0x0, 0x0, 0x1f, 0x60, 0x0, 0x0,
    0x0, 0xe, 0x70, 0x0, 0x0, 0x1, 0xf6, 0x0,
    0x0, 0x0, 0x0, 0xe7, 0x0, 0x0, 0x44, 0x5f,
    0x60, 0x0, 0x0, 0x0, 0xe, 0x70, 0x0, 0xe,
    0xff, 0xc2, 0x0, 0x0, 0x0, 0x0, 0x0, 0x0,
    0x0, 0x0, 0x0, 0x0, 0x0, 0x0,

    /* U+5065 "健" */
    0x0, 0x0, 0xd5, 0x0, 0x0, 0x0, 0xb, 0x70,
    0x0, 0x0, 0x0, 0x4, 0xf6, 0x99, 0x98, 0x15,
    0x5d, 0xa5, 0x54, 0x0, 0x0, 0xa, 0xd4, 0xbb,
    0xfc, 0x3c, 0xcf, 0xec, 0xdc, 0x0, 0x0, 0xf,
    0x80, 0x1, 0xf5, 0x0, 0xc, 0x70, 0x6c, 0x0,
    0x0, 0x6f, 0x40, 0x8, 0xd2, 0xaa, 0xae, 0xda,
    0xce, 0xa2, 0x0, 0xdf, 0x30, 0x1f, 0x51, 0x77,
    0x7e, 0xb7, 0xbe, 0x71, 0x7, 0xff, 0x30, 0x9d,
    0x0, 0x0, 0xc, 0x70, 0x6c, 0x0, 0x2f, 0xbf,
    0x36, 0xfd, 0xb9, 0x4d, 0xdf, 0xed, 0xec, 0x0,
    0xd, 0x2f, 0x37, 0x88, 0xcc, 0x13, 0x3d, 0x93,
    0x32, 0x0, 0x1, 0x1f, 0x30, 0x0, 0xa9, 0x23,
    0x3d, 0x93, 0x33, 0x0, 0x0, 0x1f, 0x35, 0x40,
    0xc7, 0x9f, 0xff, 0xff, 0xff, 0x10, 0x0, 0x1f,
    0x38, 0xb0, 0xf4, 0x0, 0xc, 0x70, 0x0, 0x0,
    0x0, 0x1f, 0x32, 0xf7, 0xf1, 0x77, 0x7e, 0xb7,
    0x77, 0x60, 0x0, 0x1f, 0x30, 0xaf, 0xa1, 0xbb,
    0xbf, 0xdb, 0xbb, 0x90, 0x0, 0x1f, 0x30, 0x3f,
    0x90, 0x0, 0xc, 0x70, 0x0, 0x0, 0x0, 0x1f,
    0x30, 0x9e, 0xf7, 0x0, 0xc, 0x70, 0x0, 0x0,
    0x0, 0x1f, 0x33, 0xf5, 0x4f, 0xb3, 0x1, 0x10,
    0x0, 0x0, 0x0, 0x1f, 0x5e, 0xc0, 0x3, 0xcf,
    0xeb, 0x98, 0x88, 0x81, 0x0, 0x1f, 0x6c, 0x10,
    0x0, 0x3, 0x7a, 0xbc, 0xcc, 0xb0, 0x0, 0x0,
    0x0, 0x0, 0x0, 0x0, 0x0, 0x0, 0x0, 0x0,

    /* U+508D "傍" */
    0x0, 0x0, 0x0, 0x0, 0x0, 0x0, 0x0, 0x0,
    0x0, 0x0, 0x0, 0x0, 0x93, 0x0, 0x0, 0x8e,
    0x0, 0x0, 0x0, 0x0, 0x0, 0x6f, 0x30, 0x0,
    0x5, 0xf3, 0x0, 0x0, 0x0, 0x0, 0xe, 0xc7,
    0xff, 0xff, 0xff, 0xff, 0xff, 0xf0, 0x0, 0x5,
    0xf4, 0x24, 0x6c, 0x54, 0x44, 0x7d, 0x64, 0x0,
    0x0, 0xcd, 0x0, 0x1, 0xf6, 0x0, 0x9, 0xf1,
    0x0, 0x0, 0x6f, 0x80, 0x11, 0x1d, 0xb1, 0x11,
    0xfa, 0x11, 0x0, 0x2f, 0xf8, 0xe, 0xff, 0xff,
    0xff, 0xff, 0xff, 0xf9, 0xd, 0xff, 0x80, 0xe9,
    0x11, 0x12, 0x41, 0x11, 0x1e, 0x95, 0xf5, 0xe8,
    0xe, 0x80, 0x0, 0x9e, 0x0, 0x0, 0xe9, 0x5,
    0xe, 0x80, 0x34, 0x33, 0x37, 0xf5, 0x33, 0x34,
    0x10, 0x0, 0xe8, 0xa, 0xff, 0xff, 0xff, 0xff,
    0xff, 0xf3, 0x0, 0xe, 0x80, 0x1, 0x17, 0xf2,
    0x11, 0x11, 0x11, 0x0, 0x0, 0xe8, 0x0, 0x0,
    0x9f, 0x0, 0x0, 0x0, 0x0, 0x0, 0xe, 0x80,
    0x0, 0xb, 0xff, 0xff, 0xff, 0xf3, 0x0, 0x0,
    0xe8, 0x0, 0x1, 0xf8, 0x22, 0x22, 0x8f, 0x10,
    0x0, 0xe, 0x80, 0x0, 0x8f, 0x10, 0x0, 0x8,
    0xf0, 0x0, 0x0, 0xe8, 0x0, 0x4f, 0x80, 0x0,
    0x0, 0xbd, 0x0, 0x0, 0xe, 0x80, 0x9f, 0xa0,
    0x0, 0x33, 0x4f, 0xa0, 0x0, 0x0, 0xe8, 0x1d,
    0x70, 0x0, 0x9, 0xff, 0xd2, 0x0, 0x0, 0x0,
    0x0, 0x0, 0x0, 0x0, 0x0, 0x0, 0x0, 0x0,

    /* U+50A8 "储" */
    0x0, 0x0, 0xa4, 0x0, 0x0, 0x0, 0x5b, 0x0,
    0x0, 0x0, 0x0, 0x2, 0xf4, 0x40, 0x0, 0x0,
    0x6e, 0x0, 0xb, 0xa0, 0x0, 0x8, 0xe0, 0xdb,
    0x0, 0x55, 0xaf, 0x55, 0x4f, 0x50, 0x0, 0xe,
    0x80, 0x1e, 0x80, 0xff, 0xff, 0xff, 0xed, 0x0,
    0x0, 0x4f, 0x30, 0x4, 0xa0, 0x0, 0x6e, 0x4,
    0xf3, 0x0, 0x0, 0xcf, 0x10, 0x0, 0x0, 0x0,
    0x6e, 0x1e, 0x90, 0x0, 0x4, 0xff, 0x16, 0x66,
    0x17, 0xbb, 0xdf, 0xdf, 0xbb, 0xb0, 0xe, 0xdf,
    0x2f, 0xff, 0x36, 0xaa, 0xaf, 0xea, 0xaa, 0xa0,
    0x5e, 0x5f, 0x10, 0x1f, 0x30, 0x0, 0xbf, 0x30,
    0x0, 0x0, 0x4, 0x3f, 0x10, 0x1f, 0x30, 0x1c,
    0xf7, 0x33, 0x33, 0x0, 0x0, 0x3f, 0x10, 0x1f,
    0x36, 0xff, 0xff, 0xff, 0xff, 0x30, 0x0, 0x3f,
    0x10, 0x1f, 0x4d, 0xbd, 0x80, 0x0, 0x2f, 0x30,
    0x0, 0x3f, 0x10, 0x1f, 0x31, 0xc, 0x80, 0x0,
    0x2f, 0x30, 0x0, 0x3f, 0x10, 0x1f, 0x30, 0xc,
    0xff, 0xff, 0xff, 0x30, 0x0, 0x3f, 0x10, 0x1f,
    0x37, 0x2c, 0x92, 0x22, 0x4f, 0x30, 0x0, 0x3f,
    0x10, 0x3f, 0xfd, 0x2c, 0x80, 0x0, 0x2f, 0x30,
    0x0, 0x3f, 0x10, 0x9f, 0x70, 0xc, 0xff, 0xff,
    0xff, 0x30, 0x0, 0x3f, 0x10, 0x22, 0x0, 0xc,
    0xa4, 0x44, 0x5e, 0x30, 0x0, 0x0, 0x0, 0x0,
    0x0, 0x0, 0x0, 0x0, 0x0, 0x0,

    /* U+50CF "像" */
    0x0, 0x0, 0x6, 0x10, 0x5, 0x70, 0x0, 0x0,
    0x0, 0x0, 0x0, 0x0, 0x5f, 0x40, 0x1e, 0xb3,
    0x33, 0x20, 0x0, 0x0, 0x0, 0x0, 0xdc, 0x0,
    0xbf, 0xff, 0xff, 0xf0, 0x0, 0x0, 0x0, 0x4,
    0xf5, 0x8, 0xf3, 0x0, 0x3f, 0x60, 0x0, 0x0,
    0x0, 0xb, 0xe0, 0x9f, 0xb5, 0x55, 0xde, 0x55,
    0x55, 0x0, 0x0, 0x5f, 0x8a, 0xff, 0xec, 0xcc,
    0xfd, 0xcc, 0xee, 0x0, 0x1, 0xef, 0x74, 0x5f,
    0x60, 0x3, 0xf1, 0x0, 0x7e, 0x0, 0xb, 0xff,
    0x70, 0xf, 0x82, 0x2b, 0xd2, 0x22, 0x9e, 0x0,
    0x5f, 0x7e, 0x70, 0xe, 0xff, 0xff, 0xff, 0xff,
    0xfe, 0x0, 0x9, 0xe, 0x70, 0x0, 0x9, 0xfa,
    0x0, 0x0, 0x0, 0x0, 0x0, 0xe, 0x70, 0x5,
    0xde, 0x7f, 0x60, 0x2, 0xbc, 0x0, 0x0, 0xe,
    0x71, 0xee, 0x70, 0x2d, 0xf2, 0x8f, 0xc3, 0x0,
    0x0, 0xe, 0x70, 0x20, 0x6, 0xe7, 0xdf, 0xdf,
    0x20, 0x0, 0x0, 0xe, 0x70, 0x17, 0xdc, 0x21,
    0xde, 0xc, 0xa0, 0x0, 0x0, 0xe, 0x71, 0xfd,
    0x50, 0x3d, 0xdf, 0x5, 0xf2, 0x0, 0x0, 0xe,
    0x70, 0x20, 0x18, 0xf6, 0x4f, 0x10, 0xdd, 0x10,
    0x0, 0xe, 0x70, 0x28, 0xfd, 0x20, 0x6f, 0x0,
    0x2f, 0xd1, 0x0, 0xe, 0x73, 0xfc, 0x40, 0x44,
    0xdc, 0x0, 0x3, 0x90, 0x0, 0xe, 0x70, 0x20,
    0x0, 0xdf, 0xc2, 0x0, 0x0, 0x0, 0x0, 0x0,
    0x0, 0x0, 0x0, 0x0, 0x0, 0x0, 0x0, 0x0,

    /* U+513F "儿" */
    0x0, 0x0, 0x5, 0x30, 0x0, 0x0, 0x36, 0x0,
    0x0, 0x0, 0x0, 0x0, 0xe, 0x90, 0x0, 0x0,
    0x8f, 0x0, 0x0, 0x0, 0x0, 0x0, 0xe, 0x90,
    0x0, 0x0, 0x8f, 0x0, 0x0, 0x0, 0x0, 0x0,
    0xe, 0x90, 0x0, 0x0, 0x8f, 0x0, 0x0, 0x0,
    0x0, 0x0, 0xe, 0x90, 0x0, 0x0, 0x8f, 0x0,
    0x0, 0x0, 0x0, 0x0, 0xe, 0x90, 0x0, 0x0,
    0x8f, 0x0, 0x0, 0x0, 0x0, 0x0, 0xe, 0x90,
    0x0, 0x0, 0x8f, 0x0, 0x0, 0x0, 0x0, 0x0,
    0xf, 0x80, 0x0, 0x0, 0x8f, 0x0, 0x0, 0x0,
    0x0, 0x0, 0xf, 0x80, 0x0, 0x0, 0x8f, 0x0,
    0x0, 0x0, 0x0, 0x0, 0xf, 0x70, 0x0, 0x0,
    0x8f, 0x0, 0x0, 0x0, 0x0, 0x0, 0x3f, 0x50,
    0x0, 0x0, 0x8f, 0x0, 0x0, 0x0, 0x0, 0x0,
    0x7f, 0x10, 0x0, 0x0, 0x8f, 0x0, 0x0, 0x0,
    0x0, 0x0, 0xbe, 0x0, 0x0, 0x0, 0x8f, 0x0,
    0x2, 0x40, 0x0, 0x3, 0xf9, 0x0, 0x0, 0x0,
    0x8f, 0x0, 0x4, 0xf2, 0x0, 0xc, 0xf2, 0x0,
    0x0, 0x0, 0x8f, 0x0, 0x5, 0xf1, 0x0, 0x9f,
    0x70, 0x0, 0x0, 0x0, 0x8f, 0x0, 0x7, 0xf0,
    0xa, 0xfa, 0x0, 0x0, 0x0, 0x0, 0x6f, 0x97,
    0x7d, 0xb0, 0x2e, 0x80, 0x0, 0x0, 0x0, 0x0,
    0x1c, 0xff, 0xfd, 0x30, 0x0, 0x0, 0x0, 0x0,
    0x0, 0x0, 0x0, 0x0, 0x0, 0x0,

    /* U+5143 "元" */
    0x0, 0x33, 0x33, 0x33, 0x33, 0x33, 0x33, 0x33,
    0x0, 0x0, 0xf, 0xff, 0xff, 0xff, 0xff, 0xff,
    0xff, 0xf3, 0x0, 0x0, 0x33, 0x33, 0x33, 0x33,
    0x33, 0x33, 0x33, 0x0, 0x0, 0x0, 0x0, 0x0,
    0x0, 0x0, 0x0, 0x0, 0x0, 0x0, 0x0, 0x0,
    0x0, 0x0, 0x0, 0x0, 0x0, 0x0, 0x0, 0x0,
    0x0, 0x0, 0x0, 0x0, 0x0, 0x0, 0x0, 0x0,
    0x0, 0x68, 0x88, 0x88, 0x88, 0x88, 0x88, 0x88,
    0x88, 0x87, 0xb, 0xff, 0xff, 0xff, 0xff, 0xff,
    0xff, 0xff, 0xff, 0xe0, 0x0, 0x0, 0xb, 0xe0,
    0x0, 0x3f, 0x40, 0x0, 0x0, 0x0, 0x0, 0x0,
    0xdb, 0x0, 0x3, 0xf4, 0x0, 0x0, 0x0, 0x0,
    0x0, 0xf, 0x90, 0x0, 0x3f, 0x40, 0x0, 0x0,
    0x0, 0x0, 0x5, 0xf5, 0x0, 0x3, 0xf4, 0x0,
    0x0, 0x0, 0x0, 0x0, 0xae, 0x0, 0x0, 0x3f,
    0x40, 0x0, 0x29, 0x10, 0x0, 0x5f, 0x80, 0x0,
    0x3, 0xf4, 0x0, 0x3, 0xf2, 0x0, 0x3f, 0xc0,
    0x0, 0x0, 0x3f, 0x40, 0x0, 0x5f, 0x11, 0x8f,
    0xd1, 0x0, 0x0, 0x2, 0xfb, 0x66, 0x6c, 0xd0,
    0xaf, 0x90, 0x0, 0x0, 0x0, 0xa, 0xff, 0xff,
    0xe4, 0x0, 0x10, 0x0, 0x0, 0x0, 0x0, 0x0,
    0x0, 0x0, 0x0,

    /* U+5148 "先" */
    0x0, 0x0, 0x30, 0x0, 0x8b, 0x0, 0x0, 0x0,
    0x0, 0x0, 0x0, 0x3f, 0x60, 0xa, 0xd0, 0x0,
    0x0, 0x0, 0x0, 0x0, 0x8, 0xf2, 0x0, 0xad,
    0x0, 0x0, 0x0, 0x0, 0x0, 0x0, 0xdf, 0x77,
    0x7d, 0xe7, 0x77, 0x77, 0x73, 0x0, 0x0, 0x4f,
    0xff, 0xff, 0xff, 0xff, 0xff, 0xff, 0x70, 0x0,
    0xc, 0xe0, 0x0, 0xa, 0xd0, 0x0, 0x0, 0x0,
    0x0, 0x6, 0xf6, 0x0, 0x0, 0xad, 0x0, 0x0,
    0x0, 0x0, 0x0, 0x59, 0x0, 0x0, 0xa, 0xd0,
    0x0, 0x0, 0x0, 0x0, 0x23, 0x33, 0x33, 0x33,
    0xbe, 0x33, 0x33, 0x33, 0x32, 0xa, 0xff, 0xff,
    0xff, 0xff, 0xff, 0xff, 0xff, 0xff, 0xe0, 0x24,
    0x44, 0x4a, 0xf4, 0x44, 0x4f, 0x94, 0x44, 0x43,
    0x0, 0x0, 0x0, 0xae, 0x0, 0x0, 0xf6, 0x0,
    0x0, 0x0, 0x0, 0x0, 0xd, 0xb0, 0x0, 0xf,
    0x60, 0x0, 0x0, 0x0, 0x0, 0x4, 0xf5, 0x0,
    0x0, 0xf6, 0x0, 0x0, 0x10, 0x0, 0x0, 0xce,
    0x0, 0x0, 0xf, 0x60, 0x0, 0x3f, 0x20, 0x0,
    0xcf, 0x50, 0x0, 0x0, 0xf7, 0x0, 0x4, 0xf1,
    0x6, 0xef, 0x50, 0x0, 0x0, 0xf, 0xc7, 0x67,
    0xce, 0xa, 0xfc, 0x30, 0x0, 0x0, 0x0, 0x8f,
    0xff, 0xfe, 0x50, 0x3, 0x0, 0x0, 0x0, 0x0,
    0x0, 0x0, 0x0, 0x0, 0x0,

    /* U+5165 "入" */
    0x0, 0x0, 0x0, 0x10, 0x0, 0x0, 0x0, 0x0,
    0x0, 0x0, 0x0, 0x0, 0x0, 0xcb, 0x10, 0x0,
    0x0, 0x0, 0x0, 0x0, 0x0, 0x0, 0x0, 0x6f,
    0xd1, 0x0, 0x0, 0x0, 0x0, 0x0, 0x0, 0x0,
    0x0, 0x4, 0xfb, 0x0, 0x0, 0x0, 0x0, 0x0,
    0x0, 0x0, 0x0, 0x0, 0x7f, 0x70, 0x0, 0x0,
    0x0, 0x0, 0x0, 0x0, 0x0, 0x0, 0xf, 0xf1,
    0x0, 0x0, 0x0, 0x0, 0x0, 0x0, 0x0, 0x0,
    0x4f, 0xfa, 0x0, 0x0, 0x0, 0x0, 0x0, 0x0,
    0x0, 0x0, 0x9f, 0xbf, 0x30, 0x0, 0x0, 0x0,
    0x0, 0x0, 0x0, 0x0, 0xed, 0xe, 0xb0, 0x0,
    0x0, 0x0, 0x0, 0x0, 0x0, 0x4, 0xf7, 0x7,
    0xf4, 0x0, 0x0, 0x0, 0x0, 0x0, 0x0, 0xc,
    0xf1, 0x0, 0xed, 0x0, 0x0, 0x0, 0x0, 0x0,
    0x0, 0x5f, 0x90, 0x0, 0x6f, 0x70, 0x0, 0x0,
    0x0, 0x0, 0x0, 0xdf, 0x10, 0x0, 0xe, 0xf1,
    0x0, 0x0, 0x0, 0x0, 0xb, 0xf7, 0x0, 0x0,
    0x5, 0xfb, 0x0, 0x0, 0x0, 0x0, 0x9f, 0xa0,
    0x0, 0x0, 0x0, 0x9f, 0x90, 0x0, 0x0, 0x9,
    0xfc, 0x0, 0x0, 0x0, 0x0, 0xd, 0xfa, 0x0,
    0x3, 0xdf, 0xc1, 0x0, 0x0, 0x0, 0x0, 0x2,
    0xdf, 0xd1, 0xc, 0xf8, 0x0, 0x0, 0x0, 0x0,
    0x0, 0x0, 0x1b, 0xe0, 0x0, 0x30, 0x0, 0x0,
    0x0, 0x0, 0x0, 0x0, 0x0, 0x20,

    /* U+5168 "全" */
    0x0, 0x0, 0x0, 0x0, 0x4, 0xc2, 0x0, 0x0,
    0x0, 0x0, 0x0, 0x0, 0x0, 0x0, 0x2e, 0xf6,
    0x0, 0x0, 0x0, 0x0, 0x0, 0x0, 0x0, 0x1,
    0xdd, 0x9f, 0x50, 0x0, 0x0, 0x0, 0x0, 0x0,
    0x0, 0x1d, 0xe2, 0x8, 0xf6, 0x0, 0x0, 0x0,
    0x0, 0x0, 0x2, 0xde, 0x20, 0x0, 0x8f, 0x90,
    0x0, 0x0, 0x0, 0x0, 0x6f, 0xd2, 0x0, 0x0,
    0x7, 0xfc, 0x30, 0x0, 0x0, 0x2b, 0xfa, 0x0,
    0x0, 0x0, 0x0, 0x3e, 0xf9, 0x0, 0x9, 0xff,
    0xb6, 0x66, 0x66, 0x66, 0x66, 0x67, 0xdf, 0xe4,
    0xa, 0x91, 0xcf, 0xff, 0xff, 0xff, 0xff, 0xff,
    0x55, 0xe3, 0x0, 0x0, 0x0, 0x0, 0x8, 0xf0,
    0x0, 0x0, 0x0, 0x0, 0x0, 0x0, 0x0, 0x0,
    0x8, 0xf0, 0x0, 0x0, 0x0, 0x0, 0x0, 0x0,
    0x0, 0x0, 0x8, 0xf0, 0x0, 0x0, 0x0, 0x0,
    0x0, 0x0, 0xaf, 0xff, 0xff, 0xff, 0xff, 0xff,
    0x50, 0x0, 0x0, 0x0, 0x45, 0x55, 0x5b, 0xf5,
    0x55, 0x55, 0x20, 0x0, 0x0, 0x0, 0x0, 0x0,
    0x8, 0xf0, 0x0, 0x0, 0x0, 0x0, 0x0, 0x0,
    0x0, 0x0, 0x8, 0xf0, 0x0, 0x0, 0x0, 0x0,
    0x1, 0x55, 0x55, 0x55, 0x5b, 0xf5, 0x55, 0x55,
    0x55, 0x40, 0x4, 0xff, 0xff, 0xff, 0xff, 0xff,
    0xff, 0xff, 0xff, 0xc0,

    /* U+516B "八" */
    0x0, 0x0, 0x0, 0x0, 0x0, 0x0, 0x41, 0x0,
    0x0, 0x0, 0x0, 0x0, 0x0, 0xc8, 0x0, 0x3,
    0xf4, 0x0, 0x0, 0x0, 0x0, 0x0, 0x0, 0xf9,
    0x0, 0x1, 0xf5, 0x0, 0x0, 0x0, 0x0, 0x0,
    0x2, 0xf7, 0x0, 0x0, 0xf7, 0x0, 0x0, 0x0,
    0x0, 0x0, 0x3, 0xf5, 0x0, 0x0, 0xd9, 0x0,
    0x0, 0x0, 0x0, 0x0, 0x5, 0xf3, 0x0, 0x0,
    0xbc, 0x0, 0x0, 0x0, 0x0, 0x0, 0x9, 0xf0,
    0x0, 0x0, 0x8f, 0x0, 0x0, 0x0, 0x0, 0x0,
    0xc, 0xc0, 0x0, 0x0, 0x4f, 0x30, 0x0, 0x0,
    0x0, 0x0, 0xf, 0x90, 0x0, 0x0, 0xf, 0x80,
    0x0, 0x0, 0x0, 0x0, 0x3f, 0x50, 0x0, 0x0,
    0xb, 0xd0, 0x0, 0x0, 0x0, 0x0, 0x9f, 0x10,
    0x0, 0x0, 0x6, 0xf3, 0x0, 0x0, 0x0, 0x1,
    0xfa, 0x0, 0x0, 0x0, 0x0, 0xfb, 0x0, 0x0,
    0x0, 0x7, 0xf3, 0x0, 0x0, 0x0, 0x0, 0x9f,
    0x30, 0x0, 0x0, 0xe, 0xc0, 0x0, 0x0, 0x0,
    0x0, 0x1f, 0xc0, 0x0, 0x0, 0x9f, 0x40, 0x0,
    0x0, 0x0, 0x0, 0x6, 0xf8, 0x0, 0x7, 0xf9,
    0x0, 0x0, 0x0, 0x0, 0x0, 0x0, 0xbf, 0x70,
    0x2f, 0xb0, 0x0, 0x0, 0x0, 0x0, 0x0, 0x0,
    0xc, 0xf2, 0x3, 0x0, 0x0, 0x0, 0x0, 0x0,
    0x0, 0x0, 0x0, 0x30,

    /* U+516C "公" */
    0x0, 0x0, 0x1, 0x0, 0x0, 0x1, 0x20, 0x0,
    0x0, 0x0, 0x0, 0x0, 0xdd, 0x0, 0x0, 0xec,
    0x0, 0x0, 0x0, 0x0, 0x0, 0x5f, 0x70, 0x0,
    0x6, 0xf6, 0x0, 0x0, 0x0, 0x0, 0xd, 0xe0,
    0x0, 0x0, 0xc, 0xf2, 0x0, 0x0, 0x0, 0x8,
    0xf5, 0x0, 0x0, 0x0, 0x2f, 0xc0, 0x0, 0x0,
    0x3, 0xfb, 0x0, 0x0, 0x0, 0x0, 0x7f, 0x90,
    0x0, 0x1, 0xee, 0x10, 0x0, 0x83, 0x0, 0x0,
    0xaf, 0x80, 0x2, 0xdf, 0x40, 0x0, 0x6f, 0x90,
    0x0, 0x0, 0xcf, 0x80, 0xaf, 0x50, 0x0, 0xe,
    0xe1, 0x0, 0x0, 0x1, 0xdd, 0x10, 0x30, 0x0,
    0x8, 0xf5, 0x0, 0x0, 0x0, 0x1, 0x10, 0x0,
    0x0, 0x2, 0xfc, 0x0, 0x0, 0x0, 0x0, 0x0,
    0x0, 0x0, 0x0, 0xcf, 0x20, 0x0, 0x7f, 0x20,
    0x0, 0x0, 0x0, 0x0, 0x7f, 0x60, 0x0, 0x1,
    0xed, 0x0, 0x0, 0x0, 0x0, 0x3f, 0xa0, 0x0,
    0x0, 0x4, 0xfa, 0x0, 0x0, 0x0, 0x1e, 0xd0,
    0x0, 0x0, 0x1, 0x2a, 0xf6, 0x0, 0x0, 0x2d,
    0xfd, 0xcd, 0xde, 0xff, 0xff, 0xff, 0xf2, 0x0,
    0x0, 0xff, 0xec, 0xba, 0x98, 0x76, 0x53, 0x4f,
    0xc0, 0x0, 0x1, 0x0, 0x0, 0x0, 0x0, 0x0,
    0x0, 0x9f, 0x30, 0x0, 0x0, 0x0, 0x0, 0x0,
    0x0, 0x0, 0x1, 0x20, 0x0,

    /* U+516D "六" */
    0x0, 0x0, 0x0, 0x0, 0x48, 0x0, 0x0, 0x0,
    0x0, 0x0, 0x0, 0x0, 0x0, 0x0, 0x8f, 0x40,
    0x0, 0x0, 0x0, 0x0, 0x0, 0x0, 0x0, 0x0,
    0x1f, 0xc0, 0x0, 0x0, 0x0, 0x0, 0x0, 0x0,
    0x0, 0x0, 0xa, 0xf3, 0x0, 0x0, 0x0, 0x0,
    0x0, 0x0, 0x0, 0x0, 0x3, 0xd4, 0x0, 0x0,
    0x0, 0x0, 0x6, 0x77, 0x77, 0x77, 0x78, 0x87,
    0x77, 0x77, 0x77, 0x70, 0xd, 0xff, 0xff, 0xff,
    0xff, 0xff, 0xff, 0xff, 0xff, 0xe0, 0x0, 0x0,
    0x0, 0x0, 0x0, 0x0, 0x0, 0x0, 0x0, 0x0,
    0x0, 0x0, 0x0, 0x0, 0x0, 0x0, 0x0, 0x0,
    0x0, 0x0, 0x0, 0x0, 0x0, 0x83, 0x0, 0x0,
    0x58, 0x0, 0x0, 0x0, 0x0, 0x0, 0x7, 0xf7,
    0x0, 0x0, 0x7f, 0x60, 0x0, 0x0, 0x0, 0x0,
    0x1f, 0xe0, 0x0, 0x0, 0xc, 0xf2, 0x0, 0x0,
    0x0, 0x0, 0x9f, 0x50, 0x0, 0x0, 0x2, 0xfc,
    0x0, 0x0, 0x0, 0x2, 0xfc, 0x0, 0x0, 0x0,
    0x0, 0x7f, 0x70, 0x0, 0x0, 0xc, 0xf3, 0x0,
    0x0, 0x0, 0x0, 0xc, 0xf2, 0x0, 0x0, 0x8f,
    0x90, 0x0, 0x0, 0x0, 0x0, 0x3, 0xfc, 0x0,
    0x5, 0xfd, 0x0, 0x0, 0x0, 0x0, 0x0, 0x0,
    0x9f, 0x60, 0xc, 0xf2, 0x0, 0x0, 0x0, 0x0,
    0x0, 0x0, 0x1e, 0xb0, 0x0, 0x30, 0x0, 0x0,
    0x0, 0x0, 0x0, 0x0, 0x2, 0x0,

    /* U+5173 "关" */
    0x0, 0x0, 0x61, 0x0, 0x0, 0x0, 0x7, 0x50,
    0x0, 0x0, 0x0, 0x1e, 0xb0, 0x0, 0x0, 0x2,
    0xfa, 0x0, 0x0, 0x0, 0x0, 0x4f, 0x60, 0x0,
    0x0, 0xaf, 0x10, 0x0, 0x0, 0x0, 0x0, 0xcd,
    0x0, 0x0, 0x3f, 0x60, 0x0, 0x0, 0x1, 0x88,
    0x8b, 0xa8, 0x88, 0x8d, 0xf8, 0x88, 0x70, 0x0,
    0x3f, 0xff, 0xff, 0xff, 0xff, 0xff, 0xff, 0xfc,
    0x0, 0x0, 0x0, 0x0, 0x0, 0x8f, 0x20, 0x0,
    0x0, 0x0, 0x0, 0x0, 0x0, 0x0, 0x8, 0xf2,
    0x0, 0x0, 0x0, 0x0, 0x0, 0x0, 0x0, 0x0,
    0x9f, 0x20, 0x0, 0x0, 0x0, 0x3, 0x77, 0x77,
    0x77, 0x7c, 0xf8, 0x77, 0x77, 0x77, 0x70, 0x6f,
    0xff, 0xff, 0xff, 0xff, 0xff, 0xff, 0xff, 0xfe,
    0x0, 0x0, 0x0, 0x0, 0x2f, 0xfd, 0x0, 0x0,
    0x0, 0x0, 0x0, 0x0, 0x0, 0x9, 0xf8, 0xf8,
    0x0, 0x0, 0x0, 0x0, 0x0, 0x0, 0x6, 0xfc,
    0x9, 0xf5, 0x0, 0x0, 0x0, 0x0, 0x0, 0x6,
    0xfe, 0x10, 0xc, 0xf6, 0x0, 0x0, 0x0, 0x0,
    0x2b, 0xfd, 0x20, 0x0, 0xc, 0xfb, 0x20, 0x0,
    0x3, 0xaf, 0xf8, 0x0, 0x0, 0x0, 0x9, 0xff,
    0xa4, 0x7, 0xff, 0xa2, 0x0, 0x0, 0x0, 0x0,
    0x3, 0xbf, 0xf2, 0x6, 0x10, 0x0, 0x0, 0x0,
    0x0, 0x0, 0x0, 0x23, 0x0,

    /* U+5174 "兴" */
    0x0, 0x0, 0x0, 0x2, 0x40, 0x0, 0x0, 0x0,
    0x0, 0x0, 0x0, 0x0, 0x0, 0xae, 0x0, 0x0,
    0x0, 0x3, 0xc5, 0x7, 0xc0, 0x0, 0x3, 0xf6,
    0x0, 0x0, 0x0, 0xbf, 0x30, 0x4f, 0x70, 0x0,
    0xc, 0xe0, 0x0, 0x0, 0x3f, 0xa0, 0x0, 0xaf,
    0x10, 0x0, 0x6f, 0x30, 0x0, 0xb, 0xf2, 0x0,
    0x1, 0xf9, 0x0, 0x1, 0xf8, 0x0, 0x4, 0xf8,
    0x0, 0x0, 0xa, 0xf1, 0x0, 0xc, 0x90, 0x0,
    0xde, 0x0, 0x0, 0x0, 0x3f, 0x70, 0x0, 0x0,
    0x0, 0x7f, 0x50, 0x0, 0x0, 0x0, 0x30, 0x0,
    0x0, 0x0, 0x1e, 0xa0, 0x0, 0x0, 0x22, 0x22,
    0x22, 0x22, 0x22, 0x22, 0x33, 0x22, 0x22, 0xe,
    0xff, 0xff, 0xff, 0xff, 0xff, 0xff, 0xff, 0xff,
    0xe0, 0x34, 0x44, 0x44, 0x44, 0x44, 0x44, 0x44,
    0x44, 0x43, 0x0, 0x0, 0x1, 0x82, 0x0, 0x0,
    0x17, 0x0, 0x0, 0x0, 0x0, 0x0, 0xcf, 0x30,
    0x0, 0x5, 0xfb, 0x0, 0x0, 0x0, 0x0, 0xaf,
    0x50, 0x0, 0x0, 0x5, 0xfc, 0x10, 0x0, 0x0,
    0xbf, 0x80, 0x0, 0x0, 0x0, 0x4, 0xfd, 0x10,
    0x2, 0xdf, 0x70, 0x0, 0x0, 0x0, 0x0, 0x4,
    0xfd, 0x10, 0xcf, 0x50, 0x0, 0x0, 0x0, 0x0,
    0x0, 0x5, 0xfa, 0x1, 0x30, 0x0, 0x0, 0x0,
    0x0, 0x0, 0x0, 0x4, 0x0,

    /* U+518D "再" */
    0x3, 0x66, 0x66, 0x66, 0x66, 0x66, 0x66, 0x66,
    0x66, 0x30, 0x7, 0xff, 0xff, 0xff, 0xff, 0xff,
    0xff, 0xff, 0xff, 0x70, 0x0, 0x0, 0x0, 0x0,
    0xd, 0xa0, 0x0, 0x0, 0x0, 0x0, 0x0, 0x2,
    0x33, 0x33, 0x3e, 0xb3, 0x33, 0x33, 0x20, 0x0,
    0x0, 0xd, 0xff, 0xff, 0xff, 0xff, 0xff, 0xff,
    0xc0, 0x0, 0x0, 0xd, 0xb2, 0x22, 0x2d, 0xb2,
    0x22, 0x2b, 0xc0, 0x0, 0x0, 0xd, 0xa0, 0x0,
    0xd, 0xa0, 0x0, 0xa, 0xc0, 0x0, 0x0, 0xd,
    0xc5, 0x55, 0x5e, 0xc5, 0x55, 0x5c, 0xc0, 0x0,
    0x0, 0xd, 0xff, 0xff, 0xff, 0xff, 0xff, 0xff,
    0xc0, 0x0, 0x0, 0xd, 0xa0, 0x0, 0xd, 0xa0,
    0x0, 0xa, 0xc0, 0x0, 0x0, 0xd, 0xa0, 0x0,
    0xd, 0xa0, 0x0, 0xa, 0xc0, 0x0, 0x17, 0x7e,
    0xc7, 0x77, 0x7e, 0xd7, 0x77, 0x7d, 0xe7, 0x71,
    0x3f, 0xff, 0xff, 0xff, 0xff, 0xff, 0xff, 0xff,
    0xff, 0xf3, 0x0, 0xd, 0xa0, 0x0, 0x0, 0x0,
    0x0, 0xa, 0xc0, 0x0, 0x0, 0xd, 0xa0, 0x0,
    0x0, 0x0, 0x0, 0xa, 0xc0, 0x0, 0x0, 0xd,
    0xa0, 0x0, 0x0, 0x0, 0x0, 0xa, 0xc0, 0x0,
    0x0, 0xd, 0xa0, 0x0, 0x0, 0x0, 0x76, 0x6d,
    0xb0, 0x0, 0x0, 0xd, 0xa0, 0x0, 0x0, 0x0,
    0xbf, 0xec, 0x40, 0x0,

    /* U+51E0 "几" */
    0x0, 0x0, 0x7, 0x88, 0x88, 0x88, 0x88, 0x40,
    0x0, 0x0, 0x0, 0x0, 0xe, 0xff, 0xff, 0xff,
    0xff, 0x80, 0x0, 0x0, 0x0, 0x0, 0xe, 0xa0,
    0x0, 0x0, 0xf, 0x80, 0x0, 0x0, 0x0, 0x0,
    0xe, 0xa0, 0x0, 0x0, 0xf, 0x80, 0x0, 0x0,
    0x0, 0x0, 0xe, 0xa0, 0x0, 0x0, 0xf, 0x80,
    0x0, 0x0, 0x0, 0x0, 0xe, 0xa0, 0x0, 0x0,
    0xf, 0x80, 0x0, 0x0, 0x0, 0x0, 0xe, 0xa0,
    0x0, 0x0, 0xf, 0x80, 0x0, 0x0, 0x0, 0x0,
    0xf, 0x90, 0x0, 0x0, 0xf, 0x80, 0x0, 0x0,
    0x0, 0x0, 0xf, 0x80, 0x0, 0x0, 0xf, 0x80,
    0x0, 0x0, 0x0, 0x0, 0x2f, 0x60, 0x0, 0x0,
    0xf, 0x80, 0x0, 0x0, 0x0, 0x0, 0x5f, 0x30,
    0x0, 0x0, 0xf, 0x80, 0x0, 0x0, 0x0, 0x0,
    0x9f, 0x0, 0x0, 0x0, 0xf, 0x80, 0x0, 0x0,
    0x0, 0x1, 0xfb, 0x0, 0x0, 0x0, 0xf, 0x80,
    0x2, 0xd2, 0x0, 0x8, 0xf3, 0x0, 0x0, 0x0,
    0xf, 0x80, 0x3, 0xf3, 0x0, 0x3f, 0xb0, 0x0,
    0x0, 0x0, 0xf, 0x80, 0x4, 0xf1, 0x2, 0xee,
    0x20, 0x0, 0x0, 0x0, 0xe, 0xd7, 0x7c, 0xe0,
    0xd, 0xe3, 0x0, 0x0, 0x0, 0x0, 0x7, 0xff,
    0xfe, 0x60, 0x1, 0x20, 0x0, 0x0, 0x0, 0x0,
    0x0, 0x0, 0x0, 0x0,

    /* U+51FA "出" */
    0x0, 0x0, 0x0, 0xb, 0x80, 0x0, 0x0, 0x0,
    0x0, 0x0, 0x0, 0xe, 0xb0, 0x0, 0x0, 0x0,
    0xf, 0x80, 0x0, 0xe, 0xb0, 0x0, 0x8, 0xf1,
    0xf, 0x80, 0x0, 0xe, 0xb0, 0x0, 0x8, 0xf1,
    0xf, 0x80, 0x0, 0xe, 0xb0, 0x0, 0x8, 0xf1,
    0xf, 0x80, 0x0, 0xe, 0xb0, 0x0, 0x8, 0xf1,
    0xf, 0x80, 0x0, 0xe, 0xb0, 0x0, 0x8, 0xf1,
    0xf, 0xc8, 0x88, 0x8f, 0xd8, 0x88, 0x8c, 0xf1,
    0xf, 0xff, 0xff, 0xff, 0xff, 0xff, 0xff, 0xf1,
    0x0, 0x0, 0x0, 0xe, 0xb0, 0x0, 0x0, 0x0,
    0x54, 0x0, 0x0, 0xe, 0xb0, 0x0, 0x0, 0x45,
    0xeb, 0x0, 0x0, 0xe, 0xb0, 0x0, 0x0, 0xbe,
    0xeb, 0x0, 0x0, 0xe, 0xb0, 0x0, 0x0, 0xbe,
    0xeb, 0x0, 0x0, 0xe, 0xb0, 0x0, 0x0, 0xbe,
    0xeb, 0x0, 0x0, 0xe, 0xb0, 0x0, 0x0, 0xbe,
    0xeb, 0x0, 0x0, 0xe, 0xb0, 0x0, 0x0, 0xbe,
    0xef, 0xff, 0xff, 0xff, 0xff, 0xff, 0xff, 0xfe,
    0x67, 0x77, 0x77, 0x77, 0x77, 0x77, 0x77, 0xde,
    0x0, 0x0, 0x0, 0x0, 0x0, 0x0, 0x0, 0xbe,

    /* U+5207 "切" */
    0x0, 0x0, 0x0, 0x0, 0x0, 0x0, 0x0, 0x0,
    0x0, 0x0, 0x0, 0xe8, 0x0, 0x0, 0x0, 0x0,
    0x0, 0x0, 0x0, 0x0, 0xe, 0x80, 0x0, 0xbf,
    0xff, 0xff, 0xff, 0xff, 0xa0, 0x0, 0xe8, 0x0,
    0x4, 0x66, 0xbf, 0x66, 0x66, 0xea, 0x0, 0xe,
    0x80, 0x0, 0x0, 0x8, 0xf0, 0x0, 0xe, 0x90,
    0x0, 0xeb, 0x9d, 0xf7, 0x0, 0x9e, 0x0, 0x0,
    0xe9, 0x5c, 0xff, 0xfc, 0x85, 0x10, 0xa, 0xd0,
    0x0, 0xf, 0x84, 0x96, 0xf8, 0x0, 0x0, 0x0,
    0xbc, 0x0, 0x0, 0xf8, 0x0, 0xe, 0x80, 0x0,
    0x0, 0xd, 0xa0, 0x0, 0xf, 0x70, 0x0, 0xe8,
    0x0, 0x0, 0x0, 0xf7, 0x0, 0x1, 0xf6, 0x0,
    0xe, 0x80, 0x0, 0x0, 0x3f, 0x40, 0x0, 0x2f,
    0x60, 0x0, 0xe8, 0x0, 0x55, 0x7, 0xf1, 0x0,
    0x3, 0xf5, 0x0, 0xf, 0x98, 0xef, 0x70, 0xdd,
    0x0, 0x0, 0x4f, 0x40, 0x5, 0xff, 0xe8, 0x10,
    0x4f, 0x60, 0x0, 0x6, 0xf2, 0x0, 0x8e, 0x60,
    0x0, 0x1e, 0xd0, 0x0, 0x0, 0x8f, 0x10, 0x1,
    0x0, 0x0, 0xc, 0xf4, 0x0, 0x0, 0xb, 0xe0,
    0x0, 0x0, 0x0, 0x3d, 0xf6, 0x0, 0x38, 0x79,
    0xfa, 0x0, 0x0, 0x0, 0x7, 0xe4, 0x0, 0x2,
    0xff, 0xfb, 0x10, 0x0, 0x0, 0x0, 0x0, 0x0,
    0x0, 0x0, 0x0, 0x0, 0x0,

    /* U+521D "初" */
    0x0, 0x4, 0x70, 0x0, 0x0, 0x0, 0x0, 0x0,
    0x0, 0x0, 0x0, 0x5f, 0x40, 0x1, 0x11, 0x11,
    0x11, 0x11, 0x10, 0x0, 0x0, 0xbd, 0x0, 0xbf,
    0xff, 0xff, 0xff, 0xff, 0x70, 0x34, 0x46, 0x84,
    0x14, 0x55, 0xaf, 0x65, 0x56, 0xf6, 0xe, 0xff,
    0xff, 0xfc, 0x0, 0x8, 0xf0, 0x0, 0x1f, 0x60,
    0x11, 0x11, 0x4f, 0x60, 0x0, 0x9f, 0x0, 0x1,
    0xf5, 0x0, 0x0, 0xb, 0xd0, 0x0, 0xa, 0xd0,
    0x0, 0x2f, 0x50, 0x0, 0x6, 0xf3, 0x21, 0x0,
    0xbc, 0x0, 0x2, 0xf4, 0x0, 0x3, 0xfa, 0x1e,
    0x80, 0xe, 0xa0, 0x0, 0x3f, 0x30, 0x2, 0xef,
    0xfe, 0x90, 0x1, 0xf7, 0x0, 0x4, 0xf3, 0x2,
    0xee, 0xfd, 0xf4, 0x0, 0x4f, 0x30, 0x0, 0x5f,
    0x21, 0xfd, 0x2f, 0x88, 0xf3, 0x8, 0xf0, 0x0,
    0x6, 0xf1, 0x8, 0x10, 0xf8, 0xa, 0x10, 0xec,
    0x0, 0x0, 0x7f, 0x0, 0x0, 0xf, 0x80, 0x0,
    0x6f, 0x40, 0x0, 0x8, 0xf0, 0x0, 0x0, 0xf8,
    0x0, 0xd, 0xd0, 0x0, 0x0, 0xad, 0x0, 0x0,
    0xf, 0x80, 0xb, 0xf5, 0x0, 0x0, 0xe, 0xa0,
    0x0, 0x0, 0xf8, 0xa, 0xf8, 0x0, 0x56, 0x6a,
    0xf6, 0x0, 0x0, 0xf, 0x80, 0x8a, 0x0, 0x8,
    0xff, 0xe9, 0x0, 0x0, 0x0, 0x10, 0x0, 0x0,
    0x0, 0x0, 0x0, 0x0, 0x0,

    /* U+5229 "利" */
    0x0, 0x0, 0x0, 0x0, 0x32, 0x0, 0x0, 0x0,
    0x3, 0x10, 0x0, 0x2, 0x59, 0xef, 0xd0, 0x0,
    0x0, 0x1, 0xf6, 0xa, 0xcf, 0xff, 0xe8, 0x40,
    0x0, 0x31, 0x0, 0x1f, 0x60, 0x87, 0x42, 0xda,
    0x0, 0x0, 0x2f, 0x40, 0x1, 0xf6, 0x0, 0x0,
    0xd, 0xa0, 0x0, 0x2, 0xf4, 0x0, 0x1f, 0x60,
    0x0, 0x0, 0xda, 0x0, 0x0, 0x2f, 0x40, 0x1,
    0xf6, 0x8, 0x88, 0x8e, 0xd8, 0x88, 0x42, 0xf4,
    0x0, 0x1f, 0x60, 0xdd, 0xdd, 0xff, 0xdd, 0xd6,
    0x2f, 0x40, 0x1, 0xf6, 0x0, 0x0, 0x7f, 0xa0,
    0x0, 0x2, 0xf4, 0x0, 0x1f, 0x60, 0x0, 0xe,
    0xfd, 0x10, 0x0, 0x2f, 0x40, 0x1, 0xf6, 0x0,
    0x7, 0xee, 0xfe, 0x30, 0x2, 0xf4, 0x0, 0x1f,
    0x60, 0x1, 0xe6, 0xda, 0xaf, 0x50, 0x2f, 0x40,
    0x1, 0xf6, 0x0, 0xae, 0xd, 0xa0, 0xaf, 0x32,
    0xf4, 0x0, 0x1f, 0x60, 0x6f, 0x50, 0xda, 0x0,
    0x70, 0x1d, 0x40, 0x1, 0xf6, 0x3f, 0xb0, 0xd,
    0xa0, 0x0, 0x0, 0x0, 0x0, 0x1f, 0x61, 0xc1,
    0x0, 0xda, 0x0, 0x0, 0x0, 0x0, 0x1, 0xf6,
    0x0, 0x0, 0xd, 0xa0, 0x0, 0x0, 0x0, 0x0,
    0x1f, 0x60, 0x0, 0x0, 0xda, 0x0, 0x0, 0x0,
    0x57, 0x79, 0xf5, 0x0, 0x0, 0xc, 0xa0, 0x0,
    0x0, 0x7, 0xff, 0xea, 0x0, 0x0, 0x0, 0x0,
    0x0, 0x0, 0x0, 0x0, 0x0, 0x0,

    /* U+5230 "到" */
    0x0, 0x0, 0x0, 0x0, 0x0, 0x0, 0x0, 0x0,
    0x73, 0x27, 0x77, 0x77, 0x77, 0x77, 0x70, 0x10,
    0x0, 0xf7, 0x4d, 0xde, 0xfe, 0xdd, 0xdd, 0xc0,
    0xf6, 0x0, 0xf7, 0x0, 0x8, 0xf1, 0x4, 0x0,
    0x0, 0xf6, 0x0, 0xf7, 0x0, 0x1f, 0x70, 0xd,
    0xa0, 0x0, 0xf6, 0x0, 0xf7, 0x0, 0xad, 0x0,
    0x3, 0xf6, 0x0, 0xf6, 0x0, 0xf7, 0x7, 0xfa,
    0x89, 0xbc, 0xff, 0x20, 0xf6, 0x0, 0xf7, 0xa,
    0xfe, 0xca, 0x97, 0x6d, 0xb0, 0xf6, 0x0, 0xf7,
    0x1, 0x0, 0x7, 0x40, 0x3, 0x20, 0xf6, 0x0,
    0xf7, 0x0, 0x0, 0xe, 0x80, 0x0, 0x0, 0xf6,
    0x0, 0xf7, 0x4, 0x55, 0x5f, 0xb5, 0x55, 0x20,
    0xf6, 0x0, 0xf7, 0xd, 0xff, 0xff, 0xff, 0xff,
    0x80, 0xf6, 0x0, 0xf7, 0x0, 0x0, 0xe, 0x80,
    0x0, 0x0, 0xf6, 0x0, 0xf7, 0x0, 0x0, 0xe,
    0x80, 0x0, 0x0, 0xf6, 0x0, 0xf7, 0x0, 0x0,
    0xe, 0x81, 0x47, 0x70, 0x0, 0x0, 0xf7, 0x1,
    0x46, 0x9f, 0xff, 0xfc, 0x70, 0x0, 0x0, 0xf7,
    0x6f, 0xfe, 0xb8, 0x52, 0x0, 0x0, 0x7, 0x77,
    0xf6, 0x14, 0x10, 0x0, 0x0, 0x0, 0x0, 0xb,
    0xff, 0xb1, 0x0, 0x0, 0x0, 0x0, 0x0, 0x0,
    0x0, 0x0, 0x0,

    /* U+529B "力" */
    0x0, 0x0, 0x0, 0x0, 0xb8, 0x0, 0x0, 0x0,
    0x0, 0x0, 0x0, 0x0, 0x0, 0xe, 0xa0, 0x0,
    0x0, 0x0, 0x0, 0x0, 0x0, 0x0, 0x0, 0xea,
    0x0, 0x0, 0x0, 0x0, 0x0, 0x0, 0x0, 0x0,
    0xe, 0xa0, 0x0, 0x0, 0x0, 0x0, 0x3, 0x77,
    0x77, 0x77, 0xfd, 0x77, 0x77, 0x77, 0x77, 0x0,
    0x7f, 0xff, 0xff, 0xff, 0xff, 0xff, 0xff, 0xff,
    0xf0, 0x0, 0x0, 0x0, 0x1, 0xf8, 0x0, 0x0,
    0x0, 0xae, 0x0, 0x0, 0x0, 0x0, 0x3f, 0x50,
    0x0, 0x0, 0xa, 0xd0, 0x0, 0x0, 0x0, 0x6,
    0xf3, 0x0, 0x0, 0x0, 0xbc, 0x0, 0x0, 0x0,
    0x0, 0xbf, 0x0, 0x0, 0x0, 0xd, 0xb0, 0x0,
    0x0, 0x0, 0x1f, 0x90, 0x0, 0x0, 0x0, 0xe9,
    0x0, 0x0, 0x0, 0x8, 0xf3, 0x0, 0x0, 0x0,
    0xf, 0x80, 0x0, 0x0, 0x2, 0xfc, 0x0, 0x0,
    0x0, 0x1, 0xf6, 0x0, 0x0, 0x0, 0xcf, 0x30,
    0x0, 0x0, 0x0, 0x4f, 0x40, 0x0, 0x0, 0xaf,
    0x70, 0x0, 0x0, 0x0, 0x7, 0xf2, 0x0, 0x1,
    0xbf, 0x90, 0x0, 0x0, 0x0, 0x0, 0xce, 0x0,
    0x4, 0xef, 0x80, 0x0, 0x0, 0x8, 0x77, 0xaf,
    0x90, 0x0, 0xae, 0x40, 0x0, 0x0, 0x0, 0xdf,
    0xff, 0xb1, 0x0, 0x0, 0x0, 0x0, 0x0, 0x0,
    0x0, 0x0, 0x0, 0x0, 0x0,

    /* U+52A0 "加" */
    0x0, 0x0, 0x83, 0x0, 0x0, 0x0, 0x0, 0x0,
    0x0, 0x0, 0x0, 0x1f, 0x50, 0x0, 0x0, 0x0,
    0x0, 0x0, 0x0, 0x0, 0x1, 0xf5, 0x0, 0x0,
    0x2, 0x55, 0x55, 0x55, 0x20, 0x0, 0x1f, 0x50,
    0x0, 0x0, 0x8f, 0xff, 0xff, 0xf6, 0xe, 0xff,
    0xff, 0xff, 0xfc, 0x8, 0xe2, 0x22, 0x3f, 0x60,
    0x67, 0x8f, 0x97, 0x7d, 0xc0, 0x8e, 0x0, 0x1,
    0xf6, 0x0, 0x3, 0xf3, 0x0, 0xac, 0x8, 0xe0,
    0x0, 0x1f, 0x60, 0x0, 0x4f, 0x20, 0xb, 0xb0,
    0x8e, 0x0, 0x1, 0xf6, 0x0, 0x5, 0xf1, 0x0,
    0xbb, 0x8, 0xe0, 0x0, 0x1f, 0x60, 0x0, 0x7f,
    0x0, 0xc, 0xa0, 0x8e, 0x0, 0x1, 0xf6, 0x0,
    0x9, 0xd0, 0x0, 0xca, 0x8, 0xe0, 0x0, 0x1f,
    0x60, 0x0, 0xca, 0x0, 0xd, 0x90, 0x8e, 0x0,
    0x1, 0xf6, 0x0, 0xf, 0x80, 0x0, 0xe9, 0x8,
    0xe0, 0x0, 0x1f, 0x60, 0x5, 0xf3, 0x0, 0xf,
    0x80, 0x8e, 0x0, 0x1, 0xf6, 0x0, 0xad, 0x0,
    0x0, 0xf7, 0x8, 0xe0, 0x0, 0x1f, 0x60, 0x3f,
    0x80, 0x0, 0x3f, 0x50, 0x8f, 0x77, 0x78, 0xf6,
    0xd, 0xe1, 0x5, 0x7c, 0xf1, 0x8, 0xff, 0xff,
    0xff, 0x62, 0xf4, 0x0, 0xef, 0xe7, 0x0, 0x8e,
    0x0, 0x1, 0xd5, 0x1, 0x0, 0x0, 0x0, 0x0,
    0x0, 0x0, 0x0, 0x0, 0x0,

    /* U+52A1 "务" */
    0x0, 0x0, 0x0, 0x0, 0x0, 0x0, 0x0, 0x0,
    0x0, 0x0, 0x0, 0x0, 0x0, 0xb, 0xc0, 0x0,
    0x0, 0x0, 0x0, 0x0, 0x0, 0x0, 0x0, 0x7f,
    0x50, 0x0, 0x0, 0x0, 0x0, 0x0, 0x0, 0x0,
    0x6, 0xff, 0xff, 0xff, 0xff, 0xff, 0xd0, 0x0,
    0x0, 0x0, 0x8f, 0xb5, 0x55, 0x55, 0x55, 0xaf,
    0x60, 0x0, 0x0, 0x2b, 0xfb, 0xf5, 0x0, 0x0,
    0x8, 0xf8, 0x0, 0x0, 0x0, 0xee, 0x30, 0x8f,
    0x80, 0x4, 0xcf, 0x70, 0x0, 0x0, 0x0, 0x31,
    0x0, 0x5, 0xfe, 0xcf, 0xb2, 0x0, 0x0, 0x0,
    0x0, 0x0, 0x2, 0x6b, 0xff, 0xff, 0xc8, 0x41,
    0x0, 0x0, 0x7, 0xac, 0xef, 0xfb, 0x61, 0x4,
    0x9e, 0xff, 0xfd, 0xb0, 0xa, 0xda, 0x74, 0x0,
    0x7, 0x20, 0x0, 0x24, 0x79, 0x60, 0x0, 0x0,
    0x0, 0x0, 0x4f, 0x40, 0x0, 0x0, 0x0, 0x0,
    0x0, 0x36, 0x66, 0x66, 0xaf, 0x86, 0x66, 0x66,
    0x62, 0x0, 0x0, 0x7e, 0xee, 0xee, 0xff, 0xee,
    0xee, 0xee, 0xf4, 0x0, 0x0, 0x0, 0x0, 0x5,
    0xf5, 0x0, 0x0, 0x5, 0xf1, 0x0, 0x0, 0x0,
    0x0, 0x3f, 0xb0, 0x0, 0x0, 0x8, 0xe0, 0x0,
    0x0, 0x0, 0x17, 0xfb, 0x0, 0x0, 0x0, 0xd,
    0xb0, 0x0, 0x2, 0x6a, 0xff, 0x70, 0x0, 0x14,
    0x43, 0x7f, 0x60, 0x0, 0x7, 0xfc, 0x71, 0x0,
    0x0, 0x1f, 0xff, 0xf9, 0x0, 0x0, 0x0, 0x10,
    0x0, 0x0, 0x0, 0x0, 0x0, 0x0, 0x0, 0x0,

    /* U+52A8 "动" */
    0x0, 0x0, 0x0, 0x0, 0x0, 0x0, 0x63, 0x0,
    0x0, 0x2, 0x22, 0x22, 0x22, 0x10, 0x0, 0xf8,
    0x0, 0x0, 0x3f, 0xff, 0xff, 0xff, 0x80, 0x0,
    0xf8, 0x0, 0x0, 0x2, 0x22, 0x22, 0x22, 0x10,
    0x0, 0xf8, 0x0, 0x0, 0x0, 0x0, 0x0, 0x0,
    0x2, 0x22, 0xf9, 0x22, 0x22, 0x0, 0x0, 0x0,
    0x0, 0xd, 0xff, 0xff, 0xff, 0xfe, 0x56, 0x66,
    0x66, 0x66, 0x53, 0x35, 0xf8, 0x33, 0xbd, 0xef,
    0xff, 0xff, 0xff, 0xd0, 0x2, 0xf4, 0x0, 0xad,
    0x0, 0x4f, 0x30, 0x0, 0x0, 0x4, 0xf3, 0x0,
    0xac, 0x0, 0x9e, 0x0, 0x21, 0x0, 0x6, 0xf1,
    0x0, 0xbb, 0x0, 0xda, 0x0, 0xd8, 0x0, 0x9,
    0xe0, 0x0, 0xcb, 0x2, 0xf4, 0x0, 0x7e, 0x0,
    0xc, 0xb0, 0x0, 0xda, 0x8, 0xe0, 0x0, 0x1f,
    0x60, 0x1f, 0x70, 0x0, 0xe9, 0xe, 0xa5, 0x8c,
    0xff, 0xb0, 0x7f, 0x20, 0x0, 0xf7, 0x8f, 0xff,
    0xc9, 0x57, 0xf1, 0xec, 0x0, 0x1, 0xf6, 0x48,
    0x40, 0x0, 0x0, 0x38, 0xf5, 0x0, 0x5, 0xf3,
    0x0, 0x0, 0x0, 0x0, 0x5f, 0xa0, 0x77, 0x7d,
    0xe0, 0x0, 0x0, 0x0, 0x0, 0x6d, 0x0, 0xaf,
    0xfd, 0x50, 0x0, 0x0, 0x0, 0x0, 0x0, 0x0,
    0x0, 0x0, 0x0,

    /* U+52A9 "助" */
    0x0, 0x0, 0x0, 0x0, 0x0, 0x0, 0x5c, 0x0,
    0x0, 0x0, 0xe, 0xff, 0xff, 0xf7, 0x0, 0x6,
    0xf0, 0x0, 0x0, 0x0, 0xea, 0x66, 0x6f, 0x70,
    0x0, 0x6f, 0x0, 0x0, 0x0, 0xe, 0x60, 0x0,
    0xe7, 0x0, 0x6, 0xf0, 0x0, 0x0, 0x0, 0xe6,
    0x0, 0xe, 0x72, 0x22, 0x8f, 0x32, 0x22, 0x10,
    0xe, 0xa5, 0x55, 0xf7, 0xbf, 0xff, 0xff, 0xff,
    0xf8, 0x0, 0xef, 0xff, 0xff, 0x73, 0x44, 0xaf,
    0x44, 0x4f, 0x80, 0xe, 0x60, 0x0, 0xe7, 0x0,
    0xa, 0xc0, 0x0, 0xf7, 0x0, 0xe6, 0x0, 0xe,
    0x70, 0x0, 0xbb, 0x0, 0xf, 0x70, 0xe, 0x93,
    0x33, 0xf7, 0x0, 0xd, 0x90, 0x0, 0xf6, 0x0,
    0xef, 0xff, 0xff, 0x70, 0x2, 0xf5, 0x0, 0x1f,
    0x60, 0xe, 0x71, 0x11, 0xe7, 0x0, 0x6f, 0x10,
    0x1, 0xf5, 0x0, 0xe6, 0x0, 0xe, 0x70, 0xc,
    0xc0, 0x0, 0x2f, 0x40, 0xe, 0x60, 0x15, 0xfe,
    0xa5, 0xf6, 0x0, 0x3, 0xf3, 0x15, 0xfd, 0xef,
    0xfc, 0x95, 0xec, 0x0, 0x0, 0x5f, 0x23, 0xfd,
    0xa7, 0x30, 0x0, 0xaf, 0x30, 0x0, 0x8, 0xf0,
    0x1, 0x0, 0x0, 0x1, 0xcf, 0x60, 0x6, 0x67,
    0xec, 0x0, 0x0, 0x0, 0x0, 0x5e, 0x50, 0x0,
    0xdf, 0xfd, 0x30, 0x0, 0x0, 0x0, 0x0, 0x0,
    0x0, 0x0, 0x0, 0x0, 0x0,

    /* U+5305 "包" */
    0x0, 0x0, 0x2, 0xc3, 0x0, 0x0, 0x0, 0x0,
    0x0, 0x0, 0x0, 0x0, 0xa, 0xf1, 0x0, 0x0,
    0x0, 0x0, 0x0, 0x0, 0x0, 0x0, 0x3f, 0x91,
    0x11, 0x11, 0x11, 0x11, 0x10, 0x0, 0x0, 0x0,
    0xdf, 0xff, 0xff, 0xff, 0xff, 0xff, 0xf7, 0x0,
    0x0, 0x9, 0xf6, 0x44, 0x44, 0x44, 0x44, 0x45,
    0xf6, 0x0, 0x0, 0x6f, 0x80, 0x0, 0x0, 0x0,
    0x0, 0x1, 0xf6, 0x0, 0x7, 0xfc, 0x65, 0x55,
    0x55, 0x55, 0x0, 0x2, 0xf5, 0x0, 0x1d, 0xb2,
    0xff, 0xff, 0xff, 0xff, 0x10, 0x3, 0xf4, 0x0,
    0x1, 0x1, 0xf5, 0x0, 0x0, 0x5f, 0x10, 0x3,
    0xf3, 0x0, 0x0, 0x1, 0xf5, 0x0, 0x0, 0x5f,
    0x10, 0x5, 0xf2, 0x0, 0x0, 0x1, 0xf5, 0x0,
    0x0, 0x5f, 0x10, 0x6, 0xf1, 0x0, 0x0, 0x1,
    0xff, 0xee, 0xee, 0xff, 0x10, 0x8, 0xf0, 0x0,
    0x0, 0x1, 0xf9, 0x55, 0x55, 0x55, 0x35, 0x6e,
    0xc0, 0x0, 0x0, 0x1, 0xf5, 0x0, 0x0, 0x0,
    0x4f, 0xfe, 0x40, 0x0, 0x0, 0x1, 0xf5, 0x0,
    0x0, 0x0, 0x0, 0x0, 0x3, 0x80, 0x0, 0x0,
    0xf6, 0x0, 0x0, 0x0, 0x0, 0x0, 0x7, 0xf1,
    0x0, 0x0, 0xde, 0x87, 0x66, 0x66, 0x66, 0x66,
    0x8f, 0xc0, 0x0, 0x0, 0x3b, 0xef, 0xff, 0xff,
    0xff, 0xff, 0xeb, 0x20,

    /* U+5319 "匙" */
    0x0, 0x0, 0x0, 0x0, 0x0, 0x0, 0x62, 0x0,
    0x0, 0x0, 0x0, 0xff, 0xff, 0xff, 0xff, 0x31,
    0xf5, 0x0, 0x0, 0x0, 0x0, 0xf5, 0x0, 0x0,
    0x3f, 0x31, 0xf5, 0x0, 0x0, 0x0, 0x0, 0xf7,
    0x22, 0x22, 0x5f, 0x31, 0xf5, 0x0, 0x0, 0x0,
    0x0, 0xfe, 0xdd, 0xdd, 0xef, 0x31, 0xf5, 0x0,
    0x5d, 0x40, 0x0, 0xf5, 0x0, 0x0, 0x2f, 0x31,
    0xf6, 0x5d, 0xfa, 0x20, 0x0, 0xff, 0xff, 0xff,
    0xff, 0x31, 0xff, 0xfa, 0x20, 0x0, 0x0, 0x22,
    0x22, 0x22, 0x22, 0x1, 0xf9, 0x10, 0x0, 0x0,
    0x4, 0x44, 0x44, 0x44, 0x44, 0x41, 0xf5, 0x0,
    0x0, 0x0, 0xf, 0xff, 0xff, 0xff, 0xff, 0xf2,
    0xf5, 0x0, 0x0, 0x0, 0x0, 0x0, 0x6, 0xf0,
    0x0, 0x1, 0xf5, 0x0, 0x0, 0x0, 0x0, 0xab,
    0x6, 0xf0, 0x0, 0x1, 0xf5, 0x0, 0x2, 0x80,
    0x0, 0xca, 0x6, 0xfc, 0xcc, 0x81, 0xf5, 0x0,
    0x3, 0xf1, 0x0, 0xeb, 0x6, 0xf7, 0x77, 0x50,
    0xfb, 0x55, 0x5a, 0xe0, 0x0, 0xff, 0x56, 0xf0,
    0x0, 0x0, 0x8f, 0xff, 0xfe, 0x60, 0x5, 0xf7,
    0xfb, 0xf0, 0x0, 0x0, 0x0, 0x0, 0x0, 0x0,
    0xd, 0xc0, 0x5e, 0xfb, 0x86, 0x55, 0x44, 0x45,
    0x55, 0x51, 0x3f, 0x30, 0x0, 0x69, 0xce, 0xff,
    0xff, 0xff, 0xff, 0xf0, 0x2, 0x0, 0x0, 0x0,
    0x0, 0x0, 0x0, 0x0, 0x0, 0x0,

    /* U+533B "医" */
    0x7, 0x77, 0x77, 0x77, 0x77, 0x77, 0x77, 0x77,
    0x75, 0x1, 0xff, 0xee, 0xee, 0xee, 0xee, 0xee,
    0xee, 0xee, 0xa0, 0x1f, 0x60, 0x0, 0x76, 0x0,
    0x0, 0x0, 0x0, 0x0, 0x1, 0xf6, 0x0, 0x3f,
    0x70, 0x0, 0x0, 0x0, 0x0, 0x0, 0x1f, 0x60,
    0xc, 0xff, 0xff, 0xff, 0xff, 0xff, 0x50, 0x1,
    0xf6, 0xc, 0xf6, 0x55, 0xaf, 0x55, 0x55, 0x51,
    0x0, 0x1f, 0x63, 0xd3, 0x0, 0x8, 0xf0, 0x0,
    0x0, 0x0, 0x1, 0xf6, 0x0, 0x0, 0x0, 0x8f,
    0x0, 0x0, 0x0, 0x0, 0x1f, 0x69, 0xff, 0xff,
    0xff, 0xff, 0xff, 0xff, 0xf1, 0x1, 0xf6, 0x36,
    0x66, 0x66, 0xef, 0x76, 0x66, 0x66, 0x0, 0x1f,
    0x60, 0x0, 0x0, 0x3f, 0xfd, 0x30, 0x0, 0x0,
    0x1, 0xf6, 0x0, 0x0, 0x1e, 0xd1, 0xbf, 0x50,
    0x0, 0x0, 0x1f, 0x60, 0x0, 0x5e, 0xe2, 0x0,
    0x9f, 0x80, 0x0, 0x1, 0xf6, 0x16, 0xdf, 0xb2,
    0x0, 0x0, 0x7f, 0x90, 0x0, 0x1f, 0x62, 0xfb,
    0x50, 0x0, 0x0, 0x0, 0x6e, 0x10, 0x1, 0xfb,
    0x78, 0x77, 0x77, 0x77, 0x77, 0x77, 0x87, 0x70,
    0x1f, 0xff, 0xff, 0xff, 0xff, 0xff, 0xff, 0xff,
    0xff, 0x10,

    /* U+5341 "十" */
    0x0, 0x0, 0x0, 0x0, 0x45, 0x0, 0x0, 0x0,
    0x0, 0x0, 0x0, 0x0, 0x0, 0xc, 0xd0, 0x0,
    0x0, 0x0, 0x0, 0x0, 0x0, 0x0, 0x0, 0xcd,
    0x0, 0x0, 0x0, 0x0, 0x0, 0x0, 0x0, 0x0,
    0xc, 0xd0, 0x0, 0x0, 0x0, 0x0, 0x0, 0x0,
    0x0, 0x0, 0xcd, 0x0, 0x0, 0x0, 0x0, 0x0,
    0x0, 0x0, 0x0, 0xc, 0xd0, 0x0, 0x0, 0x0,
    0x0, 0x0, 0x0, 0x0, 0x0, 0xcd, 0x0, 0x0,
    0x0, 0x0, 0x7, 0x77, 0x77, 0x77, 0x7e, 0xe7,
    0x77, 0x77, 0x77, 0x70, 0xef, 0xff, 0xff, 0xff,
    0xff, 0xff, 0xff, 0xff, 0xff, 0x0, 0x0, 0x0,
    0x0, 0xc, 0xd0, 0x0, 0x0, 0x0, 0x0, 0x0,
    0x0, 0x0, 0x0, 0xcd, 0x0, 0x0, 0x0, 0x0,
    0x0, 0x0, 0x0, 0x0, 0xc, 0xd0, 0x0, 0x0,
    0x0, 0x0, 0x0, 0x0, 0x0, 0x0, 0xcd, 0x0,
    0x0, 0x0, 0x0, 0x0, 0x0, 0x0, 0x0, 0xc,
    0xd0, 0x0, 0x0, 0x0, 0x0, 0x0, 0x0, 0x0,
    0x0, 0xcd, 0x0, 0x0, 0x0, 0x0, 0x0, 0x0,
    0x0, 0x0, 0xc, 0xd0, 0x0, 0x0, 0x0, 0x0,
    0x0, 0x0, 0x0, 0x0, 0xcd, 0x0, 0x0, 0x0,
    0x0, 0x0, 0x0, 0x0, 0x0, 0xc, 0xd0, 0x0,
    0x0, 0x0, 0x0, 0x0, 0x0, 0x0, 0x0, 0xcd,
    0x0, 0x0, 0x0, 0x0, 0x0,

    /* U+5348 "午" */
    0x0, 0x1, 0xb5, 0x0, 0x0, 0x0, 0x0, 0x0,
    0x0, 0x0, 0x7, 0xf4, 0x0, 0x0, 0x0, 0x0,
    0x0, 0x0, 0x0, 0xe, 0xe2, 0x11, 0x11, 0x11,
    0x11, 0x11, 0x0, 0x0, 0x4f, 0xff, 0xff, 0xff,
    0xff, 0xff, 0xff, 0x60, 0x0, 0xce, 0x55, 0x55,
    0xdd, 0x55, 0x55, 0x55, 0x20, 0x7, 0xf5, 0x0,
    0x0, 0xcc, 0x0, 0x0, 0x0, 0x0, 0x4f, 0xb0,
    0x0, 0x0, 0xcc, 0x0, 0x0, 0x0, 0x0, 0x7e,
    0x10, 0x0, 0x0, 0xcc, 0x0, 0x0, 0x0, 0x0,
    0x0, 0x0, 0x0, 0x0, 0xcc, 0x0, 0x0, 0x0,
    0x0, 0x89, 0x99, 0x99, 0x99, 0xee, 0x99, 0x99,
    0x99, 0x98, 0xef, 0xff, 0xff, 0xff, 0xff, 0xff,
    0xff, 0xff, 0xfe, 0x0, 0x0, 0x0, 0x0, 0xcc,
    0x0, 0x0, 0x0, 0x0, 0x0, 0x0, 0x0, 0x0,
    0xcc, 0x0, 0x0, 0x0, 0x0, 0x0, 0x0, 0x0,
    0x0, 0xcc, 0x0, 0x0, 0x0, 0x0, 0x0, 0x0,
    0x0, 0x0, 0xcc, 0x0, 0x0, 0x0, 0x0, 0x0,
    0x0, 0x0, 0x0, 0xcc, 0x0, 0x0, 0x0, 0x0,
    0x0, 0x0, 0x0, 0x0, 0xcc, 0x0, 0x0, 0x0,
    0x0, 0x0, 0x0, 0x0, 0x0, 0xcc, 0x0, 0x0,
    0x0, 0x0, 0x0, 0x0, 0x0, 0x0, 0xcc, 0x0,
    0x0, 0x0, 0x0,

    /* U+534A "半" */
    0x0, 0x0, 0x0, 0x0, 0x54, 0x0, 0x0, 0x0,
    0x0, 0x0, 0x98, 0x0, 0x0, 0xdb, 0x0, 0x0,
    0x99, 0x0, 0x0, 0x8f, 0x30, 0x0, 0xdb, 0x0,
    0x2, 0xf9, 0x0, 0x0, 0xd, 0xc0, 0x0, 0xdb,
    0x0, 0xb, 0xe1, 0x0, 0x0, 0x6, 0xf4, 0x0,
    0xdb, 0x0, 0x5f, 0x50, 0x0, 0x0, 0x0, 0xa4,
    0x0, 0xdb, 0x0, 0x69, 0x0, 0x0, 0x3, 0x44,
    0x44, 0x44, 0xec, 0x44, 0x44, 0x44, 0x30, 0xa,
    0xff, 0xff, 0xff, 0xff, 0xff, 0xff, 0xff, 0xc0,
    0x1, 0x22, 0x22, 0x22, 0xdc, 0x22, 0x22, 0x22,
    0x10, 0x0, 0x0, 0x0, 0x0, 0xdb, 0x0, 0x0,
    0x0, 0x0, 0x0, 0x0, 0x0, 0x0, 0xdb, 0x0,
    0x0, 0x0, 0x0, 0x88, 0x88, 0x88, 0x88, 0xed,
    0x88, 0x88, 0x88, 0x88, 0xef, 0xff, 0xff, 0xff,
    0xff, 0xff, 0xff, 0xff, 0xfe, 0x0, 0x0, 0x0,
    0x0, 0xdb, 0x0, 0x0, 0x0, 0x0, 0x0, 0x0,
    0x0, 0x0, 0xdb, 0x0, 0x0, 0x0, 0x0, 0x0,
    0x0, 0x0, 0x0, 0xdb, 0x0, 0x0, 0x0, 0x0,
    0x0, 0x0, 0x0, 0x0, 0xdb, 0x0, 0x0, 0x0,
    0x0, 0x0, 0x0, 0x0, 0x0, 0xdb, 0x0, 0x0,
    0x0, 0x0, 0x0, 0x0, 0x0, 0x0, 0xdb, 0x0,
    0x0, 0x0, 0x0,

    /* U+5355 "单" */
    0x0, 0x0, 0x73, 0x0, 0x0, 0x0, 0x8, 0x30,
    0x0, 0x0, 0x0, 0xcd, 0x10, 0x0, 0x0, 0x7f,
    0x50, 0x0, 0x0, 0x0, 0x2f, 0xa0, 0x0, 0x1,
    0xea, 0x0, 0x0, 0x0, 0x55, 0x5b, 0xe5, 0x55,
    0x5b, 0xf6, 0x55, 0x10, 0x0, 0xff, 0xff, 0xff,
    0xff, 0xff, 0xff, 0xff, 0x30, 0x0, 0xf6, 0x0,
    0x0, 0xcb, 0x0, 0x0, 0x4f, 0x30, 0x0, 0xf6,
    0x0, 0x0, 0xcb, 0x0, 0x0, 0x4f, 0x30, 0x0,
    0xff, 0xff, 0xff, 0xff, 0xff, 0xff, 0xff, 0x30,
    0x0, 0xf9, 0x33, 0x33, 0xdc, 0x33, 0x33, 0x7f,
    0x30, 0x0, 0xf6, 0x0, 0x0, 0xcb, 0x0, 0x0,
    0x4f, 0x30, 0x0, 0xfa, 0x55, 0x55, 0xed, 0x55,
    0x55, 0x8f, 0x30, 0x0, 0xee, 0xee, 0xee, 0xff,
    0xee, 0xee, 0xee, 0x30, 0x0, 0x0, 0x0, 0x0,
    0xcb, 0x0, 0x0, 0x0, 0x0, 0x56, 0x66, 0x66,
    0x66, 0xed, 0x66, 0x66, 0x66, 0x66, 0xef, 0xff,
    0xff, 0xff, 0xff, 0xff, 0xff, 0xff, 0xff, 0x0,
    0x0, 0x0, 0x0, 0xcb, 0x0, 0x0, 0x0, 0x0,
    0x0, 0x0, 0x0, 0x0, 0xcb, 0x0, 0x0, 0x0,
    0x0, 0x0, 0x0, 0x0, 0x0, 0xcb, 0x0, 0x0,
    0x0, 0x0, 0x0, 0x0, 0x0, 0x0, 0xcb, 0x0,
    0x0, 0x0, 0x0,

    /* U+535C "卜" */
    0x35, 0x0, 0x0, 0x0, 0x0, 0x9, 0xf1, 0x0,
    0x0, 0x0, 0x0, 0x9f, 0x10, 0x0, 0x0, 0x0,
    0x9, 0xf1, 0x0, 0x0, 0x0, 0x0, 0x9f, 0x10,
    0x0, 0x0, 0x0, 0x9, 0xf1, 0x0, 0x0, 0x0,
    0x0, 0x9f, 0x10, 0x0, 0x0, 0x0, 0x9, 0xfe,
    0xb4, 0x0, 0x0, 0x0, 0x9f, 0x8e, 0xfc, 0x50,
    0x0, 0x9, 0xf1, 0x7, 0xef, 0xd5, 0x0, 0x9f,
    0x10, 0x0, 0x7f, 0xfc, 0x39, 0xf1, 0x0, 0x0,
    0x19, 0xfb, 0x9f, 0x10, 0x0, 0x0, 0x3, 0x29,
    0xf1, 0x0, 0x0, 0x0, 0x0, 0x9f, 0x10, 0x0,
    0x0, 0x0, 0x9, 0xf1, 0x0, 0x0, 0x0, 0x0,
    0x9f, 0x10, 0x0, 0x0, 0x0, 0x9, 0xf1, 0x0,
    0x0, 0x0, 0x0, 0x9f, 0x10, 0x0, 0x0, 0x0,
    0x0,

    /* U+5361 "卡" */
    0x0, 0x0, 0x0, 0x2, 0xc4, 0x0, 0x0, 0x0,
    0x0, 0x0, 0x0, 0x0, 0x3, 0xf5, 0x0, 0x0,
    0x0, 0x0, 0x0, 0x0, 0x0, 0x3, 0xf5, 0x0,
    0x0, 0x0, 0x0, 0x0, 0x0, 0x0, 0x3, 0xff,
    0xff, 0xff, 0xfe, 0x0, 0x0, 0x0, 0x0, 0x3,
    0xfa, 0x77, 0x77, 0x77, 0x0, 0x0, 0x0, 0x0,
    0x3, 0xf5, 0x0, 0x0, 0x0, 0x0, 0x0, 0x0,
    0x0, 0x3, 0xf5, 0x0, 0x0, 0x0, 0x0, 0x66,
    0x66, 0x66, 0x68, 0xfa, 0x66, 0x66, 0x66, 0x66,
    0xff, 0xff, 0xff, 0xff, 0xff, 0xff, 0xff, 0xff,
    0xff, 0x0, 0x0, 0x0, 0x3, 0xf6, 0x0, 0x0,
    0x0, 0x0, 0x0, 0x0, 0x0, 0x2, 0xf6, 0x0,
    0x0, 0x0, 0x0, 0x0, 0x0, 0x0, 0x2, 0xf6,
    0x73, 0x0, 0x0, 0x0, 0x0, 0x0, 0x0, 0x2,
    0xf8, 0xdf, 0xd6, 0x0, 0x0, 0x0, 0x0, 0x0,
    0x2, 0xf6, 0x5, 0xcf, 0xf8, 0x10, 0x0, 0x0,
    0x0, 0x2, 0xf6, 0x0, 0x3, 0xbf, 0xd0, 0x0,
    0x0, 0x0, 0x2, 0xf6, 0x0, 0x0, 0x3, 0x30,
    0x0, 0x0, 0x0, 0x2, 0xf6, 0x0, 0x0, 0x0,
    0x0, 0x0, 0x0, 0x0, 0x2, 0xf6, 0x0, 0x0,
    0x0, 0x0, 0x0, 0x0, 0x0, 0x2, 0xf6, 0x0,
    0x0, 0x0, 0x0,

    /* U+5371 "危" */
    0x0, 0x0, 0x0, 0x97, 0x0, 0x0, 0x0, 0x0,
    0x0, 0x0, 0x0, 0x0, 0x5, 0xfb, 0x55, 0x55,
    0x50, 0x0, 0x0, 0x0, 0x0, 0x0, 0x1e, 0xff,
    0xff, 0xff, 0xf9, 0x0, 0x0, 0x0, 0x0, 0x0,
    0xbf, 0x30, 0x0, 0x9, 0xf2, 0x0, 0x0, 0x0,
    0x0, 0x9, 0xf7, 0x0, 0x0, 0x4f, 0x80, 0x0,
    0x0, 0x0, 0x0, 0x9f, 0xff, 0xff, 0xff, 0xff,
    0xff, 0xff, 0xff, 0xe0, 0xc, 0xfe, 0xf5, 0x55,
    0x55, 0x55, 0x55, 0x55, 0x55, 0x40, 0x5, 0x48,
    0xe0, 0x0, 0x0, 0x0, 0x0, 0x0, 0x0, 0x0,
    0x0, 0x9, 0xe0, 0xf, 0xff, 0xff, 0xff, 0xff,
    0x30, 0x0, 0x0, 0x9, 0xe0, 0xf, 0xa5, 0x55,
    0x55, 0x9f, 0x20, 0x0, 0x0, 0xa, 0xd0, 0xf,
    0x70, 0x0, 0x0, 0x6f, 0x10, 0x0, 0x0, 0xc,
    0xb0, 0xf, 0x70, 0x0, 0x0, 0x8f, 0x0, 0x0,
    0x0, 0xe, 0x80, 0xf, 0x70, 0x0, 0x0, 0xcc,
    0x0, 0x0, 0x0, 0x3f, 0x50, 0xf, 0x70, 0x8,
    0xff, 0xf6, 0x0, 0x0, 0x0, 0x8f, 0x0, 0xf,
    0x70, 0x1, 0x44, 0x10, 0x3, 0xb1, 0x1, 0xea,
    0x0, 0xf, 0x80, 0x0, 0x0, 0x0, 0x6, 0xf1,
    0xb, 0xf2, 0x0, 0xd, 0xe7, 0x66, 0x66, 0x66,
    0x7e, 0xd0, 0x1d, 0x60, 0x0, 0x4, 0xcf, 0xff,
    0xff, 0xff, 0xfc, 0x30, 0x0, 0x0, 0x0, 0x0,
    0x0, 0x0, 0x0, 0x0, 0x0, 0x0,

    /* U+5385 "厅" */
    0x0, 0x38, 0x88, 0x88, 0x88, 0x88, 0x88, 0x88,
    0x88, 0x80, 0x0, 0x7f, 0xff, 0xff, 0xff, 0xff,
    0xff, 0xff, 0xff, 0xf1, 0x0, 0x7f, 0x0, 0x0,
    0x0, 0x0, 0x0, 0x0, 0x0, 0x0, 0x0, 0x7f,
    0x0, 0x0, 0x0, 0x0, 0x0, 0x0, 0x0, 0x0,
    0x0, 0x7f, 0x0, 0x0, 0x0, 0x0, 0x0, 0x0,
    0x0, 0x0, 0x0, 0x7f, 0xe, 0xff, 0xff, 0xff,
    0xff, 0xff, 0xff, 0x80, 0x0, 0x7f, 0x6, 0x66,
    0x66, 0x6a, 0xf7, 0x66, 0x66, 0x30, 0x0, 0x7f,
    0x0, 0x0, 0x0, 0x6, 0xf1, 0x0, 0x0, 0x0,
    0x0, 0x8f, 0x0, 0x0, 0x0, 0x6, 0xf1, 0x0,
    0x0, 0x0, 0x0, 0x9f, 0x0, 0x0, 0x0, 0x6,
    0xf1, 0x0, 0x0, 0x0, 0x0, 0xae, 0x0, 0x0,
    0x0, 0x6, 0xf1, 0x0, 0x0, 0x0, 0x0, 0xbd,
    0x0, 0x0, 0x0, 0x6, 0xf1, 0x0, 0x0, 0x0,
    0x0, 0xcb, 0x0, 0x0, 0x0, 0x6, 0xf1, 0x0,
    0x0, 0x0, 0x0, 0xf8, 0x0, 0x0, 0x0, 0x6,
    0xf1, 0x0, 0x0, 0x0, 0x3, 0xf4, 0x0, 0x0,
    0x0, 0x6, 0xf1, 0x0, 0x0, 0x0, 0x9, 0xf1,
    0x0, 0x0, 0x0, 0x6, 0xf1, 0x0, 0x0, 0x0,
    0x1f, 0x90, 0x0, 0x1, 0x77, 0x7c, 0xf0, 0x0,
    0x0, 0x0, 0xa, 0x20, 0x0, 0x0, 0xdf, 0xfd,
    0x60, 0x0, 0x0, 0x0,

    /* U+53BB "去" */
    0x0, 0x0, 0x0, 0x0, 0xbb, 0x0, 0x0, 0x0,
    0x0, 0x0, 0x0, 0x0, 0x0, 0xc, 0xc0, 0x0,
    0x0, 0x0, 0x0, 0x0, 0x0, 0x0, 0x0, 0xcc,
    0x0, 0x0, 0x0, 0x0, 0x0, 0x38, 0x88, 0x88,
    0x8e, 0xe8, 0x88, 0x88, 0x84, 0x0, 0x5, 0xff,
    0xff, 0xff, 0xff, 0xff, 0xff, 0xff, 0x80, 0x0,
    0x0, 0x0, 0x0, 0xc, 0xc0, 0x0, 0x0, 0x0,
    0x0, 0x0, 0x0, 0x0, 0x0, 0xcc, 0x0, 0x0,
    0x0, 0x0, 0x0, 0x0, 0x0, 0x0, 0xc, 0xc0,
    0x0, 0x0, 0x0, 0x0, 0x67, 0x77, 0x77, 0x77,
    0xee, 0x77, 0x77, 0x77, 0x77, 0xe, 0xff, 0xff,
    0xff, 0xff, 0xff, 0xff, 0xff, 0xff, 0xf0, 0x0,
    0x0, 0x1, 0xde, 0x10, 0x0, 0x0, 0x0, 0x0,
    0x0, 0x0, 0x0, 0x8f, 0x40, 0x0, 0x59, 0x0,
    0x0, 0x0, 0x0, 0x0, 0x3f, 0x90, 0x0, 0x5,
    0xf8, 0x0, 0x0, 0x0, 0x0, 0xd, 0xd0, 0x0,
    0x0, 0x8, 0xf5, 0x0, 0x0, 0x0, 0xa, 0xf2,
    0x0, 0x0, 0x0, 0xc, 0xf2, 0x0, 0x0, 0x8,
    0xf5, 0x23, 0x45, 0x78, 0x9a, 0xcf, 0xd0, 0x0,
    0x7, 0xff, 0xff, 0xff, 0xff, 0xed, 0xcb, 0xbf,
    0x70, 0x0, 0x3b, 0x86, 0x54, 0x21, 0x0, 0x0,
    0x0, 0xcd, 0x0, 0x0, 0x0, 0x0, 0x0, 0x0,
    0x0, 0x0, 0x1, 0x0, 0x0,

    /* U+53CB "友" */
    0x0, 0x0, 0x0, 0xc, 0x60, 0x0, 0x0, 0x0,
    0x0, 0x0, 0x0, 0x0, 0x0, 0x1f, 0x60, 0x0,
    0x0, 0x0, 0x0, 0x0, 0x0, 0x0, 0x0, 0x3f,
    0x50, 0x0, 0x0, 0x0, 0x0, 0x0, 0x2, 0x77,
    0x77, 0x9f, 0x97, 0x77, 0x77, 0x77, 0x77, 0x60,
    0x6, 0xff, 0xff, 0xff, 0xff, 0xff, 0xff, 0xff,
    0xff, 0xe0, 0x0, 0x0, 0x0, 0x8f, 0x0, 0x0,
    0x0, 0x0, 0x0, 0x0, 0x0, 0x0, 0x0, 0xcc,
    0x0, 0x0, 0x0, 0x0, 0x0, 0x0, 0x0, 0x0,
    0x0, 0xfc, 0x55, 0x55, 0x55, 0x55, 0x10, 0x0,
    0x0, 0x0, 0x3, 0xff, 0xff, 0xff, 0xff, 0xff,
    0x80, 0x0, 0x0, 0x0, 0x8, 0xff, 0x61, 0x11,
    0x11, 0x8f, 0x20, 0x0, 0x0, 0x0, 0xd, 0xcb,
    0xd0, 0x0, 0x0, 0xeb, 0x0, 0x0, 0x0, 0x0,
    0x3f, 0x62, 0xf7, 0x0, 0x7, 0xf4, 0x0, 0x0,
    0x0, 0x0, 0xcf, 0x10, 0x7f, 0x50, 0x4f, 0x90,
    0x0, 0x0, 0x0, 0x4, 0xf8, 0x0, 0xa, 0xf7,
    0xfc, 0x0, 0x0, 0x0, 0x0, 0xd, 0xe1, 0x0,
    0x0, 0xdf, 0xf1, 0x0, 0x0, 0x0, 0x0, 0xbf,
    0x50, 0x0, 0x2b, 0xfd, 0xfe, 0x60, 0x0, 0x0,
    0xa, 0xf9, 0x0, 0x4a, 0xfe, 0x50, 0x3c, 0xfe,
    0x84, 0x0, 0x5, 0x90, 0x1e, 0xfe, 0x81, 0x0,
    0x0, 0x5a, 0xff, 0xf2, 0x0, 0x0, 0x5, 0x40,
    0x0, 0x0, 0x0, 0x0, 0x4, 0x50,

    /* U+53CC "双" */
    0x3, 0x44, 0x44, 0x44, 0x30, 0x44, 0x44, 0x44,
    0x44, 0x0, 0xb, 0xff, 0xff, 0xff, 0xe2, 0xff,
    0xff, 0xff, 0xff, 0x40, 0x2, 0x22, 0x22, 0x2b,
    0xc0, 0xae, 0x22, 0x22, 0x7f, 0x10, 0x0, 0x0,
    0x0, 0xd, 0x90, 0x6f, 0x0, 0x0, 0x9f, 0x0,
    0x0, 0x70, 0x0, 0xf, 0x70, 0x2f, 0x30, 0x0,
    0xdc, 0x0, 0x3, 0xf8, 0x0, 0x3f, 0x40, 0xf,
    0x70, 0x1, 0xf7, 0x0, 0x0, 0x7f, 0x50, 0x7f,
    0x0, 0xc, 0xa0, 0x5, 0xf3, 0x0, 0x0, 0xa,
    0xf2, 0xcb, 0x0, 0x8, 0xf0, 0xb, 0xe0, 0x0,
    0x0, 0x0, 0xdd, 0xf7, 0x0, 0x3, 0xf5, 0x2f,
    0x80, 0x0, 0x0, 0x0, 0x3f, 0xf2, 0x0, 0x0,
    0xdb, 0x9f, 0x20, 0x0, 0x0, 0x0, 0xe, 0xf4,
    0x0, 0x0, 0x7f, 0xfa, 0x0, 0x0, 0x0, 0x0,
    0x5f, 0xfe, 0x0, 0x0, 0x1f, 0xf2, 0x0, 0x0,
    0x0, 0x0, 0xdc, 0x4f, 0x80, 0x0, 0x7f, 0xf3,
    0x0, 0x0, 0x0, 0x9, 0xf3, 0xb, 0xf2, 0x6,
    0xfc, 0xee, 0x10, 0x0, 0x0, 0x5f, 0x90, 0x2,
    0xa0, 0x5f, 0xc0, 0x4f, 0xb0, 0x0, 0x4, 0xfc,
    0x0, 0x0, 0x1a, 0xfc, 0x10, 0x7, 0xfd, 0x30,
    0x1f, 0xc0, 0x0, 0x0, 0xbf, 0x90, 0x0, 0x0,
    0x5f, 0xe0, 0x4, 0x10, 0x0, 0x0, 0x14, 0x0,
    0x0, 0x0, 0x2, 0x40,

    /* U+53D1 "发" */
    0x0, 0x0, 0x10, 0x0, 0xc, 0x70, 0x0, 0x50,
    0x0, 0x0, 0x0, 0x0, 0xce, 0x0, 0x3f, 0x80,
    0x3, 0xf9, 0x0, 0x0, 0x0, 0x1, 0xf8, 0x0,
    0x5f, 0x50, 0x0, 0x6f, 0x70, 0x0, 0x0, 0x7,
    0xf2, 0x0, 0x8f, 0x20, 0x0, 0x8, 0xc0, 0x0,
    0x0, 0x1e, 0xc3, 0x33, 0xcf, 0x43, 0x33, 0x33,
    0x43, 0x20, 0x0, 0x7f, 0xff, 0xff, 0xff, 0xff,
    0xff, 0xff, 0xff, 0x90, 0x0, 0x25, 0x33, 0x37,
    0xf8, 0x33, 0x33, 0x33, 0x33, 0x20, 0x0, 0x0,
    0x0, 0xb, 0xf2, 0x0, 0x0, 0x0, 0x0, 0x0,
    0x0, 0x0, 0x0, 0x1f, 0xf7, 0x77, 0x77, 0x78,
    0x30, 0x0, 0x0, 0x0, 0x0, 0x8f, 0xff, 0xff,
    0xff, 0xff, 0x90, 0x0, 0x0, 0x0, 0x2, 0xff,
    0xd0, 0x0, 0x0, 0x7f, 0x20, 0x0, 0x0, 0x0,
    0xb, 0xf7, 0xf8, 0x0, 0x1, 0xfa, 0x0, 0x0,
    0x0, 0x0, 0x7f, 0x90, 0x7f, 0x40, 0xb, 0xf2,
    0x0, 0x0, 0x0, 0x5, 0xfc, 0x0, 0xb, 0xf3,
    0xaf, 0x40, 0x0, 0x0, 0x0, 0x6f, 0xe2, 0x0,
    0x0, 0xcf, 0xf6, 0x0, 0x0, 0x0, 0xa, 0xfd,
    0x20, 0x0, 0x6, 0xef, 0xfb, 0x30, 0x0, 0x0,
    0x1d, 0xa1, 0x0, 0x5, 0xdf, 0xb2, 0x5e, 0xfa,
    0x40, 0x0, 0x0, 0x0, 0xb, 0xff, 0xc4, 0x0,
    0x0, 0x8e, 0xff, 0xb1, 0x0, 0x0, 0x8, 0x72,
    0x0, 0x0, 0x0, 0x0, 0x38, 0x80,

    /* U+53D6 "取" */
    0xc, 0xcc, 0xcc, 0xcc, 0xcc, 0x0, 0x0, 0x0,
    0x0, 0x0, 0x9, 0xde, 0x99, 0x9f, 0xd9, 0x77,
    0x77, 0x77, 0x77, 0x30, 0x0, 0xbb, 0x0, 0xd,
    0x90, 0xdf, 0xff, 0xff, 0xff, 0x70, 0x0, 0xbb,
    0x0, 0xd, 0x90, 0xc, 0x90, 0x0, 0x2f, 0x40,
    0x0, 0xbf, 0xee, 0xef, 0x90, 0x8, 0xc0, 0x0,
    0x5f, 0x10, 0x0, 0xbd, 0x55, 0x5e, 0x90, 0x5,
    0xf0, 0x0, 0x9e, 0x0, 0x0, 0xbb, 0x0, 0xd,
    0x90, 0x2, 0xf2, 0x0, 0xda, 0x0, 0x0, 0xbb,
    0x0, 0xd, 0x90, 0x0, 0xe7, 0x1, 0xf6, 0x0,
    0x0, 0xbd, 0x55, 0x5e, 0x90, 0x0, 0xac, 0x8,
    0xf1, 0x0, 0x0, 0xbf, 0xff, 0xff, 0x90, 0x0,
    0x4f, 0x2e, 0xb0, 0x0, 0x0, 0xbb, 0x0, 0xd,
    0x90, 0x0, 0xe, 0xcf, 0x40, 0x0, 0x0, 0xbb,
    0x0, 0xd, 0x90, 0x0, 0x9, 0xfd, 0x0, 0x0,
    0x0, 0xbb, 0x1, 0x3e, 0xdb, 0x30, 0x7, 0xf9,
    0x0, 0x0, 0x16, 0xdf, 0xef, 0xff, 0xea, 0x20,
    0x2f, 0xff, 0x30, 0x0, 0x1f, 0xeb, 0x96, 0x3e,
    0x90, 0x0, 0xde, 0x2e, 0xd0, 0x0, 0x1, 0x0,
    0x0, 0xd, 0x90, 0x1c, 0xf3, 0x3, 0xfc, 0x10,
    0x0, 0x0, 0x0, 0xd, 0x91, 0xdf, 0x50, 0x0,
    0x5f, 0xe1, 0x0, 0x0, 0x0, 0xd, 0x90, 0xc3,
    0x0, 0x0, 0x4, 0x90, 0x0, 0x0, 0x0, 0x0,
    0x0, 0x0, 0x0, 0x0, 0x0, 0x0,

    /* U+53E3 "口" */
    0x48, 0x88, 0x88, 0x88, 0x88, 0x88, 0x88, 0x84,
    0x7f, 0xff, 0xff, 0xff, 0xff, 0xff, 0xff, 0xf8,
    0x7f, 0x10, 0x0, 0x0, 0x0, 0x0, 0x1, 0xf8,
    0x7f, 0x10, 0x0, 0x0, 0x0, 0x0, 0x1, 0xf8,
    0x7f, 0x10, 0x0, 0x0, 0x0, 0x0, 0x1, 0xf8,
    0x7f, 0x10, 0x0, 0x0, 0x0, 0x0, 0x1, 0xf8,
    0x7f, 0x10, 0x0, 0x0, 0x0, 0x0, 0x1, 0xf8,
    0x7f, 0x10, 0x0, 0x0, 0x0, 0x0, 0x1, 0xf8,
    0x7f, 0x10, 0x0, 0x0, 0x0, 0x0, 0x1, 0xf8,
    0x7f, 0x10, 0x0, 0x0, 0x0, 0x0, 0x1, 0xf8,
    0x7f, 0x10, 0x0, 0x0, 0x0, 0x0, 0x1, 0xf8,
    0x7f, 0x10, 0x0, 0x0, 0x0, 0x0, 0x1, 0xf8,
    0x7f, 0x10, 0x0, 0x0, 0x0, 0x0, 0x1, 0xf8,
    0x7f, 0xff, 0xff, 0xff, 0xff, 0xff, 0xff, 0xf8,
    0x7f, 0x87, 0x77, 0x77, 0x77, 0x77, 0x78, 0xf8,
    0x7f, 0x10, 0x0, 0x0, 0x0, 0x0, 0x1, 0xe7,

    /* U+53EB "叫" */
    0x0, 0x0, 0x0, 0x0, 0x0, 0x0, 0x0, 0x2,
    0x30, 0x0, 0x0, 0x0, 0x0, 0x0, 0x0, 0x0,
    0xae, 0x1f, 0xff, 0xff, 0xf3, 0x8, 0xf0, 0x0,
    0xa, 0xe1, 0xf9, 0x66, 0x8f, 0x30, 0x8f, 0x0,
    0x0, 0xae, 0x1f, 0x40, 0x3, 0xf3, 0x8, 0xf0,
    0x0, 0xa, 0xe1, 0xf4, 0x0, 0x3f, 0x30, 0x8f,
    0x0, 0x0, 0xae, 0x1f, 0x40, 0x3, 0xf3, 0x8,
    0xf0, 0x0, 0xa, 0xe1, 0xf4, 0x0, 0x3f, 0x30,
    0x8f, 0x0, 0x0, 0xae, 0x1f, 0x40, 0x3, 0xf3,
    0x8, 0xf0, 0x0, 0xa, 0xe1, 0xf4, 0x0, 0x3f,
    0x30, 0x8f, 0x0, 0x0, 0xae, 0x1f, 0x40, 0x3,
    0xf3, 0x8, 0xf0, 0x0, 0xa, 0xe1, 0xf4, 0x0,
    0x3f, 0x30, 0x8f, 0x0, 0x4, 0xce, 0x1f, 0xff,
    0xff, 0xf3, 0xc, 0xf9, 0xdf, 0xff, 0xe1, 0xfa,
    0x77, 0x77, 0x16, 0xff, 0xea, 0x62, 0xae, 0x1f,
    0x40, 0x0, 0x0, 0x2a, 0x40, 0x0, 0xa, 0xe0,
    0x62, 0x0, 0x0, 0x0, 0x0, 0x0, 0x0, 0xae,
    0x0, 0x0, 0x0, 0x0, 0x0, 0x0, 0x0, 0xa,
    0xe0, 0x0, 0x0, 0x0, 0x0, 0x0, 0x0, 0x0,
    0xae, 0x0, 0x0, 0x0, 0x0, 0x0, 0x0, 0x0,
    0xa, 0xe0,

    /* U+53EF "可" */
    0x67, 0x77, 0x77, 0x77, 0x77, 0x77, 0x77, 0x77,
    0x76, 0xdf, 0xff, 0xff, 0xff, 0xff, 0xff, 0xff,
    0xff, 0xff, 0x0, 0x0, 0x0, 0x0, 0x0, 0x0,
    0x1, 0xf8, 0x0, 0x0, 0x0, 0x0, 0x0, 0x0,
    0x0, 0x0, 0xf7, 0x0, 0x0, 0x0, 0x0, 0x0,
    0x0, 0x0, 0x0, 0xf7, 0x0, 0x0, 0xcf, 0xff,
    0xff, 0xff, 0x50, 0x0, 0xf7, 0x0, 0x0, 0xdc,
    0x77, 0x77, 0x8f, 0x50, 0x0, 0xf7, 0x0, 0x0,
    0xd9, 0x0, 0x0, 0x1f, 0x50, 0x0, 0xf7, 0x0,
    0x0, 0xd9, 0x0, 0x0, 0x1f, 0x50, 0x0, 0xf7,
    0x0, 0x0, 0xd9, 0x0, 0x0, 0x1f, 0x50, 0x0,
    0xf7, 0x0, 0x0, 0xd9, 0x0, 0x0, 0x1f, 0x50,
    0x0, 0xf7, 0x0, 0x0, 0xdf, 0xff, 0xff, 0xff,
    0x50, 0x0, 0xf7, 0x0, 0x0, 0xdc, 0x77, 0x77,
    0x77, 0x20, 0x0, 0xf7, 0x0, 0x0, 0xd9, 0x0,
    0x0, 0x0, 0x0, 0x0, 0xf7, 0x0, 0x0, 0x11,
    0x0, 0x0, 0x0, 0x0, 0x0, 0xf7, 0x0, 0x0,
    0x0, 0x0, 0x0, 0x0, 0x0, 0x1, 0xf7, 0x0,
    0x0, 0x0, 0x0, 0x0, 0x2, 0x99, 0x9a, 0xf5,
    0x0, 0x0, 0x0, 0x0, 0x0, 0x0, 0xef, 0xfd,
    0x90, 0x0,

    /* U+53F8 "司" */
    0x17, 0x77, 0x77, 0x77, 0x77, 0x77, 0x77, 0x77,
    0x43, 0xff, 0xff, 0xff, 0xff, 0xff, 0xff, 0xff,
    0xf9, 0x0, 0x0, 0x0, 0x0, 0x0, 0x0, 0x0,
    0xe, 0x90, 0x0, 0x0, 0x0, 0x0, 0x0, 0x0,
    0x0, 0xe9, 0x1f, 0xff, 0xff, 0xff, 0xff, 0xff,
    0xe0, 0xe, 0x90, 0x55, 0x55, 0x55, 0x55, 0x55,
    0x55, 0x0, 0xe9, 0x0, 0x0, 0x0, 0x0, 0x0,
    0x0, 0x0, 0xe, 0x90, 0x5, 0x66, 0x66, 0x66,
    0x66, 0x30, 0x0, 0xe9, 0x0, 0xcf, 0xff, 0xff,
    0xff, 0xf8, 0x0, 0xe, 0x90, 0xc, 0xa0, 0x0,
    0x0, 0xe, 0x80, 0x0, 0xe9, 0x0, 0xca, 0x0,
    0x0, 0x0, 0xe8, 0x0, 0xe, 0x90, 0xc, 0xa0,
    0x0, 0x0, 0xe, 0x80, 0x0, 0xe9, 0x0, 0xcc,
    0x55, 0x55, 0x55, 0xf8, 0x0, 0xe, 0x90, 0xc,
    0xff, 0xff, 0xff, 0xff, 0x80, 0x0, 0xe9, 0x0,
    0xca, 0x0, 0x0, 0x0, 0x0, 0x0, 0xe, 0x90,
    0x6, 0x50, 0x0, 0x0, 0x0, 0x3a, 0xaa, 0xf8,
    0x0, 0x0, 0x0, 0x0, 0x0, 0x1, 0xff, 0xeb,
    0x10,

    /* U+5403 "吃" */
    0x0, 0x0, 0x0, 0x0, 0x0, 0x0, 0x0, 0x0,
    0x0, 0x0, 0x0, 0x0, 0x0, 0x0, 0x9c, 0x0,
    0x0, 0x0, 0x0, 0x12, 0x22, 0x22, 0x0, 0xe,
    0xb0, 0x0, 0x0, 0x0, 0x7, 0xff, 0xff, 0xe0,
    0x4, 0xf5, 0x0, 0x0, 0x0, 0x0, 0x7f, 0x44,
    0x9e, 0x0, 0xaf, 0xff, 0xff, 0xff, 0xff, 0x7,
    0xe0, 0x7, 0xe0, 0x2f, 0xa7, 0x77, 0x77, 0x77,
    0x70, 0x7e, 0x0, 0x7e, 0xb, 0xe0, 0x0, 0x0,
    0x0, 0x0, 0x7, 0xe0, 0x7, 0xe6, 0xf6, 0x0,
    0x0, 0x0, 0x0, 0x0, 0x7e, 0x0, 0x7e, 0x3a,
    0x46, 0x66, 0x66, 0x67, 0x20, 0x7, 0xe0, 0x7,
    0xe0, 0x9, 0xff, 0xff, 0xff, 0xf7, 0x0, 0x7e,
    0x0, 0x7e, 0x0, 0x0, 0x0, 0x2d, 0xe4, 0x0,
    0x7, 0xe0, 0x7, 0xe0, 0x0, 0x0, 0x4f, 0xd2,
    0x0, 0x0, 0x7e, 0x0, 0x7e, 0x0, 0x0, 0x6f,
    0xa0, 0x0, 0x0, 0x7, 0xff, 0xff, 0xe0, 0x0,
    0x7f, 0x80, 0x0, 0x0, 0x0, 0x7f, 0x88, 0x87,
    0x0, 0x7f, 0x60, 0x0, 0x0, 0x2, 0x7, 0xe0,
    0x0, 0x0, 0x4f, 0x60, 0x0, 0x0, 0x1, 0xf3,
    0x13, 0x0, 0x0, 0xc, 0xc0, 0x0, 0x0, 0x0,
    0x3f, 0x20, 0x0, 0x0, 0x0, 0xcf, 0x97, 0x77,
    0x77, 0x7c, 0xe0, 0x0, 0x0, 0x0, 0x2, 0xbe,
    0xff, 0xff, 0xff, 0xe5, 0x0,

    /* U+5408 "合" */
    0x0, 0x0, 0x0, 0x0, 0x0, 0xa4, 0x0, 0x0,
    0x0, 0x0, 0x0, 0x0, 0x0, 0x0, 0xa, 0xf5,
    0x0, 0x0, 0x0, 0x0, 0x0, 0x0, 0x0, 0x0,
    0x9f, 0xfd, 0x10, 0x0, 0x0, 0x0, 0x0, 0x0,
    0x0, 0xa, 0xf7, 0x2d, 0xe3, 0x0, 0x0, 0x0,
    0x0, 0x0, 0x2, 0xcf, 0x70, 0x1, 0xdf, 0x70,
    0x0, 0x0, 0x0, 0x0, 0x7f, 0xe4, 0x0, 0x0,
    0x9, 0xfd, 0x50, 0x0, 0x0, 0x5d, 0xfe, 0x64,
    0x44, 0x44, 0x44, 0x8e, 0xfd, 0x50, 0xd, 0xfd,
    0x6f, 0xff, 0xff, 0xff, 0xff, 0xf3, 0x7f, 0xf3,
    0x4, 0x60, 0x1, 0x11, 0x11, 0x11, 0x11, 0x10,
    0x1, 0x50, 0x0, 0x0, 0x0, 0x0, 0x0, 0x0,
    0x0, 0x0, 0x0, 0x0, 0x0, 0x0, 0x66, 0x66,
    0x66, 0x66, 0x66, 0x66, 0x30, 0x0, 0x0, 0x1,
    0xff, 0xff, 0xff, 0xff, 0xff, 0xff, 0x70, 0x0,
    0x0, 0x1, 0xf6, 0x0, 0x0, 0x0, 0x0, 0x1f,
    0x70, 0x0, 0x0, 0x1, 0xf6, 0x0, 0x0, 0x0,
    0x0, 0x1f, 0x70, 0x0, 0x0, 0x1, 0xf6, 0x0,
    0x0, 0x0, 0x0, 0x1f, 0x70, 0x0, 0x0, 0x1,
    0xf6, 0x0, 0x0, 0x0, 0x0, 0x1f, 0x70, 0x0,
    0x0, 0x1, 0xff, 0xff, 0xff, 0xff, 0xff, 0xff,
    0x70, 0x0, 0x0, 0x1, 0xfa, 0x66, 0x66, 0x66,
    0x66, 0x7f, 0x70, 0x0, 0x0, 0x1, 0xf6, 0x0,
    0x0, 0x0, 0x0, 0x1e, 0x70, 0x0,

    /* U+540D "名" */
    0x0, 0x0, 0x0, 0x0, 0x0, 0x0, 0x0, 0x0,
    0x0, 0x0, 0x0, 0x0, 0x4e, 0x70, 0x0, 0x0,
    0x0, 0x0, 0x0, 0x0, 0x2e, 0xe1, 0x0, 0x0,
    0x0, 0x0, 0x0, 0x0, 0x2e, 0xff, 0xff, 0xff,
    0xff, 0xf8, 0x0, 0x0, 0x4e, 0xe7, 0x66, 0x66,
    0x66, 0xcf, 0x40, 0x0, 0x8f, 0xd1, 0x0, 0x0,
    0x0, 0x4f, 0xa0, 0x4, 0xef, 0x91, 0x60, 0x0,
    0x0, 0x3f, 0xc0, 0x0, 0xa, 0x30, 0x5f, 0xc1,
    0x0, 0x5f, 0xd1, 0x0, 0x0, 0x0, 0x0, 0x4e,
    0xe4, 0xaf, 0xb1, 0x0, 0x0, 0x0, 0x0, 0x0,
    0x2e, 0xff, 0x80, 0x0, 0x0, 0x0, 0x0, 0x1,
    0x7e, 0xfb, 0x20, 0x0, 0x0, 0x0, 0x1, 0x5a,
    0xff, 0xff, 0xff, 0xff, 0xff, 0xff, 0xb, 0xff,
    0xef, 0xb6, 0x66, 0x66, 0x66, 0x6b, 0xf0, 0x68,
    0x30, 0xf8, 0x0, 0x0, 0x0, 0x0, 0x8f, 0x0,
    0x0, 0xf, 0x80, 0x0, 0x0, 0x0, 0x8, 0xf0,
    0x0, 0x0, 0xf8, 0x0, 0x0, 0x0, 0x0, 0x8f,
    0x0, 0x0, 0xf, 0x80, 0x0, 0x0, 0x0, 0x8,
    0xf0, 0x0, 0x0, 0xff, 0xff, 0xff, 0xff, 0xff,
    0xff, 0x0, 0x0, 0xf, 0xb6, 0x66, 0x66, 0x66,
    0x6b, 0xf0, 0x0, 0x0, 0xf8, 0x0, 0x0, 0x0,
    0x0, 0x8f,

    /* U+5411 "向" */
    0x0, 0x0, 0x0, 0x5, 0xb4, 0x0, 0x0, 0x0,
    0x0, 0x0, 0x0, 0x0, 0xb, 0xf2, 0x0, 0x0,
    0x0, 0x0, 0x0, 0x0, 0x0, 0x1f, 0xa0, 0x0,
    0x0, 0x0, 0x0, 0x5, 0x55, 0x55, 0x9f, 0x85,
    0x55, 0x55, 0x55, 0x50, 0xf, 0xff, 0xff, 0xff,
    0xff, 0xff, 0xff, 0xff, 0xf1, 0xf, 0x81, 0x11,
    0x11, 0x11, 0x11, 0x11, 0x17, 0xf1, 0xf, 0x70,
    0x0, 0x0, 0x0, 0x0, 0x0, 0x6, 0xf1, 0xf,
    0x70, 0x3, 0x33, 0x33, 0x33, 0x30, 0x6, 0xf1,
    0xf, 0x70, 0xe, 0xff, 0xff, 0xff, 0xe0, 0x6,
    0xf1, 0xf, 0x70, 0xe, 0x81, 0x11, 0x18, 0xe0,
    0x6, 0xf1, 0xf, 0x70, 0xe, 0x70, 0x0, 0x7,
    0xe0, 0x6, 0xf1, 0xf, 0x70, 0xe, 0x70, 0x0,
    0x7, 0xe0, 0x6, 0xf1, 0xf, 0x70, 0xe, 0x70,
    0x0, 0x7, 0xe0, 0x6, 0xf1, 0xf, 0x70, 0xe,
    0xff, 0xff, 0xff, 0xe0, 0x6, 0xf1, 0xf, 0x70,
    0xe, 0xa6, 0x66, 0x66, 0x50, 0x6, 0xf1, 0xf,
    0x70, 0xc, 0x60, 0x0, 0x0, 0x0, 0x6, 0xf1,
    0xf, 0x70, 0x0, 0x0, 0x0, 0x0, 0x0, 0x6,
    0xf1, 0xf, 0x70, 0x0, 0x0, 0x0, 0x0, 0x88,
    0x8c, 0xf0, 0xf, 0x70, 0x0, 0x0, 0x0, 0x0,
    0xcf, 0xfd, 0x60,

    /* U+5417 "吗" */
    0x0, 0x0, 0x0, 0x5, 0xaa, 0xaa, 0xaa, 0xab,
    0x20, 0x7f, 0xff, 0xfe, 0x5, 0xbb, 0xbb, 0xbb,
    0xcf, 0x20, 0x7f, 0x77, 0xbe, 0x0, 0x0, 0x0,
    0x0, 0x6f, 0x10, 0x7e, 0x0, 0x7e, 0x0, 0x9c,
    0x0, 0x0, 0x7f, 0x0, 0x7e, 0x0, 0x7e, 0x0,
    0xab, 0x0, 0x0, 0x9d, 0x0, 0x7e, 0x0, 0x7e,
    0x0, 0xc9, 0x0, 0x0, 0xab, 0x0, 0x7e, 0x0,
    0x7e, 0x0, 0xd8, 0x0, 0x0, 0xc9, 0x0, 0x7e,
    0x0, 0x7e, 0x0, 0xf6, 0x0, 0x0, 0xe8, 0x0,
    0x7e, 0x0, 0x7e, 0x1, 0xff, 0xff, 0xff, 0xff,
    0xfe, 0x7e, 0x0, 0x7e, 0x0, 0x44, 0x44, 0x44,
    0x44, 0xbc, 0x7e, 0x11, 0x8e, 0x0, 0x0, 0x0,
    0x0, 0x0, 0xba, 0x7f, 0xff, 0xfe, 0x1, 0x11,
    0x11, 0x11, 0x10, 0xd9, 0x7f, 0x44, 0x44, 0x2f,
    0xff, 0xff, 0xff, 0xe0, 0xf6, 0x7e, 0x0, 0x0,
    0x4, 0x44, 0x44, 0x44, 0x32, 0xf4, 0x12, 0x0,
    0x0, 0x0, 0x0, 0x0, 0x0, 0x7, 0xf1, 0x0,
    0x0, 0x0, 0x0, 0x0, 0x0, 0x55, 0x6e, 0xc0,
    0x0, 0x0, 0x0, 0x0, 0x0, 0x0, 0x9f, 0xfd,
    0x20, 0x0, 0x0, 0x0, 0x0, 0x0, 0x0, 0x0,
    0x0, 0x0,

    /* U+5427 "吧" */
    0x0, 0x0, 0x0, 0x3, 0x88, 0x88, 0x88, 0x88,
    0x84, 0x6, 0xff, 0xff, 0xe0, 0x5f, 0xdd, 0xdf,
    0xed, 0xdf, 0x80, 0x6f, 0x77, 0xbe, 0x5, 0xf1,
    0x2, 0xf3, 0x0, 0xe8, 0x6, 0xe0, 0x7, 0xe0,
    0x5f, 0x10, 0x2f, 0x30, 0xe, 0x80, 0x6e, 0x0,
    0x7e, 0x5, 0xf1, 0x2, 0xf3, 0x0, 0xe8, 0x6,
    0xe0, 0x7, 0xe0, 0x5f, 0x10, 0x2f, 0x30, 0xe,
    0x80, 0x6e, 0x0, 0x7e, 0x5, 0xf1, 0x2, 0xf3,
    0x0, 0xe8, 0x6, 0xe0, 0x7, 0xe0, 0x5f, 0x10,
    0x2f, 0x30, 0xe, 0x80, 0x6e, 0x0, 0x7e, 0x5,
    0xf7, 0x68, 0xf8, 0x66, 0xf8, 0x6, 0xe0, 0x7,
    0xe0, 0x5f, 0xfe, 0xee, 0xee, 0xef, 0x80, 0x6f,
    0x11, 0x8e, 0x5, 0xf1, 0x0, 0x0, 0x0, 0xe8,
    0x6, 0xff, 0xff, 0xe0, 0x5f, 0x10, 0x0, 0x0,
    0x0, 0x0, 0x6f, 0x44, 0x44, 0x5, 0xf1, 0x0,
    0x0, 0x0, 0x0, 0x6, 0xe0, 0x0, 0x0, 0x5f,
    0x10, 0x0, 0x0, 0x1, 0xd2, 0x12, 0x0, 0x0,
    0x5, 0xf2, 0x0, 0x0, 0x0, 0x4f, 0x20, 0x0,
    0x0, 0x0, 0x2f, 0xa6, 0x66, 0x66, 0x6d, 0xe0,
    0x0, 0x0, 0x0, 0x0, 0x8e, 0xff, 0xff, 0xff,
    0xd4, 0x0,

    /* U+542C "听" */
    0x0, 0x0, 0x0, 0x0, 0x0, 0x0, 0x0, 0x38,
    0x20, 0x0, 0x0, 0x0, 0x0, 0x0, 0x25, 0x9e,
    0xff, 0xa0, 0x7f, 0xff, 0xff, 0x10, 0x6e, 0xff,
    0xd9, 0x50, 0x0, 0x7f, 0x77, 0xbf, 0x10, 0x8f,
    0x40, 0x0, 0x0, 0x0, 0x7f, 0x0, 0x6f, 0x10,
    0x8f, 0x0, 0x0, 0x0, 0x0, 0x7f, 0x0, 0x6f,
    0x10, 0x8f, 0x0, 0x0, 0x0, 0x0, 0x7f, 0x0,
    0x6f, 0x10, 0x8f, 0x55, 0x55, 0x55, 0x55, 0x7f,
    0x0, 0x6f, 0x10, 0x8f, 0xff, 0xff, 0xff, 0xff,
    0x7f, 0x0, 0x6f, 0x10, 0x9f, 0x22, 0x23, 0xf8,
    0x22, 0x7f, 0x0, 0x6f, 0x10, 0x9f, 0x0, 0x1,
    0xf6, 0x0, 0x7f, 0x0, 0x6f, 0x10, 0xae, 0x0,
    0x1, 0xf6, 0x0, 0x7f, 0x0, 0x6f, 0x10, 0xcc,
    0x0, 0x1, 0xf6, 0x0, 0x7f, 0xff, 0xff, 0x10,
    0xea, 0x0, 0x1, 0xf6, 0x0, 0x7f, 0x77, 0x77,
    0x1, 0xf8, 0x0, 0x1, 0xf6, 0x0, 0x7f, 0x0,
    0x0, 0x5, 0xf4, 0x0, 0x1, 0xf6, 0x0, 0x13,
    0x0, 0x0, 0xa, 0xf0, 0x0, 0x1, 0xf6, 0x0,
    0x0, 0x0, 0x0, 0x2f, 0xa0, 0x0, 0x1, 0xf6,
    0x0, 0x0, 0x0, 0x0, 0xbf, 0x20, 0x0, 0x1,
    0xf6, 0x0, 0x0, 0x0, 0x0, 0x38, 0x0, 0x0,
    0x1, 0xf6, 0x0,

    /* U+5440 "呀" */
    0x0, 0x0, 0x0, 0x2e, 0xee, 0xee, 0xee, 0xee,
    0xeb, 0x7, 0xff, 0xff, 0xe1, 0x88, 0x88, 0x88,
    0x8f, 0xc8, 0x60, 0x7f, 0x77, 0xbe, 0x0, 0x83,
    0x0, 0x0, 0xe8, 0x0, 0x7, 0xe0, 0x7, 0xe0,
    0x2f, 0x40, 0x0, 0xe, 0x80, 0x0, 0x7e, 0x0,
    0x7e, 0x4, 0xf2, 0x0, 0x0, 0xe8, 0x0, 0x7,
    0xe0, 0x7, 0xe0, 0x6f, 0x0, 0x0, 0xe, 0x80,
    0x0, 0x7e, 0x0, 0x7e, 0x9, 0xd1, 0x11, 0x11,
    0xe9, 0x11, 0x7, 0xe0, 0x7, 0xe0, 0xcf, 0xff,
    0xff, 0xff, 0xff, 0xf3, 0x7e, 0x0, 0x7e, 0x5,
    0x55, 0x55, 0x9f, 0xfb, 0x55, 0x17, 0xe0, 0x7,
    0xe0, 0x0, 0x0, 0x1e, 0xce, 0x80, 0x0, 0x7e,
    0x0, 0x7e, 0x0, 0x0, 0x1d, 0xe1, 0xe8, 0x0,
    0x7, 0xff, 0xff, 0xe0, 0x0, 0x1d, 0xf4, 0xe,
    0x80, 0x0, 0x7f, 0x88, 0x87, 0x0, 0x2d, 0xf4,
    0x0, 0xe8, 0x0, 0x7, 0xe0, 0x0, 0x0, 0x5f,
    0xf5, 0x0, 0xe, 0x80, 0x0, 0x13, 0x0, 0x2,
    0xbf, 0xe3, 0x0, 0x0, 0xe8, 0x0, 0x0, 0x0,
    0x0, 0x5f, 0xc2, 0x0, 0x0, 0xe, 0x80, 0x0,
    0x0, 0x0, 0x0, 0x50, 0x0, 0x27, 0x78, 0xf7,
    0x0, 0x0, 0x0, 0x0, 0x0, 0x0, 0x0, 0xff,
    0xeb, 0x10, 0x0, 0x0, 0x0, 0x0, 0x0, 0x0,
    0x0, 0x0, 0x0, 0x0, 0x0,

    /* U+5443 "呃" */
    0x0, 0x0, 0x0, 0x0, 0x0, 0x0, 0x0, 0x0,
    0x0, 0x0, 0x0, 0x0, 0x0, 0xcf, 0xff, 0xff,
    0xff, 0xff, 0xf0, 0x6f, 0xff, 0xfe, 0xc, 0xb4,
    0x44, 0x44, 0x44, 0x44, 0x6, 0xf7, 0x7a, 0xe0,
    0xc9, 0x0, 0x0, 0x0, 0x0, 0x0, 0x6e, 0x0,
    0x5e, 0xc, 0x90, 0x34, 0x44, 0x44, 0x40, 0x6,
    0xe0, 0x5, 0xe0, 0xc9, 0xe, 0xff, 0xff, 0xff,
    0x20, 0x6e, 0x0, 0x5e, 0xc, 0x90, 0xe7, 0x11,
    0x14, 0xf2, 0x6, 0xe0, 0x5, 0xe0, 0xc9, 0xe,
    0x60, 0x0, 0x3f, 0x20, 0x6e, 0x0, 0x5e, 0xd,
    0x90, 0xe6, 0x0, 0x3, 0xf2, 0x6, 0xe0, 0x5,
    0xe0, 0xd8, 0xe, 0x60, 0x0, 0x3f, 0x20, 0x6e,
    0x0, 0x5e, 0xe, 0x70, 0xe6, 0x0, 0x3, 0xf2,
    0x6, 0xe1, 0x17, 0xe0, 0xf6, 0xe, 0x60, 0x6b,
    0xdf, 0x10, 0x6f, 0xff, 0xfe, 0x1f, 0x40, 0xe6,
    0x3, 0x87, 0x30, 0x6, 0xf4, 0x44, 0x45, 0xf1,
    0xe, 0x60, 0x0, 0x0, 0x0, 0x6e, 0x0, 0x0,
    0x9d, 0x0, 0xe6, 0x0, 0x0, 0xe, 0x31, 0x20,
    0x0, 0xd, 0x90, 0xe, 0x70, 0x0, 0x1, 0xf3,
    0x0, 0x0, 0x5, 0xf3, 0x0, 0xdc, 0x54, 0x45,
    0x9f, 0x0, 0x0, 0x0, 0xaa, 0x0, 0x5, 0xef,
    0xff, 0xfe, 0x70, 0x0, 0x0, 0x0, 0x10, 0x0,
    0x0, 0x0, 0x0, 0x0, 0x0,

    /* U+5458 "员" */
    0x0, 0x3f, 0xff, 0xff, 0xff, 0xff, 0xff, 0xf8,
    0x0, 0x0, 0x3f, 0x95, 0x55, 0x55, 0x55, 0x56,
    0xf8, 0x0, 0x0, 0x3f, 0x50, 0x0, 0x0, 0x0,
    0x1, 0xf8, 0x0, 0x0, 0x3f, 0x84, 0x44, 0x44,
    0x44, 0x46, 0xf8, 0x0, 0x0, 0x3f, 0xff, 0xff,
    0xff, 0xff, 0xff, 0xf8, 0x0, 0x0, 0x0, 0x0,
    0x0, 0x0, 0x0, 0x0, 0x0, 0x0, 0x0, 0x33,
    0x33, 0x33, 0x33, 0x33, 0x33, 0x33, 0x10, 0x0,
    0xef, 0xff, 0xff, 0xff, 0xff, 0xff, 0xff, 0x50,
    0x0, 0xeb, 0x22, 0x22, 0x22, 0x22, 0x22, 0x6f,
    0x50, 0x0, 0xe9, 0x0, 0x0, 0x75, 0x0, 0x0,
    0x4f, 0x50, 0x0, 0xe9, 0x0, 0x0, 0xeb, 0x0,
    0x0, 0x4f, 0x50, 0x0, 0xe9, 0x0, 0x0, 0xfa,
    0x0, 0x0, 0x4f, 0x50, 0x0, 0xe9, 0x0, 0x2,
    0xf8, 0x0, 0x0, 0x4f, 0x50, 0x0, 0xe9, 0x0,
    0xb, 0xf2, 0x40, 0x0, 0x4f, 0x50, 0x0, 0x21,
    0x3, 0xcf, 0x62, 0xff, 0xa5, 0x0, 0x0, 0x0,
    0x16, 0xbf, 0xd4, 0x0, 0x16, 0xcf, 0xf9, 0x30,
    0x5d, 0xff, 0xc5, 0x0, 0x0, 0x0, 0x2, 0x8e,
    0xf9, 0x9, 0x51, 0x0, 0x0, 0x0, 0x0, 0x0,
    0x0, 0x53,

    /* U+547C "呼" */
    0x0, 0x0, 0x0, 0x0, 0x0, 0x0, 0x0, 0x26,
    0x70, 0x0, 0x0, 0x0, 0x1, 0x45, 0x79, 0xbd,
    0xff, 0xfd, 0x20, 0x6e, 0xee, 0xe6, 0x6f, 0xfd,
    0xce, 0xf6, 0x30, 0x0, 0x6, 0xf7, 0x7f, 0x60,
    0x0, 0x0, 0x9e, 0x0, 0x3, 0x0, 0x6e, 0x0,
    0xe6, 0xa, 0x80, 0x9, 0xe0, 0x4, 0xf4, 0x6,
    0xe0, 0xe, 0x60, 0x7e, 0x0, 0x9e, 0x0, 0x9e,
    0x0, 0x6e, 0x0, 0xe6, 0x1, 0xf5, 0x9, 0xe0,
    0xe, 0x80, 0x6, 0xe0, 0xe, 0x60, 0xd, 0x90,
    0x9e, 0x5, 0xf1, 0x0, 0x6e, 0x0, 0xe6, 0x0,
    0x9c, 0x9, 0xe0, 0xba, 0x0, 0x6, 0xe0, 0xe,
    0x61, 0x12, 0x11, 0x9e, 0x11, 0x21, 0x10, 0x6e,
    0x0, 0xe6, 0xbf, 0xff, 0xff, 0xff, 0xff, 0xff,
    0x46, 0xf5, 0x5f, 0x64, 0x55, 0x55, 0xbf, 0x55,
    0x55, 0x51, 0x6f, 0xff, 0xf6, 0x0, 0x0, 0x9,
    0xe0, 0x0, 0x0, 0x6, 0xe0, 0x0, 0x0, 0x0,
    0x0, 0x9e, 0x0, 0x0, 0x0, 0x4a, 0x0, 0x0,
    0x0, 0x0, 0x9, 0xe0, 0x0, 0x0, 0x0, 0x0,
    0x0, 0x0, 0x0, 0x0, 0x9e, 0x0, 0x0, 0x0,
    0x0, 0x0, 0x0, 0x0, 0x46, 0x6c, 0xd0, 0x0,
    0x0, 0x0, 0x0, 0x0, 0x0, 0x7, 0xff, 0xd6,
    0x0, 0x0, 0x0, 0x0, 0x0, 0x0, 0x0, 0x0,
    0x0, 0x0, 0x0, 0x0, 0x0,

    /* U+5496 "咖" */
    0x0, 0x0, 0x0, 0x5, 0xd0, 0x0, 0x0, 0x0,
    0x0, 0x14, 0x44, 0x40, 0x6, 0xe0, 0x0, 0x0,
    0x0, 0x0, 0x4f, 0xff, 0xf2, 0x6, 0xe0, 0x0,
    0x16, 0x66, 0x66, 0x4e, 0x0, 0xf2, 0x6, 0xe0,
    0x0, 0x3f, 0xcc, 0xde, 0x4e, 0x0, 0xf3, 0xff,
    0xff, 0xfe, 0x3f, 0x10, 0x5e, 0x4e, 0x0, 0xf3,
    0x6a, 0xe6, 0xae, 0x3f, 0x10, 0x5e, 0x4e, 0x0,
    0xf2, 0x7, 0xd0, 0x6e, 0x3f, 0x10, 0x5e, 0x4e,
    0x0, 0xf2, 0x8, 0xc0, 0x7d, 0x3f, 0x10, 0x5e,
    0x4e, 0x0, 0xf2, 0x9, 0xb0, 0x7d, 0x3f, 0x10,
    0x5e, 0x4e, 0x0, 0xf2, 0xa, 0xa0, 0x8c, 0x3f,
    0x10, 0x5e, 0x4e, 0x0, 0xf2, 0xd, 0x70, 0x9b,
    0x3f, 0x10, 0x5e, 0x4e, 0x0, 0xf2, 0xf, 0x50,
    0xab, 0x3f, 0x10, 0x5e, 0x4f, 0xee, 0xf2, 0x2f,
    0x20, 0xba, 0x3f, 0x10, 0x5e, 0x4f, 0x55, 0x50,
    0x7e, 0x0, 0xc9, 0x3f, 0x10, 0x5e, 0x4e, 0x0,
    0x0, 0xc8, 0x0, 0xd7, 0x3f, 0x32, 0x7e, 0x28,
    0x0, 0x3, 0xf3, 0x0, 0xf6, 0x3f, 0xff, 0xfe,
    0x0, 0x0, 0xd, 0xa2, 0x59, 0xf2, 0x3f, 0x42,
    0x7e, 0x0, 0x0, 0x7e, 0x12, 0xff, 0x90, 0x3d,
    0x10, 0x4a, 0x0, 0x0, 0x2, 0x0, 0x0, 0x0,
    0x0, 0x0, 0x0,

    /* U+54C1 "品" */
    0x0, 0x6, 0xff, 0xff, 0xff, 0xff, 0xff, 0x80,
    0x0, 0x0, 0x6, 0xf7, 0x77, 0x77, 0x77, 0x7f,
    0x80, 0x0, 0x0, 0x6, 0xf0, 0x0, 0x0, 0x0,
    0xf, 0x80, 0x0, 0x0, 0x6, 0xf0, 0x0, 0x0,
    0x0, 0xf, 0x80, 0x0, 0x0, 0x6, 0xf0, 0x0,
    0x0, 0x0, 0xf, 0x80, 0x0, 0x0, 0x6, 0xf8,
    0x77, 0x77, 0x77, 0x7f, 0x80, 0x0, 0x0, 0x6,
    0xee, 0xee, 0xee, 0xee, 0xee, 0x80, 0x0, 0x0,
    0x0, 0x0, 0x0, 0x0, 0x0, 0x0, 0x0, 0x0,
    0x2, 0x22, 0x22, 0x22, 0x0, 0x22, 0x22, 0x22,
    0x21, 0x5f, 0xff, 0xff, 0xfe, 0x0, 0xff, 0xff,
    0xff, 0xf7, 0x5f, 0x54, 0x44, 0xbe, 0x0, 0xf9,
    0x44, 0x44, 0xf7, 0x5f, 0x10, 0x0, 0x9e, 0x0,
    0xf6, 0x0, 0x0, 0xf7, 0x5f, 0x10, 0x0, 0x9e,
    0x0, 0xf6, 0x0, 0x0, 0xf7, 0x5f, 0x10, 0x0,
    0x9e, 0x0, 0xf6, 0x0, 0x0, 0xf7, 0x5f, 0x10,
    0x0, 0x9e, 0x0, 0xf6, 0x0, 0x0, 0xf7, 0x5f,
    0xff, 0xff, 0xfe, 0x0, 0xff, 0xff, 0xff, 0xf7,
    0x5f, 0x87, 0x77, 0xce, 0x0, 0xfb, 0x77, 0x78,
    0xf7, 0x5f, 0x10, 0x0, 0x7c, 0x0, 0xf6, 0x0,
    0x0, 0xe7,

    /* U+54C7 "哇" */
    0x0, 0x0, 0x0, 0x0, 0x0, 0x4, 0x70, 0x0,
    0x0, 0x0, 0x0, 0x0, 0x0, 0x0, 0x0, 0x9e,
    0x0, 0x0, 0x0, 0x5d, 0xdd, 0xdb, 0x0, 0x0,
    0x9, 0xf0, 0x0, 0x0, 0x6, 0xf7, 0x7b, 0xe0,
    0xbf, 0xff, 0xff, 0xff, 0xfe, 0x0, 0x6e, 0x0,
    0x6e, 0x3, 0x44, 0x4b, 0xf4, 0x44, 0x40, 0x6,
    0xe0, 0x6, 0xe0, 0x0, 0x0, 0x9e, 0x0, 0x0,
    0x0, 0x6e, 0x0, 0x6e, 0x0, 0x0, 0x9, 0xe0,
    0x0, 0x0, 0x6, 0xe0, 0x6, 0xe2, 0x77, 0x77,
    0xcf, 0x77, 0x77, 0x60, 0x6e, 0x0, 0x6e, 0x4e,
    0xee, 0xee, 0xee, 0xee, 0xed, 0x6, 0xe0, 0x6,
    0xe0, 0x0, 0x0, 0x46, 0x0, 0x0, 0x0, 0x6e,
    0x0, 0x6e, 0x0, 0x0, 0x9, 0xe0, 0x0, 0x0,
    0x6, 0xe1, 0x18, 0xe0, 0x22, 0x22, 0xaf, 0x22,
    0x22, 0x0, 0x6f, 0xff, 0xfe, 0xf, 0xff, 0xff,
    0xff, 0xff, 0xf2, 0x6, 0xf4, 0x44, 0x40, 0x33,
    0x33, 0xaf, 0x33, 0x33, 0x0, 0x6e, 0x0, 0x0,
    0x0, 0x0, 0x9, 0xe0, 0x0, 0x0, 0x1, 0x20,
    0x0, 0x0, 0x0, 0x0, 0x9e, 0x0, 0x0, 0x0,
    0x0, 0x0, 0x2, 0x77, 0x77, 0x7c, 0xf7, 0x77,
    0x77, 0x10, 0x0, 0x0, 0x5f, 0xff, 0xff, 0xff,
    0xff, 0xff, 0xf3,

    /* U+54DF "哟" */
    0x0, 0x0, 0x0, 0x0, 0x33, 0x0, 0x17, 0x10,
    0x0, 0x1, 0x44, 0x44, 0x0, 0xb, 0xc0, 0x4,
    0xf1, 0x0, 0x0, 0x5f, 0xff, 0xe0, 0x1, 0xf5,
    0x0, 0x8e, 0x0, 0x0, 0x5, 0xe0, 0x5e, 0x0,
    0x7e, 0x0, 0xb, 0xb1, 0x11, 0x10, 0x5e, 0x5,
    0xe0, 0xd, 0x80, 0x0, 0xff, 0xff, 0xff, 0x5,
    0xe0, 0x5e, 0x5, 0xf1, 0x58, 0x4f, 0x43, 0x38,
    0xf0, 0x5e, 0x5, 0xe1, 0xea, 0x4d, 0xab, 0xb0,
    0x0, 0x6f, 0x5, 0xe0, 0x5e, 0x5f, 0xff, 0xf2,
    0x94, 0x0, 0x7, 0xf0, 0x5e, 0x5, 0xe0, 0x20,
    0xd9, 0x0, 0x9a, 0x0, 0x7e, 0x5, 0xe0, 0x5e,
    0x0, 0x7e, 0x0, 0x4, 0xf2, 0x8, 0xe0, 0x5e,
    0x5, 0xe0, 0x2f, 0x40, 0x11, 0xc, 0xa0, 0x9d,
    0x5, 0xe0, 0x5e, 0x1d, 0xfc, 0xff, 0x60, 0x5f,
    0x1a, 0xc0, 0x5f, 0xef, 0xe1, 0xeb, 0x85, 0x20,
    0x0, 0xc3, 0xbb, 0x5, 0xf5, 0x55, 0x0, 0x0,
    0x0, 0x0, 0x0, 0xc, 0xa0, 0x5e, 0x0, 0x0,
    0x0, 0x16, 0xa6, 0x0, 0x0, 0xe9, 0x3, 0x80,
    0x0, 0x29, 0xdf, 0xfc, 0x50, 0x0, 0x1f, 0x60,
    0x0, 0x0, 0x3, 0xb7, 0x30, 0x0, 0x4, 0x59,
    0xf2, 0x0, 0x0, 0x0, 0x0, 0x0, 0x0, 0x0,
    0x8f, 0xf9, 0x0, 0x0, 0x0, 0x0, 0x0, 0x0,
    0x0, 0x0, 0x0, 0x0, 0x0,

    /* U+54E5 "哥" */
    0x6f, 0xff, 0xff, 0xff, 0xff, 0xff, 0xff, 0xff,
    0xf7, 0x25, 0x55, 0x55, 0x55, 0x55, 0x55, 0x57,
    0xf8, 0x52, 0x0, 0x1, 0x11, 0x11, 0x11, 0x11,
    0x3, 0xf4, 0x0, 0x0, 0x5f, 0xff, 0xff, 0xff,
    0xf9, 0x3, 0xf4, 0x0, 0x0, 0x5f, 0x0, 0x0,
    0x0, 0xd9, 0x3, 0xf4, 0x0, 0x0, 0x5f, 0x11,
    0x11, 0x11, 0xd9, 0x3, 0xf4, 0x0, 0x0, 0x5f,
    0xff, 0xff, 0xff, 0xf8, 0x3, 0xf4, 0x0, 0x0,
    0x0, 0x0, 0x0, 0x0, 0x0, 0x3, 0xf4, 0x0,
    0xdf, 0xff, 0xff, 0xff, 0xff, 0xff, 0xff, 0xff,
    0xfe, 0x55, 0x55, 0x55, 0x55, 0x55, 0x55, 0x55,
    0xfb, 0x55, 0x0, 0x1, 0x11, 0x11, 0x11, 0x10,
    0x0, 0xf8, 0x0, 0x0, 0x7f, 0xff, 0xff, 0xff,
    0xf5, 0x0, 0xf8, 0x0, 0x0, 0x7f, 0x11, 0x11,
    0x13, 0xf5, 0x0, 0xf8, 0x0, 0x0, 0x7f, 0x0,
    0x0, 0x2, 0xf5, 0x0, 0xf8, 0x0, 0x0, 0x7f,
    0xff, 0xff, 0xff, 0xf5, 0x0, 0xf8, 0x0, 0x0,
    0x7f, 0x33, 0x33, 0x33, 0x31, 0x0, 0xf8, 0x0,
    0x0, 0x12, 0x0, 0x0, 0x0, 0x5, 0x56, 0xf8,
    0x0, 0x0, 0x0, 0x0, 0x0, 0x0, 0xa, 0xff,
    0xc2, 0x0,

    /* U+54E6 "哦" */
    0x0, 0x0, 0x0, 0x0, 0x0, 0x15, 0x1c, 0x30,
    0x0, 0x1, 0x44, 0x44, 0x10, 0x4, 0xaf, 0xf4,
    0xf4, 0xbb, 0x0, 0x5f, 0xff, 0xf6, 0xae, 0xff,
    0x60, 0x1f, 0x42, 0xe7, 0x5, 0xe0, 0xe, 0x58,
    0x58, 0xe0, 0x1, 0xf4, 0x6, 0xf2, 0x5e, 0x0,
    0xe5, 0x0, 0x6e, 0x0, 0x1f, 0x40, 0x5, 0x5,
    0xe0, 0xe, 0x50, 0x6, 0xe0, 0x0, 0xf5, 0x0,
    0x0, 0x5e, 0x0, 0xe9, 0xff, 0xff, 0xff, 0xff,
    0xff, 0xff, 0x55, 0xe0, 0xe, 0x76, 0x6a, 0xf6,
    0x66, 0xfa, 0x66, 0x62, 0x5e, 0x0, 0xe5, 0x0,
    0x6e, 0x0, 0xe, 0x70, 0x87, 0x5, 0xe0, 0xe,
    0x50, 0x6, 0xe0, 0x0, 0xc8, 0x1f, 0x60, 0x5e,
    0x0, 0xe5, 0x0, 0x7f, 0x9c, 0x6b, 0xa8, 0xe0,
    0x5, 0xe0, 0xe, 0x8b, 0xef, 0xfc, 0x72, 0xad,
    0xf8, 0x0, 0x5f, 0xee, 0xf7, 0xb7, 0x9e, 0x0,
    0x7, 0xfe, 0x0, 0x5, 0xf5, 0x55, 0x10, 0x6,
    0xe0, 0x0, 0x5f, 0x50, 0x0, 0x5e, 0x0, 0x0,
    0x0, 0x6e, 0x0, 0xa, 0xf4, 0x5, 0x23, 0x80,
    0x0, 0x0, 0x6, 0xe0, 0x7, 0xfe, 0x80, 0x97,
    0x0, 0x0, 0x0, 0x0, 0x6e, 0x6, 0xf5, 0x9d,
    0xa, 0x60, 0x0, 0x0, 0x16, 0x6b, 0xd5, 0xf7,
    0x2, 0xf9, 0xe2, 0x0, 0x0, 0x0, 0xef, 0xe6,
    0x16, 0x0, 0x7, 0xfb, 0x0, 0x0, 0x0, 0x0,
    0x0, 0x0, 0x0, 0x0, 0x0, 0x0,

    /* U+54EA "哪" */
    0x0, 0x0, 0x7, 0xee, 0xee, 0xe6, 0x1e, 0xee,
    0xec, 0x14, 0xff, 0xfe, 0x36, 0xbd, 0x6e, 0x71,
    0xf7, 0x5a, 0xf0, 0x4e, 0x69, 0xe0, 0x7, 0xc0,
    0xc7, 0x1f, 0x30, 0xaa, 0x4, 0xd0, 0x4e, 0x0,
    0x7c, 0xd, 0x61, 0xf3, 0xe, 0x60, 0x4d, 0x4,
    0xe0, 0x18, 0xc1, 0xd6, 0x1f, 0x33, 0xf1, 0x4,
    0xd0, 0x4e, 0x8f, 0xff, 0xff, 0x61, 0xf3, 0x7b,
    0x0, 0x4d, 0x4, 0xe1, 0x39, 0xc3, 0xd6, 0x1f,
    0x3c, 0x60, 0x4, 0xd0, 0x4e, 0x0, 0x9b, 0xd,
    0x61, 0xf3, 0x9a, 0x0, 0x4d, 0x4, 0xe0, 0xa,
    0xa0, 0xd6, 0x1f, 0x31, 0xf3, 0x4, 0xd0, 0x4e,
    0x24, 0xcb, 0x4e, 0x61, 0xf3, 0xa, 0x90, 0x4d,
    0x15, 0xe8, 0xff, 0xff, 0xf6, 0x1f, 0x30, 0x7c,
    0x4, 0xff, 0xfe, 0x1, 0xf3, 0xe, 0x51, 0xf3,
    0x4, 0xf0, 0x4e, 0x44, 0x40, 0x5f, 0x0, 0xe5,
    0x1f, 0x30, 0x5e, 0x4, 0xd0, 0x0, 0x9, 0xb0,
    0xf, 0x51, 0xf4, 0x7d, 0xc0, 0x2, 0x0, 0x0,
    0xe6, 0x0, 0xf4, 0x1f, 0x3d, 0xb3, 0x0, 0x0,
    0x0, 0x8e, 0x0, 0x1f, 0x31, 0xf3, 0x0, 0x0,
    0x0, 0x0, 0x2f, 0x61, 0x58, 0xf1, 0x1f, 0x30,
    0x0, 0x0, 0x0, 0x3, 0xa0, 0xf, 0xf9, 0x1,
    0xf3, 0x0, 0x0, 0x0, 0x0, 0x0, 0x0, 0x0,
    0x0, 0x0, 0x0, 0x0, 0x0,

    /* U+5507 "唇" */
    0x0, 0xf, 0xff, 0xff, 0xff, 0xff, 0xff, 0xff,
    0xff, 0x50, 0x0, 0xf, 0xb5, 0x55, 0x55, 0x55,
    0x55, 0x55, 0x55, 0x20, 0x0, 0xf, 0x80, 0x22,
    0x22, 0x22, 0x22, 0x22, 0x20, 0x0, 0x0, 0xf,
    0x86, 0xff, 0xff, 0xff, 0xff, 0xff, 0xf0, 0x0,
    0x0, 0xf, 0x80, 0x0, 0x0, 0x0, 0x0, 0x0,
    0x0, 0x0, 0x0, 0xf, 0xfe, 0xee, 0xee, 0xee,
    0xee, 0xee, 0xee, 0xd0, 0x0, 0xf, 0x93, 0x8e,
    0x33, 0xbd, 0x33, 0x33, 0x93, 0x20, 0x0, 0xf,
    0x60, 0x6e, 0x0, 0x1e, 0x90, 0x2c, 0xd3, 0x0,
    0x0, 0x1f, 0x60, 0x7e, 0x3, 0x73, 0xed, 0xf7,
    0x0, 0x0, 0x0, 0x3f, 0x40, 0xcf, 0xff, 0xb0,
    0x1b, 0xfc, 0x73, 0x0, 0x0, 0x4f, 0x20, 0xca,
    0x50, 0x0, 0x0, 0x29, 0xef, 0xf1, 0x0, 0x7f,
    0x0, 0x33, 0x33, 0x33, 0x33, 0x33, 0x32, 0x30,
    0x0, 0xae, 0x0, 0xff, 0xff, 0xff, 0xff, 0xff,
    0xf1, 0x0, 0x0, 0xea, 0x0, 0xf6, 0x0, 0x0,
    0x0, 0x7, 0xf1, 0x0, 0x3, 0xf6, 0x0, 0xf6,
    0x0, 0x0, 0x0, 0x6, 0xf1, 0x0, 0x9, 0xf2,
    0x0, 0xf9, 0x44, 0x44, 0x44, 0x49, 0xf1, 0x0,
    0xf, 0xb0, 0x0, 0xff, 0xff, 0xff, 0xff, 0xff,
    0xf1, 0x0, 0x6, 0x40, 0x0, 0xf6, 0x0, 0x0,
    0x0, 0x6, 0xf1, 0x0, 0x0, 0x0, 0x0, 0x0,
    0x0, 0x0, 0x0, 0x0, 0x0, 0x0,

    /* U+554A "啊" */
    0x0, 0x0, 0x0, 0x0, 0x0, 0x0, 0x0, 0x0,
    0x0, 0x1, 0x33, 0x33, 0xf, 0xff, 0xf7, 0xdd,
    0xdd, 0xdd, 0xd4, 0x4f, 0xff, 0xe0, 0xf6, 0x4f,
    0x58, 0x88, 0x88, 0xfb, 0x24, 0xe3, 0x7e, 0xf,
    0x24, 0xf1, 0x0, 0x0, 0xe, 0x40, 0x4e, 0x4,
    0xe0, 0xf2, 0x8d, 0x1, 0x22, 0x20, 0xe4, 0x4,
    0xe0, 0x4e, 0xf, 0x2c, 0x80, 0xaf, 0xff, 0xe,
    0x40, 0x4e, 0x4, 0xe0, 0xf4, 0xf4, 0xa, 0x74,
    0xf0, 0xe4, 0x4, 0xe0, 0x4e, 0xf, 0x4f, 0x40,
    0xa5, 0x1f, 0xe, 0x40, 0x4e, 0x4, 0xe0, 0xf2,
    0x8c, 0xa, 0x51, 0xf0, 0xe4, 0x4, 0xe0, 0x4e,
    0xf, 0x20, 0xe4, 0xa5, 0x1f, 0xe, 0x40, 0x4e,
    0x4, 0xe0, 0xf2, 0xa, 0x8a, 0x51, 0xf0, 0xe4,
    0x4, 0xe4, 0x8e, 0xf, 0x20, 0x7b, 0xa7, 0x5f,
    0xe, 0x40, 0x4f, 0xff, 0xe0, 0xf2, 0xa, 0xaa,
    0xff, 0xf0, 0xe4, 0x4, 0xe1, 0x11, 0xf, 0x8e,
    0xf4, 0xa6, 0x11, 0xe, 0x40, 0x4e, 0x0, 0x0,
    0xf3, 0x42, 0x5, 0x20, 0x0, 0xe4, 0x1, 0x30,
    0x0, 0xf, 0x20, 0x0, 0x0, 0x0, 0xe, 0x40,
    0x0, 0x0, 0x0, 0xf2, 0x0, 0x0, 0x0, 0x0,
    0xe4, 0x0, 0x0, 0x0, 0xf, 0x20, 0x0, 0x0,
    0x49, 0x9f, 0x30, 0x0, 0x0, 0x0, 0xf2, 0x0,
    0x0, 0x3, 0xdc, 0x80, 0x0,

    /* U+5561 "啡" */
    0x0, 0x0, 0x0, 0x0, 0x1, 0x30, 0x2, 0x30,
    0x0, 0x0, 0x0, 0x0, 0x0, 0x0, 0x4f, 0x30,
    0x8e, 0x0, 0x0, 0x4a, 0xaa, 0xa4, 0x0, 0x4,
    0xf3, 0x8, 0xe0, 0x0, 0x6, 0xf8, 0x8f, 0x62,
    0x66, 0x9f, 0x30, 0x8f, 0x66, 0x62, 0x6e, 0x0,
    0xe6, 0x5f, 0xff, 0xf3, 0x8, 0xff, 0xff, 0x46,
    0xe0, 0xe, 0x60, 0x0, 0x4f, 0x30, 0x8e, 0x0,
    0x0, 0x6e, 0x0, 0xe6, 0x0, 0x4, 0xf3, 0x8,
    0xe0, 0x0, 0x6, 0xe0, 0xe, 0x60, 0x22, 0x6f,
    0x30, 0x8e, 0x22, 0x20, 0x6e, 0x0, 0xe6, 0x4f,
    0xff, 0xf3, 0x8, 0xff, 0xff, 0x16, 0xe0, 0xe,
    0x60, 0x22, 0x6f, 0x30, 0x8e, 0x22, 0x20, 0x6e,
    0x0, 0xe6, 0x0, 0x4, 0xf3, 0x8, 0xe0, 0x0,
    0x6, 0xe2, 0x2e, 0x60, 0x0, 0x4f, 0x30, 0x8e,
    0x0, 0x0, 0x6f, 0xff, 0xf6, 0xac, 0xcd, 0xf3,
    0x8, 0xff, 0xff, 0x86, 0xf3, 0x33, 0x18, 0x99,
    0xbf, 0x30, 0x8f, 0x77, 0x73, 0x6e, 0x0, 0x0,
    0x0, 0x4, 0xf3, 0x8, 0xe0, 0x0, 0x1, 0x20,
    0x0, 0x0, 0x0, 0x4f, 0x30, 0x8e, 0x0, 0x0,
    0x0, 0x0, 0x0, 0x0, 0x4, 0xf3, 0x8, 0xe0,
    0x0, 0x0, 0x0, 0x0, 0x0, 0x0, 0x4f, 0x30,
    0x8e, 0x0, 0x0, 0x0, 0x0, 0x0, 0x0, 0x4,
    0xf3, 0x8, 0xe0, 0x0, 0x0, 0x0, 0x0, 0x0,
    0x0, 0x0, 0x0, 0x0, 0x0, 0x0,

    /* U+5564 "啤" */
    0x0, 0x0, 0x0, 0x0, 0x0, 0x0, 0x0, 0x0,
    0x0, 0x0, 0x0, 0x0, 0x0, 0x0, 0x0, 0x8e,
    0x20, 0x0, 0x0, 0x0, 0x0, 0x0, 0x0, 0x0,
    0xc, 0xc0, 0x0, 0x0, 0x5, 0xee, 0xee, 0xe0,
    0x5c, 0xcc, 0xfe, 0xcc, 0xcc, 0x40, 0x6f, 0x66,
    0xaf, 0x7, 0xf7, 0x7a, 0xf7, 0x77, 0xf6, 0x6,
    0xe0, 0x5, 0xf0, 0x7e, 0x0, 0x6f, 0x0, 0xf,
    0x60, 0x6e, 0x0, 0x5f, 0x7, 0xf4, 0x49, 0xf4,
    0x44, 0xf6, 0x6, 0xe0, 0x5, 0xf0, 0x7f, 0xee,
    0xef, 0xee, 0xef, 0x60, 0x6e, 0x0, 0x5f, 0x7,
    0xe0, 0x7, 0xe0, 0x0, 0xf6, 0x6, 0xe0, 0x5,
    0xf0, 0x7f, 0x33, 0xad, 0x33, 0x4f, 0x60, 0x6e,
    0x0, 0x5f, 0x7, 0xff, 0xff, 0xff, 0xff, 0xf6,
    0x6, 0xe0, 0x5, 0xf0, 0x0, 0xb, 0xd0, 0x74,
    0x0, 0x0, 0x6e, 0x22, 0x7f, 0x0, 0x4d, 0xd1,
    0xf, 0x70, 0x0, 0x6, 0xff, 0xff, 0xf0, 0x4d,
    0x70, 0x0, 0xf7, 0x0, 0x0, 0x6e, 0x0, 0x0,
    0xcf, 0xff, 0xff, 0xff, 0xff, 0xff, 0x44, 0x90,
    0x0, 0x5, 0x66, 0x66, 0x66, 0xfb, 0x66, 0x62,
    0x0, 0x0, 0x0, 0x0, 0x0, 0x0, 0xf, 0x70,
    0x0, 0x0, 0x0, 0x0, 0x0, 0x0, 0x0, 0x0,
    0xf7, 0x0, 0x0, 0x0, 0x0, 0x0, 0x0, 0x0,
    0x0, 0xf, 0x70, 0x0, 0x0, 0x0, 0x0, 0x0,
    0x0, 0x0, 0x0, 0xf7, 0x0, 0x0,

    /* U+5589 "喉" */
    0x0, 0x0, 0x0, 0x0, 0x69, 0x0, 0x0, 0x0,
    0x0, 0x1, 0x55, 0x55, 0x10, 0xd, 0xd1, 0xdd,
    0xdd, 0xeb, 0x0, 0x5f, 0xff, 0xf3, 0x3, 0xf6,
    0x6, 0x66, 0x6c, 0xb0, 0x5, 0xd0, 0xf, 0x30,
    0x9e, 0x0, 0x0, 0x0, 0xba, 0x0, 0x5d, 0x0,
    0xf3, 0x2f, 0x83, 0x44, 0x44, 0x4d, 0xb4, 0x15,
    0xd0, 0xf, 0x3b, 0xf4, 0xaf, 0xff, 0xff, 0xff,
    0xf6, 0x5d, 0x0, 0xf9, 0xff, 0x40, 0xc, 0x50,
    0x0, 0x0, 0x5, 0xd0, 0xf, 0xfd, 0xf4, 0x4,
    0xf2, 0x0, 0x0, 0x0, 0x5d, 0x0, 0xfc, 0x3f,
    0x40, 0xbf, 0xff, 0xff, 0xff, 0x5, 0xd0, 0xf,
    0x31, 0xf4, 0x5f, 0x64, 0xea, 0x44, 0x40, 0x5d,
    0x0, 0xf3, 0x1f, 0x4e, 0x90, 0xd, 0x80, 0x0,
    0x5, 0xd0, 0xf, 0x31, 0xf4, 0x42, 0x11, 0xd9,
    0x11, 0x10, 0x5f, 0xff, 0xf3, 0x1f, 0x5f, 0xff,
    0xff, 0xff, 0xff, 0x65, 0xe6, 0x66, 0x11, 0xf4,
    0x22, 0x24, 0xff, 0x22, 0x20, 0x5d, 0x0, 0x0,
    0x1f, 0x40, 0x0, 0x8e, 0xd5, 0x0, 0x1, 0x50,
    0x0, 0x1, 0xf4, 0x0, 0x3f, 0x75, 0xe0, 0x0,
    0x0, 0x0, 0x0, 0x1f, 0x40, 0x3e, 0xc0, 0xd,
    0xb0, 0x0, 0x0, 0x0, 0x1, 0xf5, 0x9f, 0xb0,
    0x0, 0x3f, 0xd4, 0x0, 0x0, 0x0, 0x1f, 0x5b,
    0x70, 0x0, 0x0, 0x2c, 0x30, 0x0, 0x0, 0x0,
    0x0, 0x0, 0x0, 0x0, 0x0, 0x0,

    /* U+559C "喜" */
    0x0, 0x0, 0x0, 0x0, 0xa, 0x90, 0x0, 0x0,
    0x0, 0x0, 0x1, 0x22, 0x22, 0x22, 0x2d, 0xc2,
    0x22, 0x22, 0x22, 0x10, 0x6, 0xff, 0xff, 0xff,
    0xff, 0xff, 0xff, 0xff, 0xff, 0x70, 0x0, 0x0,
    0x0, 0x0, 0xd, 0xb0, 0x0, 0x0, 0x0, 0x0,
    0x0, 0xd, 0xdd, 0xdd, 0xdf, 0xfd, 0xdd, 0xdd,
    0xd1, 0x0, 0x0, 0x2, 0x22, 0x22, 0x22, 0x22,
    0x22, 0x22, 0x20, 0x0, 0x0, 0x0, 0xff, 0xff,
    0xff, 0xff, 0xff, 0xff, 0x10, 0x0, 0x0, 0x0,
    0xf6, 0x11, 0x11, 0x11, 0x11, 0x7f, 0x10, 0x0,
    0x0, 0x0, 0xf6, 0x11, 0x11, 0x11, 0x11, 0x7f,
    0x10, 0x0, 0x0, 0x0, 0xff, 0xff, 0xff, 0xff,
    0xff, 0xff, 0x10, 0x0, 0x0, 0x0, 0x6, 0xf1,
    0x0, 0x0, 0x3f, 0x70, 0x0, 0x0, 0x5, 0x55,
    0x56, 0xfa, 0x55, 0x55, 0xbf, 0x65, 0x55, 0x50,
    0xd, 0xdd, 0xdd, 0xdd, 0xdd, 0xdd, 0xdd, 0xdd,
    0xdd, 0xd0, 0x0, 0x0, 0x22, 0x22, 0x22, 0x22,
    0x22, 0x22, 0x10, 0x0, 0x0, 0x6, 0xff, 0xff,
    0xff, 0xff, 0xff, 0xff, 0x80, 0x0, 0x0, 0x6,
    0xf1, 0x0, 0x0, 0x0, 0x0, 0xf, 0x80, 0x0,
    0x0, 0x6, 0xf3, 0x11, 0x11, 0x11, 0x11, 0x2f,
    0x80, 0x0, 0x0, 0x6, 0xff, 0xff, 0xff, 0xff,
    0xff, 0xff, 0x80, 0x0, 0x0, 0x6, 0xf1, 0x0,
    0x0, 0x0, 0x0, 0xf, 0x80, 0x0,

    /* U+559D "喝" */
    0x0, 0x0, 0x0, 0x7, 0xff, 0xff, 0xff, 0xff,
    0xf0, 0x6e, 0xee, 0xe6, 0x7, 0xe2, 0x22, 0x22,
    0x28, 0xf0, 0x6f, 0x99, 0xf6, 0x7, 0xe1, 0x11,
    0x11, 0x17, 0xf0, 0x6e, 0x0, 0xe6, 0x7, 0xff,
    0xff, 0xff, 0xff, 0xf0, 0x6e, 0x0, 0xe6, 0x7,
    0xe0, 0x0, 0x0, 0x6, 0xf0, 0x6e, 0x0, 0xe6,
    0x7, 0xf4, 0x44, 0x44, 0x49, 0xf0, 0x6e, 0x0,
    0xe6, 0x6, 0xfe, 0xee, 0xee, 0xee, 0xe0, 0x6e,
    0x0, 0xe6, 0x0, 0xca, 0x0, 0x0, 0x0, 0x0,
    0x6e, 0x0, 0xe6, 0x6, 0xff, 0xff, 0xff, 0xff,
    0xff, 0x6e, 0x0, 0xe6, 0x3f, 0x83, 0x33, 0x85,
    0x33, 0x9f, 0x6e, 0x22, 0xea, 0xfa, 0x0, 0x3,
    0xf1, 0x0, 0x8e, 0x6f, 0xff, 0xf7, 0x88, 0xa0,
    0xc, 0xf6, 0x0, 0x9d, 0x6f, 0x33, 0x31, 0x8,
    0xb1, 0xca, 0x3d, 0xa0, 0x9c, 0x6e, 0x0, 0x0,
    0x8, 0xb3, 0x80, 0x0, 0x70, 0xab, 0x12, 0x0,
    0x0, 0x8, 0xff, 0xff, 0xff, 0xf8, 0xca, 0x0,
    0x0, 0x0, 0x1, 0x11, 0x11, 0x11, 0x11, 0xe8,
    0x0, 0x0, 0x0, 0x0, 0x0, 0x0, 0x0, 0x24,
    0xf5, 0x0, 0x0, 0x0, 0x0, 0x0, 0x0, 0x0,
    0xff, 0xb0, 0x0, 0x0, 0x0, 0x0, 0x0, 0x0,
    0x0, 0x0, 0x0,

    /* U+55D2 "嗒" */
    0x0, 0x0, 0x0, 0x0, 0x2f, 0x30, 0x1, 0xf4,
    0x0, 0x1, 0x33, 0x33, 0x10, 0x2, 0xf3, 0x0,
    0x1f, 0x40, 0x0, 0x6f, 0xff, 0xf6, 0xce, 0xef,
    0xee, 0xee, 0xfe, 0xee, 0x36, 0xf3, 0x3f, 0x66,
    0x68, 0xf9, 0x66, 0x7f, 0x96, 0x61, 0x6e, 0x0,
    0xe6, 0x0, 0x2f, 0x39, 0x61, 0xf4, 0x0, 0x6,
    0xe0, 0xe, 0x60, 0x0, 0x37, 0xfe, 0x23, 0x10,
    0x0, 0x6e, 0x0, 0xe6, 0x0, 0x5, 0xf9, 0xae,
    0x30, 0x0, 0x6, 0xe0, 0xe, 0x60, 0x7, 0xfa,
    0x0, 0xaf, 0x60, 0x0, 0x6e, 0x0, 0xe6, 0x2c,
    0xfb, 0x0, 0x0, 0x8f, 0xb2, 0x6, 0xe0, 0xe,
    0xbf, 0xfa, 0xff, 0xff, 0xff, 0x9f, 0xf5, 0x6e,
    0x0, 0xe8, 0xb2, 0x15, 0x55, 0x55, 0x51, 0x1a,
    0x16, 0xf8, 0x8f, 0x60, 0x0, 0x0, 0x0, 0x0,
    0x0, 0x0, 0x6f, 0xee, 0xe5, 0x7, 0xff, 0xff,
    0xff, 0xff, 0x90, 0x6, 0xe0, 0x0, 0x0, 0x7f,
    0x44, 0x44, 0x44, 0xe9, 0x0, 0x37, 0x0, 0x0,
    0x7, 0xe0, 0x0, 0x0, 0xd, 0x90, 0x0, 0x0,
    0x0, 0x0, 0x7e, 0x0, 0x0, 0x0, 0xd9, 0x0,
    0x0, 0x0, 0x0, 0x7, 0xf5, 0x55, 0x55, 0x5e,
    0x90, 0x0, 0x0, 0x0, 0x0, 0x7f, 0xff, 0xff,
    0xff, 0xf9, 0x0, 0x0, 0x0, 0x0, 0x7, 0xe0,
    0x0, 0x0, 0xd, 0x90, 0x0,

    /* U+560E "嘎" */
    0x0, 0x0, 0x0, 0xaf, 0xff, 0xff, 0xff, 0xff,
    0xff, 0x24, 0xbb, 0xbb, 0xa2, 0x33, 0x33, 0xec,
    0x33, 0x33, 0x30, 0x5f, 0xdd, 0xee, 0x2, 0x33,
    0x3f, 0x83, 0x33, 0x30, 0x5, 0xe0, 0x6, 0xe0,
    0xed, 0xbb, 0xbb, 0xbb, 0xdf, 0x10, 0x5e, 0x0,
    0x6e, 0xe, 0x82, 0x22, 0x22, 0x26, 0xf1, 0x5,
    0xe0, 0x6, 0xe0, 0xed, 0xbb, 0xbb, 0xbb, 0xdf,
    0x10, 0x5e, 0x0, 0x6e, 0xe, 0x82, 0x22, 0x22,
    0x26, 0xf1, 0x5, 0xe0, 0x6, 0xe0, 0xed, 0xcc,
    0xcc, 0xcc, 0xdf, 0x10, 0x5e, 0x0, 0x6e, 0xe,
    0x71, 0x11, 0x11, 0x15, 0xf1, 0x5, 0xe0, 0x6,
    0xe0, 0xcd, 0xef, 0xdd, 0xef, 0xdd, 0x10, 0x5e,
    0x22, 0x7e, 0x0, 0x4, 0xf2, 0x5, 0xeb, 0x20,
    0x5, 0xff, 0xff, 0xe2, 0x34, 0x6f, 0x97, 0x79,
    0xfd, 0xa3, 0x5f, 0x44, 0x44, 0xff, 0xed, 0xef,
    0xba, 0x9a, 0x97, 0x24, 0xb0, 0x0, 0x0, 0x0,
    0x4, 0xf5, 0x5, 0xeb, 0x0, 0x0, 0x0, 0x0,
    0x0, 0x0, 0xb, 0xed, 0xf8, 0x3, 0x0, 0x0,
    0x0, 0x0, 0x0, 0x38, 0xef, 0xf4, 0x0, 0xb7,
    0x0, 0x0, 0x1, 0x6a, 0xdf, 0xd7, 0x4d, 0xf9,
    0x6f, 0x50, 0x0, 0x0, 0x2e, 0xa7, 0x20, 0x0,
    0x8, 0xcf, 0xb0,

    /* U+5634 "嘴" */
    0x0, 0x0, 0x0, 0x0, 0x9, 0x30, 0x8, 0x30,
    0x0, 0x0, 0x0, 0x0, 0x3, 0x80, 0xe7, 0x20,
    0xd5, 0x17, 0x60, 0x4f, 0xff, 0xe0, 0x4e, 0xe,
    0xff, 0x5d, 0xef, 0xc5, 0x4, 0xe7, 0x9f, 0x4,
    0xe0, 0xe5, 0x0, 0xd8, 0x10, 0x10, 0x4d, 0x2,
    0xf0, 0x4e, 0xe, 0x97, 0x3d, 0x70, 0x1d, 0x44,
    0xd0, 0x2f, 0x3c, 0xff, 0xfd, 0xb4, 0x9f, 0xff,
    0xd1, 0x4d, 0x2, 0xf2, 0x74, 0x4d, 0x50, 0x0,
    0x10, 0x0, 0x4, 0xd0, 0x2f, 0x0, 0x1d, 0xff,
    0xff, 0xff, 0x40, 0x0, 0x4d, 0x2, 0xf0, 0x4e,
    0xb0, 0x0, 0x3e, 0x70, 0x0, 0x4, 0xd0, 0x2f,
    0x3f, 0xff, 0xee, 0xef, 0xfe, 0xee, 0x50, 0x4d,
    0x2, 0xf0, 0x3c, 0x93, 0x37, 0xf3, 0x33, 0xf6,
    0x4, 0xd0, 0x2f, 0x0, 0xc9, 0x22, 0x6f, 0x22,
    0x2e, 0x60, 0x4f, 0x9a, 0xf0, 0xc, 0xff, 0xff,
    0xff, 0xff, 0xf6, 0x4, 0xfa, 0xaa, 0x0, 0xd6,
    0x0, 0x4f, 0x0, 0xe, 0x60, 0x4d, 0x0, 0x0,
    0xf, 0xfe, 0xef, 0xfe, 0xee, 0xf6, 0x0, 0x20,
    0x0, 0x5, 0xf3, 0x22, 0x6f, 0x32, 0x2e, 0x60,
    0x0, 0x0, 0x1, 0xea, 0x0, 0x4, 0xf0, 0x0,
    0xf6, 0x0, 0x0, 0x0, 0xad, 0x10, 0x0, 0x4f,
    0xc, 0xff, 0x30, 0x0, 0x0, 0x0, 0x20, 0x0,
    0x0, 0x0, 0x12, 0x0, 0x0,

    /* U+5636 "嘶" */
    0x0, 0x0, 0x0, 0x61, 0x1, 0x70, 0x0, 0x0,
    0x22, 0x0, 0x0, 0x0, 0xe, 0x40, 0x2f, 0x0,
    0x4, 0xaf, 0xd1, 0x5f, 0xff, 0xe2, 0xe6, 0x35,
    0xf3, 0x3f, 0xe9, 0x40, 0x5, 0xd3, 0x6e, 0xbf,
    0xff, 0xff, 0xf4, 0xf0, 0x0, 0x0, 0x5c, 0x4,
    0xe0, 0xe4, 0x2, 0xf0, 0x3f, 0x0, 0x0, 0x5,
    0xc0, 0x4e, 0xe, 0x40, 0x2f, 0x3, 0xf0, 0x0,
    0x0, 0x5c, 0x4, 0xe0, 0xef, 0xff, 0xf0, 0x3f,
    0x11, 0x11, 0x5, 0xc0, 0x4e, 0xe, 0x52, 0x4f,
    0x3, 0xff, 0xff, 0xf9, 0x5c, 0x4, 0xe0, 0xe4,
    0x2, 0xf0, 0x3f, 0x23, 0xf3, 0x15, 0xc0, 0x4e,
    0xe, 0xfe, 0xff, 0x3, 0xf0, 0x2f, 0x10, 0x5c,
    0x4, 0xe0, 0xe6, 0x35, 0xf0, 0x4f, 0x2, 0xf1,
    0x5, 0xc0, 0x4e, 0xe, 0x40, 0x2f, 0x5, 0xf0,
    0x2f, 0x10, 0x5d, 0x26, 0xe4, 0xe7, 0x46, 0xf4,
    0x7e, 0x2, 0xf1, 0x5, 0xff, 0xfe, 0xdf, 0xff,
    0xff, 0xfa, 0xc0, 0x2f, 0x10, 0x5d, 0x11, 0x10,
    0x72, 0x6, 0x30, 0x9a, 0x2, 0xf1, 0x5, 0xb0,
    0x0, 0x4f, 0x20, 0x8e, 0xd, 0x70, 0x2f, 0x10,
    0x0, 0x0, 0xc, 0xa0, 0x0, 0xc7, 0xf3, 0x2,
    0xf1, 0x0, 0x0, 0x5, 0xf1, 0x0, 0x0, 0xbd,
    0x0, 0x2f, 0x10, 0x0, 0x0, 0x3, 0x0, 0x0,
    0x7, 0x50, 0x2, 0xf1, 0x0, 0x0, 0x0, 0x0,
    0x0, 0x0, 0x0, 0x0, 0x0, 0x0,

    /* U+56DB "四" */
    0x0, 0x0, 0x0, 0x0, 0x0, 0x0, 0x0, 0x0,
    0x0, 0x1f, 0xff, 0xff, 0xff, 0xff, 0xff, 0xff,
    0xff, 0xf7, 0x1f, 0xa5, 0x55, 0xec, 0x55, 0xaf,
    0x55, 0x56, 0xf7, 0x1f, 0x60, 0x0, 0xd9, 0x0,
    0x7e, 0x0, 0x1, 0xf7, 0x1f, 0x60, 0x0, 0xe8,
    0x0, 0x7e, 0x0, 0x1, 0xf7, 0x1f, 0x60, 0x0,
    0xf7, 0x0, 0x7e, 0x0, 0x1, 0xf7, 0x1f, 0x60,
    0x1, 0xf5, 0x0, 0x7e, 0x0, 0x1, 0xf7, 0x1f,
    0x60, 0x5, 0xf2, 0x0, 0x7e, 0x0, 0x1, 0xf7,
    0x1f, 0x60, 0xa, 0xe0, 0x0, 0x7e, 0x0, 0x1,
    0xf7, 0x1f, 0x60, 0x3f, 0x80, 0x0, 0x6f, 0x55,
    0x55, 0xf7, 0x1f, 0x63, 0xee, 0x0, 0x0, 0x1c,
    0xff, 0xfa, 0xf7, 0x1f, 0x8f, 0xe3, 0x0, 0x0,
    0x0, 0x0, 0x1, 0xf7, 0x1f, 0x64, 0x0, 0x0,
    0x0, 0x0, 0x0, 0x1, 0xf7, 0x1f, 0x70, 0x0,
    0x0, 0x0, 0x0, 0x0, 0x1, 0xf7, 0x1f, 0xff,
    0xff, 0xff, 0xff, 0xff, 0xff, 0xff, 0xf7, 0x1f,
    0xa6, 0x66, 0x66, 0x66, 0x66, 0x66, 0x67, 0xf7,
    0x1e, 0x60, 0x0, 0x0, 0x0, 0x0, 0x0, 0x0,
    0xc5,

    /* U+56DE "回" */
    0x7f, 0xff, 0xff, 0xff, 0xff, 0xff, 0xff, 0xff,
    0xf1, 0x7f, 0x88, 0x88, 0x88, 0x88, 0x88, 0x88,
    0x8c, 0xf1, 0x7f, 0x10, 0x0, 0x0, 0x0, 0x0,
    0x0, 0x8, 0xf1, 0x7f, 0x10, 0x0, 0x0, 0x0,
    0x0, 0x0, 0x8, 0xf1, 0x7f, 0x10, 0x5, 0x55,
    0x55, 0x55, 0x30, 0x8, 0xf1, 0x7f, 0x10, 0xf,
    0xff, 0xff, 0xff, 0x80, 0x8, 0xf1, 0x7f, 0x10,
    0xf, 0x50, 0x0, 0xe, 0x80, 0x8, 0xf1, 0x7f,
    0x10, 0xf, 0x50, 0x0, 0xe, 0x80, 0x8, 0xf1,
    0x7f, 0x10, 0xf, 0x50, 0x0, 0xe, 0x80, 0x8,
    0xf1, 0x7f, 0x10, 0xf, 0x50, 0x0, 0xe, 0x80,
    0x8, 0xf1, 0x7f, 0x10, 0xf, 0x96, 0x66, 0x6f,
    0x80, 0x8, 0xf1, 0x7f, 0x10, 0xf, 0xff, 0xff,
    0xff, 0x80, 0x8, 0xf1, 0x7f, 0x10, 0x0, 0x0,
    0x0, 0x0, 0x0, 0x8, 0xf1, 0x7f, 0x10, 0x0,
    0x0, 0x0, 0x0, 0x0, 0x8, 0xf1, 0x7f, 0x10,
    0x0, 0x0, 0x0, 0x0, 0x0, 0x8, 0xf1, 0x7f,
    0xff, 0xff, 0xff, 0xff, 0xff, 0xff, 0xff, 0xf1,
    0x7f, 0x87, 0x77, 0x77, 0x77, 0x77, 0x77, 0x7b,
    0xf1, 0x7f, 0x10, 0x0, 0x0, 0x0, 0x0, 0x0,
    0x8, 0xf1,

    /* U+56FA "固" */
    0x1f, 0xff, 0xff, 0xff, 0xff, 0xff, 0xff, 0xff,
    0xf8, 0x1f, 0xa7, 0x77, 0x77, 0x77, 0x77, 0x77,
    0x77, 0xf8, 0x1f, 0x60, 0x0, 0x0, 0x5c, 0x0,
    0x0, 0x0, 0xf8, 0x1f, 0x60, 0x0, 0x0, 0x6f,
    0x0, 0x0, 0x0, 0xf8, 0x1f, 0x60, 0x44, 0x44,
    0x9f, 0x44, 0x44, 0x40, 0xf8, 0x1f, 0x62, 0xff,
    0xff, 0xff, 0xff, 0xff, 0xe0, 0xf8, 0x1f, 0x60,
    0x0, 0x0, 0x6f, 0x0, 0x0, 0x0, 0xf8, 0x1f,
    0x60, 0x0, 0x0, 0x6f, 0x0, 0x0, 0x0, 0xf8,
    0x1f, 0x60, 0xd, 0xff, 0xff, 0xff, 0xf9, 0x0,
    0xf8, 0x1f, 0x60, 0xd, 0x93, 0x33, 0x33, 0xda,
    0x0, 0xf8, 0x1f, 0x60, 0xd, 0x70, 0x0, 0x0,
    0xca, 0x0, 0xf8, 0x1f, 0x60, 0xd, 0x70, 0x0,
    0x0, 0xca, 0x0, 0xf8, 0x1f, 0x60, 0xd, 0xfe,
    0xee, 0xee, 0xfa, 0x0, 0xf8, 0x1f, 0x60, 0x3,
    0x44, 0x44, 0x44, 0x42, 0x0, 0xf8, 0x1f, 0x60,
    0x0, 0x0, 0x0, 0x0, 0x0, 0x0, 0xf8, 0x1f,
    0xb7, 0x77, 0x77, 0x77, 0x77, 0x77, 0x77, 0xf8,
    0x1f, 0xfe, 0xee, 0xee, 0xee, 0xee, 0xee, 0xee,
    0xf8, 0x1f, 0x60, 0x0, 0x0, 0x0, 0x0, 0x0,
    0x0, 0xf8,

    /* U+56FD "国" */
    0x6f, 0xff, 0xff, 0xff, 0xff, 0xff, 0xff, 0xff,
    0xf1, 0x6f, 0x77, 0x77, 0x77, 0x77, 0x77, 0x77,
    0x7b, 0xf1, 0x6f, 0x10, 0x0, 0x0, 0x0, 0x0,
    0x0, 0x7, 0xf1, 0x6f, 0x18, 0xff, 0xff, 0xff,
    0xff, 0xfb, 0x7, 0xf1, 0x6f, 0x13, 0x66, 0x68,
    0xf8, 0x66, 0x64, 0x7, 0xf1, 0x6f, 0x10, 0x0,
    0x2, 0xf3, 0x0, 0x0, 0x7, 0xf1, 0x6f, 0x10,
    0x0, 0x2, 0xf3, 0x0, 0x0, 0x7, 0xf1, 0x6f,
    0x10, 0x55, 0x57, 0xf8, 0x55, 0x51, 0x7, 0xf1,
    0x6f, 0x10, 0xee, 0xee, 0xff, 0xee, 0xe3, 0x7,
    0xf1, 0x6f, 0x10, 0x0, 0x2, 0xf3, 0x29, 0x0,
    0x7, 0xf1, 0x6f, 0x10, 0x0, 0x2, 0xf3, 0xb,
    0xb0, 0x7, 0xf1, 0x6f, 0x10, 0x0, 0x2, 0xf3,
    0x0, 0xa2, 0x7, 0xf1, 0x6f, 0x1c, 0xff, 0xff,
    0xff, 0xff, 0xff, 0x27, 0xf1, 0x6f, 0x14, 0x55,
    0x55, 0x55, 0x55, 0x55, 0x7, 0xf1, 0x6f, 0x10,
    0x0, 0x0, 0x0, 0x0, 0x0, 0x7, 0xf1, 0x6f,
    0xff, 0xff, 0xff, 0xff, 0xff, 0xff, 0xff, 0xf1,
    0x6f, 0x76, 0x66, 0x66, 0x66, 0x66, 0x66, 0x6b,
    0xf1, 0x6f, 0x10, 0x0, 0x0, 0x0, 0x0, 0x0,
    0x7, 0xf1,

    /* U+5706 "圆" */
    0x13, 0x33, 0x33, 0x33, 0x33, 0x33, 0x33, 0x33,
    0x31, 0x5f, 0xff, 0xff, 0xff, 0xff, 0xff, 0xff,
    0xff, 0xf6, 0x5f, 0x20, 0x0, 0x0, 0x0, 0x0,
    0x0, 0x2, 0xf6, 0x5f, 0x10, 0x8e, 0xee, 0xee,
    0xee, 0xe7, 0x1, 0xf6, 0x5f, 0x10, 0x9c, 0x22,
    0x22, 0x22, 0xe7, 0x1, 0xf6, 0x5f, 0x10, 0x9c,
    0x11, 0x11, 0x11, 0xe7, 0x1, 0xf6, 0x5f, 0x10,
    0x8f, 0xff, 0xff, 0xff, 0xf7, 0x1, 0xf6, 0x5f,
    0x10, 0x0, 0x0, 0x0, 0x0, 0x0, 0x1, 0xf6,
    0x5f, 0x11, 0xff, 0xff, 0xff, 0xff, 0xff, 0x1,
    0xf6, 0x5f, 0x11, 0xf7, 0x33, 0x33, 0x33, 0x8f,
    0x1, 0xf6, 0x5f, 0x11, 0xf4, 0x0, 0x8b, 0x0,
    0x6f, 0x1, 0xf6, 0x5f, 0x11, 0xf4, 0x0, 0x9b,
    0x0, 0x6f, 0x1, 0xf6, 0x5f, 0x11, 0xf4, 0x1,
    0xe8, 0x10, 0x6f, 0x1, 0xf6, 0x5f, 0x10, 0x31,
    0x3c, 0xe5, 0xf9, 0x31, 0x1, 0xf6, 0x5f, 0x13,
    0x7c, 0xfb, 0x10, 0x3c, 0xfa, 0x21, 0xf6, 0x5f,
    0x2e, 0xe9, 0x30, 0x0, 0x0, 0x4d, 0x91, 0xf6,
    0x5f, 0x55, 0x44, 0x44, 0x44, 0x44, 0x44, 0x55,
    0xf6, 0x5f, 0xff, 0xff, 0xff, 0xff, 0xff, 0xff,
    0xff, 0xf6, 0x5f, 0x10, 0x0, 0x0, 0x0, 0x0,
    0x0, 0x1, 0xf6,

    /* U+571F "土" */
    0x0, 0x0, 0x0, 0x0, 0xcb, 0x0, 0x0, 0x0,
    0x0, 0x0, 0x0, 0x0, 0x0, 0xdc, 0x0, 0x0,
    0x0, 0x0, 0x0, 0x0, 0x0, 0x0, 0xdc, 0x0,
    0x0, 0x0, 0x0, 0x0, 0x0, 0x0, 0x0, 0xdc,
    0x0, 0x0, 0x0, 0x0, 0x0, 0x0, 0x0, 0x0,
    0xdc, 0x0, 0x0, 0x0, 0x0, 0x0, 0x0, 0x0,
    0x0, 0xdc, 0x0, 0x0, 0x0, 0x0, 0x3, 0x55,
    0x55, 0x55, 0xed, 0x55, 0x55, 0x55, 0x40, 0xa,
    0xff, 0xff, 0xff, 0xff, 0xff, 0xff, 0xff, 0xb0,
    0x1, 0x11, 0x11, 0x11, 0xdc, 0x11, 0x11, 0x11,
    0x10, 0x0, 0x0, 0x0, 0x0, 0xdc, 0x0, 0x0,
    0x0, 0x0, 0x0, 0x0, 0x0, 0x0, 0xdc, 0x0,
    0x0, 0x0, 0x0, 0x0, 0x0, 0x0, 0x0, 0xdc,
    0x0, 0x0, 0x0, 0x0, 0x0, 0x0, 0x0, 0x0,
    0xdc, 0x0, 0x0, 0x0, 0x0, 0x0, 0x0, 0x0,
    0x0, 0xdc, 0x0, 0x0, 0x0, 0x0, 0x0, 0x0,
    0x0, 0x0, 0xdc, 0x0, 0x0, 0x0, 0x0, 0x0,
    0x0, 0x0, 0x0, 0xdc, 0x0, 0x0, 0x0, 0x0,
    0xef, 0xff, 0xff, 0xff, 0xff, 0xff, 0xff, 0xff,
    0xff, 0x78, 0x88, 0x88, 0x88, 0x88, 0x88, 0x88,
    0x88, 0x88,

    /* U+5728 "在" */
    0x0, 0x0, 0x0, 0x1, 0x72, 0x0, 0x0, 0x0,
    0x0, 0x0, 0x0, 0x0, 0x0, 0x6f, 0x40, 0x0,
    0x0, 0x0, 0x0, 0x0, 0x0, 0x0, 0xb, 0xe0,
    0x0, 0x0, 0x0, 0x0, 0x0, 0x47, 0x77, 0x77,
    0xfd, 0x77, 0x77, 0x77, 0x77, 0x77, 0x9, 0xff,
    0xff, 0xff, 0xff, 0xff, 0xff, 0xff, 0xff, 0xe0,
    0x0, 0x0, 0x2f, 0x90, 0x0, 0x4, 0x30, 0x0,
    0x0, 0x0, 0x0, 0xc, 0xe0, 0x0, 0x0, 0xe9,
    0x0, 0x0, 0x0, 0x0, 0x6, 0xf5, 0x0, 0x0,
    0xe, 0x90, 0x0, 0x0, 0x0, 0x2, 0xfb, 0x0,
    0x0, 0x0, 0xe9, 0x0, 0x0, 0x0, 0x3, 0xef,
    0x70, 0x25, 0x55, 0x5e, 0xb5, 0x55, 0x50, 0x4,
    0xfe, 0xf7, 0x6, 0xff, 0xff, 0xff, 0xff, 0xff,
    0x20, 0xed, 0x2f, 0x70, 0x0, 0x0, 0xe, 0xa0,
    0x0, 0x0, 0x4, 0x10, 0xf7, 0x0, 0x0, 0x0,
    0xe9, 0x0, 0x0, 0x0, 0x0, 0xf, 0x70, 0x0,
    0x0, 0xe, 0x90, 0x0, 0x0, 0x0, 0x0, 0xf7,
    0x0, 0x0, 0x0, 0xe9, 0x0, 0x0, 0x0, 0x0,
    0xf, 0x70, 0x0, 0x0, 0xe, 0x90, 0x0, 0x0,
    0x0, 0x0, 0xf7, 0x16, 0x66, 0x66, 0xec, 0x66,
    0x66, 0x50, 0x0, 0xf, 0x72, 0xff, 0xff, 0xff,
    0xff, 0xff, 0xfe,

    /* U+5730 "地" */
    0x0, 0x6, 0x80, 0x0, 0x0, 0x0, 0x4e, 0x10,
    0x0, 0x0, 0x0, 0x9, 0xd0, 0x0, 0x1, 0x0,
    0x4f, 0x10, 0x0, 0x0, 0x0, 0x9, 0xd0, 0x0,
    0x6f, 0x0, 0x4f, 0x10, 0x0, 0x0, 0x0, 0x9,
    0xd0, 0x0, 0x6f, 0x0, 0x4f, 0x10, 0x6, 0x10,
    0x1, 0x1a, 0xd1, 0x10, 0x6f, 0x0, 0x4f, 0x38,
    0xef, 0x50, 0x2f, 0xff, 0xff, 0xf2, 0x6f, 0x0,
    0x6f, 0xff, 0xaf, 0x50, 0x4, 0x4b, 0xe4, 0x40,
    0x6f, 0x6d, 0xff, 0x71, 0x1f, 0x50, 0x0, 0x9,
    0xd0, 0x2, 0xaf, 0xfb, 0x8f, 0x10, 0x1f, 0x50,
    0x0, 0x9, 0xd0, 0x5f, 0xff, 0x20, 0x4f, 0x10,
    0x1f, 0x50, 0x0, 0x9, 0xd0, 0x17, 0x7f, 0x0,
    0x4f, 0x10, 0x1f, 0x40, 0x0, 0x9, 0xd0, 0x0,
    0x6f, 0x0, 0x4f, 0x10, 0x2f, 0x40, 0x0, 0x9,
    0xd2, 0x92, 0x6f, 0x0, 0x4f, 0x21, 0x6f, 0x20,
    0x0, 0xa, 0xff, 0xe3, 0x6f, 0x0, 0x4f, 0x2f,
    0xfc, 0x0, 0x18, 0xef, 0xd6, 0x0, 0x6f, 0x0,
    0x4f, 0x12, 0x10, 0x0, 0x1f, 0xb4, 0x0, 0x0,
    0x6f, 0x0, 0x0, 0x0, 0x2, 0xe2, 0x1, 0x0,
    0x0, 0x0, 0x6f, 0x0, 0x0, 0x0, 0x4, 0xf2,
    0x0, 0x0, 0x0, 0x0, 0x4f, 0x96, 0x55, 0x55,
    0x6c, 0xe0, 0x0, 0x0, 0x0, 0x0, 0x9, 0xef,
    0xff, 0xff, 0xfd, 0x40,

    /* U+573A "场" */
    0x0, 0x5, 0x90, 0x0, 0x0, 0x0, 0x0, 0x0,
    0x0, 0x0, 0x0, 0x8d, 0x0, 0x7f, 0xff, 0xff,
    0xff, 0xf8, 0x0, 0x0, 0x8, 0xd0, 0x3, 0x77,
    0x77, 0x7a, 0xfe, 0x30, 0x0, 0x0, 0x8d, 0x0,
    0x0, 0x0, 0x5, 0xfd, 0x10, 0x0, 0x0, 0x8,
    0xd0, 0x0, 0x0, 0x7, 0xfa, 0x0, 0x0, 0x0,
    0xff, 0xff, 0xff, 0x10, 0x1b, 0xf6, 0x0, 0x0,
    0x0, 0x7, 0x7c, 0xe7, 0x71, 0x7f, 0xf8, 0x55,
    0x55, 0x55, 0x40, 0x0, 0x8d, 0x0, 0x2f, 0xff,
    0xff, 0xff, 0xff, 0xfc, 0x0, 0x8, 0xd0, 0x0,
    0x21, 0x1e, 0x91, 0xbb, 0x1d, 0xa0, 0x0, 0x8d,
    0x0, 0x0, 0x7, 0xf2, 0x1f, 0x50, 0xd9, 0x0,
    0x8, 0xd0, 0x0, 0x1, 0xf8, 0x7, 0xe0, 0xf,
    0x80, 0x0, 0x8d, 0x0, 0x2, 0xdc, 0x1, 0xe7,
    0x0, 0xf7, 0x0, 0x8, 0xe8, 0xe5, 0xec, 0x0,
    0x9e, 0x0, 0x2f, 0x50, 0x27, 0xef, 0xe8, 0x5a,
    0x0, 0x3f, 0x50, 0x4, 0xf3, 0x2f, 0xfa, 0x40,
    0x0, 0x0, 0x2e, 0x90, 0x0, 0x7f, 0x10, 0x51,
    0x0, 0x0, 0x0, 0x2e, 0xb0, 0x0, 0xa, 0xe0,
    0x0, 0x0, 0x0, 0x0, 0x6f, 0xb0, 0x4, 0x67,
    0xf9, 0x0, 0x0, 0x0, 0x0, 0x2e, 0x80, 0x0,
    0x6f, 0xfc, 0x10, 0x0, 0x0, 0x0, 0x0, 0x0,
    0x0, 0x0, 0x0, 0x0, 0x0,

    /* U+5761 "坡" */
    0x0, 0x5, 0x70, 0x0, 0x0, 0x0, 0x5c, 0x0,
    0x0, 0x0, 0x0, 0x9, 0xd0, 0x0, 0x0, 0x0,
    0x7f, 0x0, 0x0, 0x0, 0x0, 0x9, 0xd0, 0x0,
    0x0, 0x0, 0x7f, 0x0, 0x0, 0x0, 0x0, 0x9,
    0xd0, 0x0, 0xdd, 0xdd, 0xef, 0xdd, 0xdd, 0xc0,
    0x0, 0x9, 0xd0, 0x0, 0xfb, 0x88, 0xcf, 0x88,
    0x8e, 0xd0, 0xf, 0xff, 0xff, 0xf1, 0xf6, 0x0,
    0x7f, 0x0, 0xf, 0x80, 0x6, 0x6c, 0xe6, 0x60,
    0xf6, 0x0, 0x7f, 0x0, 0x3f, 0x20, 0x0, 0x9,
    0xd0, 0x0, 0xf6, 0x0, 0x7f, 0x0, 0x4, 0x0,
    0x0, 0x9, 0xd0, 0x0, 0xff, 0xff, 0xff, 0xff,
    0xfe, 0x10, 0x0, 0x9, 0xd0, 0x1, 0xfc, 0xf7,
    0x55, 0x55, 0xdc, 0x0, 0x0, 0x9, 0xd0, 0x2,
    0xf4, 0xe8, 0x0, 0x1, 0xf6, 0x0, 0x0, 0x9,
    0xd3, 0xa5, 0xf3, 0x7f, 0x10, 0x8, 0xf0, 0x0,
    0x0, 0xb, 0xff, 0xd8, 0xf0, 0xe, 0xa0, 0x3f,
    0x70, 0x0, 0x19, 0xff, 0xc4, 0xb, 0xd0, 0x4,
    0xf8, 0xeb, 0x0, 0x0, 0xe, 0xa3, 0x0, 0x1f,
    0x80, 0x0, 0x9f, 0xf1, 0x0, 0x0, 0x0, 0x0,
    0x0, 0x8f, 0x10, 0x4, 0xef, 0xf9, 0x0, 0x0,
    0x0, 0x0, 0x3, 0xfa, 0x2, 0xaf, 0xb1, 0x7f,
    0xe7, 0x10, 0x0, 0x0, 0xa, 0xd0, 0x6f, 0xe6,
    0x0, 0x3, 0xbf, 0xe1, 0x0, 0x0, 0x0, 0x20,
    0x5, 0x0, 0x0, 0x0, 0x2, 0x40,

    /* U+57CE "城" */
    0x0, 0x0, 0x0, 0x0, 0x0, 0x0, 0x0, 0x0,
    0x0, 0x0, 0x0, 0xb, 0x50, 0x0, 0x0, 0x0,
    0xc, 0xa7, 0x80, 0x0, 0x0, 0xe, 0x70, 0x0,
    0x0, 0x0, 0xb, 0xa3, 0xea, 0x0, 0x0, 0xe,
    0x70, 0x0, 0x0, 0x0, 0xb, 0xa0, 0x2d, 0x20,
    0x0, 0xe, 0x70, 0xc, 0xff, 0xff, 0xff, 0xff,
    0xff, 0xe0, 0x2, 0x2e, 0x82, 0xd, 0xc6, 0x66,
    0x6c, 0xd6, 0x66, 0x60, 0xf, 0xff, 0xff, 0x6d,
    0x90, 0x0, 0x9, 0xc0, 0x0, 0x0, 0x4, 0x4f,
    0x94, 0x1d, 0x90, 0x0, 0x8, 0xd0, 0x3, 0x10,
    0x0, 0xe, 0x70, 0xd, 0xfd, 0xdd, 0x67, 0xe0,
    0x1f, 0x60, 0x0, 0xe, 0x70, 0xd, 0xb6, 0x6e,
    0x66, 0xf0, 0x5f, 0x10, 0x0, 0xe, 0x70, 0xd,
    0x90, 0xe, 0x65, 0xf1, 0xac, 0x0, 0x0, 0xe,
    0x70, 0xd, 0x80, 0xe, 0x63, 0xf4, 0xf6, 0x0,
    0x0, 0xe, 0x70, 0xe, 0x70, 0xf, 0x51, 0xfc,
    0xe0, 0x0, 0x0, 0xe, 0x85, 0x5f, 0x50, 0xf,
    0x40, 0xef, 0x70, 0x0, 0x0, 0x3f, 0xff, 0xbf,
    0x30, 0x2f, 0x30, 0xce, 0x0, 0x10, 0x2e, 0xfe,
    0x82, 0x8e, 0x2f, 0xfe, 0x7, 0xfe, 0x0, 0xd2,
    0x9, 0x40, 0x0, 0xda, 0x3, 0x31, 0x7f, 0xaf,
    0x60, 0xf2, 0x0, 0x0, 0x7, 0xf3, 0x0, 0x1b,
    0xf6, 0xb, 0xf9, 0xe0, 0x0, 0x0, 0xa, 0x90,
    0x0, 0x4d, 0x30, 0x1, 0xbf, 0x60, 0x0, 0x0,
    0x0, 0x0, 0x0, 0x0, 0x0, 0x0, 0x0, 0x0,

    /* U+57FA "基" */
    0x0, 0x0, 0x1c, 0x50, 0x0, 0x0, 0x4, 0xc2,
    0x0, 0x0, 0x0, 0x0, 0x1f, 0x60, 0x0, 0x0,
    0x5, 0xf3, 0x0, 0x0, 0x2, 0xff, 0xff, 0xff,
    0xff, 0xff, 0xff, 0xff, 0xff, 0x30, 0x0, 0x44,
    0x6f, 0x94, 0x44, 0x44, 0x48, 0xf7, 0x44, 0x10,
    0x0, 0x0, 0x1f, 0x82, 0x22, 0x22, 0x27, 0xf3,
    0x0, 0x0, 0x0, 0x0, 0x1f, 0xff, 0xff, 0xff,
    0xff, 0xf3, 0x0, 0x0, 0x0, 0x0, 0x1f, 0x60,
    0x0, 0x0, 0x5, 0xf3, 0x0, 0x0, 0x0, 0x0,
    0x1f, 0xff, 0xff, 0xff, 0xff, 0xf3, 0x0, 0x0,
    0x0, 0x0, 0x1f, 0x82, 0x22, 0x22, 0x27, 0xf3,
    0x0, 0x0, 0x2, 0x22, 0x4f, 0x82, 0x22, 0x22,
    0x27, 0xf5, 0x22, 0x20, 0x1f, 0xff, 0xff, 0xff,
    0xff, 0xff, 0xff, 0xff, 0xff, 0xf1, 0x1, 0x11,
    0x4f, 0x91, 0x15, 0x51, 0x16, 0xf6, 0x11, 0x10,
    0x0, 0x3, 0xea, 0x0, 0xc, 0xb0, 0x0, 0x8f,
    0x50, 0x0, 0x0, 0x6f, 0xc5, 0x55, 0x5d, 0xd5,
    0x55, 0x59, 0xf9, 0x10, 0x1c, 0xf9, 0xc, 0xdd,
    0xdf, 0xfd, 0xdd, 0xc0, 0x6f, 0xf1, 0x6, 0x30,
    0x0, 0x0, 0xc, 0xb0, 0x0, 0x0, 0x1, 0x30,
    0x0, 0x24, 0x44, 0x44, 0x4d, 0xc4, 0x44, 0x44,
    0x42, 0x0, 0x0, 0x8f, 0xff, 0xff, 0xff, 0xff,
    0xff, 0xff, 0xfa, 0x0,

    /* U+58F0 "声" */
    0x0, 0x0, 0x0, 0x0, 0xe, 0x70, 0x0, 0x0,
    0x0, 0x0, 0x12, 0x22, 0x22, 0x22, 0xf9, 0x22,
    0x22, 0x22, 0x20, 0xc, 0xff, 0xff, 0xff, 0xff,
    0xff, 0xff, 0xff, 0xff, 0x50, 0x22, 0x22, 0x22,
    0x23, 0xf9, 0x22, 0x22, 0x22, 0x21, 0x0, 0x0,
    0x0, 0x0, 0xf, 0x70, 0x0, 0x0, 0x0, 0x0,
    0x9, 0xff, 0xff, 0xff, 0xff, 0xff, 0xff, 0xff,
    0x70, 0x0, 0x35, 0x55, 0x55, 0x55, 0x55, 0x55,
    0x55, 0x52, 0x0, 0x0, 0x0, 0x0, 0x0, 0x0,
    0x0, 0x0, 0x0, 0x0, 0x0, 0x2f, 0xff, 0xff,
    0xff, 0xff, 0xff, 0xff, 0xf1, 0x0, 0x2, 0xf8,
    0x44, 0x44, 0xfa, 0x44, 0x44, 0x9f, 0x10, 0x0,
    0x2f, 0x50, 0x0, 0xf, 0x70, 0x0, 0x6, 0xf1,
    0x0, 0x3, 0xf4, 0x0, 0x0, 0xf7, 0x0, 0x0,
    0x6f, 0x10, 0x0, 0x4f, 0x96, 0x66, 0x6f, 0xb6,
    0x66, 0x6a, 0xf1, 0x0, 0x7, 0xfe, 0xdd, 0xdd,
    0xdd, 0xdd, 0xdd, 0xef, 0x10, 0x0, 0xbd, 0x0,
    0x0, 0x0, 0x0, 0x0, 0x4, 0xa1, 0x0, 0x2f,
    0x80, 0x0, 0x0, 0x0, 0x0, 0x0, 0x0, 0x0,
    0xb, 0xf2, 0x0, 0x0, 0x0, 0x0, 0x0, 0x0,
    0x0, 0x6, 0xf8, 0x0, 0x0, 0x0, 0x0, 0x0,
    0x0, 0x0, 0x0, 0x7, 0x0, 0x0, 0x0, 0x0,
    0x0, 0x0, 0x0, 0x0, 0x0,

    /* U+5904 "处" */
    0x0, 0x0, 0x67, 0x0, 0x0, 0x0, 0x8b, 0x0,
    0x0, 0x0, 0x0, 0x0, 0xdd, 0x0, 0x0, 0x0,
    0xae, 0x0, 0x0, 0x0, 0x0, 0x1, 0xf9, 0x0,
    0x0, 0x0, 0xae, 0x0, 0x0, 0x0, 0x0, 0x5,
    0xfc, 0x99, 0xa9, 0x10, 0xae, 0x0, 0x0, 0x0,
    0x0, 0x8, 0xfc, 0xbb, 0xdf, 0x10, 0xae, 0x0,
    0x0, 0x0, 0x0, 0xc, 0xd0, 0x0, 0xae, 0x0,
    0xaf, 0xa0, 0x0, 0x0, 0x0, 0x2f, 0x90, 0x0,
    0xdc, 0x0, 0xaf, 0xfa, 0x0, 0x0, 0x0, 0x8f,
    0xd0, 0x0, 0xf8, 0x0, 0xae, 0x5f, 0x80, 0x0,
    0x1, 0xed, 0xf2, 0x4, 0xf4, 0x0, 0xae, 0x8,
    0xf5, 0x0, 0x9, 0xf2, 0xe7, 0x9, 0xf0, 0x0,
    0xae, 0x0, 0xcf, 0x20, 0x5, 0x70, 0x8e, 0x1f,
    0xa0, 0x0, 0xae, 0x0, 0x2f, 0x70, 0x0, 0x0,
    0x2f, 0xcf, 0x40, 0x0, 0xae, 0x0, 0x1, 0x0,
    0x0, 0x0, 0x9, 0xfc, 0x0, 0x0, 0xae, 0x0,
    0x0, 0x0, 0x0, 0x0, 0xa, 0xfc, 0x10, 0x0,
    0xae, 0x0, 0x0, 0x0, 0x0, 0x0, 0x8f, 0xbf,
    0xd1, 0x0, 0xae, 0x0, 0x0, 0x0, 0x0, 0x6,
    0xfb, 0x3, 0xff, 0x92, 0x0, 0x0, 0x0, 0x0,
    0x1, 0xaf, 0xc0, 0x0, 0x2a, 0xff, 0xeb, 0x99,
    0x88, 0x81, 0xe, 0xf9, 0x0, 0x0, 0x0, 0x27,
    0xbd, 0xef, 0xff, 0xe0, 0x3, 0x40, 0x0, 0x0,
    0x0, 0x0, 0x0, 0x0, 0x0, 0x0,

    /* U+590D "复" */
    0x0, 0x0, 0xa, 0x70, 0x0, 0x0, 0x0, 0x0,
    0x0, 0x0, 0x0, 0x0, 0x6f, 0x40, 0x0, 0x0,
    0x0, 0x0, 0x0, 0x0, 0x0, 0x1, 0xff, 0xff,
    0xff, 0xff, 0xff, 0xff, 0xff, 0x0, 0x0, 0x1c,
    0xd5, 0x44, 0x44, 0x44, 0x44, 0x44, 0x44, 0x0,
    0x1, 0xde, 0x32, 0x22, 0x22, 0x22, 0x22, 0x22,
    0x10, 0x0, 0xa, 0xe3, 0x9f, 0xff, 0xff, 0xff,
    0xff, 0xff, 0xa0, 0x0, 0x0, 0x20, 0x9e, 0x0,
    0x0, 0x0, 0x0, 0xe, 0xa0, 0x0, 0x0, 0x0,
    0x9f, 0xff, 0xff, 0xff, 0xff, 0xff, 0xa0, 0x0,
    0x0, 0x0, 0x9e, 0x0, 0x0, 0x0, 0x0, 0xe,
    0xa0, 0x0, 0x0, 0x0, 0x9f, 0x44, 0x44, 0x44,
    0x44, 0x4f, 0xa0, 0x0, 0x0, 0x0, 0x7d, 0xef,
    0xdd, 0xdd, 0xdd, 0xdd, 0x80, 0x0, 0x0, 0x0,
    0x2, 0xeb, 0x11, 0x11, 0x11, 0x11, 0x0, 0x0,
    0x0, 0x0, 0x2e, 0xff, 0xff, 0xff, 0xff, 0xff,
    0x10, 0x0, 0x0, 0x7, 0xfd, 0xe4, 0x0, 0x0,
    0x19, 0xf5, 0x0, 0x0, 0x0, 0xaf, 0x60, 0x8f,
    0x81, 0x4, 0xce, 0x50, 0x0, 0x0, 0x0, 0x12,
    0x0, 0x4, 0xdf, 0xdf, 0xa1, 0x0, 0x0, 0x0,
    0x0, 0x0, 0x26, 0x9d, 0xfe, 0xcf, 0xeb, 0x74,
    0x21, 0x0, 0xc, 0xef, 0xff, 0xc7, 0x30, 0x1,
    0x5a, 0xef, 0xff, 0xe1, 0x6, 0x64, 0x20, 0x0,
    0x0, 0x0, 0x0, 0x0, 0x24, 0x30,

    /* U+5916 "外" */
    0x0, 0x0, 0x33, 0x0, 0x0, 0x0, 0x53, 0x0,
    0x0, 0x0, 0x0, 0x0, 0xcc, 0x0, 0x0, 0x0,
    0xea, 0x0, 0x0, 0x0, 0x0, 0x1, 0xf6, 0x0,
    0x0, 0x0, 0xea, 0x0, 0x0, 0x0, 0x0, 0x6,
    0xff, 0xff, 0xfe, 0x30, 0xea, 0x0, 0x0, 0x0,
    0x0, 0xb, 0xd7, 0x77, 0xbf, 0x20, 0xea, 0x0,
    0x0, 0x0, 0x0, 0x1f, 0x50, 0x0, 0xaf, 0x0,
    0xea, 0x0, 0x0, 0x0, 0x0, 0x9e, 0x0, 0x0,
    0xdc, 0x0, 0xed, 0x80, 0x0, 0x0, 0x3, 0xf7,
    0x0, 0x1, 0xf8, 0x0, 0xee, 0xfb, 0x0, 0x0,
    0x1d, 0xd7, 0xa0, 0x6, 0xf4, 0x0, 0xea, 0x6f,
    0xc1, 0x0, 0x1b, 0x45, 0xfd, 0x2b, 0xe0, 0x0,
    0xea, 0x5, 0xfd, 0x10, 0x0, 0x0, 0x2d, 0xff,
    0x90, 0x0, 0xea, 0x0, 0x5f, 0xc0, 0x0, 0x0,
    0x1, 0xdf, 0x30, 0x0, 0xea, 0x0, 0x7, 0x70,
    0x0, 0x0, 0x2, 0xfb, 0x0, 0x0, 0xea, 0x0,
    0x0, 0x0, 0x0, 0x0, 0xc, 0xf2, 0x0, 0x0,
    0xea, 0x0, 0x0, 0x0, 0x0, 0x0, 0x9f, 0x80,
    0x0, 0x0, 0xea, 0x0, 0x0, 0x0, 0x0, 0x8,
    0xfb, 0x0, 0x0, 0x0, 0xea, 0x0, 0x0, 0x0,
    0x1, 0xaf, 0xc1, 0x0, 0x0, 0x0, 0xea, 0x0,
    0x0, 0x0, 0x1e, 0xf9, 0x0, 0x0, 0x0, 0x0,
    0xea, 0x0, 0x0, 0x0, 0x6, 0x60, 0x0, 0x0,
    0x0, 0x0, 0xea, 0x0, 0x0, 0x0,

    /* U+591A "多" */
    0x0, 0x0, 0x0, 0x3, 0xc5, 0x0, 0x0, 0x0,
    0x0, 0x0, 0x0, 0x0, 0x3e, 0xd1, 0x0, 0x1,
    0x0, 0x0, 0x0, 0x0, 0x5, 0xff, 0xff, 0xff,
    0xff, 0xa0, 0x0, 0x0, 0x1, 0xaf, 0x94, 0x44,
    0x44, 0xdf, 0x30, 0x0, 0x1, 0x8f, 0xe5, 0x10,
    0x0, 0xa, 0xf6, 0x0, 0x0, 0x6, 0xf8, 0xb,
    0xe4, 0x1, 0xbf, 0x60, 0x0, 0x0, 0x0, 0x0,
    0x0, 0xaf, 0xaf, 0xd3, 0x0, 0x0, 0x0, 0x0,
    0x0, 0x1, 0x7f, 0xf9, 0x1b, 0x80, 0x0, 0x0,
    0x0, 0x15, 0xaf, 0xf9, 0x20, 0xcf, 0x30, 0x0,
    0x0, 0x3d, 0xff, 0xc7, 0x10, 0x2d, 0xff, 0xff,
    0xff, 0xf9, 0x9, 0x61, 0x0, 0x6, 0xfd, 0x55,
    0x55, 0x5c, 0xf4, 0x0, 0x0, 0x4, 0xdf, 0x80,
    0x0, 0x0, 0x5f, 0xa0, 0x0, 0x6, 0xdf, 0xb3,
    0x87, 0x0, 0x4, 0xfc, 0x0, 0x0, 0x6, 0xa2,
    0x0, 0x8f, 0xa1, 0x8f, 0xc1, 0x0, 0x0, 0x0,
    0x0, 0x0, 0x6, 0xff, 0xf9, 0x0, 0x0, 0x0,
    0x0, 0x0, 0x4, 0x9e, 0xfc, 0x30, 0x0, 0x0,
    0x0, 0x24, 0x79, 0xef, 0xe9, 0x30, 0x0, 0x0,
    0x0, 0x4f, 0xff, 0xfd, 0xa4, 0x0, 0x0, 0x0,
    0x0, 0x0, 0x8, 0x63, 0x0, 0x0, 0x0, 0x0,
    0x0, 0x0, 0x0,

    /* U+591C "夜" */
    0x0, 0x0, 0x0, 0x0, 0x19, 0x40, 0x0, 0x0,
    0x0, 0x0, 0x0, 0x0, 0x0, 0x0, 0xd, 0xd0,
    0x0, 0x0, 0x0, 0x0, 0x5, 0x77, 0x77, 0x77,
    0x7b, 0xf9, 0x77, 0x77, 0x77, 0x60, 0xa, 0xff,
    0xff, 0xff, 0xff, 0xff, 0xff, 0xff, 0xff, 0xe0,
    0x0, 0x0, 0x7, 0xd1, 0x0, 0xd, 0x80, 0x0,
    0x0, 0x0, 0x0, 0x0, 0xe, 0xa0, 0x0, 0x6f,
    0x30, 0x0, 0x0, 0x0, 0x0, 0x0, 0x7f, 0x20,
    0x0, 0xef, 0xff, 0xff, 0xfe, 0x30, 0x0, 0x2,
    0xf8, 0x0, 0x8, 0xf6, 0x55, 0x55, 0xbf, 0x10,
    0x0, 0xc, 0xf5, 0x0, 0x4f, 0x64, 0x90, 0x0,
    0xdb, 0x0, 0x0, 0xaf, 0xf5, 0x2, 0xef, 0x32,
    0xeb, 0x5, 0xf5, 0x0, 0xa, 0xf8, 0xf5, 0x2e,
    0xdc, 0xb0, 0x2f, 0x4c, 0xd0, 0x0, 0x2f, 0x81,
    0xf5, 0x7d, 0x12, 0xf4, 0x1, 0x6f, 0x50, 0x0,
    0x2, 0x1, 0xf5, 0x1, 0x0, 0x7e, 0x23, 0xfb,
    0x0, 0x0, 0x0, 0x1, 0xf5, 0x0, 0x0, 0xc,
    0xde, 0xd1, 0x0, 0x0, 0x0, 0x1, 0xf5, 0x0,
    0x0, 0x5, 0xff, 0x40, 0x0, 0x0, 0x0, 0x1,
    0xf5, 0x0, 0x0, 0x7f, 0xef, 0xe5, 0x0, 0x0,
    0x0, 0x1, 0xf5, 0x0, 0x4c, 0xfa, 0x2, 0xdf,
    0xa2, 0x0, 0x0, 0x1, 0xf5, 0x5d, 0xfe, 0x50,
    0x0, 0x9, 0xff, 0xb2, 0x0, 0x1, 0xf5, 0x3d,
    0x50, 0x0, 0x0, 0x0, 0x29, 0xd0, 0x0, 0x0,
    0x0, 0x0, 0x0, 0x0, 0x0, 0x0, 0x0, 0x0,

    /* U+5927 "大" */
    0x0, 0x0, 0x0, 0x0, 0x8, 0xb0, 0x0, 0x0,
    0x0, 0x0, 0x0, 0x0, 0x0, 0x0, 0xb, 0xe0,
    0x0, 0x0, 0x0, 0x0, 0x0, 0x0, 0x0, 0x0,
    0xb, 0xd0, 0x0, 0x0, 0x0, 0x0, 0x0, 0x0,
    0x0, 0x0, 0xc, 0xc0, 0x0, 0x0, 0x0, 0x0,
    0x0, 0x0, 0x0, 0x0, 0xe, 0xb0, 0x0, 0x0,
    0x0, 0x0, 0x0, 0x0, 0x0, 0x0, 0xf, 0xa0,
    0x0, 0x0, 0x0, 0x0, 0xa, 0xff, 0xff, 0xff,
    0xff, 0xff, 0xff, 0xff, 0xff, 0xe0, 0x5, 0x77,
    0x77, 0x77, 0xaf, 0xfb, 0x77, 0x77, 0x77, 0x70,
    0x0, 0x0, 0x0, 0x0, 0x9f, 0xfb, 0x0, 0x0,
    0x0, 0x0, 0x0, 0x0, 0x0, 0x0, 0xdc, 0x8f,
    0x20, 0x0, 0x0, 0x0, 0x0, 0x0, 0x0, 0x3,
    0xf7, 0x1f, 0x80, 0x0, 0x0, 0x0, 0x0, 0x0,
    0x0, 0xc, 0xf1, 0xa, 0xf2, 0x0, 0x0, 0x0,
    0x0, 0x0, 0x0, 0x4f, 0x80, 0x2, 0xfc, 0x0,
    0x0, 0x0, 0x0, 0x0, 0x2, 0xee, 0x0, 0x0,
    0x7f, 0x70, 0x0, 0x0, 0x0, 0x0, 0x1d, 0xf4,
    0x0, 0x0, 0xc, 0xf7, 0x0, 0x0, 0x0, 0x2,
    0xdf, 0x50, 0x0, 0x0, 0x1, 0xdf, 0x80, 0x0,
    0x0, 0x7f, 0xf5, 0x0, 0x0, 0x0, 0x0, 0x1d,
    0xfd, 0x40, 0xc, 0xfb, 0x20, 0x0, 0x0, 0x0,
    0x0, 0x0, 0x8f, 0xe1, 0x1, 0x50, 0x0, 0x0,
    0x0, 0x0, 0x0, 0x0, 0x2, 0x30,

    /* U+5929 "天" */
    0x6, 0x77, 0x77, 0x77, 0x77, 0x77, 0x77, 0x77,
    0x70, 0x0, 0xcf, 0xff, 0xff, 0xff, 0xff, 0xff,
    0xff, 0xff, 0x0, 0x0, 0x0, 0x0, 0x0, 0xcd,
    0x0, 0x0, 0x0, 0x0, 0x0, 0x0, 0x0, 0x0,
    0xb, 0xd0, 0x0, 0x0, 0x0, 0x0, 0x0, 0x0,
    0x0, 0x0, 0xcd, 0x0, 0x0, 0x0, 0x0, 0x0,
    0x0, 0x0, 0x0, 0xc, 0xc0, 0x0, 0x0, 0x0,
    0x0, 0x0, 0x0, 0x0, 0x0, 0xdc, 0x0, 0x0,
    0x0, 0x0, 0x7, 0xff, 0xff, 0xff, 0xff, 0xff,
    0xff, 0xff, 0xff, 0xe0, 0x37, 0x77, 0x77, 0x79,
    0xff, 0xa7, 0x77, 0x77, 0x76, 0x0, 0x0, 0x0,
    0x0, 0x8f, 0xec, 0x0, 0x0, 0x0, 0x0, 0x0,
    0x0, 0x0, 0xe, 0xc5, 0xf4, 0x0, 0x0, 0x0,
    0x0, 0x0, 0x0, 0x9, 0xf5, 0xc, 0xd0, 0x0,
    0x0, 0x0, 0x0, 0x0, 0x4, 0xfb, 0x0, 0x3f,
    0xb0, 0x0, 0x0, 0x0, 0x0, 0x6, 0xfe, 0x10,
    0x0, 0x6f, 0x90, 0x0, 0x0, 0x0, 0x8, 0xfd,
    0x20, 0x0, 0x0, 0x8f, 0xc2, 0x0, 0x0, 0x5d,
    0xfb, 0x0, 0x0, 0x0, 0x0, 0x6f, 0xf9, 0x20,
    0xaf, 0xe5, 0x0, 0x0, 0x0, 0x0, 0x0, 0x2b,
    0xff, 0x32, 0x50, 0x0, 0x0, 0x0, 0x0, 0x0,
    0x0, 0x2, 0x50,

    /* U+592A "太" */
    0x0, 0x0, 0x0, 0x0, 0x9, 0xa0, 0x0, 0x0,
    0x0, 0x0, 0x0, 0x0, 0x0, 0x0, 0xc, 0xd0,
    0x0, 0x0, 0x0, 0x0, 0x0, 0x0, 0x0, 0x0,
    0xc, 0xc0, 0x0, 0x0, 0x0, 0x0, 0x0, 0x0,
    0x0, 0x0, 0xd, 0xb0, 0x0, 0x0, 0x0, 0x0,
    0x0, 0x0, 0x0, 0x0, 0xe, 0xa0, 0x0, 0x0,
    0x0, 0x0, 0x5, 0x77, 0x77, 0x77, 0x7f, 0xc7,
    0x77, 0x77, 0x77, 0x70, 0xb, 0xff, 0xff, 0xff,
    0xff, 0xff, 0xff, 0xff, 0xff, 0xe0, 0x0, 0x0,
    0x0, 0x0, 0x6f, 0xf9, 0x0, 0x0, 0x0, 0x0,
    0x0, 0x0, 0x0, 0x0, 0x9f, 0xbf, 0x0, 0x0,
    0x0, 0x0, 0x0, 0x0, 0x0, 0x0, 0xeb, 0x3f,
    0x50, 0x0, 0x0, 0x0, 0x0, 0x0, 0x0, 0x4,
    0xf7, 0xd, 0xc0, 0x0, 0x0, 0x0, 0x0, 0x0,
    0x0, 0xc, 0xf1, 0x6, 0xf6, 0x0, 0x0, 0x0,
    0x0, 0x0, 0x0, 0x5f, 0x80, 0x0, 0xde, 0x10,
    0x0, 0x0, 0x0, 0x0, 0x2, 0xef, 0x40, 0x0,
    0x3f, 0xa0, 0x0, 0x0, 0x0, 0x0, 0x1e, 0xfd,
    0xf5, 0x0, 0x9, 0xfa, 0x0, 0x0, 0x0, 0x2,
    0xdf, 0x50, 0xbf, 0x70, 0x0, 0xaf, 0x90, 0x0,
    0x0, 0x7f, 0xf5, 0x0, 0xb, 0xf7, 0x0, 0xb,
    0xfe, 0x40, 0xd, 0xfa, 0x10, 0x0, 0x0, 0xcd,
    0x0, 0x0, 0x7f, 0xf2, 0x3, 0x40, 0x0, 0x0,
    0x0, 0x10, 0x0, 0x0, 0x2, 0x50,

    /* U+5934 "头" */
    0x0, 0x0, 0x0, 0x0, 0x2, 0x60, 0x0, 0x0,
    0x0, 0x0, 0x6, 0x50, 0x0, 0x6, 0xf1, 0x0,
    0x0, 0x0, 0x0, 0xa, 0xfe, 0x70, 0x7, 0xf1,
    0x0, 0x0, 0x0, 0x0, 0x0, 0x19, 0xfe, 0x17,
    0xf1, 0x0, 0x0, 0x0, 0x0, 0x0, 0x0, 0x37,
    0x7, 0xf0, 0x0, 0x0, 0x0, 0x8, 0xc5, 0x0,
    0x0, 0x8, 0xf0, 0x0, 0x0, 0x0, 0x3, 0xbf,
    0xd5, 0x0, 0x9, 0xe0, 0x0, 0x0, 0x0, 0x0,
    0x3, 0xcf, 0x40, 0xb, 0xc0, 0x0, 0x0, 0x0,
    0x0, 0x0, 0x5, 0x0, 0xd, 0xb0, 0x0, 0x0,
    0x0, 0x67, 0x77, 0x77, 0x77, 0x7f, 0xc7, 0x77,
    0x77, 0x76, 0xdf, 0xff, 0xff, 0xff, 0xff, 0xff,
    0xff, 0xff, 0xfe, 0x0, 0x0, 0x0, 0x0, 0x9f,
    0x0, 0x0, 0x0, 0x0, 0x0, 0x0, 0x0, 0x2,
    0xf9, 0x0, 0x0, 0x0, 0x0, 0x0, 0x0, 0x0,
    0xc, 0xf3, 0xea, 0x20, 0x0, 0x0, 0x0, 0x0,
    0x0, 0xbf, 0x40, 0x4d, 0xf9, 0x10, 0x0, 0x0,
    0x0, 0x4d, 0xf6, 0x0, 0x0, 0x6e, 0xf6, 0x0,
    0x0, 0x4b, 0xfd, 0x30, 0x0, 0x0, 0x1, 0xaf,
    0xb1, 0x7e, 0xfd, 0x70, 0x0, 0x0, 0x0, 0x0,
    0x6, 0xf9, 0x28, 0x30, 0x0, 0x0, 0x0, 0x0,
    0x0, 0x0, 0x30,

    /* U+5973 "女" */
    0x0, 0x0, 0x0, 0x0, 0x0, 0x0, 0x0, 0x0,
    0x0, 0x0, 0x0, 0x0, 0x0, 0xb, 0xc0, 0x0,
    0x0, 0x0, 0x0, 0x0, 0x0, 0x0, 0x1, 0xf9,
    0x0, 0x0, 0x0, 0x0, 0x0, 0x0, 0x0, 0x0,
    0x7f, 0x40, 0x0, 0x0, 0x0, 0x0, 0x0, 0x0,
    0x0, 0xc, 0xe0, 0x0, 0x0, 0x0, 0x0, 0x0,
    0x0, 0x0, 0x2, 0xfa, 0x0, 0x0, 0x0, 0x0,
    0x0, 0xb, 0xff, 0xff, 0xff, 0xff, 0xff, 0xff,
    0xff, 0xff, 0xe0, 0x69, 0x99, 0x9f, 0xe9, 0x99,
    0x99, 0xdf, 0x99, 0x98, 0x0, 0x0, 0x6, 0xf6,
    0x0, 0x0, 0xe, 0xd0, 0x0, 0x0, 0x0, 0x0,
    0xdf, 0x0, 0x0, 0x3, 0xf7, 0x0, 0x0, 0x0,
    0x0, 0x4f, 0x80, 0x0, 0x0, 0x9f, 0x20, 0x0,
    0x0, 0x0, 0xd, 0xf1, 0x0, 0x0, 0x1e, 0xd0,
    0x0, 0x0, 0x0, 0x2, 0xff, 0xd6, 0x0, 0xb,
    0xf4, 0x0, 0x0, 0x0, 0x0, 0x0, 0x6d, 0xfe,
    0x87, 0xfa, 0x0, 0x0, 0x0, 0x0, 0x0, 0x0,
    0x4, 0xbf, 0xff, 0x30, 0x0, 0x0, 0x0, 0x0,
    0x0, 0x0, 0x19, 0xfe, 0xff, 0xa2, 0x0, 0x0,
    0x0, 0x0, 0x2, 0x8e, 0xfb, 0x12, 0xbf, 0xf9,
    0x10, 0x0, 0x25, 0x8d, 0xff, 0xc4, 0x0, 0x0,
    0x4c, 0xfe, 0x60, 0xb, 0xff, 0xd8, 0x30, 0x0,
    0x0, 0x0, 0x7, 0xff, 0x30, 0x24, 0x0, 0x0,
    0x0, 0x0, 0x0, 0x0, 0x2, 0x40,

    /* U+5976 "奶" */
    0x0, 0x0, 0x0, 0x0, 0x0, 0x0, 0x0, 0x0,
    0x0, 0x0, 0x0, 0x9d, 0x0, 0x0, 0x0, 0x0,
    0x0, 0x0, 0x0, 0x0, 0xb, 0xb0, 0x0, 0x55,
    0x55, 0x55, 0x55, 0x20, 0x0, 0x0, 0xd8, 0x0,
    0x1f, 0xff, 0xff, 0xff, 0xf3, 0x0, 0x0, 0xf,
    0x60, 0x0, 0x0, 0xe9, 0x0, 0x6f, 0x0, 0x1,
    0xff, 0xff, 0xff, 0xb0, 0xe, 0x80, 0x8, 0xe0,
    0x0, 0x6, 0xaf, 0x76, 0xda, 0x0, 0xf8, 0x0,
    0xba, 0x0, 0x0, 0x9, 0xd0, 0xd, 0x90, 0xf,
    0x70, 0xe, 0x70, 0x0, 0x0, 0xca, 0x0, 0xf7,
    0x0, 0xf6, 0x2, 0xfa, 0x77, 0x40, 0xf, 0x60,
    0x1f, 0x40, 0x2f, 0x40, 0x5f, 0xff, 0xf9, 0x4,
    0xf3, 0x5, 0xf1, 0x4, 0xf2, 0x0, 0x0, 0xe,
    0x80, 0x8f, 0x10, 0x9e, 0x0, 0x6f, 0x0, 0x0,
    0x0, 0xf7, 0x4, 0xed, 0x3e, 0x90, 0xa, 0xd0,
    0x0, 0x0, 0xf, 0x60, 0x1, 0xcf, 0xf4, 0x0,
    0xf8, 0x0, 0x0, 0x1, 0xf5, 0x0, 0x0, 0xef,
    0x70, 0x4f, 0x30, 0x0, 0x0, 0x3f, 0x30, 0x0,
    0x8f, 0xaf, 0x2a, 0xe0, 0x0, 0x0, 0x5, 0xf1,
    0x0, 0x5f, 0x80, 0x33, 0xf7, 0x0, 0x0, 0x0,
    0x8e, 0x0, 0x9f, 0xb0, 0x1, 0xdd, 0x0, 0x3,
    0x66, 0x7f, 0xb0, 0xc, 0x80, 0x0, 0x5e, 0x30,
    0x0, 0x4f, 0xff, 0xd2, 0x0, 0x0, 0x0, 0x0,
    0x10, 0x0, 0x0, 0x0, 0x0, 0x0,

    /* U+597D "好" */
    0x0, 0x5, 0x70, 0x0, 0x0, 0x0, 0x0, 0x0,
    0x0, 0x0, 0x0, 0xa, 0xc0, 0x0, 0x3, 0x44,
    0x44, 0x44, 0x44, 0x0, 0x0, 0xd, 0x90, 0x0,
    0xa, 0xff, 0xff, 0xff, 0xff, 0x30, 0x0, 0xf,
    0x70, 0x0, 0x0, 0x0, 0x0, 0x5, 0xfa, 0x0,
    0x27, 0x8f, 0xa7, 0x77, 0x20, 0x0, 0x0, 0x1e,
    0xd0, 0x0, 0x4e, 0xff, 0xee, 0xef, 0x40, 0x0,
    0x1, 0xdd, 0x10, 0x0, 0x0, 0x9d, 0x0, 0x4f,
    0x20, 0x0, 0xc, 0xe2, 0x0, 0x0, 0x0, 0xda,
    0x0, 0x7f, 0x0, 0x0, 0xe, 0xa0, 0x0, 0x0,
    0x1, 0xf6, 0x0, 0xad, 0x24, 0x44, 0x4e, 0xb4,
    0x44, 0x40, 0x5, 0xf1, 0x0, 0xd9, 0x8f, 0xff,
    0xff, 0xff, 0xff, 0xf1, 0xa, 0xe0, 0x3, 0xf4,
    0x11, 0x11, 0x1e, 0xa1, 0x11, 0x10, 0x7, 0xfd,
    0x29, 0xe0, 0x0, 0x0, 0xe, 0xa0, 0x0, 0x0,
    0x0, 0x4f, 0xff, 0x90, 0x0, 0x0, 0xe, 0xa0,
    0x0, 0x0, 0x0, 0x2, 0xef, 0x70, 0x0, 0x0,
    0xe, 0xa0, 0x0, 0x0, 0x0, 0x2, 0xff, 0xf6,
    0x0, 0x0, 0xe, 0xa0, 0x0, 0x0, 0x0, 0xd,
    0xe2, 0xcf, 0x50, 0x0, 0xe, 0xa0, 0x0, 0x0,
    0x1, 0xcf, 0x30, 0x1d, 0x20, 0x0, 0xe, 0xa0,
    0x0, 0x0, 0x4e, 0xf5, 0x0, 0x0, 0x0, 0x56,
    0x6f, 0x90, 0x0, 0x0, 0x2b, 0x20, 0x0, 0x0,
    0x0, 0x9f, 0xfc, 0x20, 0x0, 0x0, 0x0, 0x0,
    0x0, 0x0, 0x0, 0x0, 0x0, 0x0, 0x0, 0x0,

    /* U+59B9 "妹" */
    0x0, 0x1, 0x20, 0x0, 0x0, 0x0, 0x24, 0x0,
    0x0, 0x0, 0x0, 0x9, 0xc0, 0x0, 0x0, 0x0,
    0x6f, 0x10, 0x0, 0x0, 0x0, 0xc, 0x90, 0x0,
    0x0, 0x0, 0x6f, 0x10, 0x0, 0x0, 0x0, 0xe,
    0x60, 0x0, 0x12, 0x22, 0x8f, 0x32, 0x22, 0x10,
    0x7, 0x8f, 0xa7, 0x73, 0x8f, 0xff, 0xff, 0xff,
    0xff, 0x80, 0xe, 0xff, 0xee, 0xf8, 0x12, 0x22,
    0x8f, 0x32, 0x22, 0x10, 0x0, 0x7e, 0x0, 0xf6,
    0x0, 0x0, 0x6f, 0x10, 0x0, 0x0, 0x0, 0xba,
    0x1, 0xf4, 0x0, 0x0, 0x6f, 0x10, 0x0, 0x0,
    0x0, 0xe6, 0x4, 0xf4, 0xee, 0xee, 0xff, 0xfe,
    0xee, 0xe0, 0x3, 0xf2, 0x7, 0xf1, 0x66, 0x67,
    0xff, 0xd6, 0x66, 0x60, 0x8, 0xf2, 0xb, 0xb0,
    0x0, 0x5, 0xff, 0xf2, 0x0, 0x0, 0x3, 0xef,
    0x5f, 0x70, 0x0, 0xc, 0xef, 0xca, 0x0, 0x0,
    0x0, 0x1c, 0xff, 0x20, 0x0, 0x6f, 0x8f, 0x4f,
    0x30, 0x0, 0x0, 0x0, 0xef, 0x70, 0x1, 0xe7,
    0x6f, 0x1a, 0xc0, 0x0, 0x0, 0x6, 0xfd, 0xf5,
    0xc, 0xe0, 0x6f, 0x12, 0xf9, 0x0, 0x0, 0x1e,
    0xc0, 0xc5, 0xaf, 0x40, 0x6f, 0x10, 0x7f, 0x80,
    0x1, 0xcf, 0x20, 0x7, 0xf8, 0x0, 0x6f, 0x10,
    0xa, 0xe1, 0x2e, 0xf5, 0x0, 0x0, 0x70, 0x0,
    0x6f, 0x10, 0x0, 0x20, 0xb, 0x30, 0x0, 0x0,
    0x0, 0x0, 0x6f, 0x10, 0x0, 0x0,

    /* U+59D0 "姐" */
    0x0, 0x6a, 0x0, 0x0, 0x0, 0x0, 0x0, 0x0,
    0x0, 0x0, 0xa, 0xc0, 0x0, 0x7, 0x77, 0x77,
    0x77, 0x73, 0x0, 0x0, 0xc9, 0x0, 0x0, 0xef,
    0xee, 0xee, 0xff, 0x60, 0x0, 0xe, 0x70, 0x0,
    0xe, 0x80, 0x0, 0x1, 0xf6, 0x0, 0xaa, 0xfc,
    0xaa, 0x50, 0xe8, 0x0, 0x0, 0x1f, 0x60, 0x9,
    0xbf, 0xa9, 0xf8, 0xe, 0x80, 0x0, 0x1, 0xf6,
    0x0, 0x6, 0xe0, 0xf, 0x60, 0xef, 0xff, 0xff,
    0xff, 0x60, 0x0, 0x9b, 0x1, 0xf5, 0xe, 0xb6,
    0x66, 0x67, 0xf6, 0x0, 0xd, 0x80, 0x3f, 0x20,
    0xe8, 0x0, 0x0, 0x1f, 0x60, 0x1, 0xf4, 0x6,
    0xf0, 0xe, 0x80, 0x0, 0x1, 0xf6, 0x0, 0x5f,
    0x10, 0xac, 0x0, 0xe8, 0x0, 0x0, 0x1f, 0x60,
    0x5, 0xfb, 0x1e, 0x80, 0xe, 0xfe, 0xee, 0xee,
    0xf6, 0x0, 0x4, 0xfe, 0xf3, 0x0, 0xeb, 0x77,
    0x77, 0x8f, 0x60, 0x0, 0x2, 0xff, 0x10, 0xe,
    0x80, 0x0, 0x1, 0xf6, 0x0, 0x0, 0x4f, 0xfc,
    0x0, 0xe8, 0x0, 0x0, 0x1f, 0x60, 0x0, 0xd,
    0xd4, 0xf5, 0xe, 0x80, 0x0, 0x1, 0xf6, 0x0,
    0x1c, 0xf3, 0x5, 0x76, 0xfb, 0x66, 0x66, 0x7f,
    0xa6, 0x1b, 0xf4, 0x0, 0x2f, 0xff, 0xff, 0xff,
    0xff, 0xff, 0xf2, 0x23, 0x0, 0x0, 0x0, 0x0,
    0x0, 0x0, 0x0, 0x0, 0x0,

    /* U+5A01 "威" */
    0x0, 0x0, 0x0, 0x0, 0x0, 0x0, 0x7c, 0xa,
    0x40, 0x0, 0x0, 0x0, 0x0, 0x0, 0x0, 0x0,
    0x8e, 0x7, 0xf9, 0x0, 0x0, 0x0, 0x0, 0x0,
    0x0, 0x0, 0x8e, 0x0, 0x3b, 0x0, 0x0, 0xcf,
    0xff, 0xff, 0xff, 0xff, 0xff, 0xff, 0xff, 0xc0,
    0x0, 0xdb, 0x66, 0x66, 0x66, 0x66, 0xaf, 0x66,
    0x66, 0x50, 0x0, 0xd8, 0x0, 0x0, 0x0, 0x0,
    0x5f, 0x0, 0x0, 0x0, 0x0, 0xd8, 0x4f, 0xff,
    0xff, 0xfd, 0x4f, 0x10, 0x29, 0x0, 0x0, 0xd8,
    0x14, 0x4a, 0xd4, 0x43, 0x3f, 0x20, 0x7e, 0x0,
    0x0, 0xd8, 0x0, 0xe, 0x70, 0x0, 0x2f, 0x30,
    0xba, 0x0, 0x0, 0xe8, 0x24, 0x6f, 0x64, 0x42,
    0x1f, 0x50, 0xf6, 0x0, 0x0, 0xf8, 0x7e, 0xff,
    0xee, 0xfb, 0xf, 0x75, 0xf1, 0x0, 0x0, 0xf7,
    0x3, 0xf3, 0x1, 0xe6, 0xd, 0x9b, 0xb0, 0x0,
    0x0, 0xf5, 0xb, 0xc0, 0x9, 0xe1, 0xa, 0xdf,
    0x40, 0x0, 0x2, 0xf4, 0xa, 0xfc, 0x6f, 0x60,
    0x7, 0xfc, 0x0, 0x0, 0x5, 0xf1, 0x0, 0x2b,
    0xff, 0x30, 0x6, 0xf6, 0x0, 0xc1, 0x8, 0xd0,
    0x0, 0x6f, 0xbb, 0xf8, 0x3f, 0xf8, 0x1, 0xf1,
    0xd, 0xa0, 0x7d, 0xf8, 0x0, 0x57, 0xec, 0xae,
    0x13, 0xf0, 0x4f, 0x30, 0x78, 0x10, 0x0, 0x6f,
    0xd1, 0x1f, 0xcb, 0xb0, 0x2a, 0x0, 0x0, 0x0,
    0x0, 0x6a, 0x0, 0x4, 0xde, 0x30, 0x0, 0x0,
    0x0, 0x0, 0x0, 0x0, 0x0, 0x0, 0x0, 0x0,

    /* U+5A74 "婴" */
    0x3, 0x33, 0x33, 0x33, 0x0, 0x22, 0x22, 0x22,
    0x20, 0xf, 0xff, 0xff, 0xff, 0x34, 0xff, 0xff,
    0xff, 0xf0, 0xf, 0x40, 0x0, 0x1f, 0x34, 0xf0,
    0x0, 0x5, 0xf0, 0xf, 0x40, 0xb2, 0x1f, 0x34,
    0xf0, 0x2a, 0x5, 0xf0, 0xf, 0x41, 0xf2, 0x1f,
    0x34, 0xf0, 0x5e, 0x5, 0xf0, 0xf, 0x42, 0xf1,
    0x1f, 0x34, 0xf0, 0x6d, 0x5, 0xf0, 0xf, 0x46,
    0xd0, 0x1f, 0x34, 0xf0, 0xa9, 0x5, 0xf0, 0x3,
    0x1c, 0xed, 0x43, 0x1, 0x41, 0xee, 0x61, 0x40,
    0x0, 0xad, 0x7, 0xf9, 0x0, 0xc, 0xb3, 0xdc,
    0x10, 0x7e, 0xd2, 0x0, 0x3d, 0x28, 0xfc, 0x10,
    0xa, 0xe3, 0x56, 0x0, 0x0, 0x7a, 0x7, 0x60,
    0x0, 0x0, 0x61, 0x55, 0x55, 0x56, 0xfc, 0x55,
    0x55, 0x55, 0x55, 0x54, 0xef, 0xff, 0xff, 0xff,
    0xff, 0xff, 0xff, 0xff, 0xfc, 0x0, 0x0, 0xae,
    0x20, 0x0, 0x1, 0xeb, 0x0, 0x0, 0x0, 0x9,
    0xfc, 0x74, 0x10, 0x4d, 0xc1, 0x0, 0x0, 0x0,
    0x1, 0x47, 0xad, 0xfe, 0xff, 0x50, 0x0, 0x0,
    0x24, 0x56, 0x8a, 0xdf, 0xe8, 0x7b, 0xff, 0xc8,
    0x30, 0x9f, 0xfd, 0xb9, 0x62, 0x0, 0x0, 0x4,
    0x9e, 0xc1, 0x0, 0x0, 0x0, 0x0, 0x0, 0x0,
    0x0, 0x0, 0x0,

    /* U+5B50 "子" */
    0x0, 0x66, 0x66, 0x66, 0x66, 0x66, 0x66, 0x75,
    0x0, 0x0, 0xf, 0xff, 0xff, 0xff, 0xff, 0xff,
    0xff, 0xf2, 0x0, 0x0, 0x0, 0x0, 0x0, 0x0,
    0x0, 0x6f, 0xd2, 0x0, 0x0, 0x0, 0x0, 0x0,
    0x0, 0x1, 0xaf, 0xb1, 0x0, 0x0, 0x0, 0x0,
    0x0, 0x0, 0x7, 0xfe, 0x50, 0x0, 0x0, 0x0,
    0x0, 0x0, 0x0, 0xa, 0xf9, 0x0, 0x0, 0x0,
    0x0, 0x0, 0x0, 0x0, 0x0, 0xbd, 0x0, 0x0,
    0x0, 0x0, 0x0, 0x0, 0x0, 0x0, 0xb, 0xd0,
    0x0, 0x0, 0x0, 0x0, 0xff, 0xff, 0xff, 0xff,
    0xff, 0xff, 0xff, 0xff, 0xff, 0x8, 0x88, 0x88,
    0x88, 0x8d, 0xe8, 0x88, 0x88, 0x88, 0x80, 0x0,
    0x0, 0x0, 0x0, 0xbd, 0x0, 0x0, 0x0, 0x0,
    0x0, 0x0, 0x0, 0x0, 0xb, 0xd0, 0x0, 0x0,
    0x0, 0x0, 0x0, 0x0, 0x0, 0x0, 0xbd, 0x0,
    0x0, 0x0, 0x0, 0x0, 0x0, 0x0, 0x0, 0xb,
    0xd0, 0x0, 0x0, 0x0, 0x0, 0x0, 0x0, 0x0,
    0x0, 0xbd, 0x0, 0x0, 0x0, 0x0, 0x0, 0x0,
    0x0, 0x0, 0xb, 0xd0, 0x0, 0x0, 0x0, 0x0,
    0x0, 0x0, 0x57, 0x77, 0xeb, 0x0, 0x0, 0x0,
    0x0, 0x0, 0x0, 0x5, 0xff, 0xec, 0x30, 0x0,
    0x0, 0x0, 0x0, 0x0, 0x0, 0x0, 0x0, 0x0,
    0x0, 0x0, 0x0, 0x0, 0x0,

    /* U+5B57 "字" */
    0x0, 0x0, 0x0, 0x2, 0x90, 0x0, 0x0, 0x0,
    0x0, 0x0, 0x0, 0x0, 0x2, 0xf8, 0x0, 0x0,
    0x0, 0x0, 0x47, 0x77, 0x77, 0x77, 0xdf, 0x87,
    0x77, 0x77, 0x71, 0x9f, 0xee, 0xee, 0xee, 0xee,
    0xee, 0xee, 0xef, 0xf2, 0x9f, 0x0, 0x0, 0x0,
    0x0, 0x0, 0x0, 0x5, 0xf2, 0x9f, 0x0, 0x0,
    0x0, 0x0, 0x0, 0x0, 0x5, 0xf2, 0x6a, 0x5,
    0xff, 0xff, 0xff, 0xff, 0xfe, 0x13, 0xa1, 0x0,
    0x2, 0x66, 0x66, 0x66, 0x6e, 0xf9, 0x0, 0x0,
    0x0, 0x0, 0x0, 0x0, 0x1, 0xcf, 0x70, 0x0,
    0x0, 0x0, 0x0, 0x0, 0x0, 0x7f, 0xb2, 0x0,
    0x0, 0x0, 0x0, 0x0, 0x0, 0x0, 0xdb, 0x0,
    0x0, 0x0, 0x0, 0xdf, 0xff, 0xff, 0xff, 0xff,
    0xff, 0xff, 0xff, 0xf5, 0x56, 0x66, 0x66, 0x66,
    0xed, 0x66, 0x66, 0x66, 0x62, 0x0, 0x0, 0x0,
    0x0, 0xda, 0x0, 0x0, 0x0, 0x0, 0x0, 0x0,
    0x0, 0x0, 0xda, 0x0, 0x0, 0x0, 0x0, 0x0,
    0x0, 0x0, 0x0, 0xda, 0x0, 0x0, 0x0, 0x0,
    0x0, 0x0, 0x0, 0x0, 0xda, 0x0, 0x0, 0x0,
    0x0, 0x0, 0x0, 0x17, 0x77, 0xf9, 0x0, 0x0,
    0x0, 0x0, 0x0, 0x0, 0xd, 0xfe, 0xc2, 0x0,
    0x0, 0x0, 0x0,

    /* U+5B58 "存" */
    0x0, 0x0, 0x0, 0x3, 0xa2, 0x0, 0x0, 0x0,
    0x0, 0x0, 0x0, 0x0, 0x0, 0x9, 0xf1, 0x0,
    0x0, 0x0, 0x0, 0x0, 0x1, 0x22, 0x22, 0x3e,
    0xc2, 0x22, 0x22, 0x22, 0x22, 0x20, 0x9, 0xff,
    0xff, 0xff, 0xff, 0xff, 0xff, 0xff, 0xff, 0xe0,
    0x2, 0x44, 0x44, 0xed, 0x44, 0x44, 0x44, 0x44,
    0x44, 0x30, 0x0, 0x0, 0x6, 0xf5, 0x0, 0x0,
    0x0, 0x0, 0x0, 0x0, 0x0, 0x0, 0x1e, 0xc0,
    0x36, 0x66, 0x66, 0x66, 0x63, 0x0, 0x0, 0x0,
    0x9f, 0x30, 0x6f, 0xff, 0xff, 0xff, 0xfa, 0x0,
    0x0, 0x4, 0xf9, 0x0, 0x0, 0x0, 0x0, 0x5f,
    0xa0, 0x0, 0x0, 0x3f, 0xf6, 0x0, 0x0, 0x0,
    0x19, 0xf6, 0x0, 0x0, 0x4, 0xfe, 0xf6, 0x0,
    0x0, 0x0, 0x9f, 0x20, 0x0, 0x0, 0x1f, 0xc3,
    0xf6, 0x4, 0x44, 0x44, 0xbf, 0x44, 0x44, 0x41,
    0x5, 0x1, 0xf6, 0x2f, 0xff, 0xff, 0xff, 0xff,
    0xff, 0xf4, 0x0, 0x1, 0xf6, 0x1, 0x11, 0x11,
    0xae, 0x11, 0x11, 0x10, 0x0, 0x1, 0xf6, 0x0,
    0x0, 0x0, 0x9e, 0x0, 0x0, 0x0, 0x0, 0x1,
    0xf6, 0x0, 0x0, 0x0, 0x9e, 0x0, 0x0, 0x0,
    0x0, 0x1, 0xf6, 0x0, 0x0, 0x0, 0x9e, 0x0,
    0x0, 0x0, 0x0, 0x1, 0xf6, 0x0, 0x5, 0x66,
    0xcd, 0x0, 0x0, 0x0, 0x0, 0x1, 0xf6, 0x0,
    0x9, 0xff, 0xd6, 0x0, 0x0, 0x0,

    /* U+5B66 "学" */
    0x0, 0x14, 0x0, 0x3, 0xc1, 0x0, 0x0, 0x45,
    0x0, 0x0, 0x7f, 0x40, 0x1, 0xea, 0x0, 0x0,
    0xec, 0x0, 0x0, 0xc, 0xe0, 0x0, 0x7f, 0x20,
    0x8, 0xf2, 0x0, 0x26, 0x68, 0xf8, 0x66, 0x7e,
    0x86, 0x7f, 0xb6, 0x63, 0x6f, 0xff, 0xff, 0xff,
    0xff, 0xff, 0xff, 0xff, 0xf9, 0x6f, 0x0, 0x0,
    0x0, 0x0, 0x0, 0x0, 0x0, 0xe9, 0x6f, 0x0,
    0x0, 0x0, 0x0, 0x0, 0x0, 0x0, 0xe9, 0x39,
    0x6, 0xff, 0xff, 0xff, 0xff, 0xff, 0x50, 0x85,
    0x0, 0x1, 0x44, 0x44, 0x44, 0x5d, 0xf8, 0x0,
    0x0, 0x0, 0x0, 0x0, 0x0, 0x17, 0xec, 0x40,
    0x0, 0x0, 0x0, 0x0, 0x0, 0x0, 0xce, 0x50,
    0x0, 0x0, 0x0, 0x57, 0x77, 0x77, 0x77, 0xed,
    0x77, 0x77, 0x77, 0x76, 0xbf, 0xff, 0xff, 0xff,
    0xff, 0xff, 0xff, 0xff, 0xfe, 0x0, 0x0, 0x0,
    0x0, 0xcb, 0x0, 0x0, 0x0, 0x0, 0x0, 0x0,
    0x0, 0x0, 0xcb, 0x0, 0x0, 0x0, 0x0, 0x0,
    0x0, 0x0, 0x0, 0xcb, 0x0, 0x0, 0x0, 0x0,
    0x0, 0x0, 0x0, 0x0, 0xcb, 0x0, 0x0, 0x0,
    0x0, 0x0, 0x0, 0x36, 0x66, 0xea, 0x0, 0x0,
    0x0, 0x0, 0x0, 0x0, 0x3f, 0xfe, 0xc3, 0x0,
    0x0, 0x0, 0x0,

    /* U+5B69 "孩" */
    0x0, 0x0, 0x0, 0x0, 0x0, 0x0, 0x6b, 0x0,
    0x0, 0x0, 0x5, 0x77, 0x77, 0x74, 0x0, 0x0,
    0x5f, 0x50, 0x0, 0x0, 0xb, 0xee, 0xef, 0xfd,
    0x0, 0x0, 0x1e, 0xb0, 0x0, 0x0, 0x0, 0x0,
    0x5, 0xf4, 0xef, 0xff, 0xff, 0xff, 0xff, 0xf2,
    0x0, 0x0, 0xd, 0xb0, 0x44, 0x48, 0xf7, 0x44,
    0x44, 0x40, 0x0, 0x0, 0x7f, 0x20, 0x0, 0xd,
    0xb0, 0x0, 0x0, 0x0, 0x0, 0x1, 0xf7, 0x0,
    0x0, 0x7f, 0x20, 0xb, 0xa0, 0x0, 0x0, 0x2,
    0xf4, 0x0, 0x3, 0xf8, 0x0, 0x6f, 0x50, 0x0,
    0x0, 0x2, 0xf4, 0x0, 0x5f, 0xff, 0xff, 0xfb,
    0x0, 0x0, 0x0, 0x2, 0xf8, 0x9b, 0x29, 0x75,
    0x7f, 0xd0, 0x0, 0x0, 0x0, 0x5a, 0xff, 0xe8,
    0x0, 0x3, 0xee, 0x10, 0x6e, 0x30, 0x2f, 0xff,
    0xf7, 0x0, 0x0, 0x5f, 0xd1, 0x2, 0xfc, 0x0,
    0xa, 0x42, 0xf4, 0x0, 0x2b, 0xfb, 0x0, 0xc,
    0xe2, 0x0, 0x0, 0x2, 0xf4, 0x0, 0xee, 0x60,
    0x1, 0xcf, 0x30, 0x0, 0x0, 0x2, 0xf4, 0x0,
    0x31, 0x0, 0x2d, 0xfa, 0x0, 0x0, 0x0, 0x2,
    0xf4, 0x0, 0x0, 0x6, 0xfe, 0x9f, 0x90, 0x0,
    0x0, 0x2, 0xf4, 0x0, 0x4, 0xcf, 0xa0, 0x6,
    0xfa, 0x0, 0x4, 0x58, 0xf4, 0x5, 0xcf, 0xd5,
    0x0, 0x0, 0x6f, 0xa0, 0x8, 0xfe, 0xa0, 0x8,
    0xc5, 0x0, 0x0, 0x0, 0x7, 0x70, 0x0, 0x0,
    0x0, 0x0, 0x0, 0x0, 0x0, 0x0, 0x0, 0x0,

    /* U+5B89 "安" */
    0x0, 0x0, 0x0, 0x3, 0xa2, 0x0, 0x0, 0x0,
    0x0, 0x0, 0x0, 0x0, 0x1, 0xfa, 0x0, 0x0,
    0x0, 0x0, 0x6, 0x77, 0x77, 0x77, 0xdf, 0x87,
    0x77, 0x77, 0x72, 0xe, 0xff, 0xff, 0xff, 0xff,
    0xff, 0xff, 0xff, 0xf5, 0xe, 0x90, 0x0, 0x1,
    0x0, 0x0, 0x0, 0x3, 0xf5, 0xe, 0x90, 0x0,
    0xb, 0xf1, 0x0, 0x0, 0x3, 0xf5, 0x8, 0x50,
    0x0, 0x3f, 0x90, 0x0, 0x0, 0x1, 0x93, 0x0,
    0x0, 0x0, 0xbf, 0x10, 0x0, 0x0, 0x0, 0x0,
    0x6f, 0xff, 0xff, 0xff, 0xff, 0xff, 0xff, 0xff,
    0xfe, 0x26, 0x66, 0x7f, 0xe6, 0x66, 0x66, 0xef,
    0x76, 0x66, 0x0, 0x0, 0x7f, 0x40, 0x0, 0x3,
    0xf8, 0x0, 0x0, 0x0, 0x3, 0xfb, 0x0, 0x0,
    0xb, 0xf1, 0x0, 0x0, 0x0, 0x9, 0xff, 0xb5,
    0x0, 0x8f, 0x60, 0x0, 0x0, 0x0, 0x0, 0x17,
    0xdf, 0xfb, 0xfa, 0x0, 0x0, 0x0, 0x0, 0x0,
    0x0, 0x4, 0xff, 0xfd, 0x50, 0x0, 0x0, 0x0,
    0x0, 0x1, 0x9f, 0xe6, 0x7e, 0xfe, 0x70, 0x0,
    0x0, 0x37, 0xbf, 0xf8, 0x10, 0x0, 0x6d, 0xfe,
    0x50, 0xd, 0xff, 0xb7, 0x10, 0x0, 0x0, 0x0,
    0x6e, 0xf2, 0x3, 0x51, 0x0, 0x0, 0x0, 0x0,
    0x0, 0x1, 0x30,

    /* U+5B8C "完" */
    0x0, 0x0, 0x0, 0x0, 0x4d, 0x20, 0x0, 0x0,
    0x0, 0x0, 0x0, 0x0, 0x0, 0x0, 0x1f, 0xa0,
    0x0, 0x0, 0x0, 0x0, 0x3, 0x77, 0x77, 0x77,
    0x7d, 0xf8, 0x77, 0x77, 0x77, 0x20, 0x6, 0xff,
    0xff, 0xff, 0xff, 0xff, 0xff, 0xff, 0xff, 0x40,
    0x6, 0xf1, 0x0, 0x0, 0x0, 0x0, 0x0, 0x0,
    0x4f, 0x40, 0x6, 0xf1, 0x0, 0x0, 0x0, 0x0,
    0x0, 0x0, 0x4f, 0x40, 0x5, 0xe1, 0x7f, 0xff,
    0xff, 0xff, 0xff, 0xf5, 0x3e, 0x40, 0x0, 0x0,
    0x36, 0x66, 0x66, 0x66, 0x66, 0x62, 0x0, 0x0,
    0x0, 0x0, 0x0, 0x0, 0x0, 0x0, 0x0, 0x0,
    0x0, 0x0, 0x2, 0x33, 0x33, 0x33, 0x33, 0x33,
    0x33, 0x33, 0x33, 0x20, 0xe, 0xff, 0xff, 0xff,
    0xff, 0xff, 0xff, 0xff, 0xff, 0xc0, 0x2, 0x33,
    0x33, 0xaf, 0x33, 0x39, 0xf3, 0x33, 0x33, 0x20,
    0x0, 0x0, 0x0, 0xbd, 0x0, 0x7, 0xf0, 0x0,
    0x0, 0x0, 0x0, 0x0, 0x0, 0xea, 0x0, 0x7,
    0xf0, 0x0, 0x0, 0x0, 0x0, 0x0, 0x6, 0xf4,
    0x0, 0x7, 0xf0, 0x0, 0x4, 0x90, 0x0, 0x0,
    0x3e, 0xc0, 0x0, 0x7, 0xf0, 0x0, 0x6, 0xf0,
    0x0, 0x4a, 0xfd, 0x10, 0x0, 0x6, 0xf8, 0x55,
    0x6c, 0xc0, 0xd, 0xfd, 0x70, 0x0, 0x0, 0x1,
    0xcf, 0xff, 0xfe, 0x40, 0x2, 0x20, 0x0, 0x0,
    0x0, 0x0, 0x0, 0x0, 0x0, 0x0,

    /* U+5B9C "宜" */
    0x0, 0x0, 0x0, 0x2, 0xb4, 0x0, 0x0, 0x0,
    0x0, 0x0, 0x0, 0x0, 0x0, 0xec, 0x0, 0x0,
    0x0, 0x0, 0x27, 0x77, 0x77, 0x77, 0xcf, 0x77,
    0x77, 0x77, 0x72, 0x5f, 0xff, 0xff, 0xff, 0xff,
    0xff, 0xff, 0xff, 0xf4, 0x5f, 0x10, 0x0, 0x0,
    0x0, 0x0, 0x0, 0x3, 0xf4, 0x5f, 0x10, 0x0,
    0x0, 0x0, 0x0, 0x0, 0x3, 0xf4, 0x4c, 0x11,
    0xff, 0xff, 0xff, 0xff, 0xfe, 0x2, 0xc3, 0x0,
    0x1, 0xf8, 0x44, 0x44, 0x44, 0xbe, 0x0, 0x0,
    0x0, 0x1, 0xf5, 0x0, 0x0, 0x0, 0x9e, 0x0,
    0x0, 0x0, 0x1, 0xf8, 0x55, 0x55, 0x55, 0xbe,
    0x0, 0x0, 0x0, 0x1, 0xff, 0xff, 0xff, 0xff,
    0xfe, 0x0, 0x0, 0x0, 0x1, 0xf5, 0x0, 0x0,
    0x0, 0x9e, 0x0, 0x0, 0x0, 0x1, 0xf5, 0x0,
    0x0, 0x0, 0x9e, 0x0, 0x0, 0x0, 0x1, 0xff,
    0xff, 0xff, 0xff, 0xfe, 0x0, 0x0, 0x0, 0x1,
    0xf8, 0x44, 0x44, 0x44, 0xbe, 0x0, 0x0, 0x0,
    0x1, 0xf5, 0x0, 0x0, 0x0, 0x9e, 0x0, 0x0,
    0x55, 0x57, 0xf9, 0x55, 0x55, 0x55, 0xbf, 0x55,
    0x54, 0xef, 0xff, 0xff, 0xff, 0xff, 0xff, 0xff,
    0xff, 0xfd,

    /* U+5BB6 "家" */
    0x0, 0x0, 0x0, 0x4, 0xc2, 0x0, 0x0, 0x0,
    0x0, 0x0, 0x0, 0x0, 0x0, 0x2f, 0xa0, 0x0,
    0x0, 0x0, 0x0, 0x4f, 0xff, 0xff, 0xff, 0xff,
    0xff, 0xff, 0xff, 0xf7, 0x4, 0xf7, 0x55, 0x55,
    0x55, 0x55, 0x55, 0x55, 0x6f, 0x70, 0x4f, 0x20,
    0x0, 0x0, 0x0, 0x0, 0x0, 0x1, 0xf7, 0x4,
    0xf2, 0xde, 0xee, 0xee, 0xee, 0xee, 0xea, 0x1f,
    0x70, 0x1, 0x5, 0x55, 0x7e, 0xf8, 0x55, 0x55,
    0x40, 0x10, 0x0, 0x0, 0x0, 0x7e, 0xf7, 0x0,
    0x0, 0x8, 0x20, 0x0, 0x0, 0x28, 0xef, 0x8a,
    0xe1, 0x0, 0xb, 0xf8, 0x0, 0x2, 0xdf, 0xe9,
    0x10, 0x3f, 0xa0, 0x2d, 0xf5, 0x0, 0x0, 0x8,
    0x50, 0x0, 0x7f, 0xcf, 0x7f, 0xf2, 0x0, 0x0,
    0x0, 0x0, 0x6, 0xee, 0x50, 0xff, 0xbf, 0x30,
    0x0, 0x0, 0x4, 0x9f, 0xe7, 0x0, 0x6f, 0xc0,
    0xda, 0x0, 0x0, 0x2, 0xfc, 0x50, 0x0, 0x9f,
    0xee, 0x6, 0xf4, 0x0, 0x0, 0x2, 0x0, 0x5,
    0xee, 0x48, 0xf0, 0xc, 0xe2, 0x0, 0x0, 0x0,
    0x6d, 0xf9, 0x10, 0x9f, 0x0, 0x2e, 0xe2, 0x0,
    0x4a, 0xff, 0xa2, 0x0, 0xd, 0xb0, 0x0, 0x2e,
    0xf8, 0x5, 0xe8, 0x20, 0x26, 0x5a, 0xf5, 0x0,
    0x0, 0x1b, 0xd0, 0x0, 0x0, 0x1, 0xff, 0xe7,
    0x0, 0x0, 0x0, 0x0, 0x0, 0x0, 0x0, 0x0,
    0x0, 0x0, 0x0, 0x0, 0x0, 0x0,

    /* U+5BB9 "容" */
    0x0, 0x0, 0x0, 0x0, 0x1c, 0x60, 0x0, 0x0,
    0x0, 0x0, 0x0, 0x0, 0x0, 0x0, 0xc, 0xe0,
    0x0, 0x0, 0x0, 0x0, 0x5, 0xff, 0xff, 0xff,
    0xff, 0xff, 0xff, 0xff, 0xff, 0x70, 0x5, 0xf7,
    0x66, 0x66, 0x66, 0x66, 0x66, 0x66, 0x7f, 0x70,
    0x5, 0xf1, 0x0, 0x65, 0x0, 0x0, 0x52, 0x0,
    0x1f, 0x70, 0x3, 0xa1, 0x8, 0xf6, 0x0, 0x0,
    0xcf, 0x70, 0xa, 0x50, 0x0, 0x0, 0x9f, 0x60,
    0x6, 0x90, 0x7, 0xfc, 0x20, 0x0, 0x0, 0x4e,
    0xf6, 0x0, 0x3f, 0xf3, 0x0, 0x2d, 0xf4, 0x0,
    0x0, 0xdc, 0x20, 0x3, 0xec, 0xbe, 0x30, 0x0,
    0xbc, 0x0, 0x0, 0x10, 0x0, 0x4f, 0xc0, 0xa,
    0xf6, 0x0, 0x0, 0x0, 0x0, 0x0, 0x8, 0xfb,
    0x10, 0x0, 0x8f, 0xb3, 0x0, 0x0, 0x0, 0x5,
    0xef, 0x91, 0x11, 0x11, 0x16, 0xff, 0xb3, 0x0,
    0x6, 0xdf, 0xff, 0xff, 0xff, 0xff, 0xff, 0xfe,
    0xff, 0xb1, 0xc, 0xc5, 0x8f, 0x33, 0x33, 0x33,
    0x33, 0xf9, 0x18, 0x90, 0x0, 0x0, 0x8e, 0x0,
    0x0, 0x0, 0x0, 0xe9, 0x0, 0x0, 0x0, 0x0,
    0x8e, 0x0, 0x0, 0x0, 0x0, 0xe9, 0x0, 0x0,
    0x0, 0x0, 0x8f, 0x66, 0x66, 0x66, 0x66, 0xf9,
    0x0, 0x0, 0x0, 0x0, 0x8f, 0xff, 0xff, 0xff,
    0xff, 0xf9, 0x0, 0x0, 0x0, 0x0, 0x8e, 0x0,
    0x0, 0x0, 0x0, 0xd8, 0x0, 0x0,

    /* U+5BF9 "对" */
    0x0, 0x0, 0x0, 0x0, 0x0, 0x0, 0x0, 0xa,
    0x80, 0x0, 0x0, 0x0, 0x0, 0x0, 0x0, 0x0,
    0x0, 0xc, 0xa0, 0x0, 0x1, 0x11, 0x11, 0x12,
    0x10, 0x0, 0x0, 0xc, 0xa0, 0x0, 0x9, 0xff,
    0xff, 0xff, 0xf0, 0x0, 0x0, 0xc, 0xa0, 0x0,
    0x2, 0x44, 0x44, 0x4b, 0xd0, 0x0, 0x0, 0xc,
    0xa0, 0x0, 0x0, 0x0, 0x0, 0xb, 0xb7, 0xff,
    0xff, 0xff, 0xff, 0xf1, 0x0, 0x0, 0x0, 0xe,
    0x83, 0x77, 0x77, 0x7e, 0xd7, 0x70, 0x0, 0x95,
    0x0, 0x1f, 0x60, 0x0, 0x0, 0xc, 0xa0, 0x0,
    0x0, 0xbf, 0x50, 0x6f, 0x10, 0x11, 0x0, 0xc,
    0xa0, 0x0, 0x0, 0xb, 0xf5, 0xbd, 0x0, 0xda,
    0x0, 0xc, 0xa0, 0x0, 0x0, 0x0, 0xcf, 0xf8,
    0x0, 0x6f, 0x30, 0xc, 0xa0, 0x0, 0x0, 0x0,
    0x1d, 0xf5, 0x0, 0xd, 0xb0, 0xc, 0xa0, 0x0,
    0x0, 0x0, 0xd, 0xfd, 0x0, 0x7, 0xf2, 0xc,
    0xa0, 0x0, 0x0, 0x0, 0x6f, 0x9f, 0xa0, 0x1,
    0xb2, 0xc, 0xa0, 0x0, 0x0, 0x1, 0xeb, 0x9,
    0xf4, 0x0, 0x0, 0xc, 0xa0, 0x0, 0x0, 0xb,
    0xf2, 0x0, 0xe8, 0x0, 0x0, 0xc, 0xa0, 0x0,
    0x0, 0x9f, 0x70, 0x0, 0x20, 0x0, 0x0, 0xc,
    0xa0, 0x0, 0xa, 0xf7, 0x0, 0x0, 0x0, 0x0,
    0x78, 0x8f, 0x90, 0x0, 0x7, 0x70, 0x0, 0x0,
    0x0, 0x0, 0xaf, 0xfc, 0x20, 0x0, 0x0, 0x0,
    0x0, 0x0, 0x0, 0x0, 0x0, 0x0, 0x0, 0x0,

    /* U+5C0F "小" */
    0x0, 0x0, 0x0, 0x0, 0x1, 0x10, 0x0, 0x0,
    0x0, 0x0, 0x0, 0x0, 0x0, 0x0, 0xb, 0xe0,
    0x0, 0x0, 0x0, 0x0, 0x0, 0x0, 0x0, 0x0,
    0xb, 0xe0, 0x0, 0x0, 0x0, 0x0, 0x0, 0x0,
    0x0, 0x0, 0xb, 0xe0, 0x0, 0x0, 0x0, 0x0,
    0x0, 0x0, 0x0, 0x0, 0xb, 0xe0, 0x0, 0x0,
    0x0, 0x0, 0x0, 0x0, 0x52, 0x0, 0xb, 0xe0,
    0x0, 0x25, 0x0, 0x0, 0x0, 0x3, 0xf8, 0x0,
    0xb, 0xe0, 0x0, 0xaf, 0x20, 0x0, 0x0, 0x7,
    0xf3, 0x0, 0xb, 0xe0, 0x0, 0x2f, 0xa0, 0x0,
    0x0, 0xc, 0xe0, 0x0, 0xb, 0xe0, 0x0, 0x9,
    0xf3, 0x0, 0x0, 0x1f, 0xa0, 0x0, 0xb, 0xe0,
    0x0, 0x2, 0xfb, 0x0, 0x0, 0x6f, 0x50, 0x0,
    0xb, 0xe0, 0x0, 0x0, 0x9f, 0x30, 0x0, 0xed,
    0x0, 0x0, 0xb, 0xe0, 0x0, 0x0, 0x3f, 0x90,
    0x7, 0xf6, 0x0, 0x0, 0xb, 0xe0, 0x0, 0x0,
    0xd, 0xf0, 0x1f, 0xc0, 0x0, 0x0, 0xb, 0xe0,
    0x0, 0x0, 0x7, 0xf4, 0x5, 0x20, 0x0, 0x0,
    0xb, 0xe0, 0x0, 0x0, 0x3, 0xb3, 0x0, 0x0,
    0x0, 0x0, 0xb, 0xe0, 0x0, 0x0, 0x0, 0x0,
    0x0, 0x0, 0x0, 0x0, 0xb, 0xe0, 0x0, 0x0,
    0x0, 0x0, 0x0, 0x0, 0x4, 0x88, 0x8e, 0xc0,
    0x0, 0x0, 0x0, 0x0, 0x0, 0x0, 0x2, 0xff,
    0xfc, 0x40, 0x0, 0x0, 0x0, 0x0, 0x0, 0x0,
    0x0, 0x0, 0x0, 0x0, 0x0, 0x0, 0x0, 0x0,

    /* U+5C11 "少" */
    0x0, 0x0, 0x0, 0x0, 0xf, 0x60, 0x0, 0x0,
    0x0, 0x0, 0x0, 0x0, 0x0, 0x0, 0xf, 0x70,
    0x0, 0x0, 0x0, 0x0, 0x0, 0x0, 0x0, 0x0,
    0xf, 0x70, 0x0, 0x0, 0x0, 0x0, 0x0, 0x0,
    0x77, 0x0, 0xf, 0x70, 0x0, 0x66, 0x0, 0x0,
    0x0, 0x1, 0xf8, 0x0, 0xf, 0x70, 0x0, 0x7f,
    0x20, 0x0, 0x0, 0x7, 0xf1, 0x0, 0xf, 0x70,
    0x0, 0xd, 0xc0, 0x0, 0x0, 0xe, 0x90, 0x0,
    0xf, 0x70, 0x0, 0x3, 0xf7, 0x0, 0x0, 0x8f,
    0x20, 0x0, 0xf, 0x70, 0x0, 0x0, 0x9f, 0x10,
    0x3, 0xf8, 0x0, 0x0, 0xf, 0x70, 0x0, 0x0,
    0x1f, 0x90, 0xa, 0xd0, 0x0, 0x0, 0xf, 0x70,
    0x0, 0x0, 0x8, 0xa0, 0x0, 0x10, 0x0, 0x0,
    0xf, 0x70, 0x0, 0x6, 0x0, 0x0, 0x0, 0x0,
    0x0, 0x0, 0xf, 0x70, 0x0, 0xbf, 0x30, 0x0,
    0x0, 0x0, 0x0, 0x0, 0x6, 0x20, 0xa, 0xf4,
    0x0, 0x0, 0x0, 0x0, 0x0, 0x0, 0x0, 0x3,
    0xcf, 0x60, 0x0, 0x0, 0x0, 0x0, 0x0, 0x0,
    0x1, 0xaf, 0xd3, 0x0, 0x0, 0x0, 0x0, 0x0,
    0x0, 0x27, 0xcf, 0xf7, 0x0, 0x0, 0x0, 0x0,
    0x2, 0x57, 0xad, 0xff, 0xc6, 0x10, 0x0, 0x0,
    0x0, 0x0, 0x1f, 0xff, 0xda, 0x71, 0x0, 0x0,
    0x0, 0x0, 0x0, 0x0, 0x4, 0x30, 0x0, 0x0,
    0x0, 0x0, 0x0, 0x0, 0x0, 0x0,

    /* U+5C16 "尖" */
    0x0, 0x0, 0x0, 0x0, 0xd, 0xa0, 0x0, 0x0,
    0x0, 0x0, 0x0, 0x0, 0x0, 0x0, 0xd, 0xa0,
    0x0, 0x0, 0x0, 0x0, 0x0, 0x0, 0x3f, 0x50,
    0xd, 0xa0, 0x7, 0xe2, 0x0, 0x0, 0x0, 0x0,
    0xcd, 0x0, 0xd, 0xa0, 0x1, 0xde, 0x10, 0x0,
    0x0, 0x5, 0xf4, 0x0, 0xd, 0xa0, 0x0, 0x2e,
    0xd0, 0x0, 0x0, 0x3f, 0xb0, 0x0, 0xd, 0xa0,
    0x0, 0x3, 0xfa, 0x0, 0x2, 0xed, 0x10, 0x0,
    0xd, 0xa0, 0x0, 0x0, 0x8f, 0x50, 0x3, 0xd2,
    0x0, 0x0, 0x8, 0x60, 0x0, 0x0, 0xb, 0x40,
    0x0, 0x0, 0x0, 0x0, 0x9, 0x90, 0x0, 0x0,
    0x0, 0x0, 0x0, 0x0, 0x0, 0x0, 0xe, 0xa0,
    0x0, 0x0, 0x0, 0x0, 0x6, 0x66, 0x66, 0x66,
    0x7f, 0xc6, 0x66, 0x66, 0x66, 0x60, 0xe, 0xff,
    0xff, 0xff, 0xff, 0xff, 0xff, 0xff, 0xff, 0xd0,
    0x0, 0x0, 0x0, 0x0, 0xaf, 0xf7, 0x0, 0x0,
    0x0, 0x0, 0x0, 0x0, 0x0, 0x2, 0xf9, 0x8f,
    0x10, 0x0, 0x0, 0x0, 0x0, 0x0, 0x0, 0x1d,
    0xf1, 0xe, 0xd1, 0x0, 0x0, 0x0, 0x0, 0x0,
    0x4, 0xdf, 0x30, 0x2, 0xee, 0x40, 0x0, 0x0,
    0x0, 0x4, 0xbf, 0xd3, 0x0, 0x0, 0x2c, 0xfc,
    0x51, 0x0, 0xa, 0xff, 0xd6, 0x0, 0x0, 0x0,
    0x0, 0x5d, 0xff, 0xc0, 0x4, 0x73, 0x0, 0x0,
    0x0, 0x0, 0x0, 0x0, 0x27, 0x50,

    /* U+5C31 "就" */
    0x0, 0x3, 0xa0, 0x0, 0x0, 0x0, 0x95, 0x0,
    0x0, 0x0, 0x0, 0x2f, 0x50, 0x0, 0x0, 0xe,
    0x84, 0x80, 0x0, 0x55, 0x55, 0xdd, 0x55, 0x51,
    0x0, 0xe8, 0x2f, 0x70, 0xe, 0xff, 0xff, 0xff,
    0xff, 0x30, 0xe, 0x70, 0x5f, 0x20, 0x0, 0x0,
    0x0, 0x0, 0x0, 0x0, 0xf7, 0x0, 0x81, 0x0,
    0x44, 0x44, 0x44, 0x41, 0x58, 0x8f, 0xb8, 0x88,
    0x80, 0xd, 0xff, 0xff, 0xff, 0x58, 0xde, 0xfe,
    0xdd, 0xdd, 0x10, 0xd7, 0x0, 0x0, 0xf5, 0x0,
    0x2f, 0x30, 0x0, 0x0, 0xd, 0x70, 0x0, 0xf,
    0x50, 0x4, 0xf9, 0x80, 0x0, 0x0, 0xdf, 0xff,
    0xff, 0xf5, 0x0, 0x6f, 0xab, 0x0, 0x0, 0x3,
    0x44, 0xea, 0x44, 0x10, 0x9, 0xc9, 0xb0, 0x0,
    0x0, 0x28, 0xd, 0x85, 0x80, 0x0, 0xe8, 0x9b,
    0x0, 0x0, 0x8, 0xd0, 0xd8, 0x3f, 0x10, 0x2f,
    0x39, 0xb0, 0x0, 0x0, 0xd7, 0xd, 0x80, 0xc7,
    0x9, 0xe0, 0x9b, 0x0, 0x0, 0x4f, 0x20, 0xd8,
    0x7, 0xb1, 0xf6, 0x9, 0xb0, 0xa, 0x3c, 0xa0,
    0xd, 0x80, 0x0, 0x9e, 0x0, 0x9b, 0x0, 0xc5,
    0x32, 0x24, 0xe8, 0x0, 0x7f, 0x40, 0x9, 0xd2,
    0x3f, 0x40, 0x6, 0xfd, 0x30, 0x1d, 0x60, 0x0,
    0x4d, 0xff, 0xb0, 0x0, 0x0, 0x0, 0x0, 0x0,
    0x0, 0x0, 0x0, 0x0, 0x0,

    /* U+5C3E "尾" */
    0x0, 0x5f, 0xff, 0xff, 0xff, 0xff, 0xff, 0xff,
    0xf8, 0x0, 0x5, 0xf7, 0x55, 0x55, 0x55, 0x55,
    0x55, 0x5f, 0x90, 0x0, 0x5f, 0x20, 0x0, 0x0,
    0x0, 0x0, 0x0, 0xe9, 0x0, 0x5, 0xf7, 0x44,
    0x44, 0x44, 0x44, 0x44, 0x4f, 0x90, 0x0, 0x5f,
    0xff, 0xff, 0xff, 0xff, 0xff, 0xff, 0xf9, 0x0,
    0x5, 0xf2, 0x0, 0x0, 0x0, 0x25, 0xac, 0x20,
    0x0, 0x0, 0x5f, 0x21, 0x46, 0x9b, 0xef, 0xda,
    0x51, 0x0, 0x0, 0x6, 0xf2, 0xad, 0xb9, 0x9f,
    0x30, 0x0, 0x0, 0x0, 0x0, 0x6f, 0x10, 0x0,
    0x4, 0xf5, 0x57, 0x9c, 0xc0, 0x0, 0x8, 0xf0,
    0x46, 0x9b, 0xef, 0xfe, 0xc9, 0x74, 0x0, 0x0,
    0x9e, 0xd, 0xda, 0x89, 0xf4, 0x0, 0x0, 0x1,
    0x0, 0xb, 0xc0, 0x0, 0x0, 0x4f, 0x54, 0x79,
    0xce, 0xf4, 0x0, 0xf9, 0x13, 0x68, 0xbd, 0xff,
    0xfc, 0xa7, 0x52, 0x0, 0x2f, 0x68, 0xfe, 0xb9,
    0x9f, 0x40, 0x0, 0x0, 0x31, 0x8, 0xf2, 0x0,
    0x0, 0x4, 0xf3, 0x0, 0x0, 0xa, 0xa0, 0xeb,
    0x0, 0x0, 0x0, 0x3f, 0xa5, 0x55, 0x56, 0xf8,
    0x2f, 0x40, 0x0, 0x0, 0x0, 0x9e, 0xff, 0xff,
    0xfc, 0x10, 0x10, 0x0, 0x0, 0x0, 0x0, 0x0,
    0x0, 0x0, 0x0,

    /* U+5DF1 "己" */
    0x19, 0x99, 0x99, 0x99, 0x99, 0x99, 0x99, 0x50,
    0x0, 0x3f, 0xff, 0xff, 0xff, 0xff, 0xff, 0xff,
    0x90, 0x0, 0x0, 0x0, 0x0, 0x0, 0x0, 0x0,
    0xf, 0x90, 0x0, 0x0, 0x0, 0x0, 0x0, 0x0,
    0x0, 0xf, 0x90, 0x0, 0x0, 0x0, 0x0, 0x0,
    0x0, 0x0, 0xf, 0x90, 0x0, 0x0, 0x0, 0x0,
    0x0, 0x0, 0x0, 0xf, 0x90, 0x0, 0x1, 0x11,
    0x11, 0x11, 0x11, 0x11, 0x1f, 0x90, 0x0, 0xe,
    0xff, 0xff, 0xff, 0xff, 0xff, 0xff, 0x90, 0x0,
    0xe, 0xb5, 0x55, 0x55, 0x55, 0x55, 0x5f, 0x90,
    0x0, 0xe, 0x90, 0x0, 0x0, 0x0, 0x0, 0xa,
    0x60, 0x0, 0xe, 0x90, 0x0, 0x0, 0x0, 0x0,
    0x0, 0x0, 0x0, 0xe, 0x90, 0x0, 0x0, 0x0,
    0x0, 0x0, 0x0, 0x0, 0xe, 0x90, 0x0, 0x0,
    0x0, 0x0, 0x0, 0x7, 0xa0, 0xe, 0x90, 0x0,
    0x0, 0x0, 0x0, 0x0, 0x9, 0xf0, 0xe, 0xa0,
    0x0, 0x0, 0x0, 0x0, 0x0, 0xe, 0xc0, 0xb,
    0xfa, 0x77, 0x77, 0x77, 0x77, 0x78, 0xcf, 0x60,
    0x1, 0xae, 0xff, 0xff, 0xff, 0xff, 0xff, 0xd7,
    0x0,

    /* U+5DF2 "已" */
    0x18, 0x88, 0x88, 0x88, 0x88, 0x88, 0x88, 0x84,
    0x0, 0x2, 0xff, 0xff, 0xff, 0xff, 0xff, 0xff,
    0xff, 0x70, 0x0, 0x0, 0x0, 0x0, 0x0, 0x0,
    0x0, 0x0, 0xf7, 0x0, 0x0, 0x2, 0x0, 0x0,
    0x0, 0x0, 0x0, 0xf, 0x70, 0x0, 0x1, 0xf6,
    0x0, 0x0, 0x0, 0x0, 0x0, 0xf7, 0x0, 0x0,
    0x1f, 0x60, 0x0, 0x0, 0x0, 0x0, 0xf, 0x70,
    0x0, 0x1, 0xf6, 0x0, 0x0, 0x0, 0x0, 0x0,
    0xf7, 0x0, 0x0, 0x1f, 0xff, 0xff, 0xff, 0xff,
    0xff, 0xff, 0x70, 0x0, 0x1, 0xfb, 0x88, 0x88,
    0x88, 0x88, 0x88, 0xf7, 0x0, 0x0, 0x1f, 0x60,
    0x0, 0x0, 0x0, 0x0, 0xb, 0x50, 0x0, 0x1,
    0xf6, 0x0, 0x0, 0x0, 0x0, 0x0, 0x0, 0x0,
    0x0, 0x1f, 0x60, 0x0, 0x0, 0x0, 0x0, 0x0,
    0x2, 0x0, 0x1, 0xf6, 0x0, 0x0, 0x0, 0x0,
    0x0, 0x0, 0x9e, 0x0, 0x1f, 0x70, 0x0, 0x0,
    0x0, 0x0, 0x0, 0xb, 0xd0, 0x0, 0xf8, 0x0,
    0x0, 0x0, 0x0, 0x0, 0x1, 0xfa, 0x0, 0xc,
    0xfa, 0x87, 0x77, 0x77, 0x77, 0x79, 0xef, 0x30,
    0x0, 0x2a, 0xef, 0xff, 0xff, 0xff, 0xff, 0xec,
    0x40, 0x0,

    /* U+5E02 "市" */
    0x0, 0x0, 0x0, 0x0, 0x0, 0x0, 0x0, 0x0,
    0x0, 0x0, 0x0, 0x0, 0x0, 0x7e, 0x10, 0x0,
    0x0, 0x0, 0x0, 0x0, 0x0, 0x0, 0x3, 0xf9,
    0x0, 0x0, 0x0, 0x0, 0x0, 0x0, 0x0, 0x0,
    0xa, 0xf1, 0x0, 0x0, 0x0, 0x0, 0xff, 0xff,
    0xff, 0xff, 0xff, 0xff, 0xff, 0xff, 0xff, 0x7,
    0x77, 0x77, 0x77, 0x7e, 0xd7, 0x77, 0x77, 0x77,
    0x70, 0x0, 0x0, 0x0, 0x0, 0xdb, 0x0, 0x0,
    0x0, 0x0, 0x0, 0x0, 0x0, 0x0, 0xd, 0xb0,
    0x0, 0x0, 0x0, 0x0, 0x0, 0x88, 0x88, 0x88,
    0xed, 0x88, 0x88, 0x88, 0x10, 0x0, 0xf, 0xff,
    0xff, 0xff, 0xff, 0xff, 0xff, 0xf3, 0x0, 0x0,
    0xf7, 0x0, 0x0, 0xdb, 0x0, 0x0, 0x4f, 0x30,
    0x0, 0xf, 0x70, 0x0, 0xd, 0xb0, 0x0, 0x4,
    0xf3, 0x0, 0x0, 0xf7, 0x0, 0x0, 0xdb, 0x0,
    0x0, 0x4f, 0x30, 0x0, 0xf, 0x70, 0x0, 0xd,
    0xb0, 0x0, 0x4, 0xf3, 0x0, 0x0, 0xf7, 0x0,
    0x0, 0xdb, 0x0, 0x0, 0x4f, 0x30, 0x0, 0xf,
    0x70, 0x0, 0xd, 0xb0, 0x0, 0x6, 0xf3, 0x0,
    0x0, 0xf7, 0x0, 0x0, 0xdb, 0x7, 0xff, 0xfe,
    0x0, 0x0, 0x7, 0x30, 0x0, 0xd, 0xb0, 0x16,
    0x54, 0x10, 0x0, 0x0, 0x0, 0x0, 0x0, 0xdb,
    0x0, 0x0, 0x0, 0x0, 0x0, 0x0, 0x0, 0x0,
    0xd, 0xb0, 0x0, 0x0, 0x0, 0x0,

    /* U+5E08 "师" */
    0x0, 0x0, 0xd7, 0x0, 0x0, 0x0, 0x0, 0x0,
    0x0, 0x0, 0x0, 0xe7, 0x5e, 0xee, 0xee, 0xee,
    0xee, 0xee, 0xa, 0x20, 0xe7, 0x27, 0x77, 0x7c,
    0xe7, 0x77, 0x77, 0x1f, 0x30, 0xe7, 0x0, 0x0,
    0x8, 0xd0, 0x0, 0x0, 0x1f, 0x30, 0xe7, 0x0,
    0x0, 0x9, 0xe0, 0x0, 0x0, 0x1f, 0x30, 0xe7,
    0x9, 0xff, 0xff, 0xff, 0xff, 0xf2, 0x1f, 0x30,
    0xe7, 0x9, 0xd4, 0x4b, 0xe4, 0x47, 0xf2, 0x1f,
    0x30, 0xe7, 0x9, 0xb0, 0x8, 0xd0, 0x3, 0xf2,
    0x1f, 0x30, 0xe7, 0x9, 0xb0, 0x8, 0xd0, 0x3,
    0xf2, 0x1f, 0x30, 0xf6, 0x9, 0xb0, 0x8, 0xd0,
    0x3, 0xf2, 0x1f, 0x30, 0xf6, 0x9, 0xb0, 0x8,
    0xd0, 0x3, 0xf2, 0x1f, 0x31, 0xf5, 0x9, 0xb0,
    0x8, 0xd0, 0x3, 0xf2, 0x0, 0x4, 0xf2, 0x9,
    0xb0, 0x8, 0xd0, 0x3, 0xf2, 0x0, 0x7, 0xf0,
    0x9, 0xb0, 0x8, 0xd0, 0x3, 0xf2, 0x0, 0xd,
    0xc0, 0x9, 0xb0, 0x8, 0xd0, 0x9b, 0xf1, 0x0,
    0x3f, 0x50, 0x8, 0xa0, 0x8, 0xd0, 0x9a, 0x60,
    0x0, 0xde, 0x0, 0x0, 0x0, 0x8, 0xd0, 0x0,
    0x0, 0xa, 0xf4, 0x0, 0x0, 0x0, 0x8, 0xd0,
    0x0, 0x0, 0x6, 0x80, 0x0, 0x0, 0x0, 0x8,
    0xd0, 0x0, 0x0, 0x0, 0x0, 0x0, 0x0, 0x0,
    0x0, 0x0, 0x0, 0x0,

    /* U+5E2E "帮" */
    0x0, 0x0, 0x6c, 0x0, 0x0, 0x0, 0x0, 0x0,
    0x0, 0x23, 0x33, 0x9f, 0x33, 0x32, 0x4f, 0xff,
    0xff, 0xf8, 0xaf, 0xff, 0xff, 0xff, 0xfa, 0x4f,
    0x75, 0x5b, 0xf4, 0x0, 0x0, 0x8f, 0x0, 0x0,
    0x4f, 0x20, 0x1f, 0x80, 0x15, 0x55, 0xaf, 0x55,
    0x51, 0x4f, 0x20, 0xbc, 0x0, 0x3d, 0xdd, 0xef,
    0xdd, 0xd3, 0x4f, 0x20, 0xbd, 0x30, 0x0, 0x0,
    0x8f, 0x0, 0x0, 0x4f, 0x20, 0x7, 0xf2, 0xaa,
    0xaa, 0xef, 0xaa, 0xa8, 0x4f, 0x20, 0x0, 0xda,
    0x66, 0x6b, 0xf9, 0x66, 0x65, 0x4f, 0x45, 0x46,
    0xf9, 0x0, 0x5f, 0xb0, 0x0, 0x0, 0x4f, 0x3d,
    0xee, 0xa1, 0x2b, 0xfb, 0x0, 0x0, 0x54, 0x4e,
    0x20, 0x0, 0x0, 0x1b, 0x93, 0x33, 0x33, 0xec,
    0x33, 0x33, 0x33, 0x10, 0x0, 0xff, 0xff, 0xff,
    0xff, 0xff, 0xff, 0xff, 0x70, 0x0, 0xf9, 0x11,
    0x11, 0xdc, 0x11, 0x11, 0x3f, 0x70, 0x0, 0xf8,
    0x0, 0x0, 0xdb, 0x0, 0x0, 0x1f, 0x70, 0x0,
    0xf8, 0x0, 0x0, 0xdb, 0x0, 0x0, 0x1f, 0x70,
    0x0, 0xf8, 0x0, 0x0, 0xdb, 0x2, 0xff, 0xff,
    0x30, 0x0, 0x52, 0x0, 0x0, 0xdb, 0x0, 0x44,
    0x41, 0x0, 0x0, 0x0, 0x0, 0x0, 0xdb, 0x0,
    0x0, 0x0, 0x0,

    /* U+5E38 "常" */
    0x0, 0x0, 0x0, 0x0, 0x0, 0x0, 0x0, 0x0,
    0x0, 0x0, 0x3a, 0x10, 0x0, 0xad, 0x0, 0x0,
    0xb6, 0x0, 0x0, 0x1e, 0xb0, 0x0, 0xad, 0x0,
    0x9, 0xf4, 0x0, 0x0, 0x6, 0xe2, 0x0, 0xad,
    0x0, 0x1e, 0x60, 0x0, 0x4e, 0xee, 0xfe, 0xee,
    0xff, 0xee, 0xee, 0xee, 0xe6, 0x4f, 0x76, 0x66,
    0x66, 0x66, 0x66, 0x66, 0x67, 0xf6, 0x4f, 0x20,
    0x0, 0x0, 0x0, 0x0, 0x0, 0x0, 0xf6, 0x4f,
    0x22, 0xff, 0xff, 0xff, 0xff, 0xff, 0x60, 0xf6,
    0x15, 0x2, 0xf6, 0x22, 0x22, 0x22, 0x4f, 0x60,
    0x52, 0x0, 0x2, 0xf4, 0x0, 0x0, 0x0, 0x1f,
    0x60, 0x0, 0x0, 0x2, 0xff, 0xff, 0xff, 0xff,
    0xff, 0x60, 0x0, 0x0, 0x0, 0x22, 0x22, 0x9f,
    0x32, 0x22, 0x10, 0x0, 0x0, 0x0, 0x0, 0x0,
    0x8f, 0x10, 0x0, 0x0, 0x0, 0x0, 0xff, 0xff,
    0xff, 0xff, 0xff, 0xff, 0xff, 0x30, 0x0, 0xfa,
    0x44, 0x44, 0xaf, 0x44, 0x44, 0x7f, 0x30, 0x0,
    0xf8, 0x0, 0x0, 0x8f, 0x0, 0x0, 0x4f, 0x30,
    0x0, 0xf8, 0x0, 0x0, 0x8f, 0x0, 0x0, 0x4f,
    0x30, 0x0, 0xf8, 0x0, 0x0, 0x8f, 0x1, 0x55,
    0x9f, 0x20, 0x0, 0xe7, 0x0, 0x0, 0x8f, 0x0,
    0xef, 0xea, 0x0, 0x0, 0x0, 0x0, 0x0, 0x8f,
    0x0, 0x0, 0x0, 0x0,

    /* U+5E3D "帽" */
    0x0, 0x15, 0x0, 0x0, 0x0, 0x0, 0x0, 0x0,
    0x0, 0x0, 0x4f, 0x0, 0x4, 0xff, 0xff, 0xff,
    0xff, 0xf7, 0x0, 0x4f, 0x0, 0x4, 0xf3, 0x11,
    0x11, 0x11, 0xf7, 0x0, 0x4f, 0x0, 0x4, 0xf1,
    0x11, 0x11, 0x10, 0xf7, 0xbc, 0xdf, 0xcc, 0xb4,
    0xf5, 0xff, 0xff, 0xf6, 0xf7, 0xe8, 0x8f, 0x68,
    0xe4, 0xf1, 0x0, 0x0, 0x0, 0xf7, 0xe4, 0x4f,
    0x3, 0xe4, 0xf5, 0xee, 0xee, 0xe6, 0xf7, 0xe4,
    0x4f, 0x3, 0xe3, 0xc1, 0x22, 0x22, 0x20, 0xc5,
    0xe4, 0x4f, 0x3, 0xe0, 0x22, 0x22, 0x22, 0x22,
    0x20, 0xe4, 0x4f, 0x3, 0xe0, 0xbf, 0xff, 0xff,
    0xff, 0xe0, 0xe4, 0x4f, 0x3, 0xe0, 0xba, 0x0,
    0x0, 0x8, 0xe0, 0xe4, 0x4f, 0x3, 0xe0, 0xbb,
    0x55, 0x55, 0x5a, 0xe0, 0xe4, 0x4f, 0x3, 0xe0,
    0xbe, 0xcc, 0xcc, 0xce, 0xe0, 0xe4, 0x4f, 0x5e,
    0xc0, 0xb9, 0x0, 0x0, 0x7, 0xe0, 0x61, 0x4f,
    0x3, 0x0, 0xbf, 0xff, 0xff, 0xff, 0xe0, 0x0,
    0x4f, 0x0, 0x0, 0xba, 0x22, 0x22, 0x28, 0xe0,
    0x0, 0x4f, 0x0, 0x0, 0xbb, 0x33, 0x33, 0x39,
    0xe0, 0x0, 0x4f, 0x0, 0x0, 0xbf, 0xff, 0xff,
    0xff, 0xe0, 0x0, 0x4f, 0x0, 0x0, 0xb9, 0x0,
    0x0, 0x7, 0xe0,

    /* U+5E73 "平" */
    0x6, 0x77, 0x77, 0x77, 0x77, 0x77, 0x77, 0x77,
    0x60, 0xe, 0xff, 0xff, 0xff, 0xff, 0xff, 0xff,
    0xff, 0xd0, 0x0, 0x0, 0x0, 0x0, 0xdc, 0x0,
    0x0, 0x10, 0x0, 0x0, 0x4d, 0x10, 0x0, 0xcb,
    0x0, 0x2, 0xf6, 0x0, 0x0, 0x1f, 0x90, 0x0,
    0xcb, 0x0, 0x8, 0xf2, 0x0, 0x0, 0x8, 0xf1,
    0x0, 0xcb, 0x0, 0xe, 0xa0, 0x0, 0x0, 0x2,
    0xf6, 0x0, 0xcb, 0x0, 0x7f, 0x20, 0x0, 0x0,
    0x0, 0xc7, 0x0, 0xcb, 0x0, 0xc8, 0x0, 0x0,
    0x0, 0x0, 0x0, 0x0, 0xcb, 0x0, 0x0, 0x0,
    0x0, 0xef, 0xff, 0xff, 0xff, 0xff, 0xff, 0xff,
    0xff, 0xff, 0x88, 0x88, 0x88, 0x88, 0xee, 0x88,
    0x88, 0x88, 0x88, 0x0, 0x0, 0x0, 0x0, 0xcb,
    0x0, 0x0, 0x0, 0x0, 0x0, 0x0, 0x0, 0x0,
    0xcb, 0x0, 0x0, 0x0, 0x0, 0x0, 0x0, 0x0,
    0x0, 0xcb, 0x0, 0x0, 0x0, 0x0, 0x0, 0x0,
    0x0, 0x0, 0xcb, 0x0, 0x0, 0x0, 0x0, 0x0,
    0x0, 0x0, 0x0, 0xcb, 0x0, 0x0, 0x0, 0x0,
    0x0, 0x0, 0x0, 0x0, 0xcb, 0x0, 0x0, 0x0,
    0x0, 0x0, 0x0, 0x0, 0x0, 0xcb, 0x0, 0x0,
    0x0, 0x0,

    /* U+5E74 "年" */
    0x0, 0x0, 0x9, 0x90, 0x0, 0x0, 0x0, 0x0,
    0x0, 0x0, 0x0, 0x0, 0x2f, 0x90, 0x0, 0x0,
    0x0, 0x0, 0x0, 0x0, 0x0, 0x0, 0xaf, 0x85,
    0x55, 0x55, 0x55, 0x55, 0x55, 0x0, 0x0, 0x2,
    0xff, 0xff, 0xff, 0xff, 0xff, 0xff, 0xff, 0x20,
    0x0, 0xc, 0xe2, 0x0, 0x0, 0xcc, 0x0, 0x0,
    0x0, 0x0, 0x0, 0x8f, 0x50, 0x0, 0x0, 0xcc,
    0x0, 0x0, 0x0, 0x0, 0x8, 0xf9, 0x0, 0x0,
    0x0, 0xcc, 0x0, 0x0, 0x0, 0x0, 0x5, 0xa0,
    0xbf, 0xff, 0xff, 0xff, 0xff, 0xff, 0xfa, 0x0,
    0x0, 0x0, 0xbd, 0x77, 0x77, 0xee, 0x77, 0x77,
    0x75, 0x0, 0x0, 0x0, 0xbb, 0x0, 0x0, 0xcc,
    0x0, 0x0, 0x0, 0x0, 0x0, 0x0, 0xbb, 0x0,
    0x0, 0xcc, 0x0, 0x0, 0x0, 0x0, 0x0, 0x0,
    0xbb, 0x0, 0x0, 0xcc, 0x0, 0x0, 0x0, 0x0,
    0x7, 0x77, 0xdd, 0x77, 0x77, 0xde, 0x77, 0x77,
    0x77, 0x70, 0xf, 0xff, 0xff, 0xff, 0xff, 0xff,
    0xff, 0xff, 0xff, 0xf1, 0x0, 0x0, 0x0, 0x0,
    0x0, 0xcc, 0x0, 0x0, 0x0, 0x0, 0x0, 0x0,
    0x0, 0x0, 0x0, 0xcc, 0x0, 0x0, 0x0, 0x0,
    0x0, 0x0, 0x0, 0x0, 0x0, 0xcc, 0x0, 0x0,
    0x0, 0x0, 0x0, 0x0, 0x0, 0x0, 0x0, 0xcc,
    0x0, 0x0, 0x0, 0x0, 0x0, 0x0, 0x0, 0x0,
    0x0, 0xcc, 0x0, 0x0, 0x0, 0x0,

    /* U+5E94 "应" */
    0x0, 0x0, 0x0, 0x0, 0x4, 0xd2, 0x0, 0x0,
    0x0, 0x0, 0x0, 0x0, 0x0, 0x0, 0x1, 0xfa,
    0x0, 0x0, 0x0, 0x0, 0x0, 0x13, 0x33, 0x33,
    0x33, 0xbf, 0x43, 0x33, 0x33, 0x30, 0x0, 0x7f,
    0xff, 0xff, 0xff, 0xff, 0xff, 0xff, 0xff, 0xf0,
    0x0, 0x7f, 0x43, 0x33, 0x33, 0x33, 0x33, 0x33,
    0x33, 0x30, 0x0, 0x7f, 0x0, 0x0, 0x0, 0x20,
    0x0, 0x0, 0x31, 0x0, 0x0, 0x7f, 0x0, 0x30,
    0x2, 0xf5, 0x0, 0x0, 0xbe, 0x0, 0x0, 0x7f,
    0x7, 0xf0, 0x0, 0xda, 0x0, 0x0, 0xf9, 0x0,
    0x0, 0x7f, 0x2, 0xf6, 0x0, 0x9e, 0x0, 0x4,
    0xf3, 0x0, 0x0, 0x7f, 0x0, 0xcc, 0x0, 0x5f,
    0x30, 0xa, 0xe0, 0x0, 0x0, 0x8f, 0x0, 0x6f,
    0x10, 0x1f, 0x60, 0xf, 0x80, 0x0, 0x0, 0x9e,
    0x0, 0x1f, 0x60, 0xd, 0xa0, 0x6f, 0x20, 0x0,
    0x0, 0xad, 0x0, 0xc, 0xb0, 0x8, 0x60, 0xd9,
    0x0, 0x0, 0x0, 0xdb, 0x0, 0x7, 0x80, 0x0,
    0x5, 0xf1, 0x0, 0x0, 0x0, 0xf7, 0x0, 0x0,
    0x0, 0x0, 0xd, 0x90, 0x0, 0x0, 0x4, 0xf4,
    0x0, 0x0, 0x0, 0x0, 0x6f, 0x10, 0x0, 0x0,
    0xa, 0xf0, 0xaf, 0xff, 0xff, 0xff, 0xff, 0xff,
    0xff, 0xf3, 0xf, 0x90, 0x57, 0x77, 0x77, 0x77,
    0x77, 0x77, 0x77, 0x71, 0x2, 0x20, 0x0, 0x0,
    0x0, 0x0, 0x0, 0x0, 0x0, 0x0,

    /* U+5E97 "店" */
    0x0, 0x0, 0x0, 0x0, 0x5, 0x90, 0x0, 0x0,
    0x0, 0x0, 0x0, 0x0, 0x0, 0x0, 0x5f, 0x50,
    0x0, 0x0, 0x0, 0x0, 0x25, 0x55, 0x55, 0x55,
    0xfd, 0x55, 0x55, 0x55, 0x50, 0x7, 0xff, 0xff,
    0xff, 0xff, 0xff, 0xff, 0xff, 0xfe, 0x0, 0x7f,
    0x21, 0x11, 0x11, 0x75, 0x11, 0x11, 0x11, 0x10,
    0x7, 0xf0, 0x0, 0x0, 0xe, 0x90, 0x0, 0x0,
    0x0, 0x0, 0x7f, 0x0, 0x0, 0x0, 0xe9, 0x0,
    0x0, 0x0, 0x0, 0x7, 0xf0, 0x0, 0x0, 0xe,
    0xff, 0xff, 0xff, 0xf1, 0x0, 0x8f, 0x0, 0x0,
    0x0, 0xec, 0x66, 0x66, 0x66, 0x0, 0x8, 0xf0,
    0x0, 0x0, 0xe, 0x90, 0x0, 0x0, 0x0, 0x0,
    0x9f, 0x0, 0x0, 0x0, 0xe9, 0x0, 0x0, 0x0,
    0x0, 0xa, 0xd0, 0x2f, 0xff, 0xff, 0xff, 0xff,
    0xff, 0x60, 0x0, 0xcb, 0x2, 0xf9, 0x77, 0x77,
    0x77, 0x77, 0xf6, 0x0, 0xf, 0x90, 0x2f, 0x40,
    0x0, 0x0, 0x0, 0x1f, 0x60, 0x3, 0xf5, 0x2,
    0xf4, 0x0, 0x0, 0x0, 0x1, 0xf6, 0x0, 0x7f,
    0x10, 0x2f, 0x40, 0x0, 0x0, 0x0, 0x1f, 0x60,
    0xe, 0xb0, 0x2, 0xff, 0xff, 0xff, 0xff, 0xff,
    0xf6, 0x3, 0xf4, 0x0, 0x2f, 0x96, 0x66, 0x66,
    0x66, 0x6f, 0x60, 0x1, 0x0, 0x0, 0x0, 0x0,
    0x0, 0x0, 0x0, 0x0, 0x0,

    /* U+5EA6 "度" */
    0x0, 0x0, 0x0, 0x0, 0x0, 0x0, 0x0, 0x0,
    0x0, 0x0, 0x0, 0x0, 0x0, 0x0, 0x4, 0xe4,
    0x0, 0x0, 0x0, 0x0, 0x0, 0x0, 0x0, 0x0,
    0x0, 0xeb, 0x0, 0x0, 0x0, 0x0, 0x0, 0x6f,
    0xff, 0xff, 0xff, 0xff, 0xff, 0xff, 0xff, 0xf0,
    0x0, 0x6f, 0x77, 0x77, 0x77, 0x77, 0x77, 0x77,
    0x77, 0x70, 0x0, 0x6f, 0x0, 0x3, 0xf3, 0x0,
    0x0, 0xe8, 0x0, 0x0, 0x0, 0x6f, 0x22, 0x25,
    0xf5, 0x22, 0x22, 0xf9, 0x22, 0x10, 0x0, 0x6f,
    0x8f, 0xff, 0xff, 0xff, 0xff, 0xff, 0xff, 0xc0,
    0x0, 0x7f, 0x11, 0x14, 0xf4, 0x11, 0x11, 0xf9,
    0x11, 0x10, 0x0, 0x7f, 0x0, 0x3, 0xf3, 0x0,
    0x0, 0xe8, 0x0, 0x0, 0x0, 0x7f, 0x0, 0x3,
    0xff, 0xff, 0xff, 0xf8, 0x0, 0x0, 0x0, 0x8f,
    0x0, 0x0, 0x33, 0x33, 0x33, 0x32, 0x0, 0x0,
    0x0, 0x9d, 0x4, 0x44, 0x44, 0x44, 0x44, 0x44,
    0x30, 0x0, 0x0, 0xbc, 0x2f, 0xff, 0xff, 0xff,
    0xff, 0xff, 0xf2, 0x0, 0x0, 0xda, 0x0, 0xd,
    0xb0, 0x0, 0x0, 0x6f, 0x50, 0x0, 0x1, 0xf6,
    0x0, 0x2, 0xec, 0x30, 0x19, 0xf7, 0x0, 0x0,
    0x4, 0xf3, 0x0, 0x0, 0x1b, 0xfb, 0xfd, 0x30,
    0x0, 0x0, 0xa, 0xe0, 0x0, 0x25, 0x8c, 0xff,
    0xfd, 0x94, 0x10, 0x0, 0x1f, 0x80, 0xcf, 0xff,
    0xc7, 0x30, 0x38, 0xdf, 0xff, 0xc1, 0x4, 0x20,
    0x45, 0x20, 0x0, 0x0, 0x0, 0x1, 0x46, 0x50,

    /* U+5EB7 "康" */
    0x0, 0x0, 0x0, 0x0, 0x8, 0xc0, 0x0, 0x0,
    0x0, 0x0, 0x0, 0x0, 0x0, 0x0, 0x5, 0xf7,
    0x0, 0x0, 0x0, 0x0, 0x0, 0xdf, 0xff, 0xff,
    0xff, 0xff, 0xff, 0xff, 0xff, 0xc0, 0x0, 0xdb,
    0x44, 0x44, 0x44, 0xfb, 0x44, 0x44, 0x44, 0x30,
    0x0, 0xd9, 0x1, 0x11, 0x11, 0xea, 0x11, 0x11,
    0x10, 0x0, 0x0, 0xd9, 0xe, 0xff, 0xff, 0xff,
    0xff, 0xff, 0xf0, 0x0, 0x0, 0xd9, 0x0, 0x0,
    0x0, 0xe9, 0x0, 0x6, 0xf0, 0x0, 0x0, 0xd9,
    0x45, 0x55, 0x55, 0xfb, 0x55, 0x59, 0xf6, 0x60,
    0x0, 0xd9, 0xbc, 0xcc, 0xcc, 0xfe, 0xcc, 0xce,
    0xfe, 0xe0, 0x0, 0xd8, 0x0, 0x0, 0x0, 0xe9,
    0x0, 0x6, 0xf0, 0x0, 0x0, 0xe8, 0x1f, 0xff,
    0xff, 0xff, 0xff, 0xff, 0xf0, 0x0, 0x0, 0xf7,
    0x8, 0x22, 0x22, 0xeb, 0x22, 0x22, 0x60, 0x0,
    0x0, 0xf5, 0x1d, 0xd2, 0x0, 0xef, 0x50, 0x8,
    0xf8, 0x0, 0x2, 0xf3, 0x0, 0xbf, 0x21, 0xff,
    0xf5, 0xce, 0x50, 0x0, 0x6, 0xf1, 0x0, 0x8,
    0xaf, 0xf9, 0xaf, 0xc1, 0x0, 0x0, 0x9, 0xd0,
    0x5, 0xcf, 0xb3, 0xe9, 0x9, 0xfa, 0x20, 0x0,
    0xe, 0x93, 0xef, 0xa3, 0x0, 0xe9, 0x0, 0x5e,
    0xfb, 0x60, 0x4f, 0x30, 0x92, 0x4, 0x34, 0xf8,
    0x0, 0x0, 0x6c, 0x90, 0x3b, 0x0, 0x0, 0xc,
    0xff, 0xc2, 0x0, 0x0, 0x0, 0x0,

    /* U+5F00 "开" */
    0x17, 0x77, 0x77, 0x77, 0x77, 0x77, 0x77, 0x77,
    0x72, 0x3f, 0xff, 0xff, 0xff, 0xff, 0xff, 0xff,
    0xff, 0xf5, 0x0, 0x0, 0x2f, 0x60, 0x0, 0x0,
    0xf8, 0x0, 0x0, 0x0, 0x0, 0x2f, 0x60, 0x0,
    0x0, 0xf8, 0x0, 0x0, 0x0, 0x0, 0x2f, 0x60,
    0x0, 0x0, 0xf8, 0x0, 0x0, 0x0, 0x0, 0x2f,
    0x60, 0x0, 0x0, 0xf8, 0x0, 0x0, 0x0, 0x0,
    0x2f, 0x60, 0x0, 0x0, 0xf8, 0x0, 0x0, 0x55,
    0x55, 0x7f, 0x95, 0x55, 0x55, 0xfb, 0x55, 0x55,
    0xff, 0xff, 0xff, 0xff, 0xff, 0xff, 0xff, 0xff,
    0xff, 0x11, 0x11, 0x5f, 0x41, 0x11, 0x11, 0xf9,
    0x11, 0x11, 0x0, 0x0, 0x7f, 0x10, 0x0, 0x0,
    0xf8, 0x0, 0x0, 0x0, 0x0, 0xbe, 0x0, 0x0,
    0x0, 0xf8, 0x0, 0x0, 0x0, 0x2, 0xf9, 0x0,
    0x0, 0x0, 0xf8, 0x0, 0x0, 0x0, 0x9, 0xf3,
    0x0, 0x0, 0x0, 0xf8, 0x0, 0x0, 0x0, 0x5f,
    0xa0, 0x0, 0x0, 0x0, 0xf8, 0x0, 0x0, 0x4,
    0xfe, 0x10, 0x0, 0x0, 0x0, 0xf8, 0x0, 0x0,
    0x6f, 0xe3, 0x0, 0x0, 0x0, 0x0, 0xf8, 0x0,
    0x0, 0x5c, 0x10, 0x0, 0x0, 0x0, 0x0, 0xf8,
    0x0, 0x0, 0x0, 0x0, 0x0, 0x0, 0x0, 0x0,
    0x0, 0x0, 0x0,

    /* U+5F1F "弟" */
    0x0, 0x0, 0x0, 0x0, 0x0, 0x0, 0x0, 0x0,
    0x0, 0x0, 0x1, 0xc5, 0x0, 0x0, 0x0, 0x1e,
    0x60, 0x0, 0x0, 0x0, 0xbe, 0x0, 0x0, 0x0,
    0x8f, 0x20, 0x0, 0x0, 0x0, 0x3f, 0x60, 0x0,
    0x1, 0xf8, 0x0, 0x0, 0x9, 0xee, 0xef, 0xfe,
    0xee, 0xef, 0xff, 0xee, 0x90, 0x4, 0x66, 0x66,
    0x66, 0xcf, 0x66, 0x66, 0x6f, 0x90, 0x0, 0x0,
    0x0, 0x0, 0x9e, 0x0, 0x0, 0xe, 0x90, 0x0,
    0x0, 0x0, 0x0, 0x9e, 0x0, 0x0, 0xe, 0x90,
    0x0, 0x7e, 0xee, 0xee, 0xff, 0xee, 0xee, 0xef,
    0x90, 0x0, 0xbd, 0x77, 0x77, 0xcf, 0x77, 0x77,
    0x77, 0x40, 0x0, 0xe9, 0x0, 0x0, 0x9e, 0x0,
    0x0, 0x0, 0x0, 0x1, 0xf6, 0x0, 0x0, 0x9e,
    0x0, 0x0, 0x0, 0x0, 0x5, 0xff, 0xff, 0xff,
    0xff, 0xff, 0xff, 0xff, 0xf8, 0x3, 0x66, 0x66,
    0x6e, 0xff, 0x66, 0x66, 0x67, 0xf7, 0x0, 0x0,
    0x0, 0xaf, 0xee, 0x0, 0x0, 0x2, 0xf5, 0x0,
    0x0, 0x2d, 0xf5, 0x9e, 0x0, 0x0, 0x5, 0xf3,
    0x0, 0x19, 0xfe, 0x30, 0x9e, 0x0, 0x0, 0x9,
    0xf0, 0x3a, 0xff, 0xb1, 0x0, 0x9e, 0x0, 0xde,
    0xef, 0xa0, 0x5f, 0xc4, 0x0, 0x0, 0x9e, 0x0,
    0x47, 0x76, 0x0, 0x2, 0x0, 0x0, 0x0, 0x9e,
    0x0, 0x0, 0x0, 0x0,

    /* U+5F20 "张" */
    0x0, 0x0, 0x0, 0x0, 0x16, 0x10, 0x0, 0x0,
    0x0, 0x2, 0xff, 0xff, 0xf3, 0x3, 0xf3, 0x0,
    0x0, 0x5a, 0x10, 0x5, 0x55, 0x8f, 0x30, 0x3f,
    0x30, 0x0, 0x2f, 0xa0, 0x0, 0x0, 0x3, 0xf3,
    0x3, 0xf3, 0x0, 0xc, 0xe1, 0x0, 0x0, 0x0,
    0x3f, 0x30, 0x3f, 0x30, 0xb, 0xf3, 0x0, 0x0,
    0x57, 0x79, 0xf3, 0x3, 0xf3, 0x2d, 0xf5, 0x0,
    0x0, 0xb, 0xff, 0xff, 0x30, 0x3f, 0x3b, 0xf4,
    0x0, 0x0, 0x0, 0xd9, 0x0, 0x0, 0x4, 0xf4,
    0x12, 0x0, 0x0, 0x0, 0xe, 0x70, 0x0, 0x7f,
    0xff, 0xff, 0xff, 0xff, 0xff, 0x20, 0xf5, 0x0,
    0x2, 0x47, 0xf7, 0x4c, 0xc4, 0x44, 0x40, 0x2f,
    0xff, 0xff, 0x40, 0x3f, 0x30, 0x7f, 0x0, 0x0,
    0x1, 0x66, 0x68, 0xf3, 0x3, 0xf3, 0x2, 0xf5,
    0x0, 0x0, 0x0, 0x0, 0x5f, 0x20, 0x3f, 0x30,
    0xb, 0xd0, 0x0, 0x0, 0x0, 0x6, 0xf1, 0x3,
    0xf3, 0x0, 0x4f, 0x50, 0x0, 0x0, 0x0, 0x8f,
    0x0, 0x3f, 0x30, 0x0, 0xbe, 0x20, 0x0, 0x0,
    0xa, 0xd0, 0x4, 0xf7, 0x9e, 0x41, 0xed, 0x10,
    0x5, 0x45, 0xfa, 0x0, 0x9f, 0xfd, 0x70, 0x4,
    0xfe, 0x20, 0xdf, 0xfd, 0x20, 0xe, 0xb4, 0x0,
    0x0, 0x3, 0xa0, 0x0, 0x0, 0x0, 0x0, 0x10,
    0x0, 0x0, 0x0, 0x0, 0x0,

    /* U+5F39 "弹" */
    0x0, 0x0, 0x0, 0x0, 0x27, 0x0, 0x0, 0xa,
    0x50, 0x9, 0xff, 0xff, 0xf0, 0x3, 0xf4, 0x0,
    0x5, 0xf4, 0x0, 0x46, 0x66, 0xaf, 0x0, 0x9,
    0xd0, 0x0, 0xdc, 0x0, 0x0, 0x0, 0x7, 0xf0,
    0x0, 0x2e, 0x20, 0x6f, 0x30, 0x0, 0x0, 0x0,
    0x7f, 0x2, 0x55, 0x65, 0x5e, 0xd5, 0x52, 0x1,
    0x33, 0x39, 0xf0, 0x7f, 0xee, 0xff, 0xee, 0xef,
    0x80, 0x5f, 0xff, 0xff, 0x7, 0xe0, 0x7, 0xf1,
    0x0, 0xe8, 0x5, 0xf2, 0x22, 0x20, 0x7f, 0x33,
    0x9f, 0x43, 0x3f, 0x80, 0x6e, 0x0, 0x0, 0x7,
    0xff, 0xff, 0xff, 0xff, 0xf8, 0x6, 0xe0, 0x0,
    0x0, 0x7e, 0x0, 0x7f, 0x10, 0xe, 0x80, 0x7f,
    0xcc, 0xcc, 0x7, 0xf3, 0x39, 0xf4, 0x33, 0xf8,
    0x4, 0x77, 0x7b, 0xf0, 0x7f, 0xff, 0xff, 0xff,
    0xff, 0x80, 0x0, 0x0, 0x8e, 0x0, 0x0, 0x7,
    0xf1, 0x0, 0x0, 0x0, 0x0, 0x9, 0xc4, 0x66,
    0x66, 0xaf, 0x76, 0x66, 0x62, 0x0, 0x0, 0xbb,
    0xaf, 0xff, 0xff, 0xff, 0xff, 0xff, 0x50, 0x0,
    0xd, 0x90, 0x0, 0x0, 0x7f, 0x10, 0x0, 0x0,
    0x16, 0x68, 0xf5, 0x0, 0x0, 0x7, 0xf1, 0x0,
    0x0, 0x0, 0xef, 0xfb, 0x0, 0x0, 0x0, 0x7f,
    0x10, 0x0, 0x0, 0x0, 0x0, 0x0, 0x0, 0x0,
    0x0, 0x10, 0x0, 0x0, 0x0,

    /* U+5F3A "强" */
    0xc, 0xff, 0xff, 0xf5, 0xe, 0xff, 0xff, 0xff,
    0xf7, 0x0, 0x5, 0x66, 0x67, 0xf5, 0xf, 0x95,
    0x55, 0x55, 0xf8, 0x0, 0x0, 0x0, 0x0, 0xf5,
    0xf, 0x60, 0x0, 0x0, 0xe8, 0x0, 0x0, 0x0,
    0x0, 0xf5, 0xf, 0x60, 0x0, 0x0, 0xe8, 0x0,
    0x1, 0x44, 0x44, 0xf5, 0xf, 0xff, 0xff, 0xff,
    0xf8, 0x0, 0x6, 0xff, 0xff, 0xf5, 0x4, 0x44,
    0x9f, 0x44, 0x42, 0x0, 0x8, 0xd1, 0x11, 0x10,
    0x0, 0x0, 0x6f, 0x0, 0x0, 0x0, 0x9, 0xb0,
    0x0, 0x0, 0x5f, 0xff, 0xff, 0xff, 0xff, 0x0,
    0xb, 0x90, 0x0, 0x0, 0x6f, 0x44, 0x9f, 0x44,
    0x8f, 0x0, 0xe, 0xec, 0xcc, 0xc3, 0x6e, 0x0,
    0x6f, 0x0, 0x5f, 0x0, 0x8, 0x88, 0x8a, 0xf2,
    0x6e, 0x0, 0x6f, 0x0, 0x5f, 0x0, 0x0, 0x0,
    0x5, 0xf1, 0x6f, 0xff, 0xff, 0xff, 0xff, 0x0,
    0x0, 0x0, 0x7, 0xf0, 0x14, 0x44, 0x9f, 0x44,
    0x74, 0x0, 0x0, 0x0, 0x9, 0xe0, 0x0, 0x0,
    0x6f, 0x3, 0xf4, 0x0, 0x0, 0x0, 0xc, 0xc0,
    0x0, 0x0, 0x6f, 0x0, 0xae, 0x0, 0x0, 0x55,
    0x7f, 0x82, 0x67, 0x89, 0xcf, 0xcd, 0xff, 0x70,
    0x0, 0xaf, 0xfc, 0x13, 0xff, 0xdb, 0x97, 0x53,
    0x16, 0xe0, 0x0, 0x0, 0x0, 0x0, 0x0, 0x0,
    0x0, 0x0, 0x0, 0x20,

    /* U+5F62 "形" */
    0x0, 0x0, 0x0, 0x0, 0x0, 0x0, 0x0, 0x0,
    0x13, 0x0, 0x5, 0x77, 0x77, 0x77, 0x77, 0x74,
    0x0, 0x0, 0xce, 0x20, 0xb, 0xff, 0xff, 0xff,
    0xff, 0xf8, 0x0, 0x1c, 0xe2, 0x0, 0x0, 0x7,
    0xf0, 0x0, 0xca, 0x0, 0x5, 0xee, 0x20, 0x0,
    0x0, 0x7, 0xf0, 0x0, 0xca, 0x1, 0xbf, 0xa1,
    0x0, 0x0, 0x0, 0x7, 0xf0, 0x0, 0xca, 0x0,
    0xa5, 0x0, 0x0, 0x0, 0x0, 0x7, 0xf0, 0x0,
    0xca, 0x0, 0x0, 0x0, 0xa, 0x70, 0x0, 0x7,
    0xf0, 0x0, 0xca, 0x0, 0x0, 0x0, 0xaf, 0x30,
    0x1f, 0xff, 0xff, 0xff, 0xff, 0xfd, 0x0, 0x1c,
    0xf4, 0x0, 0x6, 0x6b, 0xf6, 0x66, 0xec, 0x65,
    0x6, 0xfe, 0x30, 0x0, 0x0, 0x8, 0xe0, 0x0,
    0xca, 0x0, 0xcf, 0xa0, 0x0, 0x0, 0x0, 0x9,
    0xd0, 0x0, 0xca, 0x0, 0x65, 0x0, 0x0, 0x0,
    0x0, 0xc, 0xb0, 0x0, 0xca, 0x0, 0x0, 0x0,
    0x7, 0xf3, 0x0, 0xe, 0x80, 0x0, 0xca, 0x0,
    0x0, 0x0, 0x3f, 0xa0, 0x0, 0x3f, 0x50, 0x0,
    0xca, 0x0, 0x0, 0x4, 0xfc, 0x0, 0x0, 0x9f,
    0x0, 0x0, 0xca, 0x0, 0x0, 0x6f, 0xc1, 0x0,
    0x2, 0xf9, 0x0, 0x0, 0xca, 0x0, 0x2b, 0xfa,
    0x0, 0x0, 0xb, 0xf1, 0x0, 0x0, 0xca, 0x9,
    0xff, 0x60, 0x0, 0x0, 0xb, 0x60, 0x0, 0x0,
    0xca, 0x9, 0x91, 0x0, 0x0, 0x0, 0x0, 0x0,
    0x0, 0x0, 0x0, 0x0, 0x0, 0x0, 0x0, 0x0,

    /* U+5F88 "很" */
    0x0, 0x0, 0x29, 0x20, 0x0, 0x0, 0x0, 0x0,
    0x0, 0x0, 0x0, 0x1, 0xdd, 0x10, 0xff, 0xff,
    0xff, 0xff, 0xf6, 0x0, 0x0, 0x1c, 0xe2, 0x0,
    0xfa, 0x55, 0x55, 0x56, 0xf6, 0x0, 0x3, 0xee,
    0x30, 0x0, 0xf7, 0x0, 0x0, 0x0, 0xf6, 0x0,
    0xe, 0xd2, 0x2, 0x0, 0xf8, 0x22, 0x22, 0x23,
    0xf6, 0x0, 0x4, 0x0, 0x3f, 0x70, 0xff, 0xff,
    0xff, 0xff, 0xf6, 0x0, 0x0, 0x0, 0xdd, 0x0,
    0xf7, 0x11, 0x11, 0x12, 0xf6, 0x0, 0x0, 0xa,
    0xf4, 0x0, 0xf7, 0x0, 0x0, 0x0, 0xf6, 0x0,
    0x0, 0x9f, 0xf1, 0x0, 0xfa, 0x55, 0x55, 0x56,
    0xf6, 0x0, 0xa, 0xfe, 0xf1, 0x0, 0xff, 0xff,
    0xff, 0xff, 0xf6, 0x0, 0x3f, 0xa6, 0xf1, 0x0,
    0xf7, 0x5, 0xf0, 0x0, 0x2, 0x0, 0x6, 0x5,
    0xf1, 0x0, 0xf7, 0x0, 0xf6, 0x0, 0x9f, 0x30,
    0x0, 0x5, 0xf1, 0x0, 0xf7, 0x0, 0xad, 0x2c,
    0xf6, 0x0, 0x0, 0x5, 0xf1, 0x0, 0xf7, 0x0,
    0x3f, 0xfc, 0x20, 0x0, 0x0, 0x5, 0xf1, 0x0,
    0xf7, 0x0, 0x9, 0xf3, 0x0, 0x0, 0x0, 0x5,
    0xf1, 0x0, 0xf7, 0x0, 0x1, 0xde, 0x30, 0x0,
    0x0, 0x5, 0xf1, 0x1, 0xf9, 0x6b, 0xf0, 0x2e,
    0xf7, 0x0, 0x0, 0x5, 0xf1, 0x7, 0xff, 0xfc,
    0x80, 0x2, 0xcf, 0xd1, 0x0, 0x5, 0xf1, 0x5,
    0xb6, 0x10, 0x0, 0x0, 0x6, 0x70,

    /* U+5F97 "得" */
    0x0, 0x0, 0x29, 0x10, 0x22, 0x22, 0x22, 0x22,
    0x22, 0x0, 0x0, 0x0, 0xdc, 0x0, 0xcf, 0xff,
    0xff, 0xff, 0xfc, 0x0, 0x0, 0xc, 0xe1, 0x0,
    0xca, 0x0, 0x0, 0x0, 0xbc, 0x0, 0x1, 0xde,
    0x20, 0x0, 0xcb, 0x33, 0x33, 0x33, 0xcc, 0x0,
    0xe, 0xc1, 0x0, 0x0, 0xcf, 0xdd, 0xdd, 0xdd,
    0xfc, 0x0, 0x4, 0x0, 0x2e, 0x60, 0xca, 0x0,
    0x0, 0x0, 0xbc, 0x0, 0x0, 0x0, 0xdc, 0x0,
    0xcf, 0xee, 0xee, 0xee, 0xfc, 0x0, 0x0, 0xa,
    0xf2, 0x0, 0x23, 0x33, 0x33, 0x33, 0x32, 0x0,
    0x0, 0xaf, 0xf0, 0x3, 0x33, 0x33, 0x33, 0x33,
    0x33, 0x20, 0x1c, 0xfc, 0xf0, 0xf, 0xff, 0xff,
    0xff, 0xff, 0xff, 0xb0, 0x5f, 0x56, 0xf0, 0x1,
    0x11, 0x11, 0x11, 0x7f, 0x21, 0x0, 0x3, 0x6,
    0xf0, 0x13, 0x33, 0x33, 0x33, 0x8f, 0x43, 0x30,
    0x0, 0x6, 0xf0, 0x8f, 0xff, 0xff, 0xff, 0xff,
    0xff, 0xf0, 0x0, 0x6, 0xf0, 0x1, 0x25, 0x11,
    0x11, 0x7f, 0x21, 0x10, 0x0, 0x6, 0xf0, 0x0,
    0x7f, 0x40, 0x0, 0x6f, 0x0, 0x0, 0x0, 0x6,
    0xf0, 0x0, 0xa, 0xf2, 0x0, 0x6f, 0x0, 0x0,
    0x0, 0x6, 0xf0, 0x0, 0x0, 0xd9, 0x0, 0x6f,
    0x0, 0x0, 0x0, 0x6, 0xf0, 0x0, 0x0, 0x21,
    0x55, 0xaf, 0x0, 0x0, 0x0, 0x6, 0xf0, 0x0,
    0x0, 0x0, 0xef, 0xe8, 0x0, 0x0,

    /* U+600E "怎" */
    0x0, 0x0, 0x56, 0x0, 0x0, 0x0, 0x0, 0x0,
    0x0, 0x0, 0x0, 0xe, 0xc0, 0x0, 0x0, 0x0,
    0x0, 0x0, 0x0, 0x0, 0x6, 0xfa, 0x55, 0x55,
    0x55, 0x55, 0x55, 0x53, 0x0, 0x0, 0xdf, 0xff,
    0xff, 0xff, 0xff, 0xff, 0xff, 0xa0, 0x0, 0x5f,
    0x60, 0x9, 0xe0, 0x0, 0x0, 0x0, 0x0, 0x0,
    0x2f, 0xb0, 0x0, 0x9f, 0x44, 0x44, 0x44, 0x42,
    0x0, 0x1d, 0xe2, 0x0, 0x9, 0xff, 0xff, 0xff,
    0xff, 0x90, 0x7, 0xf3, 0x0, 0x0, 0x9e, 0x0,
    0x0, 0x0, 0x0, 0x0, 0x1, 0x0, 0x0, 0x9,
    0xf5, 0x55, 0x55, 0x55, 0x50, 0x0, 0x0, 0x0,
    0x0, 0x9f, 0xff, 0xff, 0xff, 0xff, 0x20, 0x0,
    0x0, 0x0, 0x9, 0xe0, 0x0, 0x0, 0x0, 0x0,
    0x0, 0x0, 0x0, 0x0, 0x8e, 0x0, 0x0, 0x0,
    0x0, 0x0, 0x0, 0x71, 0x59, 0x5, 0xfa, 0x10,
    0x0, 0x7d, 0x0, 0x0, 0x5f, 0x28, 0xe0, 0x2,
    0xcf, 0x50, 0x3, 0xf7, 0x0, 0xb, 0xc0, 0x8e,
    0x0, 0x0, 0x93, 0x3, 0x1b, 0xe0, 0x2, 0xf6,
    0x8, 0xe0, 0x0, 0x0, 0x0, 0xab, 0x3f, 0x70,
    0x9f, 0x0, 0x7f, 0x75, 0x55, 0x55, 0x6f, 0x80,
    0xbe, 0x1, 0x40, 0x1, 0xcf, 0xff, 0xff, 0xff,
    0xc1, 0x2, 0x30,

    /* U+601D "思" */
    0x0, 0x1f, 0xff, 0xff, 0xff, 0xff, 0xff, 0xff,
    0xe0, 0x0, 0x0, 0x1f, 0x96, 0x66, 0x6f, 0xb6,
    0x66, 0x6b, 0xe0, 0x0, 0x0, 0x1f, 0x40, 0x0,
    0xe, 0x80, 0x0, 0x8, 0xe0, 0x0, 0x0, 0x1f,
    0x50, 0x0, 0xe, 0x90, 0x0, 0x9, 0xe0, 0x0,
    0x0, 0x1f, 0xff, 0xff, 0xff, 0xff, 0xff, 0xff,
    0xe0, 0x0, 0x0, 0x1f, 0x73, 0x33, 0x3f, 0xa3,
    0x33, 0x3a, 0xe0, 0x0, 0x0, 0x1f, 0x40, 0x0,
    0xe, 0x80, 0x0, 0x8, 0xe0, 0x0, 0x0, 0x1f,
    0x73, 0x33, 0x3f, 0xa3, 0x33, 0x3a, 0xe0, 0x0,
    0x0, 0x1f, 0xff, 0xff, 0xff, 0xff, 0xff, 0xff,
    0xe0, 0x0, 0x0, 0x1, 0x11, 0x11, 0x74, 0x11,
    0x11, 0x11, 0x10, 0x0, 0x0, 0x0, 0x0, 0x1,
    0xcf, 0x80, 0x0, 0x1, 0x10, 0x0, 0x0, 0x1e,
    0x41, 0xf6, 0x6, 0xfd, 0x20, 0xe, 0xb0, 0x0,
    0x0, 0x6f, 0x11, 0xf6, 0x0, 0x2e, 0x60, 0x5,
    0xf6, 0x0, 0x0, 0xcc, 0x1, 0xf6, 0x0, 0x0,
    0x5, 0xa0, 0xbf, 0x10, 0x5, 0xf5, 0x1, 0xf6,
    0x0, 0x0, 0x8, 0xe0, 0x3f, 0x70, 0xc, 0xc0,
    0x0, 0xfc, 0x66, 0x66, 0x6e, 0xb0, 0xc, 0xb0,
    0x0, 0x20, 0x0, 0x7e, 0xff, 0xff, 0xfd, 0x30,
    0x1, 0x0,

    /* U+60F3 "想" */
    0x0, 0x0, 0x3b, 0x10, 0x0, 0x0, 0x0, 0x0,
    0x0, 0x0, 0x0, 0x0, 0x4f, 0x20, 0x0, 0x8b,
    0xbb, 0xbb, 0xbb, 0x0, 0x0, 0x0, 0x4f, 0x20,
    0x0, 0xcd, 0x88, 0x88, 0xbf, 0x0, 0xb, 0xbb,
    0xdf, 0xcb, 0xb4, 0xc9, 0x0, 0x0, 0x5f, 0x0,
    0x8, 0x88, 0xdf, 0x98, 0x83, 0xcd, 0x99, 0x99,
    0xcf, 0x0, 0x0, 0x1, 0xff, 0x40, 0x0, 0xcd,
    0x88, 0x88, 0xbf, 0x0, 0x0, 0xa, 0xff, 0xf6,
    0x0, 0xc9, 0x0, 0x0, 0x5f, 0x0, 0x0, 0x4f,
    0x7f, 0x8f, 0xa0, 0xcd, 0x88, 0x88, 0xbf, 0x0,
    0x2, 0xe9, 0x4f, 0x23, 0xe3, 0xcd, 0x99, 0x99,
    0xcf, 0x0, 0x2e, 0xc0, 0x4f, 0x20, 0x10, 0xc9,
    0x0, 0x0, 0x5f, 0x0, 0x8, 0x10, 0x4f, 0x20,
    0x0, 0xcc, 0x77, 0x77, 0xaf, 0x0, 0x0, 0x0,
    0x4f, 0x20, 0x3, 0x9b, 0xbb, 0xbb, 0xbb, 0x0,
    0x0, 0x11, 0x0, 0x20, 0x7f, 0x50, 0x0, 0x3,
    0x80, 0x0, 0x0, 0x8e, 0x5, 0xf1, 0x8, 0xf6,
    0x0, 0x4, 0xf6, 0x0, 0x0, 0xda, 0x5, 0xf1,
    0x0, 0x9b, 0x3, 0x50, 0xaf, 0x10, 0x6, 0xf3,
    0x5, 0xf1, 0x0, 0x0, 0x6, 0xf0, 0x2f, 0x90,
    0xd, 0xb0, 0x4, 0xf8, 0x55, 0x55, 0x6d, 0xc0,
    0x8, 0x80, 0x1, 0x10, 0x0, 0xbf, 0xff, 0xff,
    0xfd, 0x40, 0x0, 0x0,

    /* U+610F "意" */
    0x0, 0x0, 0x0, 0x0, 0x8a, 0x0, 0x0, 0x0,
    0x0, 0x1, 0x44, 0x44, 0x44, 0x9f, 0x64, 0x44,
    0x44, 0x30, 0x6, 0xff, 0xff, 0xff, 0xff, 0xff,
    0xff, 0xff, 0xc0, 0x0, 0x0, 0x3f, 0x30, 0x0,
    0x0, 0xdb, 0x0, 0x0, 0x1, 0x11, 0x1e, 0xb1,
    0x11, 0x15, 0xf5, 0x11, 0x11, 0x5f, 0xff, 0xff,
    0xff, 0xff, 0xff, 0xff, 0xff, 0xfd, 0x0, 0x0,
    0x0, 0x0, 0x0, 0x0, 0x0, 0x0, 0x0, 0x0,
    0xf, 0xff, 0xff, 0xff, 0xff, 0xff, 0xf8, 0x0,
    0x0, 0xf, 0x71, 0x11, 0x11, 0x11, 0x11, 0xf8,
    0x0, 0x0, 0xf, 0x93, 0x33, 0x33, 0x33, 0x33,
    0xf8, 0x0, 0x0, 0xf, 0xdc, 0xcc, 0xcc, 0xcc,
    0xcc, 0xf8, 0x0, 0x0, 0xf, 0x71, 0x11, 0x11,
    0x11, 0x11, 0xf8, 0x0, 0x0, 0xf, 0xff, 0xff,
    0xff, 0xff, 0xff, 0xf8, 0x0, 0x0, 0x23, 0x5,
    0x43, 0xe9, 0x10, 0x0, 0x66, 0x0, 0x0, 0xbd,
    0xd, 0xa0, 0x1b, 0xf2, 0x10, 0x5f, 0x50, 0x5,
    0xf4, 0xd, 0xa0, 0x0, 0x30, 0xaa, 0x8, 0xf2,
    0x3f, 0x90, 0xc, 0xd4, 0x44, 0x44, 0xe8, 0x0,
    0xd9, 0x7, 0x0, 0x5, 0xef, 0xff, 0xff, 0xd2,
    0x0, 0x10,

    /* U+6162 "慢" */
    0x0, 0x5, 0x20, 0x0, 0x0, 0x0, 0x0, 0x0,
    0x0, 0x0, 0x0, 0xe, 0x70, 0x3, 0xff, 0xee,
    0xee, 0xef, 0xf5, 0x0, 0x0, 0xe, 0x70, 0x3,
    0xf1, 0x0, 0x0, 0x1, 0xf5, 0x0, 0x0, 0xe,
    0x87, 0x3, 0xfd, 0xdd, 0xdd, 0xdd, 0xf5, 0x0,
    0xa, 0x4e, 0x7e, 0x33, 0xf1, 0x0, 0x0, 0x1,
    0xf5, 0x0, 0xd, 0x3e, 0x7a, 0x83, 0xfe, 0xee,
    0xee, 0xee, 0xf5, 0x0, 0xf, 0x1e, 0x77, 0xa0,
    0x11, 0x11, 0x11, 0x11, 0x10, 0x0, 0x2e, 0xe,
    0x70, 0x5f, 0xff, 0xff, 0xff, 0xff, 0xff, 0x50,
    0x6b, 0xe, 0x70, 0x5f, 0x0, 0xe4, 0x4, 0xe0,
    0xf, 0x50, 0x34, 0xe, 0x70, 0x5f, 0x0, 0xe4,
    0x4, 0xe0, 0xf, 0x50, 0x0, 0xe, 0x70, 0x5f,
    0xff, 0xff, 0xff, 0xff, 0xff, 0x50, 0x0, 0xe,
    0x70, 0x11, 0x11, 0x11, 0x11, 0x11, 0x20, 0x0,
    0x0, 0xe, 0x70, 0xaf, 0xff, 0xff, 0xff, 0xff,
    0xfb, 0x0, 0x0, 0xe, 0x70, 0x12, 0xdd, 0x31,
    0x11, 0x2b, 0xf2, 0x0, 0x0, 0xe, 0x70, 0x0,
    0x1e, 0xd2, 0x1, 0xaf, 0x60, 0x0, 0x0, 0xe,
    0x70, 0x0, 0x1, 0xdf, 0x9e, 0xf4, 0x0, 0x0,
    0x0, 0xe, 0x70, 0x0, 0x4, 0xaf, 0xff, 0xc4,
    0x0, 0x0, 0x0, 0xe, 0x72, 0x8b, 0xef, 0xe9,
    0x48, 0xef, 0xfb, 0x80, 0x0, 0xe, 0x70, 0xeb,
    0x84, 0x0, 0x0, 0x4, 0x9d, 0x80, 0x0, 0x0,
    0x0, 0x0, 0x0, 0x0, 0x0, 0x0, 0x0, 0x0,

    /* U+6210 "成" */
    0x0, 0x0, 0x0, 0x0, 0x0, 0x1c, 0x51, 0x81,
    0x0, 0x0, 0x0, 0x0, 0x0, 0x0, 0x0, 0x1f,
    0x73, 0xdf, 0x60, 0x0, 0x0, 0x0, 0x0, 0x0,
    0x0, 0xf, 0x70, 0x7, 0xf9, 0x0, 0x0, 0x36,
    0x66, 0x66, 0x66, 0x6f, 0xb6, 0x66, 0xa8, 0x60,
    0x0, 0x7f, 0xff, 0xff, 0xff, 0xff, 0xff, 0xff,
    0xff, 0xf0, 0x0, 0x7f, 0x20, 0x0, 0x0, 0xe,
    0xa0, 0x0, 0x0, 0x0, 0x0, 0x7f, 0x10, 0x0,
    0x0, 0xc, 0xc0, 0x0, 0x31, 0x0, 0x0, 0x7f,
    0x54, 0x44, 0x41, 0xa, 0xe0, 0x1, 0xf8, 0x0,
    0x0, 0x7f, 0xff, 0xff, 0xf2, 0x8, 0xf0, 0x6,
    0xf2, 0x0, 0x0, 0x8f, 0x21, 0x15, 0xf2, 0x6,
    0xf2, 0xd, 0xb0, 0x0, 0x0, 0x9f, 0x0, 0x4,
    0xf2, 0x3, 0xf6, 0x5f, 0x50, 0x0, 0x0, 0xaf,
    0x0, 0x5, 0xf1, 0x0, 0xf9, 0xec, 0x0, 0x0,
    0x0, 0xbd, 0x0, 0x6, 0xf0, 0x0, 0xbf, 0xf2,
    0x0, 0x0, 0x0, 0xdb, 0x0, 0x8, 0xf0, 0x0,
    0x8f, 0x80, 0x1, 0x30, 0x1, 0xf8, 0x38, 0x8e,
    0xd0, 0x7, 0xff, 0x80, 0x3, 0xf1, 0x7, 0xf3,
    0x2d, 0xdc, 0x41, 0xaf, 0xcc, 0xf3, 0x6, 0xf0,
    0xe, 0xd0, 0x0, 0x0, 0x8f, 0xf8, 0x2, 0xef,
    0x9d, 0xb0, 0x1d, 0x50, 0x0, 0x0, 0x8b, 0x20,
    0x0, 0x2b, 0xfd, 0x30, 0x0, 0x0, 0x0, 0x0,
    0x0, 0x0, 0x0, 0x0, 0x0, 0x0,

    /* U+6211 "我" */
    0x0, 0x0, 0x0, 0x1, 0x64, 0x8, 0x90, 0x2,
    0x0, 0x0, 0x0, 0x3, 0x69, 0xdf, 0xfc, 0xb,
    0xd0, 0x9e, 0x30, 0x0, 0x8, 0xff, 0xff, 0xf5,
    0x10, 0xb, 0xe0, 0xc, 0xf3, 0x0, 0x2, 0x42,
    0x9, 0xe0, 0x0, 0xa, 0xe0, 0x0, 0xde, 0x10,
    0x0, 0x0, 0x9, 0xe0, 0x0, 0x9, 0xf0, 0x0,
    0x29, 0x10, 0x0, 0x0, 0x9, 0xe0, 0x0, 0x8,
    0xf0, 0x0, 0x0, 0x0, 0xd, 0xff, 0xff, 0xff,
    0xff, 0xff, 0xff, 0xff, 0xff, 0xe0, 0x6, 0x77,
    0x7c, 0xf7, 0x77, 0x7a, 0xf9, 0x77, 0x77, 0x60,
    0x0, 0x0, 0x9, 0xe0, 0x0, 0x3, 0xf5, 0x0,
    0x42, 0x0, 0x0, 0x0, 0x9, 0xe0, 0x0, 0x1,
    0xf7, 0x1, 0xea, 0x0, 0x0, 0x0, 0x9, 0xe4,
    0x8b, 0x70, 0xea, 0x9, 0xf1, 0x0, 0x0, 0x36,
    0xae, 0xff, 0xfb, 0x50, 0xbd, 0x6f, 0x70, 0x0,
    0x1f, 0xff, 0xee, 0xf3, 0x0, 0x0, 0x8f, 0xfa,
    0x0, 0x0, 0x8, 0x62, 0x9, 0xe0, 0x0, 0x0,
    0x6f, 0xd0, 0x0, 0x0, 0x0, 0x0, 0x9, 0xe0,
    0x0, 0x5, 0xff, 0xa0, 0x0, 0xd2, 0x0, 0x0,
    0x9, 0xe0, 0x0, 0x8f, 0xca, 0xf1, 0x1, 0xf3,
    0x0, 0x0, 0x9, 0xe0, 0x4d, 0xfa, 0x2, 0xfa,
    0x3, 0xf1, 0x0, 0x67, 0x7d, 0xd0, 0x9e, 0x50,
    0x0, 0x8f, 0xbb, 0xc0, 0x0, 0x8f, 0xfd, 0x50,
    0x0, 0x0, 0x0, 0x8, 0xff, 0x40, 0x0, 0x0,
    0x0, 0x0, 0x0, 0x0, 0x0, 0x0, 0x0, 0x0,

    /* U+6237 "户" */
    0x0, 0x0, 0x0, 0x0, 0x7, 0x40, 0x0, 0x0,
    0x0, 0x0, 0x0, 0x0, 0x0, 0xdc, 0x0, 0x0,
    0x0, 0x0, 0x0, 0x0, 0x0, 0x7, 0xf3, 0x0,
    0x0, 0x0, 0x0, 0x47, 0x77, 0x77, 0x9f, 0x97,
    0x77, 0x77, 0x0, 0x9, 0xfe, 0xee, 0xee, 0xee,
    0xee, 0xef, 0xe0, 0x0, 0x9e, 0x0, 0x0, 0x0,
    0x0, 0x0, 0x9e, 0x0, 0x9, 0xe0, 0x0, 0x0,
    0x0, 0x0, 0x9, 0xe0, 0x0, 0xae, 0x0, 0x0,
    0x0, 0x0, 0x0, 0x9e, 0x0, 0xa, 0xf4, 0x44,
    0x44, 0x44, 0x44, 0x4b, 0xe0, 0x0, 0xaf, 0xff,
    0xff, 0xff, 0xff, 0xff, 0xfe, 0x0, 0xb, 0xd1,
    0x11, 0x11, 0x11, 0x11, 0x1a, 0xe0, 0x0, 0xdb,
    0x0, 0x0, 0x0, 0x0, 0x0, 0x46, 0x0, 0xf,
    0x80, 0x0, 0x0, 0x0, 0x0, 0x0, 0x0, 0x4,
    0xf5, 0x0, 0x0, 0x0, 0x0, 0x0, 0x0, 0x0,
    0x9f, 0x10, 0x0, 0x0, 0x0, 0x0, 0x0, 0x0,
    0xe, 0xb0, 0x0, 0x0, 0x0, 0x0, 0x0, 0x0,
    0x8, 0xf5, 0x0, 0x0, 0x0, 0x0, 0x0, 0x0,
    0x1, 0xfc, 0x0, 0x0, 0x0, 0x0, 0x0, 0x0,
    0x0, 0x6, 0x20, 0x0, 0x0, 0x0, 0x0, 0x0,
    0x0, 0x0,

    /* U+623F "房" */
    0x0, 0x0, 0x0, 0x0, 0xc, 0x60, 0x0, 0x0,
    0x0, 0x0, 0x0, 0x0, 0x0, 0x0, 0xbd, 0x0,
    0x0, 0x0, 0x0, 0x0, 0x4f, 0xff, 0xff, 0xff,
    0xff, 0xff, 0xff, 0xf8, 0x0, 0x4, 0xf7, 0x55,
    0x55, 0x55, 0x55, 0x55, 0x5f, 0x90, 0x0, 0x4f,
    0x30, 0x0, 0x0, 0x0, 0x0, 0x0, 0xe9, 0x0,
    0x4, 0xf8, 0x55, 0x55, 0x55, 0x55, 0x55, 0x5f,
    0x90, 0x0, 0x4f, 0xee, 0xee, 0xee, 0xee, 0xee,
    0xee, 0xe8, 0x0, 0x4, 0xf3, 0x0, 0x0, 0xa,
    0x90, 0x0, 0x0, 0x0, 0x0, 0x5f, 0x20, 0x0,
    0x0, 0x7f, 0x30, 0x0, 0x0, 0x0, 0x5, 0xf3,
    0x44, 0x44, 0x44, 0xe7, 0x44, 0x44, 0x41, 0x0,
    0x7f, 0x2f, 0xff, 0xff, 0xff, 0xff, 0xff, 0xff,
    0x30, 0x8, 0xf0, 0x0, 0x7, 0xf0, 0x0, 0x0,
    0x0, 0x0, 0x0, 0xbd, 0x0, 0x0, 0xae, 0x33,
    0x33, 0x33, 0x30, 0x0, 0xe, 0xa0, 0x0, 0xe,
    0xff, 0xff, 0xff, 0xff, 0x0, 0x2, 0xf6, 0x0,
    0x7, 0xf4, 0x0, 0x0, 0xa, 0xe0, 0x0, 0x7f,
    0x20, 0x5, 0xfb, 0x0, 0x0, 0x0, 0xdc, 0x0,
    0xe, 0xb0, 0x3a, 0xfc, 0x0, 0x2, 0x32, 0x5f,
    0x80, 0x2, 0xe4, 0xb, 0xe7, 0x0, 0x0, 0x6f,
    0xff, 0xb1, 0x0, 0x0, 0x0, 0x0, 0x0, 0x0,
    0x0, 0x0, 0x0, 0x0, 0x0,

    /* U+624B "手" */
    0x0, 0x0, 0x0, 0x0, 0x0, 0x0, 0x37, 0xa3,
    0x0, 0x0, 0x12, 0x35, 0x67, 0x8a, 0xce, 0xff,
    0xfc, 0x80, 0x0, 0x8, 0xff, 0xff, 0xed, 0xfe,
    0x85, 0x30, 0x0, 0x0, 0x0, 0x12, 0x10, 0x0,
    0xb, 0xc0, 0x0, 0x0, 0x0, 0x0, 0x0, 0x0,
    0x0, 0x0, 0xbc, 0x0, 0x0, 0x0, 0x0, 0x0,
    0x11, 0x11, 0x11, 0x1c, 0xd1, 0x11, 0x11, 0x11,
    0x0, 0xa, 0xff, 0xff, 0xff, 0xff, 0xff, 0xff,
    0xff, 0xe0, 0x0, 0x34, 0x44, 0x44, 0x4d, 0xd4,
    0x44, 0x44, 0x44, 0x0, 0x0, 0x0, 0x0, 0x0,
    0xbc, 0x0, 0x0, 0x0, 0x0, 0x0, 0x0, 0x0,
    0x0, 0xb, 0xc0, 0x0, 0x0, 0x0, 0x0, 0x66,
    0x66, 0x66, 0x66, 0xde, 0x66, 0x66, 0x66, 0x66,
    0xf, 0xff, 0xff, 0xff, 0xff, 0xff, 0xff, 0xff,
    0xff, 0xf0, 0x0, 0x0, 0x0, 0x0, 0xbc, 0x0,
    0x0, 0x0, 0x0, 0x0, 0x0, 0x0, 0x0, 0xb,
    0xc0, 0x0, 0x0, 0x0, 0x0, 0x0, 0x0, 0x0,
    0x0, 0xbc, 0x0, 0x0, 0x0, 0x0, 0x0, 0x0,
    0x0, 0x0, 0xb, 0xc0, 0x0, 0x0, 0x0, 0x0,
    0x0, 0x0, 0x0, 0x0, 0xbc, 0x0, 0x0, 0x0,
    0x0, 0x0, 0x0, 0x7, 0x77, 0x8e, 0xa0, 0x0,
    0x0, 0x0, 0x0, 0x0, 0x0, 0xaf, 0xfe, 0xb2,
    0x0, 0x0, 0x0, 0x0, 0x0,

    /* U+6253 "打" */
    0x0, 0x0, 0xf7, 0x0, 0x0, 0x0, 0x0, 0x0,
    0x0, 0x0, 0x0, 0x0, 0xf7, 0x0, 0x34, 0x44,
    0x44, 0x44, 0x44, 0x41, 0x0, 0x0, 0xf7, 0x0,
    0xaf, 0xff, 0xff, 0xff, 0xff, 0xf3, 0x0, 0x0,
    0xf7, 0x0, 0x12, 0x22, 0x22, 0xfb, 0x22, 0x20,
    0xf, 0xff, 0xff, 0xff, 0x30, 0x0, 0x0, 0xea,
    0x0, 0x0, 0x7, 0x78, 0xfb, 0x77, 0x10, 0x0,
    0x0, 0xea, 0x0, 0x0, 0x0, 0x0, 0xf7, 0x0,
    0x0, 0x0, 0x0, 0xea, 0x0, 0x0, 0x0, 0x0,
    0xf7, 0x0, 0x0, 0x0, 0x0, 0xea, 0x0, 0x0,
    0x0, 0x0, 0xf7, 0x4, 0x20, 0x0, 0x0, 0xea,
    0x0, 0x0, 0x0, 0x3, 0xfe, 0xff, 0x50, 0x0,
    0x0, 0xea, 0x0, 0x0, 0x1a, 0xef, 0xfd, 0x72,
    0x0, 0x0, 0x0, 0xea, 0x0, 0x0, 0xc, 0x95,
    0xf7, 0x0, 0x0, 0x0, 0x0, 0xea, 0x0, 0x0,
    0x0, 0x0, 0xf7, 0x0, 0x0, 0x0, 0x0, 0xea,
    0x0, 0x0, 0x0, 0x0, 0xf7, 0x0, 0x0, 0x0,
    0x0, 0xea, 0x0, 0x0, 0x0, 0x0, 0xf7, 0x0,
    0x0, 0x0, 0x0, 0xea, 0x0, 0x0, 0x0, 0x0,
    0xf7, 0x0, 0x0, 0x0, 0x0, 0xfa, 0x0, 0x0,
    0x2, 0x67, 0xf6, 0x0, 0x0, 0x68, 0x78, 0xf9,
    0x0, 0x0, 0x3, 0xff, 0xb1, 0x0, 0x0, 0x7f,
    0xff, 0xc2, 0x0, 0x0, 0x0, 0x0, 0x0, 0x0,
    0x0, 0x1, 0x0, 0x0, 0x0, 0x0,

    /* U+6270 "扰" */
    0x0, 0x4, 0xc1, 0x0, 0x0, 0x9, 0x70, 0x2,
    0x0, 0x0, 0x0, 0x5, 0xf2, 0x0, 0x0, 0xe,
    0x90, 0x6f, 0x40, 0x0, 0x0, 0x5, 0xf2, 0x0,
    0x0, 0xe, 0x90, 0x9, 0xf3, 0x0, 0x0, 0x5,
    0xf2, 0x0, 0x0, 0xe, 0x80, 0x0, 0xbd, 0x0,
    0xc, 0xcd, 0xfc, 0xc5, 0x0, 0xf, 0x90, 0x0,
    0x23, 0x0, 0xa, 0xac, 0xfb, 0xa5, 0xff, 0xff,
    0xff, 0xff, 0xff, 0xf1, 0x0, 0x5, 0xf2, 0x0,
    0x55, 0x7f, 0x95, 0x55, 0x55, 0x50, 0x0, 0x5,
    0xf2, 0x0, 0x0, 0x3f, 0x41, 0x0, 0x0, 0x0,
    0x0, 0x5, 0xf2, 0x1, 0x0, 0x5f, 0x3f, 0x60,
    0x0, 0x0, 0x0, 0x5, 0xfa, 0xed, 0x0, 0x8f,
    0x1f, 0x60, 0x0, 0x0, 0x18, 0xcf, 0xfd, 0x83,
    0x0, 0xcc, 0x1f, 0x60, 0x0, 0x0, 0xf, 0xba,
    0xf2, 0x0, 0x0, 0xf7, 0x1f, 0x60, 0x0, 0x0,
    0x0, 0x5, 0xf2, 0x0, 0x5, 0xf3, 0x1f, 0x60,
    0x0, 0x0, 0x0, 0x5, 0xf2, 0x0, 0xd, 0xc0,
    0x1f, 0x60, 0x0, 0x30, 0x0, 0x5, 0xf2, 0x0,
    0x6f, 0x40, 0x1f, 0x60, 0x0, 0xf5, 0x0, 0x5,
    0xf2, 0x3, 0xfb, 0x0, 0x1f, 0x60, 0x1, 0xf4,
    0x4, 0x5a, 0xf1, 0x3e, 0xd1, 0x0, 0xf, 0xb6,
    0x69, 0xf1, 0x7, 0xfe, 0xa0, 0x3c, 0x10, 0x0,
    0x9, 0xff, 0xff, 0x80,

    /* U+62B1 "抱" */
    0x0, 0x5, 0xc0, 0x0, 0x6, 0xa0, 0x0, 0x0,
    0x0, 0x0, 0x0, 0x6, 0xf0, 0x0, 0xd, 0xb0,
    0x0, 0x0, 0x0, 0x0, 0x0, 0x6, 0xf0, 0x0,
    0x3f, 0x83, 0x33, 0x33, 0x33, 0x10, 0x0, 0x6,
    0xf0, 0x0, 0x8f, 0xff, 0xff, 0xff, 0xff, 0x80,
    0x1c, 0xcd, 0xfc, 0xc1, 0xf8, 0x22, 0x22, 0x22,
    0x2f, 0x70, 0x19, 0x9c, 0xf9, 0x9a, 0xe0, 0x0,
    0x0, 0x0, 0xf, 0x70, 0x0, 0x6, 0xf0, 0x5f,
    0xff, 0xff, 0xff, 0x70, 0xf, 0x60, 0x0, 0x6,
    0xf0, 0x4, 0xeb, 0x55, 0x5f, 0x70, 0x1f, 0x50,
    0x0, 0x6, 0xf0, 0x0, 0xe8, 0x0, 0xe, 0x70,
    0x2f, 0x40, 0x0, 0x6, 0xf8, 0xd0, 0xe8, 0x0,
    0xe, 0x70, 0x3f, 0x40, 0x15, 0xae, 0xfe, 0xa0,
    0xeb, 0x55, 0x5f, 0x70, 0x4f, 0x20, 0x5f, 0xec,
    0xf1, 0x0, 0xef, 0xff, 0xff, 0x70, 0x7f, 0x0,
    0x13, 0x6, 0xf0, 0x0, 0xe8, 0x0, 0x3, 0x88,
    0xed, 0x0, 0x0, 0x6, 0xf0, 0x0, 0xe8, 0x0,
    0x1, 0xdd, 0xb3, 0x0, 0x0, 0x6, 0xf0, 0x0,
    0xe8, 0x0, 0x0, 0x0, 0x1, 0x91, 0x0, 0x6,
    0xf0, 0x0, 0xe8, 0x0, 0x0, 0x0, 0x3, 0xf2,
    0x3, 0x4a, 0xf0, 0x0, 0xce, 0x65, 0x55, 0x55,
    0x6c, 0xe0, 0x8, 0xff, 0xa0, 0x0, 0x3c, 0xff,
    0xff, 0xff, 0xfd, 0x40, 0x0, 0x10, 0x0, 0x0,
    0x0, 0x0, 0x0, 0x0, 0x0, 0x0,

    /* U+62C9 "拉" */
    0x0, 0x2, 0x50, 0x0, 0x0, 0x0, 0x51, 0x0,
    0x0, 0x0, 0x0, 0x6, 0xf0, 0x0, 0x0, 0x1,
    0xf8, 0x0, 0x0, 0x0, 0x0, 0x6, 0xf0, 0x0,
    0x0, 0x0, 0xae, 0x0, 0x0, 0x0, 0x0, 0x6,
    0xf0, 0x0, 0x44, 0x44, 0x89, 0x54, 0x44, 0x30,
    0xe, 0xff, 0xff, 0xf2, 0xff, 0xff, 0xff, 0xff,
    0xff, 0xc0, 0x6, 0x7b, 0xf7, 0x71, 0x11, 0x11,
    0x11, 0x11, 0x11, 0x0, 0x0, 0x6, 0xf0, 0x0,
    0x3, 0x60, 0x0, 0x3, 0xa2, 0x0, 0x0, 0x6,
    0xf0, 0x0, 0x7, 0xe0, 0x0, 0x6, 0xf2, 0x0,
    0x0, 0x6, 0xf0, 0x0, 0x4, 0xf1, 0x0, 0x9,
    0xf0, 0x0, 0x0, 0x6, 0xf8, 0xc3, 0x2, 0xf4,
    0x0, 0xb, 0xc0, 0x0, 0x6, 0xae, 0xff, 0xa2,
    0x0, 0xf7, 0x0, 0xe, 0x90, 0x0, 0xe, 0xed,
    0xf1, 0x0, 0x0, 0xca, 0x0, 0x1f, 0x60, 0x0,
    0x2, 0x6, 0xf0, 0x0, 0x0, 0xad, 0x0, 0x4f,
    0x20, 0x0, 0x0, 0x6, 0xf0, 0x0, 0x0, 0x8f,
    0x0, 0x7f, 0x0, 0x0, 0x0, 0x6, 0xf0, 0x0,
    0x0, 0x6f, 0x10, 0xab, 0x0, 0x0, 0x0, 0x6,
    0xf0, 0x0, 0x0, 0x25, 0x0, 0xe7, 0x0, 0x0,
    0x0, 0x6, 0xf0, 0x7, 0x77, 0x77, 0x78, 0xfa,
    0x77, 0x72, 0x2, 0x5a, 0xf0, 0xe, 0xee, 0xee,
    0xee, 0xee, 0xee, 0xe4, 0x4, 0xfe, 0x80, 0x0,
    0x0, 0x0, 0x0, 0x0, 0x0, 0x0, 0x0, 0x0,
    0x0, 0x0, 0x0, 0x0, 0x0, 0x0, 0x0, 0x0,

    /* U+62CC "拌" */
    0x0, 0x2, 0x60, 0x0, 0x0, 0x0, 0x35, 0x0,
    0x0, 0x0, 0x0, 0x5, 0xf0, 0x0, 0x41, 0x0,
    0x9e, 0x0, 0x8, 0x20, 0x0, 0x5, 0xf0, 0x0,
    0xea, 0x0, 0x9e, 0x0, 0x6f, 0x20, 0x0, 0x5,
    0xf0, 0x0, 0x6f, 0x20, 0x9e, 0x0, 0xdb, 0x0,
    0x2f, 0xff, 0xff, 0xf4, 0xf, 0x90, 0x9e, 0x5,
    0xf3, 0x0, 0x17, 0x7a, 0xf8, 0x72, 0x7, 0x50,
    0x9e, 0x5, 0x80, 0x0, 0x0, 0x5, 0xf0, 0x0,
    0x55, 0x55, 0xbf, 0x55, 0x55, 0x30, 0x0, 0x5,
    0xf0, 0x0, 0xef, 0xff, 0xff, 0xff, 0xff, 0x90,
    0x0, 0x5, 0xf0, 0x0, 0x0, 0x0, 0x9e, 0x0,
    0x0, 0x0, 0x0, 0x5, 0xf7, 0xc5, 0x0, 0x0,
    0x9e, 0x0, 0x0, 0x0, 0x4, 0x8d, 0xff, 0xb3,
    0x0, 0x0, 0x9e, 0x0, 0x0, 0x0, 0x4f, 0xfd,
    0xf2, 0x6, 0x77, 0x77, 0xcf, 0x77, 0x77, 0x72,
    0x5, 0x5, 0xf0, 0xd, 0xff, 0xff, 0xff, 0xff,
    0xff, 0xf4, 0x0, 0x5, 0xf0, 0x0, 0x0, 0x0,
    0x9e, 0x0, 0x0, 0x0, 0x0, 0x5, 0xf0, 0x0,
    0x0, 0x0, 0x9e, 0x0, 0x0, 0x0, 0x0, 0x5,
    0xf0, 0x0, 0x0, 0x0, 0x9e, 0x0, 0x0, 0x0,
    0x0, 0x5, 0xf0, 0x0, 0x0, 0x0, 0x9e, 0x0,
    0x0, 0x0, 0x3, 0x59, 0xf0, 0x0, 0x0, 0x0,
    0x9e, 0x0, 0x0, 0x0, 0x7, 0xfe, 0x80, 0x0,
    0x0, 0x0, 0x9e, 0x0, 0x0, 0x0, 0x0, 0x0,
    0x0, 0x0, 0x0, 0x0, 0x0, 0x0, 0x0, 0x0,

    /* U+62FC "拼" */
    0x0, 0x2, 0x30, 0x0, 0x0, 0x0, 0x0, 0x0,
    0x10, 0x0, 0x0, 0x9, 0xd0, 0x0, 0x8, 0xc0,
    0x0, 0x0, 0xf9, 0x0, 0x0, 0x9, 0xd0, 0x0,
    0x4, 0xf5, 0x0, 0x5, 0xf4, 0x0, 0x0, 0x9,
    0xd0, 0x0, 0x0, 0xcd, 0x0, 0xb, 0xd0, 0x0,
    0x0, 0x9, 0xd0, 0x0, 0x0, 0x5e, 0x10, 0x2f,
    0x50, 0x0, 0x1f, 0xff, 0xff, 0xc0, 0xbb, 0xcc,
    0xbb, 0xdf, 0xcb, 0x80, 0x7, 0x7c, 0xe7, 0x60,
    0xaa, 0xdf, 0xaa, 0xcf, 0xba, 0x70, 0x0, 0x9,
    0xd0, 0x0, 0x0, 0x9d, 0x0, 0x3f, 0x30, 0x0,
    0x0, 0x9, 0xd0, 0x0, 0x0, 0x9d, 0x0, 0x3f,
    0x30, 0x0, 0x0, 0x9, 0xd0, 0x0, 0x0, 0x9d,
    0x0, 0x3f, 0x30, 0x0, 0x0, 0x9, 0xea, 0xa1,
    0x11, 0xad, 0x11, 0x5f, 0x51, 0x10, 0x16, 0xbf,
    0xfc, 0x6a, 0xff, 0xff, 0xff, 0xff, 0xff, 0xf1,
    0x2f, 0xcd, 0xd0, 0x3, 0x44, 0xcc, 0x44, 0x7f,
    0x74, 0x40, 0x1, 0x9, 0xd0, 0x0, 0x0, 0xd9,
    0x0, 0x3f, 0x30, 0x0, 0x0, 0x9, 0xd0, 0x0,
    0x2, 0xf5, 0x0, 0x3f, 0x30, 0x0, 0x0, 0x9,
    0xd0, 0x0, 0x9, 0xf0, 0x0, 0x3f, 0x30, 0x0,
    0x0, 0x9, 0xd0, 0x0, 0x4f, 0x70, 0x0, 0x3f,
    0x30, 0x0, 0x5, 0x7d, 0xc0, 0x6, 0xfb, 0x0,
    0x0, 0x3f, 0x30, 0x0, 0x8, 0xfe, 0x60, 0xc,
    0xa0, 0x0, 0x0, 0x3f, 0x30, 0x0, 0x0, 0x0,
    0x0, 0x0, 0x0, 0x0, 0x0, 0x0, 0x0, 0x0,

    /* U+6307 "指" */
    0x0, 0x3, 0xc2, 0x0, 0x1b, 0x30, 0x0, 0x0,
    0x0, 0x0, 0x0, 0x4, 0xf2, 0x0, 0x2f, 0x50,
    0x0, 0x3, 0x81, 0x0, 0x0, 0x4, 0xf2, 0x0,
    0x2f, 0x52, 0x69, 0xef, 0xe7, 0x0, 0x0, 0x4,
    0xf2, 0x0, 0x2f, 0xff, 0xda, 0x62, 0x0, 0x0,
    0x1f, 0xff, 0xff, 0xf8, 0x2f, 0x81, 0x0, 0x0,
    0x3, 0xa0, 0x7, 0x79, 0xf9, 0x74, 0x2f, 0x50,
    0x0, 0x0, 0x6, 0xf0, 0x0, 0x4, 0xf2, 0x0,
    0x1f, 0xa3, 0x33, 0x33, 0x3c, 0xd0, 0x0, 0x4,
    0xf2, 0x0, 0x9, 0xff, 0xff, 0xff, 0xff, 0x50,
    0x0, 0x4, 0xf2, 0x1, 0x0, 0x1, 0x22, 0x22,
    0x10, 0x0, 0x0, 0x4, 0xfa, 0xdb, 0x2, 0x22,
    0x22, 0x22, 0x22, 0x0, 0x16, 0xbf, 0xfe, 0xa4,
    0x2f, 0xff, 0xff, 0xff, 0xff, 0x40, 0x1f, 0xcb,
    0xf3, 0x0, 0x2f, 0x51, 0x11, 0x11, 0x4f, 0x40,
    0x1, 0x4, 0xf2, 0x0, 0x2f, 0x40, 0x0, 0x0,
    0x2f, 0x40, 0x0, 0x4, 0xf2, 0x0, 0x2f, 0xff,
    0xff, 0xff, 0xff, 0x40, 0x0, 0x4, 0xf2, 0x0,
    0x2f, 0x74, 0x44, 0x44, 0x6f, 0x40, 0x0, 0x4,
    0xf2, 0x0, 0x2f, 0x40, 0x0, 0x0, 0x2f, 0x40,
    0x0, 0x4, 0xf2, 0x0, 0x2f, 0x85, 0x55, 0x55,
    0x7f, 0x40, 0x3, 0x59, 0xf2, 0x0, 0x2f, 0xed,
    0xdd, 0xdd, 0xef, 0x40, 0x5, 0xfe, 0x90, 0x0,
    0x2f, 0x40, 0x0, 0x0, 0x2e, 0x40, 0x0, 0x0,
    0x0, 0x0, 0x0, 0x0, 0x0, 0x0, 0x0, 0x0,

    /* U+6309 "按" */
    0x0, 0x2, 0x50, 0x0, 0x0, 0x0, 0x53, 0x0,
    0x0, 0x0, 0x0, 0x7, 0xf0, 0x0, 0x0, 0x0,
    0xeb, 0x0, 0x0, 0x0, 0x0, 0x7, 0xf0, 0x1,
    0x33, 0x33, 0xaf, 0x43, 0x33, 0x20, 0x0, 0x7,
    0xf0, 0x5, 0xff, 0xee, 0xee, 0xee, 0xef, 0xe0,
    0x2f, 0xff, 0xff, 0xf7, 0xf1, 0x1, 0x20, 0x0,
    0x8, 0xe0, 0x17, 0x7b, 0xf7, 0x76, 0xf1, 0x8,
    0xf1, 0x0, 0x8, 0xe0, 0x0, 0x7, 0xf0, 0x3,
    0xa0, 0xd, 0xb0, 0x0, 0x5, 0x90, 0x0, 0x7,
    0xf0, 0x0, 0x0, 0x3f, 0x60, 0x0, 0x0, 0x0,
    0x0, 0x7, 0xf0, 0xd, 0xff, 0xff, 0xff, 0xff,
    0xff, 0xf3, 0x0, 0x7, 0xf0, 0x48, 0x67, 0xfb,
    0x66, 0x6c, 0xf6, 0x61, 0x0, 0x9, 0xfe, 0xf7,
    0x7, 0xf2, 0x0, 0xd, 0xb0, 0x0, 0x2b, 0xff,
    0xf9, 0x30, 0xe, 0xb0, 0x0, 0x2f, 0x70, 0x0,
    0x2e, 0x9a, 0xf0, 0x0, 0x6f, 0x90, 0x0, 0x8f,
    0x20, 0x0, 0x0, 0x7, 0xf0, 0x0, 0x1a, 0xfd,
    0x52, 0xf9, 0x0, 0x0, 0x0, 0x7, 0xf0, 0x0,
    0x0, 0x3c, 0xff, 0xf1, 0x0, 0x0, 0x0, 0x7,
    0xf0, 0x0, 0x0, 0x2, 0xdf, 0xf8, 0x0, 0x0,
    0x0, 0x7, 0xf0, 0x0, 0x0, 0x7f, 0xe5, 0x9f,
    0xe4, 0x0, 0x4, 0x5a, 0xe0, 0x5, 0xbf, 0xfa,
    0x10, 0x3, 0xdf, 0x80, 0x8, 0xfe, 0x70, 0x6,
    0xd7, 0x10, 0x0, 0x0, 0xa, 0x80, 0x0, 0x0,
    0x0, 0x0, 0x0, 0x0, 0x0, 0x0, 0x0, 0x0,

    /* U+6362 "换" */
    0x0, 0x7, 0xb0, 0x0, 0x0, 0x4b, 0x20, 0x0,
    0x0, 0x0, 0x0, 0x8, 0xe0, 0x0, 0x0, 0xde,
    0x10, 0x0, 0x0, 0x0, 0x0, 0x8, 0xe0, 0x0,
    0x7, 0xff, 0xff, 0xff, 0xd0, 0x0, 0x0, 0x8,
    0xe0, 0x0, 0x5f, 0xa3, 0x33, 0x7f, 0x60, 0x0,
    0xc, 0xdf, 0xfd, 0xa4, 0xfc, 0x0, 0x2, 0xe9,
    0x0, 0x0, 0x6, 0x6b, 0xf6, 0x5d, 0xff, 0xff,
    0xff, 0xff, 0xfb, 0x0, 0x0, 0x8, 0xe0, 0x1,
    0xcc, 0x33, 0xbe, 0x33, 0xcb, 0x0, 0x0, 0x8,
    0xe0, 0x0, 0xbb, 0x0, 0x9d, 0x0, 0xbb, 0x0,
    0x0, 0x8, 0xe0, 0x0, 0xbb, 0x0, 0xad, 0x0,
    0xbb, 0x0, 0x0, 0x9, 0xfb, 0xe0, 0xbb, 0x0,
    0xbb, 0x0, 0xbb, 0x0, 0x8, 0xcf, 0xfb, 0x60,
    0xbb, 0x0, 0xda, 0x0, 0xbb, 0x0, 0xe, 0xbc,
    0xe0, 0x2f, 0xff, 0xff, 0xff, 0xff, 0xff, 0xf2,
    0x0, 0x8, 0xe0, 0x15, 0x55, 0x5a, 0xff, 0x65,
    0x55, 0x50, 0x0, 0x8, 0xe0, 0x0, 0x0, 0xe,
    0xbe, 0x80, 0x0, 0x0, 0x0, 0x8, 0xe0, 0x0,
    0x0, 0xaf, 0x25, 0xf4, 0x0, 0x0, 0x0, 0x8,
    0xe0, 0x0, 0x9, 0xf5, 0x0, 0xaf, 0x30, 0x0,
    0x0, 0x8, 0xe0, 0x1, 0xbf, 0x60, 0x0, 0xc,
    0xf5, 0x0, 0x3, 0x7d, 0xd0, 0x7f, 0xe4, 0x0,
    0x0, 0x0, 0xaf, 0xc2, 0x4, 0xfd, 0x50, 0xc9,
    0x10, 0x0, 0x0, 0x0, 0x5, 0xc1, 0x0, 0x0,
    0x0, 0x0, 0x0, 0x0, 0x0, 0x0, 0x0, 0x0,

    /* U+638C "掌" */
    0x0, 0x18, 0x20, 0x0, 0x99, 0x0, 0x0, 0x83,
    0x0, 0x0, 0xd, 0xd0, 0x0, 0xbc, 0x0, 0xa,
    0xf3, 0x0, 0x1, 0x15, 0xf5, 0x11, 0xcc, 0x11,
    0x4e, 0x61, 0x11, 0x5f, 0xff, 0xff, 0xff, 0xff,
    0xff, 0xff, 0xff, 0xf8, 0x5f, 0x32, 0x22, 0x22,
    0x22, 0x22, 0x22, 0x22, 0xe8, 0x5f, 0x16, 0xdd,
    0xdd, 0xdd, 0xdd, 0xdd, 0x90, 0xe8, 0x4d, 0x17,
    0xf2, 0x22, 0x22, 0x22, 0x2c, 0xb0, 0xc7, 0x0,
    0x7, 0xf0, 0x0, 0x0, 0x0, 0xb, 0xb0, 0x0,
    0x0, 0x7, 0xff, 0xff, 0xff, 0xff, 0xff, 0xb0,
    0x0, 0x0, 0x0, 0x0, 0x0, 0x12, 0x34, 0x57,
    0x80, 0x0, 0x0, 0xbe, 0xef, 0xff, 0xff, 0xcb,
    0xa8, 0x62, 0x0, 0x0, 0x1, 0x0, 0x0, 0xbc,
    0x0, 0x0, 0x0, 0x0, 0x9, 0xee, 0xee, 0xee,
    0xff, 0xee, 0xee, 0xee, 0xd0, 0x1, 0x22, 0x22,
    0x22, 0xcc, 0x22, 0x22, 0x22, 0x20, 0x11, 0x11,
    0x11, 0x11, 0xcc, 0x11, 0x11, 0x11, 0x11, 0xbf,
    0xff, 0xff, 0xff, 0xff, 0xff, 0xff, 0xff, 0xfe,
    0x0, 0x0, 0x0, 0x0, 0xbc, 0x0, 0x0, 0x0,
    0x0, 0x0, 0x0, 0x2, 0x22, 0xdb, 0x0, 0x0,
    0x0, 0x0, 0x0, 0x0, 0xe, 0xff, 0xd4, 0x0,
    0x0, 0x0, 0x0,

    /* U+63E1 "握" */
    0x0, 0xa, 0x70, 0x0, 0x0, 0x0, 0x0, 0x0,
    0x0, 0x0, 0x0, 0xd, 0x80, 0x9, 0xff, 0xff,
    0xff, 0xff, 0xff, 0x60, 0x0, 0xd, 0x80, 0x9,
    0xd3, 0x33, 0x33, 0x33, 0x4f, 0x60, 0x0, 0xd,
    0x80, 0x9, 0xd0, 0x0, 0x0, 0x0, 0x2f, 0x60,
    0x1f, 0xff, 0xff, 0xa9, 0xff, 0xff, 0xff, 0xff,
    0xff, 0x60, 0x7, 0x7e, 0xc7, 0x59, 0xd2, 0x22,
    0x22, 0x22, 0x22, 0x10, 0x0, 0xd, 0x80, 0x9,
    0xd3, 0x33, 0x33, 0x33, 0x33, 0x10, 0x0, 0xd,
    0x80, 0xa, 0xff, 0xff, 0xff, 0xff, 0xff, 0x60,
    0x0, 0xd, 0x80, 0xa, 0xc0, 0x9, 0xe2, 0x7,
    0x40, 0x0, 0x0, 0xd, 0xcb, 0xab, 0xb0, 0x6f,
    0x30, 0x4, 0xf4, 0x0, 0x29, 0xef, 0xe9, 0x3c,
    0xa8, 0xfd, 0xbc, 0xde, 0xfe, 0x10, 0x2f, 0xae,
    0x80, 0xe, 0x86, 0xb9, 0x8f, 0xa4, 0x2b, 0x40,
    0x1, 0xd, 0x80, 0xf, 0x60, 0x0, 0xf, 0x70,
    0x0, 0x0, 0x0, 0xd, 0x80, 0x3f, 0x33, 0x44,
    0x4f, 0xa4, 0x44, 0x10, 0x0, 0xd, 0x80, 0x7f,
    0xd, 0xee, 0xef, 0xfe, 0xee, 0x60, 0x0, 0xd,
    0x80, 0xda, 0x0, 0x0, 0xf, 0x70, 0x0, 0x0,
    0x6, 0x6f, 0x85, 0xf4, 0x33, 0x33, 0x3f, 0x93,
    0x33, 0x31, 0xc, 0xfc, 0x28, 0xb1, 0xff, 0xff,
    0xff, 0xff, 0xff, 0xf4, 0x0, 0x0, 0x0, 0x0,
    0x0, 0x0, 0x0, 0x0, 0x0, 0x0,

    /* U+6469 "摩" */
    0x0, 0x0, 0x0, 0x0, 0x6, 0xd1, 0x0, 0x0,
    0x0, 0x0, 0x0, 0x33, 0x33, 0x33, 0x36, 0xf9,
    0x33, 0x33, 0x33, 0x30, 0x0, 0xdf, 0xff, 0xff,
    0xff, 0xff, 0xff, 0xff, 0xff, 0xf3, 0x0, 0xd8,
    0x0, 0x8, 0x20, 0x0, 0x0, 0x28, 0x0, 0x0,
    0x0, 0xd8, 0x12, 0x2e, 0x62, 0x20, 0x22, 0x5e,
    0x22, 0x20, 0x0, 0xd8, 0xbe, 0xef, 0xee, 0xe6,
    0xee, 0xff, 0xfe, 0xe0, 0x0, 0xd8, 0x0, 0xbf,
    0xd4, 0x0, 0x6, 0xff, 0xd2, 0x0, 0x0, 0xd8,
    0x2c, 0x9d, 0x7c, 0x91, 0x9e, 0x6e, 0x6e, 0x50,
    0x0, 0xe8, 0xd7, 0xd, 0x40, 0x1a, 0x91, 0x3e,
    0x4, 0xd2, 0x0, 0xe7, 0x0, 0x5, 0x10, 0x12,
    0x35, 0x7c, 0x80, 0x0, 0x0, 0xe7, 0xa, 0xee,
    0xff, 0xff, 0xca, 0x86, 0x40, 0x0, 0x0, 0xf6,
    0x1, 0x10, 0x0, 0x6f, 0x20, 0x0, 0x0, 0x0,
    0x1, 0xf4, 0x3f, 0xff, 0xff, 0xff, 0xff, 0xff,
    0xff, 0x50, 0x2, 0xf3, 0x1, 0x11, 0x11, 0x7f,
    0x31, 0x11, 0x11, 0x0, 0x5, 0xf1, 0x44, 0x44,
    0x44, 0x9f, 0x64, 0x44, 0x44, 0x41, 0x8, 0xd2,
    0xcc, 0xcc, 0xcc, 0xef, 0xdc, 0xcc, 0xcc, 0xc3,
    0xd, 0xa0, 0x0, 0x0, 0x0, 0x6f, 0x20, 0x0,
    0x0, 0x0, 0x3f, 0x50, 0x0, 0x2, 0x22, 0x9f,
    0x10, 0x0, 0x0, 0x0, 0x1b, 0x0, 0x0, 0x8,
    0xff, 0xe9, 0x0, 0x0, 0x0, 0x0, 0x0, 0x0,
    0x0, 0x0, 0x0, 0x0, 0x0, 0x0, 0x0, 0x0,

    /* U+6478 "摸" */
    0x0, 0x9, 0x70, 0x0, 0x0, 0xc4, 0x0, 0x6b,
    0x0, 0x0, 0x0, 0xc, 0x90, 0x2, 0x22, 0xf7,
    0x22, 0x9f, 0x22, 0x10, 0x0, 0xc, 0x90, 0xf,
    0xff, 0xff, 0xff, 0xff, 0xff, 0xc0, 0x0, 0xc,
    0x90, 0x2, 0x22, 0xf7, 0x22, 0x9f, 0x22, 0x10,
    0xc, 0xcf, 0xec, 0x80, 0x0, 0xa3, 0x0, 0x59,
    0x0, 0x0, 0xa, 0xae, 0xda, 0x71, 0xff, 0xff,
    0xff, 0xff, 0xfb, 0x0, 0x0, 0xc, 0x90, 0x1,
    0xf6, 0x22, 0x22, 0x22, 0xcb, 0x0, 0x0, 0xc,
    0x90, 0x1, 0xf7, 0x33, 0x33, 0x33, 0xcb, 0x0,
    0x0, 0xc, 0x90, 0x1, 0xfe, 0xdd, 0xdd, 0xdd,
    0xfb, 0x0, 0x0, 0xc, 0xc8, 0x91, 0xf4, 0x0,
    0x0, 0x0, 0xbb, 0x0, 0x17, 0xbf, 0xfc, 0x71,
    0xff, 0xff, 0xff, 0xff, 0xfb, 0x0, 0x1f, 0xce,
    0xa0, 0x0, 0x22, 0x24, 0xf7, 0x22, 0x21, 0x0,
    0x1, 0xc, 0x90, 0x1, 0x11, 0x15, 0xf5, 0x11,
    0x11, 0x10, 0x0, 0xc, 0x90, 0x6f, 0xff, 0xff,
    0xff, 0xff, 0xff, 0xc0, 0x0, 0xc, 0x90, 0x12,
    0x22, 0x4f, 0xae, 0xb2, 0x22, 0x10, 0x0, 0xc,
    0x90, 0x0, 0x3, 0xdd, 0x14, 0xfa, 0x10, 0x0,
    0x5, 0x6e, 0x90, 0x26, 0xcf, 0xc1, 0x0, 0x4e,
    0xfb, 0x50, 0xb, 0xfd, 0x30, 0x9e, 0xa4, 0x0,
    0x0, 0x0, 0x8d, 0xb0, 0x0, 0x0, 0x0, 0x0,
    0x0, 0x0, 0x0, 0x0, 0x0, 0x0,

    /* U+64AD "播" */
    0x0, 0xa, 0xc0, 0x0, 0x0, 0x1, 0x24, 0x69,
    0xc8, 0x0, 0x0, 0xa, 0xc0, 0x8, 0xde, 0xff,
    0xff, 0xca, 0x85, 0x0, 0x0, 0xa, 0xc0, 0x2,
    0x68, 0x21, 0xe7, 0x0, 0xb3, 0x0, 0x0, 0xa,
    0xc0, 0x0, 0x4f, 0x10, 0xe7, 0x6, 0xf1, 0x0,
    0x1b, 0xbe, 0xeb, 0xa0, 0xd, 0x80, 0xe7, 0xd,
    0x90, 0x0, 0x1d, 0xdf, 0xfd, 0xc5, 0x5a, 0x95,
    0xfa, 0x7f, 0x75, 0x50, 0x0, 0xa, 0xc0, 0xe,
    0xee, 0xef, 0xff, 0xfe, 0xee, 0xd0, 0x0, 0xa,
    0xc0, 0x0, 0x0, 0xbd, 0xfb, 0xf8, 0x0, 0x0,
    0x0, 0xa, 0xc0, 0x20, 0xc, 0xe1, 0xe7, 0x4f,
    0xa0, 0x0, 0x0, 0xb, 0xee, 0xc6, 0xed, 0x20,
    0xe7, 0x3, 0xde, 0x60, 0x29, 0xef, 0xe7, 0xcf,
    0xb2, 0x22, 0x85, 0x22, 0x3b, 0xf3, 0x3e, 0x9c,
    0xc0, 0x13, 0xef, 0xff, 0xff, 0xff, 0xfe, 0x10,
    0x0, 0xa, 0xc0, 0x0, 0xe6, 0x0, 0xe5, 0x0,
    0x7e, 0x0, 0x0, 0xa, 0xc0, 0x0, 0xe8, 0x22,
    0xe7, 0x22, 0x9e, 0x0, 0x0, 0xa, 0xc0, 0x0,
    0xef, 0xff, 0xff, 0xff, 0xfe, 0x0, 0x0, 0xa,
    0xc0, 0x0, 0xe6, 0x0, 0xe5, 0x0, 0x7e, 0x0,
    0x0, 0xa, 0xc0, 0x0, 0xe8, 0x33, 0xf8, 0x33,
    0x9e, 0x0, 0x4, 0x5c, 0xb0, 0x0, 0xef, 0xee,
    0xee, 0xee, 0xfe, 0x0, 0x9, 0xfe, 0x40, 0x0,
    0xe6, 0x0, 0x0, 0x0, 0x6c, 0x0, 0x0, 0x0,
    0x0, 0x0, 0x0, 0x0, 0x0, 0x0, 0x0, 0x0,

    /* U+64E6 "擦" */
    0x0, 0x4, 0x20, 0x0, 0x0, 0x1, 0x50, 0x0,
    0x0, 0x0, 0x0, 0xe, 0x60, 0x0, 0x0, 0x3,
    0xf5, 0x0, 0x0, 0x0, 0x0, 0xe, 0x60, 0xe,
    0xff, 0xff, 0xff, 0xff, 0xff, 0xc0, 0x0, 0xe,
    0x60, 0xe, 0x87, 0x53, 0x33, 0x33, 0x3b, 0xc0,
    0x1b, 0xbf, 0xdb, 0x3b, 0x6f, 0x50, 0x1d, 0x11,
    0x18, 0x90, 0x1c, 0xcf, 0xdc, 0x30, 0x9f, 0xef,
    0xcc, 0xff, 0xff, 0x30, 0x0, 0xe, 0x60, 0x6,
    0xf3, 0xc, 0x75, 0xd0, 0x9d, 0x0, 0x0, 0xe,
    0x60, 0x4f, 0x6c, 0xbf, 0x10, 0xc8, 0xf4, 0x0,
    0x0, 0xe, 0x60, 0x15, 0x52, 0xf6, 0x0, 0x3f,
    0x90, 0x0, 0x0, 0xe, 0xaa, 0x31, 0xbe, 0xe5,
    0x55, 0x57, 0xe2, 0x0, 0x3, 0x8f, 0xfc, 0x34,
    0xda, 0x9d, 0xdd, 0xd4, 0x7e, 0x50, 0x1f, 0xbf,
    0x70, 0x6f, 0x70, 0x0, 0x0, 0x0, 0x4, 0xb0,
    0x0, 0xe, 0x60, 0x2, 0xff, 0xff, 0xff, 0xff,
    0xfe, 0x0, 0x0, 0xe, 0x60, 0x0, 0x44, 0x44,
    0xf9, 0x44, 0x44, 0x0, 0x0, 0xe, 0x60, 0x0,
    0x3e, 0x20, 0xe7, 0x9, 0x80, 0x0, 0x0, 0xe,
    0x60, 0x0, 0xcc, 0x0, 0xe7, 0x5, 0xf5, 0x0,
    0x0, 0xe, 0x60, 0x9, 0xf3, 0x0, 0xe7, 0x0,
    0x9e, 0x10, 0x2, 0x4f, 0x60, 0x5f, 0x60, 0x44,
    0xf6, 0x0, 0x1e, 0x80, 0x6, 0xfd, 0x20, 0x3,
    0x0, 0xcf, 0xc2, 0x0, 0x2, 0x0,

    /* U+6536 "收" */
    0x0, 0x0, 0x1, 0x10, 0x0, 0x34, 0x0, 0x0,
    0x0, 0x0, 0x0, 0x0, 0x8f, 0x0, 0xb, 0xe0,
    0x0, 0x0, 0x0, 0x6, 0x20, 0x8, 0xf0, 0x0,
    0xf9, 0x0, 0x0, 0x0, 0x1, 0xf6, 0x0, 0x8f,
    0x0, 0x3f, 0x50, 0x0, 0x0, 0x0, 0x1f, 0x60,
    0x8, 0xf0, 0x8, 0xff, 0xff, 0xff, 0xff, 0x11,
    0xf6, 0x0, 0x8f, 0x0, 0xcd, 0x77, 0x77, 0xfc,
    0x70, 0x1f, 0x60, 0x8, 0xf0, 0x4f, 0xd0, 0x0,
    0x2f, 0x50, 0x1, 0xf6, 0x0, 0x8f, 0xc, 0xff,
    0x20, 0x5, 0xf1, 0x0, 0x1f, 0x60, 0x8, 0xf7,
    0xf5, 0xd7, 0x0, 0x9e, 0x0, 0x1, 0xf6, 0x0,
    0x8f, 0x7c, 0x8, 0xd0, 0xd, 0xa0, 0x0, 0x1f,
    0x60, 0x8, 0xf0, 0x10, 0x2f, 0x44, 0xf4, 0x0,
    0x1, 0xf6, 0x0, 0x9f, 0x0, 0x0, 0xcb, 0xad,
    0x0, 0x0, 0x1f, 0x99, 0xef, 0xf0, 0x0, 0x4,
    0xff, 0x60, 0x0, 0x7, 0xff, 0xfa, 0xbf, 0x0,
    0x0, 0xe, 0xf1, 0x0, 0x0, 0x7d, 0x71, 0x8,
    0xf0, 0x0, 0x8, 0xff, 0xa0, 0x0, 0x0, 0x0,
    0x0, 0x8f, 0x0, 0x6, 0xf9, 0x7f, 0x80, 0x0,
    0x0, 0x0, 0x8, 0xf0, 0x9, 0xfa, 0x0, 0x9f,
    0x90, 0x0, 0x0, 0x0, 0x8f, 0x2e, 0xf9, 0x0,
    0x0, 0x9f, 0xd1, 0x0, 0x0, 0x8, 0xf0, 0xb4,
    0x0, 0x0, 0x0, 0x58, 0x0,

    /* U+6570 "数" */
    0x0, 0x10, 0xa, 0x60, 0x11, 0x0, 0x46, 0x0,
    0x0, 0x0, 0x0, 0xf4, 0xd, 0x80, 0x9d, 0x0,
    0xac, 0x0, 0x0, 0x0, 0x0, 0x8d, 0xd, 0x82,
    0xf4, 0x0, 0xd9, 0x0, 0x0, 0x0, 0x0, 0x2a,
    0x1d, 0x94, 0x70, 0x1, 0xf6, 0x0, 0x0, 0x0,
    0xf, 0xff, 0xff, 0xff, 0xff, 0x94, 0xfe, 0xee,
    0xee, 0xd0, 0x3, 0x33, 0xcf, 0xf9, 0x33, 0x28,
    0xf8, 0x88, 0xfc, 0x70, 0x0, 0x9, 0xff, 0xbe,
    0xc2, 0xe, 0xf2, 0x0, 0xf6, 0x0, 0x2, 0xbf,
    0x3d, 0x81, 0xbc, 0x4f, 0xf6, 0x3, 0xf3, 0x0,
    0xe, 0xd3, 0xd, 0x80, 0x1, 0xdb, 0xaa, 0x6,
    0xf0, 0x0, 0x3, 0x0, 0x57, 0x0, 0x2, 0xf3,
    0x6e, 0xa, 0xc0, 0x0, 0x2, 0x44, 0xdc, 0x44,
    0x42, 0x20, 0x2f, 0x4f, 0x70, 0x0, 0x9, 0xff,
    0xff, 0xff, 0xfa, 0x0, 0xc, 0xdf, 0x10, 0x0,
    0x0, 0xd, 0xa0, 0x3, 0xf4, 0x0, 0x6, 0xfa,
    0x0, 0x0, 0x0, 0x7f, 0x50, 0xd, 0xc0, 0x0,
    0x6, 0xfa, 0x0, 0x0, 0x0, 0x3b, 0xfc, 0xae,
    0x10, 0x0, 0x3f, 0xdf, 0x50, 0x0, 0x0, 0x0,
    0x4f, 0xfd, 0x20, 0x1, 0xec, 0xb, 0xf2, 0x0,
    0x0, 0x18, 0xfc, 0x5c, 0xd0, 0x6f, 0xd1, 0x1,
    0xef, 0x50, 0xc, 0xfd, 0x60, 0x0, 0x1a, 0xfa,
    0x10, 0x0, 0x1c, 0xf2, 0x5, 0x30, 0x0, 0x0,
    0x5, 0x50, 0x0, 0x0, 0x0, 0x50,

    /* U+6587 "文" */
    0x0, 0x0, 0x0, 0x0, 0x3c, 0x40, 0x0, 0x0,
    0x0, 0x0, 0x0, 0x0, 0x0, 0x0, 0x1f, 0xd0,
    0x0, 0x0, 0x0, 0x0, 0x0, 0x0, 0x0, 0x0,
    0x8, 0xf4, 0x0, 0x0, 0x0, 0x0, 0x4, 0x44,
    0x44, 0x44, 0x46, 0xc6, 0x44, 0x44, 0x44, 0x40,
    0xf, 0xff, 0xff, 0xff, 0xff, 0xff, 0xff, 0xff,
    0xff, 0xf1, 0x3, 0x33, 0xbe, 0x33, 0x33, 0x33,
    0x33, 0xfc, 0x33, 0x30, 0x0, 0x0, 0x3f, 0x50,
    0x0, 0x0, 0x6, 0xf4, 0x0, 0x0, 0x0, 0x0,
    0xc, 0xd0, 0x0, 0x0, 0xd, 0xd0, 0x0, 0x0,
    0x0, 0x0, 0x4, 0xf6, 0x0, 0x0, 0x5f, 0x50,
    0x0, 0x0, 0x0, 0x0, 0x0, 0xbf, 0x20, 0x1,
    0xed, 0x0, 0x0, 0x0, 0x0, 0x0, 0x0, 0x1e,
    0xd0, 0xc, 0xf2, 0x0, 0x0, 0x0, 0x0, 0x0,
    0x0, 0x3, 0xfb, 0x9f, 0x50, 0x0, 0x0, 0x0,
    0x0, 0x0, 0x0, 0x0, 0x7f, 0xf9, 0x0, 0x0,
    0x0, 0x0, 0x0, 0x0, 0x0, 0x1, 0xbf, 0xfc,
    0x20, 0x0, 0x0, 0x0, 0x0, 0x0, 0x0, 0x6f,
    0xf6, 0x6f, 0xf7, 0x0, 0x0, 0x0, 0x0, 0x0,
    0x4c, 0xfc, 0x20, 0x2, 0xcf, 0xd5, 0x0, 0x0,
    0x2, 0x8e, 0xfe, 0x70, 0x0, 0x0, 0x7, 0xef,
    0xf9, 0x30, 0x1f, 0xfc, 0x60, 0x0, 0x0, 0x0,
    0x0, 0x5, 0xbf, 0xe1, 0x4, 0x30, 0x0, 0x0,
    0x0, 0x0, 0x0, 0x0, 0x2, 0x30,

    /* U+65E0 "无" */
    0x0, 0x57, 0x77, 0x77, 0x77, 0x77, 0x77, 0x77,
    0x76, 0x0, 0x0, 0xbf, 0xff, 0xff, 0xff, 0xff,
    0xff, 0xff, 0xfd, 0x0, 0x0, 0x0, 0x0, 0x0,
    0x2f, 0x60, 0x0, 0x0, 0x0, 0x0, 0x0, 0x0,
    0x0, 0x0, 0x3f, 0x40, 0x0, 0x0, 0x0, 0x0,
    0x0, 0x0, 0x0, 0x0, 0x4f, 0x30, 0x0, 0x0,
    0x0, 0x0, 0x0, 0x0, 0x0, 0x0, 0x5f, 0x20,
    0x0, 0x0, 0x0, 0x0, 0x7, 0x88, 0x88, 0x88,
    0xbf, 0x88, 0x88, 0x88, 0x88, 0x80, 0xe, 0xff,
    0xff, 0xff, 0xff, 0xff, 0xff, 0xff, 0xff, 0xf0,
    0x0, 0x0, 0x0, 0x0, 0xe9, 0xcc, 0x0, 0x0,
    0x0, 0x0, 0x0, 0x0, 0x0, 0x4, 0xf4, 0xcc,
    0x0, 0x0, 0x0, 0x0, 0x0, 0x0, 0x0, 0xa,
    0xf0, 0xcc, 0x0, 0x0, 0x0, 0x0, 0x0, 0x0,
    0x0, 0x4f, 0x80, 0xcc, 0x0, 0x0, 0x0, 0x0,
    0x0, 0x0, 0x0, 0xde, 0x0, 0xcc, 0x0, 0x0,
    0x2, 0x40, 0x0, 0x0, 0x1c, 0xf4, 0x0, 0xcc,
    0x0, 0x0, 0x5, 0xf2, 0x0, 0x2, 0xdf, 0x50,
    0x0, 0xcc, 0x0, 0x0, 0x7, 0xf0, 0x2, 0xaf,
    0xf4, 0x0, 0x0, 0xbf, 0x87, 0x77, 0x8e, 0xc0,
    0xe, 0xfa, 0x10, 0x0, 0x0, 0x3d, 0xff, 0xff,
    0xfd, 0x30, 0x2, 0x20, 0x0, 0x0, 0x0, 0x0,
    0x0, 0x0, 0x0, 0x0,

    /* U+65E5 "日" */
    0x37, 0x77, 0x77, 0x77, 0x77, 0x77, 0x74, 0x7f,
    0xff, 0xff, 0xff, 0xff, 0xff, 0xfa, 0x7f, 0x10,
    0x0, 0x0, 0x0, 0x0, 0xfa, 0x7f, 0x0, 0x0,
    0x0, 0x0, 0x0, 0xfa, 0x7f, 0x0, 0x0, 0x0,
    0x0, 0x0, 0xfa, 0x7f, 0x0, 0x0, 0x0, 0x0,
    0x0, 0xfa, 0x7f, 0x0, 0x0, 0x0, 0x0, 0x0,
    0xfa, 0x7f, 0x88, 0x88, 0x88, 0x88, 0x88, 0xfa,
    0x7f, 0xff, 0xff, 0xff, 0xff, 0xff, 0xfa, 0x7f,
    0x0, 0x0, 0x0, 0x0, 0x0, 0xfa, 0x7f, 0x0,
    0x0, 0x0, 0x0, 0x0, 0xfa, 0x7f, 0x0, 0x0,
    0x0, 0x0, 0x0, 0xfa, 0x7f, 0x0, 0x0, 0x0,
    0x0, 0x0, 0xfa, 0x7f, 0x0, 0x0, 0x0, 0x0,
    0x0, 0xfa, 0x7f, 0x77, 0x77, 0x77, 0x77, 0x77,
    0xfa, 0x7f, 0xff, 0xff, 0xff, 0xff, 0xff, 0xfa,
    0x7f, 0x10, 0x0, 0x0, 0x0, 0x0, 0xd9,

    /* U+65E9 "早" */
    0x0, 0xe, 0xff, 0xff, 0xff, 0xff, 0xff, 0xff,
    0xd0, 0x0, 0x0, 0xf, 0xb6, 0x66, 0x66, 0x66,
    0x66, 0x6c, 0xd0, 0x0, 0x0, 0xf, 0x80, 0x0,
    0x0, 0x0, 0x0, 0xa, 0xd0, 0x0, 0x0, 0xf,
    0xa5, 0x55, 0x55, 0x55, 0x55, 0x5c, 0xd0, 0x0,
    0x0, 0xf, 0xff, 0xff, 0xff, 0xff, 0xff, 0xff,
    0xd0, 0x0, 0x0, 0xf, 0x80, 0x0, 0x0, 0x0,
    0x0, 0xa, 0xd0, 0x0, 0x0, 0xf, 0x80, 0x0,
    0x0, 0x0, 0x0, 0xa, 0xd0, 0x0, 0x0, 0xf,
    0xff, 0xff, 0xff, 0xff, 0xff, 0xff, 0xd0, 0x0,
    0x0, 0x6, 0x66, 0x66, 0x6e, 0xd6, 0x66, 0x66,
    0x50, 0x0, 0x0, 0x0, 0x0, 0x0, 0xd, 0xb0,
    0x0, 0x0, 0x0, 0x0, 0x0, 0x0, 0x0, 0x0,
    0xd, 0xb0, 0x0, 0x0, 0x0, 0x0, 0x7, 0x77,
    0x77, 0x77, 0x7e, 0xd7, 0x77, 0x77, 0x77, 0x71,
    0xf, 0xff, 0xff, 0xff, 0xff, 0xff, 0xff, 0xff,
    0xff, 0xf2, 0x0, 0x0, 0x0, 0x0, 0xd, 0xb0,
    0x0, 0x0, 0x0, 0x0, 0x0, 0x0, 0x0, 0x0,
    0xd, 0xb0, 0x0, 0x0, 0x0, 0x0, 0x0, 0x0,
    0x0, 0x0, 0xd, 0xb0, 0x0, 0x0, 0x0, 0x0,
    0x0, 0x0, 0x0, 0x0, 0xd, 0xb0, 0x0, 0x0,
    0x0, 0x0, 0x0, 0x0, 0x0, 0x0, 0xd, 0xb0,
    0x0, 0x0, 0x0, 0x0,

    /* U+65F6 "时" */
    0x0, 0x0, 0x0, 0x0, 0x0, 0x0, 0x0, 0x8c,
    0x0, 0x1, 0x44, 0x44, 0x44, 0x0, 0x0, 0x0,
    0x9, 0xe0, 0x0, 0x5f, 0xff, 0xff, 0xe0, 0x0,
    0x0, 0x0, 0x9e, 0x0, 0x5, 0xf2, 0x11, 0x8e,
    0x0, 0x0, 0x0, 0x9, 0xe0, 0x0, 0x5f, 0x0,
    0x7, 0xe2, 0xff, 0xff, 0xff, 0xff, 0xff, 0x55,
    0xf0, 0x0, 0x7e, 0x18, 0x88, 0x88, 0x8c, 0xf8,
    0x83, 0x5f, 0x0, 0x7, 0xe0, 0x0, 0x0, 0x0,
    0x9e, 0x0, 0x5, 0xf6, 0x55, 0xae, 0x1, 0x70,
    0x0, 0x9, 0xe0, 0x0, 0x5f, 0xff, 0xff, 0xe0,
    0x2f, 0x90, 0x0, 0x9e, 0x0, 0x5, 0xf0, 0x0,
    0x7e, 0x0, 0x7f, 0x40, 0x9, 0xe0, 0x0, 0x5f,
    0x0, 0x7, 0xe0, 0x0, 0xce, 0x0, 0x9e, 0x0,
    0x5, 0xf0, 0x0, 0x7e, 0x0, 0x3, 0xf9, 0x9,
    0xe0, 0x0, 0x5f, 0x0, 0x7, 0xe0, 0x0, 0x8,
    0x60, 0x9e, 0x0, 0x5, 0xf7, 0x66, 0xae, 0x0,
    0x0, 0x0, 0x9, 0xe0, 0x0, 0x5f, 0xff, 0xff,
    0xe0, 0x0, 0x0, 0x0, 0x9e, 0x0, 0x5, 0xf0,
    0x0, 0x0, 0x0, 0x0, 0x0, 0x9, 0xe0, 0x0,
    0x27, 0x0, 0x0, 0x0, 0x0, 0x48, 0x88, 0xdd,
    0x0, 0x0, 0x0, 0x0, 0x0, 0x0, 0x4, 0xff,
    0xec, 0x40, 0x0,

    /* U+660E "明" */
    0x26, 0x66, 0x66, 0x61, 0xc, 0xcc, 0xcc, 0xcc,
    0xc7, 0x6f, 0xff, 0xff, 0xf2, 0xf, 0xc9, 0x99,
    0x99, 0xf8, 0x6f, 0x0, 0x3, 0xf2, 0xf, 0x70,
    0x0, 0x0, 0xe8, 0x6f, 0x0, 0x3, 0xf2, 0xf,
    0x70, 0x0, 0x0, 0xe8, 0x6f, 0x0, 0x3, 0xf2,
    0xf, 0x80, 0x0, 0x0, 0xe8, 0x6f, 0x65, 0x58,
    0xf2, 0xf, 0xff, 0xff, 0xff, 0xf8, 0x6f, 0xff,
    0xff, 0xf2, 0xf, 0xa4, 0x44, 0x44, 0xf8, 0x6f,
    0x0, 0x3, 0xf2, 0xf, 0x70, 0x0, 0x0, 0xe8,
    0x6f, 0x0, 0x3, 0xf2, 0xf, 0x60, 0x0, 0x0,
    0xe8, 0x6f, 0x0, 0x3, 0xf2, 0x1f, 0x72, 0x22,
    0x22, 0xe8, 0x6f, 0x0, 0x4, 0xf2, 0x3f, 0xff,
    0xff, 0xff, 0xf8, 0x6f, 0xff, 0xff, 0xf2, 0x6f,
    0x32, 0x22, 0x22, 0xe8, 0x6f, 0x55, 0x55, 0x50,
    0x9d, 0x0, 0x0, 0x0, 0xe8, 0x6f, 0x0, 0x0,
    0x1, 0xf8, 0x0, 0x0, 0x0, 0xe8, 0x26, 0x0,
    0x0, 0x7, 0xf2, 0x0, 0x0, 0x0, 0xe8, 0x0,
    0x0, 0x0, 0x2f, 0x90, 0x0, 0x0, 0x0, 0xe8,
    0x0, 0x0, 0x2, 0xde, 0x10, 0x0, 0x17, 0x67,
    0xf7, 0x0, 0x0, 0x5, 0xe2, 0x0, 0x0, 0xe,
    0xfe, 0xb1, 0x0, 0x0, 0x0, 0x0, 0x0, 0x0,
    0x0, 0x0, 0x0,

    /* U+661F "星" */
    0x0, 0x6f, 0xff, 0xff, 0xff, 0xff, 0xff, 0xfd,
    0x0, 0x0, 0x6f, 0x33, 0x33, 0x33, 0x33, 0x33,
    0xbd, 0x0, 0x0, 0x6f, 0x0, 0x0, 0x0, 0x0,
    0x0, 0xad, 0x0, 0x0, 0x6f, 0xff, 0xff, 0xff,
    0xff, 0xff, 0xfd, 0x0, 0x0, 0x6f, 0x21, 0x11,
    0x11, 0x11, 0x11, 0xbd, 0x0, 0x0, 0x6f, 0x11,
    0x11, 0x11, 0x11, 0x11, 0xad, 0x0, 0x0, 0x6f,
    0xff, 0xff, 0xff, 0xff, 0xff, 0xfd, 0x0, 0x0,
    0x7, 0xc3, 0x11, 0x6a, 0x11, 0x11, 0x11, 0x0,
    0x0, 0x1e, 0xc0, 0x0, 0x9f, 0x0, 0x0, 0x0,
    0x0, 0x0, 0xbf, 0xff, 0xff, 0xff, 0xff, 0xff,
    0xff, 0xa0, 0xa, 0xf7, 0x44, 0x44, 0xbf, 0x44,
    0x44, 0x44, 0x30, 0x8f, 0x60, 0x0, 0x0, 0x9f,
    0x0, 0x0, 0x0, 0x0, 0x3, 0x2d, 0xdd, 0xdd,
    0xff, 0xdd, 0xdd, 0xdb, 0x0, 0x0, 0x5, 0x55,
    0x55, 0xbf, 0x55, 0x55, 0x54, 0x0, 0x0, 0x0,
    0x0, 0x0, 0x9f, 0x0, 0x0, 0x0, 0x0, 0x24,
    0x44, 0x44, 0x44, 0xbf, 0x44, 0x44, 0x44, 0x44,
    0x8f, 0xff, 0xff, 0xff, 0xff, 0xff, 0xff, 0xff,
    0xfe,

    /* U+6628 "昨" */
    0x0, 0x0, 0x0, 0x0, 0x4, 0x70, 0x0, 0x0,
    0x0, 0x0, 0x11, 0x11, 0x10, 0x0, 0xcd, 0x0,
    0x0, 0x0, 0x0, 0x7f, 0xff, 0xff, 0x60, 0x1f,
    0x80, 0x0, 0x0, 0x0, 0x7, 0xf4, 0x44, 0xf6,
    0x6, 0xf9, 0x66, 0x66, 0x66, 0x61, 0x7e, 0x0,
    0xf, 0x60, 0xcf, 0xff, 0xff, 0xff, 0xff, 0x47,
    0xe0, 0x0, 0xf6, 0x5f, 0x62, 0xf5, 0x0, 0x0,
    0x0, 0x7e, 0x0, 0xf, 0x7d, 0xd0, 0x2f, 0x50,
    0x0, 0x0, 0x7, 0xf7, 0x77, 0xfb, 0xf4, 0x2,
    0xf9, 0x55, 0x55, 0x50, 0x7f, 0xdd, 0xdf, 0x63,
    0x0, 0x2f, 0xff, 0xff, 0xfd, 0x7, 0xe0, 0x0,
    0xf6, 0x0, 0x2, 0xf5, 0x0, 0x0, 0x0, 0x7e,
    0x0, 0xf, 0x60, 0x0, 0x2f, 0x50, 0x0, 0x0,
    0x7, 0xe0, 0x0, 0xf6, 0x0, 0x2, 0xf5, 0x0,
    0x0, 0x0, 0x7e, 0x0, 0xf, 0x60, 0x0, 0x2f,
    0xed, 0xdd, 0xdd, 0x7, 0xf6, 0x66, 0xf6, 0x0,
    0x2, 0xfb, 0x88, 0x88, 0x80, 0x7f, 0xff, 0xff,
    0x60, 0x0, 0x2f, 0x50, 0x0, 0x0, 0x7, 0xe0,
    0x0, 0x0, 0x0, 0x2, 0xf5, 0x0, 0x0, 0x0,
    0x36, 0x0, 0x0, 0x0, 0x0, 0x2f, 0x50, 0x0,
    0x0, 0x0, 0x0, 0x0, 0x0, 0x0, 0x2, 0xf5,
    0x0, 0x0, 0x0, 0x0, 0x0, 0x0, 0x0, 0x0,
    0x2f, 0x50, 0x0, 0x0, 0x0,

    /* U+662F "是" */
    0x0, 0xa, 0xff, 0xff, 0xff, 0xff, 0xff, 0xff,
    0xa0, 0x0, 0x0, 0xa, 0xd2, 0x22, 0x22, 0x22,
    0x22, 0x2d, 0xa0, 0x0, 0x0, 0xa, 0xc1, 0x11,
    0x11, 0x11, 0x11, 0x1d, 0xa0, 0x0, 0x0, 0xa,
    0xff, 0xff, 0xff, 0xff, 0xff, 0xff, 0xa0, 0x0,
    0x0, 0xa, 0xc0, 0x0, 0x0, 0x0, 0x0, 0xd,
    0xa0, 0x0, 0x0, 0xa, 0xd4, 0x44, 0x44, 0x44,
    0x44, 0x4e, 0xa0, 0x0, 0x0, 0x9, 0xdd, 0xdd,
    0xdd, 0xdd, 0xdd, 0xdd, 0x90, 0x0, 0x0, 0x0,
    0x0, 0x0, 0x0, 0x0, 0x0, 0x0, 0x0, 0x0,
    0xb, 0xff, 0xff, 0xff, 0xff, 0xff, 0xff, 0xff,
    0xff, 0xe0, 0x4, 0x55, 0x55, 0x55, 0x5b, 0xf5,
    0x55, 0x55, 0x55, 0x50, 0x0, 0x0, 0x6d, 0x0,
    0x8, 0xf0, 0x0, 0x0, 0x0, 0x0, 0x0, 0x0,
    0xbd, 0x0, 0x8, 0xf5, 0x55, 0x55, 0x53, 0x0,
    0x0, 0x1, 0xfd, 0x0, 0x8, 0xff, 0xff, 0xff,
    0xf8, 0x0, 0x0, 0x9, 0xff, 0x70, 0x8, 0xf0,
    0x0, 0x0, 0x0, 0x0, 0x0, 0x4f, 0x85, 0xfa,
    0x28, 0xf0, 0x0, 0x0, 0x0, 0x0, 0x3, 0xed,
    0x0, 0x5e, 0xfe, 0xf7, 0x76, 0x66, 0x66, 0x61,
    0xe, 0xd1, 0x0, 0x0, 0x6a, 0xde, 0xff, 0xff,
    0xff, 0xe0, 0x2, 0x10, 0x0, 0x0, 0x0, 0x0,
    0x0, 0x0, 0x0, 0x0,

    /* U+665A "晚" */
    0x0, 0x0, 0x0, 0x0, 0x2, 0xb2, 0x0, 0x0,
    0x0, 0x2, 0x44, 0x44, 0x40, 0x0, 0xae, 0x11,
    0x10, 0x0, 0x0, 0x6f, 0xff, 0xff, 0x0, 0x3f,
    0xff, 0xff, 0xf2, 0x0, 0x6, 0xe0, 0x5, 0xf0,
    0x1d, 0xd3, 0x33, 0xeb, 0x0, 0x0, 0x6e, 0x0,
    0x5f, 0x1c, 0xf3, 0x0, 0x8e, 0x10, 0x0, 0x6,
    0xe0, 0x5, 0xfb, 0xff, 0xff, 0xff, 0xff, 0xff,
    0x60, 0x6e, 0x0, 0x5f, 0x9d, 0xf5, 0x5a, 0xf5,
    0x55, 0xf6, 0x6, 0xf6, 0x69, 0xf0, 0x6e, 0x0,
    0x8e, 0x0, 0xf, 0x60, 0x6f, 0xff, 0xff, 0x6,
    0xe0, 0xa, 0xc0, 0x0, 0xf6, 0x6, 0xe0, 0x5,
    0xf0, 0x6e, 0x0, 0xba, 0x0, 0xf, 0x60, 0x6e,
    0x0, 0x5f, 0x6, 0xff, 0xff, 0xff, 0xff, 0xf6,
    0x6, 0xe0, 0x5, 0xf0, 0x25, 0x57, 0xfc, 0xf5,
    0x55, 0x20, 0x6e, 0x0, 0x5f, 0x0, 0x0, 0x8e,
    0x7f, 0x0, 0x0, 0x6, 0xf6, 0x6a, 0xf0, 0x0,
    0x2f, 0x87, 0xf0, 0x0, 0x0, 0x6f, 0xee, 0xee,
    0x0, 0x1d, 0xd0, 0x7f, 0x0, 0x3, 0x6, 0xe0,
    0x0, 0x0, 0x4e, 0xe3, 0x7, 0xf0, 0x0, 0xf4,
    0x13, 0x0, 0x5, 0xbf, 0xc1, 0x0, 0x6f, 0x65,
    0x7f, 0x20, 0x0, 0x7, 0xfc, 0x60, 0x0, 0x2,
    0xdf, 0xff, 0xa0, 0x0, 0x0, 0x3, 0x0, 0x0,
    0x0, 0x0, 0x0, 0x0, 0x0,

    /* U+6668 "晨" */
    0x0, 0xa, 0xff, 0xff, 0xff, 0xff, 0xff, 0xff,
    0xe0, 0x0, 0x0, 0xa, 0xc1, 0x11, 0x11, 0x11,
    0x11, 0x1a, 0xe0, 0x0, 0x0, 0xa, 0xfe, 0xee,
    0xee, 0xee, 0xee, 0xef, 0xe0, 0x0, 0x0, 0xa,
    0xc2, 0x22, 0x22, 0x22, 0x22, 0x2a, 0xe0, 0x0,
    0x0, 0xa, 0xc2, 0x22, 0x22, 0x22, 0x22, 0x2a,
    0xe0, 0x0, 0x0, 0x9, 0xee, 0xee, 0xee, 0xee,
    0xee, 0xee, 0xd0, 0x0, 0x0, 0x12, 0x22, 0x22,
    0x22, 0x22, 0x22, 0x22, 0x22, 0x10, 0x0, 0x8f,
    0xff, 0xff, 0xff, 0xff, 0xff, 0xff, 0xff, 0x90,
    0x0, 0x8f, 0x0, 0x0, 0x0, 0x0, 0x0, 0x0,
    0x0, 0x0, 0x0, 0x8f, 0xc, 0xff, 0xff, 0xff,
    0xff, 0xff, 0xe0, 0x0, 0x0, 0x9f, 0x0, 0x0,
    0x0, 0x0, 0x0, 0x0, 0x0, 0x0, 0x0, 0xaf,
    0xff, 0xff, 0xff, 0xff, 0xff, 0xff, 0xff, 0xd0,
    0x0, 0xbd, 0x33, 0xeb, 0x33, 0xae, 0x43, 0x33,
    0xa6, 0x20, 0x0, 0xe9, 0x0, 0xd9, 0x0, 0xc,
    0xe2, 0x5d, 0xd4, 0x0, 0x2, 0xf6, 0x0, 0xe9,
    0x0, 0x2, 0xaf, 0xf7, 0x0, 0x0, 0x8, 0xf1,
    0x2, 0xfc, 0x8b, 0xf9, 0x6, 0xef, 0xb6, 0x30,
    0xf, 0xa0, 0xb, 0xff, 0xb7, 0x40, 0x0, 0x5,
    0xbf, 0xd0, 0x3, 0x20, 0x2, 0x40, 0x0, 0x0,
    0x0, 0x0, 0x0, 0x10,

    /* U+66F4 "更" */
    0xe, 0xff, 0xff, 0xff, 0xff, 0xff, 0xff, 0xff,
    0xff, 0x70, 0x5, 0x66, 0x66, 0x66, 0x6e, 0xd6,
    0x66, 0x66, 0x66, 0x30, 0x0, 0x0, 0x0, 0x0,
    0xd, 0xa0, 0x0, 0x0, 0x0, 0x0, 0x0, 0x1e,
    0xee, 0xee, 0xef, 0xfe, 0xee, 0xee, 0xe3, 0x0,
    0x0, 0x1f, 0x95, 0x55, 0x5e, 0xc5, 0x55, 0x58,
    0xf3, 0x0, 0x0, 0x1f, 0x50, 0x0, 0xd, 0xa0,
    0x0, 0x3, 0xf3, 0x0, 0x0, 0x1f, 0x83, 0x33,
    0x3e, 0xc3, 0x33, 0x36, 0xf3, 0x0, 0x0, 0x1f,
    0xff, 0xff, 0xff, 0xff, 0xff, 0xff, 0xf3, 0x0,
    0x0, 0x1f, 0x50, 0x0, 0xe, 0xa0, 0x0, 0x3,
    0xf3, 0x0, 0x0, 0x1f, 0x72, 0x22, 0x2e, 0xb2,
    0x22, 0x26, 0xf3, 0x0, 0x0, 0x1f, 0xff, 0xff,
    0xff, 0xff, 0xff, 0xff, 0xf3, 0x0, 0x0, 0x3,
    0xb3, 0x0, 0x5f, 0x50, 0x0, 0x0, 0x0, 0x0,
    0x0, 0x0, 0xcd, 0x20, 0xce, 0x0, 0x0, 0x0,
    0x0, 0x0, 0x0, 0x0, 0x1c, 0xfc, 0xf3, 0x0,
    0x0, 0x0, 0x0, 0x0, 0x0, 0x0, 0x18, 0xff,
    0xe8, 0x30, 0x0, 0x0, 0x0, 0x0, 0x5, 0x8c,
    0xfe, 0x72, 0x7e, 0xff, 0xdb, 0xa8, 0x77, 0x60,
    0xd, 0xfb, 0x60, 0x0, 0x0, 0x25, 0x9b, 0xde,
    0xff, 0xc0, 0x1, 0x0, 0x0, 0x0, 0x0, 0x0,
    0x0, 0x0, 0x0, 0x0,

    /* U+6709 "有" */
    0x0, 0x0, 0x0, 0x2, 0xa3, 0x0, 0x0, 0x0,
    0x0, 0x0, 0x0, 0x0, 0x0, 0x7f, 0x20, 0x0,
    0x0, 0x0, 0x0, 0x1, 0x33, 0x33, 0x3d, 0xd3,
    0x33, 0x33, 0x33, 0x33, 0x20, 0x9f, 0xff, 0xff,
    0xff, 0xff, 0xff, 0xff, 0xff, 0xfe, 0x1, 0x33,
    0x33, 0xde, 0x33, 0x33, 0x33, 0x33, 0x33, 0x20,
    0x0, 0x0, 0x5f, 0x60, 0x0, 0x0, 0x0, 0x0,
    0x0, 0x0, 0x0, 0x1e, 0xf6, 0x66, 0x66, 0x66,
    0x66, 0x30, 0x0, 0x0, 0x9, 0xff, 0xff, 0xff,
    0xff, 0xff, 0xf9, 0x0, 0x0, 0x6, 0xff, 0xb0,
    0x0, 0x0, 0x0, 0xe, 0x90, 0x0, 0x5, 0xfa,
    0xcb, 0x0, 0x0, 0x0, 0x0, 0xe9, 0x0, 0x8,
    0xfb, 0xb, 0xff, 0xff, 0xff, 0xff, 0xff, 0x90,
    0x0, 0x88, 0x0, 0xbc, 0x33, 0x33, 0x33, 0x33,
    0xe9, 0x0, 0x0, 0x0, 0xb, 0xb0, 0x0, 0x0,
    0x0, 0xe, 0x90, 0x0, 0x0, 0x0, 0xbf, 0xee,
    0xee, 0xee, 0xee, 0xf9, 0x0, 0x0, 0x0, 0xb,
    0xd6, 0x66, 0x66, 0x66, 0x6e, 0x90, 0x0, 0x0,
    0x0, 0xbb, 0x0, 0x0, 0x0, 0x0, 0xe9, 0x0,
    0x0, 0x0, 0xb, 0xb0, 0x0, 0x0, 0x0, 0xe,
    0x90, 0x0, 0x0, 0x0, 0xbb, 0x0, 0x0, 0x17,
    0x77, 0xf8, 0x0, 0x0, 0x0, 0xb, 0xb0, 0x0,
    0x0, 0xef, 0xeb, 0x20, 0x0,

    /* U+670B "朋" */
    0x0, 0x7e, 0xee, 0xee, 0xe0, 0xc, 0xee, 0xee,
    0xee, 0x10, 0x7, 0xf7, 0x77, 0xbf, 0x0, 0xdc,
    0x77, 0x7a, 0xf1, 0x0, 0x7e, 0x0, 0x6, 0xf0,
    0xd, 0x90, 0x0, 0x5f, 0x10, 0x7, 0xe0, 0x0,
    0x6f, 0x0, 0xd9, 0x0, 0x5, 0xf1, 0x0, 0x7f,
    0x33, 0x38, 0xf0, 0xd, 0xa3, 0x33, 0x7f, 0x10,
    0x7, 0xff, 0xff, 0xff, 0x0, 0xdf, 0xff, 0xff,
    0xf1, 0x0, 0x7e, 0x22, 0x28, 0xf0, 0xd, 0xa2,
    0x22, 0x6f, 0x10, 0x8, 0xe0, 0x0, 0x6f, 0x0,
    0xd9, 0x0, 0x5, 0xf1, 0x0, 0x9e, 0x0, 0x6,
    0xf0, 0xe, 0x80, 0x0, 0x5f, 0x10, 0xa, 0xe6,
    0x66, 0xaf, 0x0, 0xeb, 0x66, 0x69, 0xf1, 0x0,
    0xbf, 0xee, 0xef, 0xf0, 0xf, 0xfe, 0xee, 0xff,
    0x10, 0xc, 0xb0, 0x0, 0x6f, 0x2, 0xf5, 0x0,
    0x5, 0xf1, 0x0, 0xe8, 0x0, 0x6, 0xf0, 0x6f,
    0x10, 0x0, 0x5f, 0x10, 0x2f, 0x50, 0x0, 0x6f,
    0xa, 0xe0, 0x0, 0x5, 0xf1, 0x7, 0xf1, 0x0,
    0x6, 0xf1, 0xfa, 0x0, 0x0, 0x5f, 0x10, 0xeb,
    0x0, 0x79, 0xde, 0x8f, 0x30, 0x17, 0x7a, 0xf0,
    0x2e, 0x30, 0x6, 0xca, 0x4b, 0xa0, 0x0, 0xef,
    0xe8, 0x0, 0x0, 0x0, 0x0, 0x0, 0x0, 0x0,
    0x0, 0x0, 0x0,

    /* U+670D "服" */
    0x0, 0x0, 0x0, 0x0, 0x0, 0x0, 0x0, 0x0,
    0x0, 0x0, 0x0, 0xdf, 0xff, 0xff, 0x4, 0xff,
    0xff, 0xff, 0xff, 0x30, 0x0, 0xda, 0x55, 0xaf,
    0x4, 0xf7, 0x66, 0x66, 0x8f, 0x30, 0x0, 0xd7,
    0x0, 0x6f, 0x4, 0xf2, 0x0, 0x0, 0x3f, 0x30,
    0x0, 0xd7, 0x0, 0x6f, 0x4, 0xf2, 0x0, 0x0,
    0x3f, 0x30, 0x0, 0xdc, 0x88, 0xbf, 0x4, 0xf2,
    0x1, 0xef, 0xfe, 0x10, 0x0, 0xdf, 0xee, 0xff,
    0x4, 0xf2, 0x0, 0x34, 0x30, 0x0, 0x0, 0xd7,
    0x0, 0x6f, 0x4, 0xf5, 0x33, 0x33, 0x33, 0x10,
    0x0, 0xd7, 0x0, 0x6f, 0x4, 0xff, 0xff, 0xff,
    0xff, 0xa0, 0x0, 0xe7, 0x0, 0x6f, 0x4, 0xf7,
    0xf4, 0x22, 0x3f, 0x60, 0x0, 0xeb, 0x77, 0xbf,
    0x4, 0xf2, 0xe7, 0x0, 0x4f, 0x10, 0x0, 0xff,
    0xff, 0xff, 0x4, 0xf2, 0x8d, 0x0, 0xad, 0x0,
    0x0, 0xf4, 0x0, 0x6f, 0x4, 0xf2, 0x2f, 0x52,
    0xf6, 0x0, 0x1, 0xf2, 0x0, 0x6f, 0x4, 0xf2,
    0x9, 0xea, 0xd0, 0x0, 0x4, 0xf0, 0x0, 0x6f,
    0x4, 0xf2, 0x1, 0xff, 0x50, 0x0, 0x7, 0xe0,
    0x0, 0x6f, 0x4, 0xf2, 0x2, 0xef, 0x60, 0x0,
    0xb, 0xa0, 0x0, 0x6f, 0x4, 0xf2, 0x2e, 0xda,
    0xf6, 0x0, 0x1f, 0x50, 0x56, 0xbe, 0x4, 0xf7,
    0xfd, 0x10, 0x9f, 0xb1, 0x1c, 0x10, 0x9f, 0xe7,
    0x4, 0xf6, 0x90, 0x0, 0x6, 0xc0, 0x0, 0x0,
    0x0, 0x0, 0x0, 0x0, 0x0, 0x0, 0x0, 0x0,

    /* U+671F "期" */
    0x0, 0x5, 0x10, 0x0, 0x51, 0x0, 0x0, 0x0,
    0x0, 0x0, 0x1, 0xf4, 0x0, 0x1f, 0x40, 0x2a,
    0xaa, 0xaa, 0xa5, 0x1, 0x3f, 0x52, 0x23, 0xf6,
    0x14, 0xfa, 0x99, 0x9f, 0x80, 0xcf, 0xff, 0xff,
    0xff, 0xfc, 0x4f, 0x10, 0x0, 0xe8, 0x2, 0x4f,
    0x63, 0x34, 0xf7, 0x24, 0xf1, 0x0, 0xe, 0x80,
    0x1, 0xf4, 0x0, 0x1f, 0x40, 0x4f, 0x43, 0x33,
    0xf8, 0x0, 0x1f, 0xff, 0xff, 0xf4, 0x4, 0xff,
    0xff, 0xff, 0x80, 0x1, 0xf6, 0x22, 0x4f, 0x40,
    0x4f, 0x31, 0x11, 0xe8, 0x0, 0x1f, 0x40, 0x1,
    0xf4, 0x4, 0xf1, 0x0, 0xe, 0x80, 0x1, 0xff,
    0xff, 0xff, 0x40, 0x5f, 0x10, 0x0, 0xe8, 0x0,
    0x1f, 0x74, 0x45, 0xf4, 0x6, 0xfa, 0xaa, 0xaf,
    0x80, 0x1, 0xf4, 0x0, 0x1f, 0x40, 0x7f, 0xee,
    0xee, 0xf8, 0x6, 0x7f, 0x96, 0x67, 0xf9, 0x58,
    0xe0, 0x0, 0xe, 0x81, 0xee, 0xee, 0xee, 0xee,
    0xeb, 0xbb, 0x0, 0x0, 0xe8, 0x0, 0x6, 0x80,
    0x1a, 0x20, 0xe, 0x80, 0x0, 0xe, 0x80, 0x3,
    0xf8, 0x0, 0xbe, 0x13, 0xf4, 0x0, 0x0, 0xe8,
    0x4, 0xfb, 0x0, 0x0, 0xe9, 0xbd, 0x0, 0x36,
    0x7f, 0x70, 0x9b, 0x0, 0x0, 0x1, 0xb, 0x60,
    0x5, 0xff, 0xc2, 0x0, 0x0, 0x0, 0x0, 0x0,
    0x0, 0x0, 0x0, 0x0, 0x0,

    /* U+672A "未" */
    0x0, 0x0, 0x0, 0x0, 0x4, 0x50, 0x0, 0x0,
    0x0, 0x0, 0x0, 0x0, 0x0, 0x0, 0xb, 0xd0,
    0x0, 0x0, 0x0, 0x0, 0x0, 0x0, 0x0, 0x0,
    0xb, 0xd0, 0x0, 0x0, 0x0, 0x0, 0x0, 0x28,
    0x88, 0x88, 0x8e, 0xe8, 0x88, 0x88, 0x84, 0x0,
    0x0, 0x4f, 0xff, 0xff, 0xff, 0xff, 0xff, 0xff,
    0xf8, 0x0, 0x0, 0x0, 0x0, 0x0, 0xb, 0xd0,
    0x0, 0x0, 0x0, 0x0, 0x0, 0x0, 0x0, 0x0,
    0xb, 0xd0, 0x0, 0x0, 0x0, 0x0, 0x0, 0x0,
    0x0, 0x0, 0xb, 0xd0, 0x0, 0x0, 0x0, 0x0,
    0x5, 0x88, 0x88, 0x88, 0x8e, 0xe8, 0x88, 0x88,
    0x88, 0x70, 0xa, 0xff, 0xff, 0xff, 0xff, 0xff,
    0xff, 0xff, 0xff, 0xe0, 0x0, 0x0, 0x0, 0x1,
    0xef, 0xff, 0x20, 0x0, 0x0, 0x0, 0x0, 0x0,
    0x0, 0xc, 0xed, 0xdc, 0xd1, 0x0, 0x0, 0x0,
    0x0, 0x0, 0x0, 0xbf, 0x3b, 0xd1, 0xec, 0x10,
    0x0, 0x0, 0x0, 0x0, 0xb, 0xf5, 0xb, 0xd0,
    0x3f, 0xd1, 0x0, 0x0, 0x0, 0x2, 0xdf, 0x50,
    0xb, 0xd0, 0x3, 0xfe, 0x40, 0x0, 0x0, 0x7f,
    0xe4, 0x0, 0xb, 0xd0, 0x0, 0x2d, 0xf8, 0x10,
    0xd, 0xfc, 0x20, 0x0, 0xb, 0xd0, 0x0, 0x1,
    0xbf, 0xe2, 0x6, 0x60, 0x0, 0x0, 0xb, 0xd0,
    0x0, 0x0, 0x5, 0x80, 0x0, 0x0, 0x0, 0x0,
    0xb, 0xd0, 0x0, 0x0, 0x0, 0x0,

    /* U+672C "本" */
    0x0, 0x0, 0x0, 0x0, 0x3, 0x50, 0x0, 0x0,
    0x0, 0x0, 0x0, 0x0, 0x0, 0x0, 0x9, 0xf0,
    0x0, 0x0, 0x0, 0x0, 0x0, 0x0, 0x0, 0x0,
    0x9, 0xf0, 0x0, 0x0, 0x0, 0x0, 0x0, 0x0,
    0x0, 0x0, 0x9, 0xf0, 0x0, 0x0, 0x0, 0x0,
    0x4, 0x88, 0x88, 0x88, 0x8d, 0xf8, 0x88, 0x88,
    0x88, 0x80, 0x7, 0xff, 0xff, 0xff, 0xff, 0xff,
    0xff, 0xff, 0xff, 0xe0, 0x0, 0x0, 0x0, 0xb,
    0xc9, 0xf7, 0xf1, 0x0, 0x0, 0x0, 0x0, 0x0,
    0x0, 0x4f, 0x59, 0xf1, 0xf8, 0x0, 0x0, 0x0,
    0x0, 0x0, 0x0, 0xcd, 0x9, 0xf0, 0x9f, 0x10,
    0x0, 0x0, 0x0, 0x0, 0x7, 0xf4, 0x9, 0xf0,
    0x1e, 0xb0, 0x0, 0x0, 0x0, 0x0, 0x2f, 0xa0,
    0x9, 0xf0, 0x6, 0xf7, 0x0, 0x0, 0x0, 0x1,
    0xde, 0x10, 0x9, 0xf0, 0x0, 0xbf, 0x50, 0x0,
    0x0, 0x1c, 0xf3, 0x0, 0x9, 0xf0, 0x0, 0x1d,
    0xf5, 0x0, 0x2, 0xdf, 0x88, 0x88, 0x8d, 0xf8,
    0x88, 0x87, 0xef, 0x80, 0xc, 0xf5, 0x4f, 0xff,
    0xff, 0xff, 0xff, 0xf9, 0x1d, 0xf3, 0x1, 0x30,
    0x0, 0x0, 0x9, 0xf0, 0x0, 0x0, 0x0, 0x30,
    0x0, 0x0, 0x0, 0x0, 0x9, 0xf0, 0x0, 0x0,
    0x0, 0x0, 0x0, 0x0, 0x0, 0x0, 0x9, 0xf0,
    0x0, 0x0, 0x0, 0x0, 0x0, 0x0, 0x0, 0x0,
    0x9, 0xf0, 0x0, 0x0, 0x0, 0x0,

    /* U+6735 "朵" */
    0x0, 0x0, 0x1, 0x22, 0x22, 0x22, 0x22, 0x0,
    0x0, 0x0, 0x0, 0x0, 0x9, 0xff, 0xff, 0xff,
    0xff, 0x40, 0x0, 0x0, 0x0, 0x0, 0x9, 0xf4,
    0x44, 0x44, 0x7f, 0x40, 0x0, 0x0, 0x0, 0x0,
    0x9, 0xe0, 0x0, 0x0, 0x3f, 0x40, 0x0, 0x0,
    0x0, 0x0, 0xc, 0xc0, 0x0, 0x0, 0x3f, 0x40,
    0x0, 0x0, 0x0, 0x0, 0x2f, 0x60, 0x0, 0x0,
    0x3f, 0x40, 0x0, 0x0, 0x0, 0x1, 0xdd, 0x0,
    0x0, 0x0, 0x3f, 0x50, 0x0, 0x0, 0x0, 0x5e,
    0xd1, 0x0, 0x0, 0x0, 0x1f, 0xff, 0xff, 0x70,
    0x6, 0xf9, 0x0, 0x0, 0xe, 0x80, 0x2, 0x67,
    0x77, 0x30, 0x0, 0x0, 0x0, 0x0, 0xf, 0x80,
    0x0, 0x0, 0x0, 0x0, 0xe, 0xff, 0xff, 0xff,
    0xff, 0xff, 0xff, 0xff, 0xff, 0x70, 0x6, 0x77,
    0x77, 0x7a, 0xff, 0xff, 0x77, 0x77, 0x77, 0x30,
    0x0, 0x0, 0x0, 0x2e, 0xbf, 0xbe, 0xa0, 0x0,
    0x0, 0x0, 0x0, 0x0, 0x4, 0xec, 0x1f, 0x83,
    0xfb, 0x10, 0x0, 0x0, 0x0, 0x0, 0x7f, 0xc1,
    0xf, 0x80, 0x3e, 0xe4, 0x0, 0x0, 0x0, 0x4d,
    0xf9, 0x0, 0xf, 0x80, 0x1, 0xcf, 0xb3, 0x0,
    0x1d, 0xfe, 0x50, 0x0, 0xf, 0x80, 0x0, 0x6,
    0xff, 0xb0, 0x9, 0x80, 0x0, 0x0, 0xf, 0x80,
    0x0, 0x0, 0x7, 0x30, 0x0, 0x0, 0x0, 0x0,
    0xf, 0x80, 0x0, 0x0, 0x0, 0x0,

    /* U+673A "机" */
    0x0, 0x0, 0x34, 0x0, 0x0, 0x0, 0x0, 0x0,
    0x0, 0x0, 0x0, 0x0, 0xad, 0x0, 0x0, 0x77,
    0x77, 0x77, 0x40, 0x0, 0x0, 0x0, 0xad, 0x0,
    0x0, 0xef, 0xff, 0xff, 0x80, 0x0, 0x0, 0x0,
    0xad, 0x0, 0x0, 0xe8, 0x0, 0xe, 0x80, 0x0,
    0x7, 0x77, 0xde, 0x77, 0x60, 0xe8, 0x0, 0xe,
    0x80, 0x0, 0xe, 0xff, 0xff, 0xff, 0xb0, 0xe8,
    0x0, 0xe, 0x80, 0x0, 0x0, 0x1, 0xfd, 0x0,
    0x0, 0xe8, 0x0, 0xe, 0x80, 0x0, 0x0, 0x6,
    0xfd, 0x0, 0x0, 0xf8, 0x0, 0xe, 0x80, 0x0,
    0x0, 0xd, 0xff, 0x90, 0x0, 0xf8, 0x0, 0xe,
    0x80, 0x0, 0x0, 0x3f, 0xbe, 0xe9, 0x0, 0xf7,
    0x0, 0xe, 0x80, 0x0, 0x0, 0xa9, 0xad, 0x3f,
    0x81, 0xf6, 0x0, 0xe, 0x80, 0x0, 0x3, 0xf2,
    0xad, 0x7, 0x63, 0xf4, 0x0, 0xe, 0x80, 0x0,
    0xd, 0xa0, 0xad, 0x0, 0x6, 0xf2, 0x0, 0xe,
    0x80, 0x0, 0x3f, 0x20, 0xad, 0x0, 0xc, 0xf0,
    0x0, 0xe, 0x80, 0x93, 0x2, 0x0, 0xad, 0x0,
    0x2f, 0xa0, 0x0, 0xe, 0x80, 0xc5, 0x0, 0x0,
    0xad, 0x0, 0xbf, 0x40, 0x0, 0xe, 0x80, 0xd5,
    0x0, 0x0, 0xad, 0x7, 0xfd, 0x0, 0x0, 0xe,
    0xc7, 0xf3, 0x0, 0x0, 0xad, 0xc, 0xf3, 0x0,
    0x0, 0x7, 0xef, 0xb0, 0x0, 0x0, 0xad, 0x2,
    0x70, 0x0, 0x0, 0x0, 0x0, 0x0, 0x0, 0x0,
    0x0, 0x0, 0x0, 0x0, 0x0, 0x0, 0x0, 0x0,

    /* U+6761 "条" */
    0x0, 0x0, 0x0, 0x9, 0xa0, 0x0, 0x0, 0x0,
    0x0, 0x0, 0x0, 0x0, 0x0, 0x6f, 0x70, 0x0,
    0x0, 0x0, 0x0, 0x0, 0x0, 0x0, 0x6, 0xff,
    0xff, 0xff, 0xff, 0xf5, 0x0, 0x0, 0x0, 0x0,
    0x8f, 0xf7, 0x55, 0x55, 0x6f, 0xd0, 0x0, 0x0,
    0x0, 0x4d, 0xf7, 0xbe, 0x30, 0x2, 0xde, 0x20,
    0x0, 0x0, 0x3, 0xfb, 0x20, 0x9, 0xf8, 0x7f,
    0xb1, 0x0, 0x0, 0x0, 0x0, 0x10, 0x0, 0x2,
    0xcf, 0xfd, 0x30, 0x0, 0x0, 0x0, 0x0, 0x0,
    0x37, 0xdf, 0xd7, 0x7d, 0xfd, 0x84, 0x10, 0x0,
    0x1a, 0xdf, 0xff, 0xb4, 0x4, 0x40, 0x4b, 0xff,
    0xfe, 0xb1, 0xc, 0xc8, 0x40, 0x0, 0xc, 0xb0,
    0x0, 0x3, 0x7a, 0x80, 0x0, 0x0, 0x0, 0x0,
    0xc, 0xb0, 0x0, 0x0, 0x0, 0x0, 0x0, 0xf,
    0xff, 0xff, 0xff, 0xff, 0xff, 0xff, 0xf0, 0x0,
    0x0, 0x5, 0x55, 0x55, 0x5d, 0xd5, 0x55, 0x55,
    0x50, 0x0, 0x0, 0x0, 0x7, 0xa0, 0xc, 0xb0,
    0x1c, 0x40, 0x0, 0x0, 0x0, 0x0, 0x8f, 0x50,
    0xc, 0xb0, 0x9, 0xf7, 0x0, 0x0, 0x0, 0x1b,
    0xf5, 0x0, 0xc, 0xb0, 0x0, 0x7f, 0x80, 0x0,
    0x0, 0xcd, 0x30, 0x3, 0x4e, 0xb0, 0x0, 0x7,
    0xf3, 0x0, 0x0, 0x10, 0x0, 0x9, 0xfe, 0x60,
    0x0, 0x0, 0x30, 0x0,

    /* U+6765 "来" */
    0x0, 0x0, 0x0, 0x0, 0x4, 0x40, 0x0, 0x0,
    0x0, 0x0, 0x0, 0x0, 0x0, 0x0, 0xc, 0xc0,
    0x0, 0x0, 0x0, 0x0, 0x0, 0x55, 0x55, 0x55,
    0x5d, 0xd5, 0x55, 0x55, 0x55, 0x0, 0x0, 0xef,
    0xff, 0xff, 0xff, 0xff, 0xff, 0xff, 0xff, 0x10,
    0x0, 0x0, 0x52, 0x0, 0xc, 0xc0, 0x0, 0x17,
    0x20, 0x0, 0x0, 0x1, 0xea, 0x0, 0xc, 0xc0,
    0x0, 0x5f, 0x50, 0x0, 0x0, 0x0, 0x7f, 0x30,
    0xc, 0xc0, 0x0, 0xcd, 0x0, 0x0, 0x0, 0x0,
    0xf, 0xa0, 0xc, 0xc0, 0x5, 0xf3, 0x0, 0x0,
    0x0, 0x0, 0x7, 0x60, 0xc, 0xc0, 0x6, 0x80,
    0x0, 0x0, 0xc, 0xff, 0xff, 0xff, 0xff, 0xff,
    0xff, 0xff, 0xff, 0xe0, 0x6, 0x77, 0x77, 0x78,
    0xff, 0xff, 0x87, 0x77, 0x77, 0x70, 0x0, 0x0,
    0x0, 0xa, 0xfe, 0xee, 0xa0, 0x0, 0x0, 0x0,
    0x0, 0x0, 0x0, 0x8f, 0x4c, 0xc4, 0xf8, 0x0,
    0x0, 0x0, 0x0, 0x0, 0x8, 0xf7, 0xc, 0xc0,
    0x7f, 0x90, 0x0, 0x0, 0x0, 0x0, 0xaf, 0x70,
    0xc, 0xc0, 0x7, 0xfa, 0x0, 0x0, 0x0, 0x3d,
    0xf7, 0x0, 0xc, 0xc0, 0x0, 0x7f, 0xd3, 0x0,
    0x1a, 0xfe, 0x40, 0x0, 0xc, 0xc0, 0x0, 0x4,
    0xef, 0xa1, 0xb, 0xa1, 0x0, 0x0, 0xc, 0xc0,
    0x0, 0x0, 0x1a, 0xc0, 0x0, 0x0, 0x0, 0x0,
    0xc, 0xc0, 0x0, 0x0, 0x0, 0x0,

    /* U+679C "果" */
    0x0, 0xa, 0xff, 0xff, 0xff, 0xff, 0xff, 0xff,
    0xf1, 0x0, 0x0, 0xa, 0xe5, 0x55, 0x5c, 0xf5,
    0x55, 0x5a, 0xf1, 0x0, 0x0, 0xa, 0xd0, 0x0,
    0xa, 0xe0, 0x0, 0x8, 0xf1, 0x0, 0x0, 0xa,
    0xe4, 0x44, 0x4b, 0xf4, 0x44, 0x4a, 0xf1, 0x0,
    0x0, 0xa, 0xff, 0xff, 0xff, 0xff, 0xff, 0xff,
    0xf1, 0x0, 0x0, 0xa, 0xd0, 0x0, 0xa, 0xe0,
    0x0, 0x8, 0xf1, 0x0, 0x0, 0xa, 0xe2, 0x22,
    0x2b, 0xf2, 0x22, 0x29, 0xf1, 0x0, 0x0, 0xa,
    0xff, 0xff, 0xff, 0xff, 0xff, 0xff, 0xf1, 0x0,
    0x0, 0x1, 0x11, 0x11, 0x1a, 0xf1, 0x11, 0x11,
    0x10, 0x0, 0x1, 0x22, 0x22, 0x22, 0x2b, 0xf2,
    0x22, 0x22, 0x22, 0x20, 0x9, 0xff, 0xff, 0xff,
    0xff, 0xff, 0xff, 0xff, 0xff, 0xe0, 0x2, 0x33,
    0x33, 0x36, 0xff, 0xff, 0xa3, 0x33, 0x33, 0x20,
    0x0, 0x0, 0x0, 0x4f, 0xba, 0xe5, 0xf9, 0x0,
    0x0, 0x0, 0x0, 0x0, 0x7, 0xfb, 0xa, 0xe0,
    0x5f, 0xc2, 0x0, 0x0, 0x0, 0x3, 0xcf, 0x90,
    0xa, 0xe0, 0x3, 0xef, 0x80, 0x0, 0x4, 0xbf,
    0xe5, 0x0, 0xa, 0xe0, 0x0, 0x9, 0xfe, 0x81,
    0xb, 0xf8, 0x0, 0x0, 0xa, 0xe0, 0x0, 0x0,
    0x3b, 0xe1, 0x1, 0x0, 0x0, 0x0, 0xa, 0xe0,
    0x0, 0x0, 0x0, 0x0,

    /* U+6811 "树" */
    0x0, 0x5, 0x20, 0x0, 0x0, 0x0, 0x0, 0x0,
    0x42, 0x0, 0x0, 0xe6, 0x0, 0x0, 0x0, 0x0,
    0x0, 0xf, 0x60, 0x0, 0xe, 0x60, 0x2, 0x22,
    0x21, 0x0, 0x0, 0xf6, 0x0, 0x0, 0xe6, 0x0,
    0xdf, 0xff, 0xc0, 0x0, 0xf, 0x60, 0x18, 0x8f,
    0xc8, 0x10, 0x0, 0xa9, 0x56, 0x66, 0xfa, 0x61,
    0xdd, 0xfe, 0xd2, 0x0, 0xc, 0x8d, 0xff, 0xff,
    0xff, 0x0, 0x2f, 0x70, 0x1e, 0x30, 0xf6, 0x0,
    0x0, 0xf6, 0x0, 0x6, 0xff, 0x10, 0xac, 0x2f,
    0x30, 0x10, 0xf, 0x60, 0x0, 0xaf, 0xfa, 0x1,
    0xfb, 0xf0, 0x4e, 0x10, 0xf6, 0x0, 0xe, 0xf8,
    0xf4, 0x6, 0xfc, 0x0, 0xc9, 0xf, 0x60, 0x4,
    0xee, 0x69, 0x90, 0xe, 0xb0, 0x4, 0xf1, 0xf6,
    0x0, 0xa8, 0xe6, 0x21, 0x3, 0xff, 0x30, 0xd,
    0x8f, 0x60, 0x2f, 0x2e, 0x60, 0x0, 0xad, 0xbb,
    0x0, 0x20, 0xf6, 0x5, 0xb0, 0xe6, 0x0, 0x1f,
    0x64, 0xf3, 0x0, 0xf, 0x60, 0x1, 0xe, 0x60,
    0xa, 0xf0, 0x5, 0x0, 0x0, 0xf6, 0x0, 0x0,
    0xe6, 0x5, 0xf6, 0x0, 0x0, 0x0, 0xf, 0x60,
    0x0, 0xe, 0x60, 0x8b, 0x0, 0x0, 0x4, 0x57,
    0xf5, 0x0, 0x0, 0xe6, 0x0, 0x0, 0x0, 0x0,
    0x8f, 0xfb, 0x10, 0x0, 0xe, 0x60, 0x0, 0x0,
    0x0, 0x0, 0x0, 0x0, 0x0,

    /* U+6821 "校" */
    0x0, 0x1, 0x50, 0x0, 0x0, 0x1, 0x50, 0x0,
    0x0, 0x0, 0x0, 0x5, 0xf0, 0x0, 0x0, 0x5,
    0xf6, 0x0, 0x0, 0x0, 0x0, 0x5, 0xf0, 0x0,
    0x0, 0x0, 0x9e, 0x0, 0x0, 0x0, 0x0, 0x5,
    0xf0, 0x1, 0xaa, 0xaa, 0xbc, 0xaa, 0xaa, 0x80,
    0x6, 0x7a, 0xf7, 0x74, 0xaa, 0xaa, 0xaa, 0xaa,
    0xaa, 0x80, 0xe, 0xff, 0xff, 0xf4, 0x0, 0x95,
    0x0, 0x59, 0x0, 0x0, 0x0, 0xc, 0xf0, 0x0,
    0x5, 0xf5, 0x0, 0x4f, 0x90, 0x0, 0x0, 0xf,
    0xf7, 0x0, 0x2e, 0xa0, 0x0, 0x5, 0xf7, 0x0,
    0x0, 0x5f, 0xff, 0x21, 0xdd, 0x20, 0x0, 0x1,
    0x8f, 0x30, 0x0, 0xad, 0xfa, 0xa8, 0xe8, 0xf0,
    0x0, 0x3f, 0x4c, 0x60, 0x0, 0xe8, 0xf2, 0xf4,
    0x11, 0xf6, 0x0, 0x9e, 0x0, 0x0, 0x5, 0xd5,
    0xf0, 0x80, 0x0, 0xae, 0x1, 0xf9, 0x0, 0x0,
    0xd, 0x85, 0xf0, 0x0, 0x0, 0x2f, 0x99, 0xf1,
    0x0, 0x0, 0x6f, 0x15, 0xf0, 0x0, 0x0, 0x7,
    0xff, 0x70, 0x0, 0x0, 0x39, 0x5, 0xf0, 0x0,
    0x0, 0x3, 0xff, 0x50, 0x0, 0x0, 0x0, 0x5,
    0xf0, 0x0, 0x0, 0x4f, 0xdc, 0xf7, 0x0, 0x0,
    0x0, 0x5, 0xf0, 0x0, 0x8, 0xfc, 0x10, 0xbf,
    0xb3, 0x0, 0x0, 0x5, 0xf0, 0x6, 0xef, 0x90,
    0x0, 0x8, 0xff, 0xb0, 0x0, 0x5, 0xf0, 0x7,
    0xb2, 0x0, 0x0, 0x0, 0x19, 0x60, 0x0, 0x0,
    0x0, 0x0, 0x0, 0x0, 0x0, 0x0, 0x0, 0x0,

    /* U+6837 "样" */
    0x0, 0x2, 0x50, 0x0, 0x1, 0x10, 0x0, 0x0,
    0x32, 0x0, 0x0, 0x5f, 0x10, 0x0, 0xeb, 0x0,
    0x0, 0xe, 0xb0, 0x0, 0x5, 0xf1, 0x0, 0x4,
    0xf5, 0x0, 0x7, 0xf2, 0x0, 0x0, 0x5f, 0x10,
    0x0, 0xb, 0x80, 0x1, 0xf8, 0x0, 0xd, 0xef,
    0xff, 0xe3, 0xff, 0xff, 0xff, 0xff, 0xff, 0x80,
    0x67, 0xbf, 0x77, 0x16, 0x66, 0x6b, 0xf6, 0x66,
    0x63, 0x0, 0xa, 0xf4, 0x0, 0x0, 0x0, 0x7f,
    0x0, 0x0, 0x0, 0x0, 0xff, 0xe0, 0x0, 0x0,
    0x7, 0xf0, 0x0, 0x0, 0x0, 0x4f, 0xfc, 0x90,
    0x5f, 0xff, 0xff, 0xff, 0xfe, 0x0, 0x8, 0xef,
    0x4f, 0x32, 0x66, 0x6b, 0xf6, 0x66, 0x60, 0x0,
    0xe9, 0xf1, 0x90, 0x0, 0x0, 0x7f, 0x0, 0x0,
    0x0, 0x6d, 0x5f, 0x10, 0x0, 0x0, 0x7, 0xf0,
    0x0, 0x0, 0xe, 0x75, 0xf1, 0x5, 0x77, 0x77,
    0xbf, 0x77, 0x77, 0x73, 0xf1, 0x5f, 0x10, 0xcf,
    0xff, 0xff, 0xff, 0xff, 0xfe, 0x4, 0x5, 0xf1,
    0x0, 0x0, 0x0, 0x7f, 0x0, 0x0, 0x0, 0x0,
    0x5f, 0x10, 0x0, 0x0, 0x7, 0xf0, 0x0, 0x0,
    0x0, 0x5, 0xf1, 0x0, 0x0, 0x0, 0x7f, 0x0,
    0x0, 0x0, 0x0, 0x5f, 0x10, 0x0, 0x0, 0x7,
    0xf0, 0x0, 0x0, 0x0, 0x5, 0xf1, 0x0, 0x0,
    0x0, 0x7f, 0x0, 0x0, 0x0,

    /* U+68A6 "梦" */
    0x0, 0x0, 0x0, 0x0, 0x0, 0x0, 0x0, 0x0,
    0x0, 0x0, 0x0, 0x0, 0x4f, 0x10, 0x0, 0x0,
    0x7, 0xe0, 0x0, 0x0, 0x0, 0x0, 0x4f, 0x10,
    0x0, 0x0, 0x7, 0xe0, 0x0, 0x0, 0xd, 0xee,
    0xff, 0xfe, 0xe5, 0xee, 0xef, 0xfe, 0xee, 0xe1,
    0x5, 0x56, 0xff, 0xc6, 0x52, 0x55, 0x7f, 0xfe,
    0x65, 0x50, 0x0, 0xa, 0xff, 0xf9, 0x0, 0x0,
    0xdf, 0xfe, 0x70, 0x0, 0x0, 0x6f, 0x7f, 0x3e,
    0xc1, 0xb, 0xe8, 0xe4, 0xf6, 0x0, 0x8, 0xf6,
    0x4f, 0x12, 0xc3, 0xdf, 0x37, 0xe0, 0x7f, 0x90,
    0x1e, 0x70, 0x4f, 0x10, 0x5, 0xd2, 0x7, 0xe0,
    0x6, 0xf3, 0x0, 0x0, 0x4d, 0x10, 0x68, 0x10,
    0x6, 0xc0, 0x0, 0x10, 0x0, 0x0, 0x0, 0x7,
    0xfc, 0x22, 0x22, 0x22, 0x0, 0x0, 0x0, 0x0,
    0x2, 0xcf, 0xff, 0xff, 0xff, 0xff, 0x90, 0x0,
    0x0, 0x2, 0xaf, 0xd4, 0x11, 0x11, 0x12, 0xcf,
    0x20, 0x0, 0x0, 0xaf, 0xe6, 0x54, 0x0, 0x0,
    0xa, 0xf6, 0x0, 0x0, 0x0, 0x46, 0x0, 0xaf,
    0xc4, 0x1, 0xbf, 0x70, 0x0, 0x0, 0x0, 0x0,
    0x0, 0x2, 0xcf, 0xbe, 0xe4, 0x0, 0x0, 0x0,
    0x0, 0x0, 0x0, 0x2, 0x8f, 0xfa, 0x0, 0x0,
    0x0, 0x0, 0x0, 0x1, 0x47, 0xdf, 0xf9, 0x30,
    0x0, 0x0, 0x0, 0x0, 0x3, 0xef, 0xff, 0xb6,
    0x0, 0x0, 0x0, 0x0, 0x0, 0x0, 0x0, 0x86,
    0x30, 0x0, 0x0, 0x0, 0x0, 0x0, 0x0, 0x0,

    /* U+68A8 "梨" */
    0x0, 0x0, 0x1, 0x35, 0x95, 0x0, 0x0, 0x0,
    0x49, 0x0, 0x6, 0xde, 0xff, 0xfe, 0xb8, 0x0,
    0xb7, 0x0, 0x7e, 0x0, 0x2, 0x54, 0x3b, 0xb0,
    0x0, 0x0, 0xd8, 0x0, 0x7e, 0x0, 0x1, 0x11,
    0x1b, 0xc1, 0x11, 0x0, 0xd8, 0x0, 0x7e, 0x0,
    0xd, 0xff, 0xff, 0xff, 0xff, 0x60, 0xd8, 0x0,
    0x7e, 0x0, 0x2, 0x22, 0xbf, 0xf7, 0x22, 0x10,
    0xd8, 0x0, 0x7e, 0x0, 0x0, 0x7, 0xfd, 0xef,
    0xa1, 0x0, 0xd8, 0x0, 0x7e, 0x0, 0x0, 0x7f,
    0x6a, 0xb3, 0xee, 0x0, 0xd8, 0x0, 0x7e, 0x0,
    0x1b, 0xf9, 0xa, 0xb0, 0x15, 0x0, 0x0, 0x0,
    0x8e, 0x0, 0xc, 0x90, 0xa, 0xb0, 0x0, 0x0,
    0x4, 0xff, 0xfb, 0x0, 0x1, 0x0, 0x4, 0x50,
    0x5, 0x50, 0x0, 0x55, 0x30, 0x0, 0x3, 0x33,
    0x33, 0x33, 0x3d, 0xc3, 0x33, 0x33, 0x33, 0x30,
    0xd, 0xff, 0xff, 0xff, 0xff, 0xff, 0xff, 0xff,
    0xff, 0xe0, 0x1, 0x11, 0x11, 0x2c, 0xfe, 0xef,
    0xa1, 0x11, 0x11, 0x10, 0x0, 0x0, 0x2, 0xcf,
    0x3c, 0xb4, 0xfb, 0x10, 0x0, 0x0, 0x0, 0x0,
    0x6f, 0xe3, 0xc, 0xb0, 0x4e, 0xe6, 0x0, 0x0,
    0x0, 0x5d, 0xfb, 0x10, 0xc, 0xb0, 0x1, 0xbf,
    0xd6, 0x10, 0xe, 0xfd, 0x50, 0x0, 0xc, 0xb0,
    0x0, 0x4, 0xcf, 0xe1, 0x5, 0x50, 0x0, 0x0,
    0xc, 0xb0, 0x0, 0x0, 0x3, 0x40,

    /* U+68D2 "棒" */
    0x0, 0x2, 0x50, 0x0, 0x0, 0x0, 0x33, 0x0,
    0x0, 0x0, 0x0, 0x5, 0xf0, 0x0, 0x11, 0x11,
    0xbc, 0x11, 0x11, 0x0, 0x0, 0x5, 0xf0, 0x6,
    0xff, 0xff, 0xff, 0xff, 0xff, 0x20, 0x0, 0x5,
    0xf0, 0x0, 0x11, 0x14, 0xf5, 0x11, 0x11, 0x0,
    0x5, 0x6a, 0xf6, 0x60, 0x67, 0x7a, 0xf8, 0x77,
    0x73, 0x0, 0xb, 0xff, 0xff, 0xf0, 0xab, 0xbf,
    0xdb, 0xbb, 0xb5, 0x0, 0x0, 0xb, 0xf2, 0x0,
    0x0, 0x4f, 0x30, 0x0, 0x0, 0x0, 0x0, 0xf,
    0xfb, 0xc, 0xff, 0xff, 0xff, 0xff, 0xff, 0x90,
    0x0, 0x4f, 0xfb, 0x53, 0x4b, 0xf6, 0x44, 0x8f,
    0x54, 0x20, 0x0, 0x8f, 0xf3, 0xe0, 0x3f, 0x80,
    0x63, 0xc, 0xa0, 0x0, 0x0, 0xdb, 0xf0, 0x72,
    0xdd, 0x0, 0xe8, 0x2, 0xf8, 0x0, 0x4, 0xf6,
    0xf0, 0x2e, 0xda, 0xff, 0xff, 0xfb, 0x5f, 0xb0,
    0xc, 0xa5, 0xf0, 0x1b, 0x12, 0x33, 0xfa, 0x32,
    0x4, 0x90, 0x2f, 0x25, 0xf0, 0x0, 0x0, 0x0,
    0xe8, 0x0, 0x0, 0x0, 0x4, 0x5, 0xf0, 0x3,
    0xff, 0xff, 0xff, 0xff, 0xf6, 0x0, 0x0, 0x5,
    0xf0, 0x1, 0x55, 0x55, 0xfa, 0x55, 0x52, 0x0,
    0x0, 0x5, 0xf0, 0x0, 0x0, 0x0, 0xe8, 0x0,
    0x0, 0x0, 0x0, 0x5, 0xf0, 0x0, 0x0, 0x0,
    0xe8, 0x0, 0x0, 0x0, 0x0, 0x5, 0xf0, 0x0,
    0x0, 0x0, 0xe8, 0x0, 0x0, 0x0,

    /* U+6905 "椅" */
    0x0, 0x1, 0x50, 0x0, 0x0, 0x0, 0x25, 0x0,
    0x0, 0x0, 0x0, 0x4f, 0x10, 0x0, 0x0, 0x7,
    0xf0, 0x0, 0x0, 0x0, 0x4, 0xf1, 0x0, 0xbc,
    0xcc, 0xef, 0xcc, 0xcc, 0x20, 0x0, 0x4f, 0x10,
    0x4, 0x44, 0x5f, 0xb4, 0x44, 0x40, 0xf, 0xff,
    0xff, 0xf4, 0x0, 0x8, 0xff, 0xa2, 0x0, 0x0,
    0x66, 0xbf, 0x86, 0x20, 0x19, 0xf6, 0x3c, 0xf9,
    0x10, 0x0, 0xc, 0xf4, 0x1, 0xbf, 0xe5, 0x0,
    0x6, 0xee, 0x10, 0x1, 0xff, 0xd0, 0x2d, 0xa5,
    0x44, 0x44, 0x46, 0xa4, 0x0, 0x5f, 0xfe, 0x88,
    0xff, 0xff, 0xff, 0xff, 0xff, 0xe0, 0xa, 0xdf,
    0x6f, 0x20, 0x0, 0x0, 0x0, 0xf, 0x70, 0x1,
    0xf7, 0xf2, 0x70, 0x5d, 0xdd, 0xdd, 0x10, 0xf7,
    0x0, 0x8d, 0x4f, 0x10, 0x6, 0xe4, 0x47, 0xf1,
    0xf, 0x70, 0x1f, 0x74, 0xf1, 0x0, 0x6e, 0x0,
    0x3f, 0x10, 0xf7, 0x1, 0xe0, 0x4f, 0x10, 0x6,
    0xe0, 0x4, 0xf1, 0xf, 0x70, 0x2, 0x4, 0xf1,
    0x0, 0x6f, 0xff, 0xff, 0x10, 0xf7, 0x0, 0x0,
    0x4f, 0x10, 0x6, 0xe1, 0x11, 0x10, 0xf, 0x70,
    0x0, 0x4, 0xf1, 0x0, 0x0, 0x0, 0x0, 0x0,
    0xf7, 0x0, 0x0, 0x4f, 0x10, 0x0, 0x0, 0x0,
    0x55, 0x5f, 0x60, 0x0, 0x4, 0xf1, 0x0, 0x0,
    0x0, 0xe, 0xff, 0xc1, 0x0, 0x0, 0x0, 0x0,
    0x0, 0x0, 0x0, 0x0, 0x0, 0x0,

    /* U+6A58 "橘" */
    0x0, 0x1, 0x50, 0x0, 0x2, 0x22, 0x22, 0x22,
    0x21, 0x0, 0x0, 0x4f, 0x10, 0x5, 0xff, 0xff,
    0xff, 0xff, 0x90, 0x0, 0x4, 0xf1, 0x0, 0x0,
    0x8, 0x10, 0x3e, 0x90, 0x0, 0x0, 0x4f, 0x10,
    0x0, 0x1, 0x9f, 0xaf, 0x50, 0x0, 0x7, 0x79,
    0xf8, 0x75, 0xdd, 0xdd, 0xef, 0xed, 0xdd, 0xa1,
    0xff, 0xff, 0xff, 0x75, 0x55, 0x9f, 0xef, 0x56,
    0xf6, 0x0, 0xb, 0xf2, 0x0, 0x1, 0xaf, 0x67,
    0xe0, 0x8c, 0x0, 0x0, 0xff, 0xb0, 0x5b, 0xfb,
    0x20, 0x7e, 0x4, 0x20, 0x0, 0x5f, 0xfe, 0x67,
    0x92, 0x0, 0x9c, 0xd0, 0x0, 0x0, 0xa, 0xef,
    0x6e, 0x24, 0x44, 0x4b, 0xc7, 0x44, 0x41, 0x1,
    0xf8, 0xf1, 0xc8, 0xfd, 0xcc, 0xcc, 0xdc, 0xcf,
    0x60, 0x7e, 0x4f, 0x11, 0x2f, 0x30, 0x97, 0xc,
    0x50, 0xe6, 0x1f, 0x74, 0xf1, 0x2, 0xf5, 0xcb,
    0x10, 0x3e, 0x7e, 0x65, 0xf1, 0x4f, 0x10, 0x2f,
    0xaa, 0xcc, 0xcc, 0xb8, 0xe6, 0x4, 0x4, 0xf1,
    0x2, 0xf3, 0x2e, 0x22, 0x5c, 0xe, 0x60, 0x0,
    0x4f, 0x10, 0x2f, 0x32, 0xe0, 0x3, 0xc0, 0xe6,
    0x0, 0x4, 0xf1, 0x2, 0xf3, 0x2f, 0xee, 0xfc,
    0xe, 0x60, 0x0, 0x4f, 0x10, 0x2f, 0x31, 0x60,
    0x0, 0x22, 0xf6, 0x0, 0x4, 0xf1, 0x2, 0xf3,
    0x0, 0x0, 0x7, 0xfd, 0x20,

    /* U+6A59 "橙" */
    0x0, 0x2, 0x50, 0x0, 0x0, 0x0, 0x3, 0x30,
    0x0, 0x0, 0x0, 0x5, 0xf0, 0x6, 0xff, 0xff,
    0x29, 0xc1, 0xc4, 0x0, 0x0, 0x5, 0xf0, 0x1,
    0x44, 0x9e, 0x3, 0xfe, 0xc1, 0x0, 0x0, 0x5,
    0xf0, 0x7, 0x60, 0xd9, 0x0, 0xec, 0x4, 0x70,
    0xd, 0xef, 0xfe, 0xd5, 0xfd, 0xf2, 0x0, 0x6f,
    0x8f, 0x90, 0x6, 0x7c, 0xf7, 0x60, 0x4f, 0xb3,
    0x33, 0x3e, 0xf5, 0x0, 0x0, 0xc, 0xf0, 0x0,
    0xcd, 0xef, 0xff, 0xf9, 0xfb, 0x0, 0x0, 0x1f,
    0xf8, 0x1c, 0xf2, 0x0, 0x0, 0x0, 0x6f, 0xc1,
    0x0, 0x6f, 0xff, 0x7e, 0x55, 0x55, 0x55, 0x55,
    0x57, 0xe2, 0x0, 0xbd, 0xf9, 0xc0, 0x6f, 0xdd,
    0xdd, 0xde, 0xf4, 0x0, 0x1, 0xf7, 0xf1, 0xf2,
    0x6e, 0x0, 0x0, 0x3, 0xf4, 0x0, 0x8, 0xb5,
    0xf0, 0x20, 0x6f, 0x33, 0x33, 0x35, 0xf4, 0x0,
    0x2f, 0x55, 0xf0, 0x0, 0x6f, 0xff, 0xff, 0xff,
    0xf4, 0x0, 0x3c, 0x5, 0xf0, 0x0, 0x4, 0x70,
    0x0, 0x2b, 0x30, 0x0, 0x1, 0x5, 0xf0, 0x0,
    0x6, 0xf1, 0x0, 0x8f, 0x20, 0x0, 0x0, 0x5,
    0xf0, 0x0, 0x0, 0xf7, 0x0, 0xe9, 0x0, 0x0,
    0x0, 0x5, 0xf0, 0x25, 0x55, 0xc8, 0x59, 0xf6,
    0x55, 0x50, 0x0, 0x5, 0xf0, 0x6f, 0xff, 0xff,
    0xff, 0xff, 0xff, 0xf0, 0x0, 0x5, 0xf0, 0x0,
    0x0, 0x0, 0x0, 0x0, 0x0, 0x0,

    /* U+6B21 "次" */
    0x0, 0x0, 0x0, 0x0, 0xb, 0x50, 0x0, 0x0,
    0x0, 0x0, 0x0, 0x20, 0x0, 0x0, 0x4f, 0x60,
    0x0, 0x0, 0x0, 0x0, 0x9, 0xf8, 0x0, 0x0,
    0x9f, 0x20, 0x0, 0x0, 0x0, 0x0, 0x0, 0x8f,
    0xd3, 0x0, 0xdf, 0x66, 0x66, 0x66, 0x66, 0x0,
    0x0, 0x3, 0xea, 0x2, 0xff, 0xff, 0xff, 0xff,
    0xff, 0x70, 0x0, 0x0, 0x11, 0x8, 0xf3, 0x11,
    0x11, 0x11, 0x7f, 0x20, 0x0, 0x0, 0x0, 0x1f,
    0xb0, 0x9, 0xe0, 0x0, 0xbd, 0x0, 0x0, 0x0,
    0x0, 0x9f, 0x40, 0xa, 0xf0, 0x1, 0xf7, 0x0,
    0x0, 0x0, 0x0, 0xda, 0x0, 0xb, 0xf0, 0x8,
    0xf1, 0x0, 0x0, 0x0, 0x13, 0x1, 0x0, 0xc,
    0xf2, 0x1, 0x50, 0x0, 0x0, 0x0, 0xbe, 0x0,
    0x0, 0x1f, 0xf7, 0x0, 0x0, 0x0, 0x0, 0x5,
    0xf7, 0x0, 0x0, 0x5f, 0xfc, 0x0, 0x0, 0x0,
    0x0, 0x1e, 0xd0, 0x0, 0x0, 0xbf, 0x5f, 0x40,
    0x0, 0x0, 0x0, 0xaf, 0x40, 0x0, 0x4, 0xf9,
    0xd, 0xd0, 0x0, 0x0, 0x5, 0xf9, 0x0, 0x0,
    0x2e, 0xe1, 0x4, 0xf9, 0x0, 0x0, 0xe, 0xe0,
    0x0, 0x3, 0xef, 0x30, 0x0, 0x9f, 0x80, 0x0,
    0x1, 0x30, 0x0, 0x7f, 0xe3, 0x0, 0x0, 0xa,
    0xfc, 0x40, 0x0, 0x0, 0xd, 0xfb, 0x20, 0x0,
    0x0, 0x0, 0x7f, 0xd0, 0x0, 0x0, 0x4, 0x50,
    0x0, 0x0, 0x0, 0x0, 0x1, 0x20,

    /* U+6B22 "欢" */
    0x0, 0x0, 0x0, 0x0, 0x0, 0x2d, 0x30, 0x0,
    0x0, 0x0, 0x0, 0x0, 0x0, 0x0, 0x0, 0x5f,
    0x20, 0x0, 0x0, 0x0, 0xa, 0xaa, 0xaa, 0xaa,
    0x40, 0x8f, 0x0, 0x0, 0x0, 0x0, 0xa, 0xaa,
    0xaa, 0xbf, 0x60, 0xcf, 0xff, 0xff, 0xff, 0xb0,
    0x0, 0x0, 0x0, 0x2f, 0x30, 0xfa, 0x66, 0x66,
    0x6e, 0x90, 0x7, 0x70, 0x0, 0x6f, 0x6, 0xf1,
    0x25, 0x0, 0xf, 0x50, 0x7, 0xf3, 0x0, 0xac,
    0xd, 0xb0, 0x5f, 0x0, 0x5f, 0x0, 0x0, 0xbd,
    0x0, 0xe8, 0x3f, 0x30, 0x6f, 0x0, 0x36, 0x0,
    0x0, 0x1e, 0xa4, 0xf2, 0x2, 0x0, 0x7f, 0x10,
    0x0, 0x0, 0x0, 0x5, 0xfd, 0xc0, 0x0, 0x0,
    0x8f, 0x40, 0x0, 0x0, 0x0, 0x0, 0xbf, 0x70,
    0x0, 0x0, 0xcf, 0x80, 0x0, 0x0, 0x0, 0x0,
    0xaf, 0xa0, 0x0, 0x0, 0xff, 0xd0, 0x0, 0x0,
    0x0, 0x5, 0xfd, 0xf3, 0x0, 0x5, 0xf6, 0xf4,
    0x0, 0x0, 0x0, 0x1e, 0xc0, 0xec, 0x0, 0xd,
    0xc0, 0xdb, 0x0, 0x0, 0x1, 0xdf, 0x20, 0x7e,
    0x0, 0x8f, 0x30, 0x5f, 0x60, 0x0, 0x2d, 0xf4,
    0x0, 0x1, 0x7, 0xf8, 0x0, 0xc, 0xf3, 0x0,
    0x1d, 0x30, 0x0, 0x0, 0x8f, 0xa0, 0x0, 0x1,
    0xdf, 0x70, 0x0, 0x0, 0x0, 0x9, 0xf7, 0x0,
    0x0, 0x0, 0x2c, 0xf2, 0x0, 0x0, 0x0, 0x0,
    0x30, 0x0, 0x0, 0x0, 0x0, 0x20,

    /* U+6B38 "欸" */
    0x0, 0x0, 0x0, 0x0, 0x0, 0x0, 0x0, 0x0,
    0x0, 0x0, 0x0, 0x0, 0xc8, 0x0, 0x0, 0x0,
    0xb8, 0x0, 0x0, 0x0, 0x0, 0x6, 0xf3, 0x1,
    0x0, 0x0, 0xf7, 0x0, 0x0, 0x0, 0x0, 0xe,
    0x70, 0x6e, 0x20, 0x3, 0xf4, 0x0, 0x0, 0x0,
    0x0, 0x9c, 0x0, 0xc, 0xd0, 0x7, 0xff, 0xff,
    0xff, 0xe2, 0x7, 0xfe, 0xde, 0xff, 0xf8, 0xb,
    0xc6, 0x66, 0x6a, 0xf0, 0x6, 0xcb, 0x87, 0x64,
    0x8d, 0x2f, 0x51, 0x40, 0x9, 0xc0, 0x0, 0x5f,
    0x10, 0x0, 0x0, 0x8f, 0x6, 0xf0, 0xd, 0x80,
    0x0, 0xaf, 0x44, 0x44, 0x43, 0xf8, 0x7, 0xf0,
    0x1f, 0x30, 0x0, 0xef, 0xff, 0xff, 0xf5, 0x81,
    0x8, 0xe0, 0x18, 0x0, 0x8, 0xf1, 0x1f, 0x60,
    0x0, 0x0, 0x8, 0xf1, 0x0, 0x0, 0xe, 0x80,
    0x1f, 0x50, 0x0, 0x0, 0xb, 0xf4, 0x0, 0x0,
    0x8, 0x76, 0x7f, 0xa6, 0x66, 0x0, 0xe, 0xf8,
    0x0, 0x0, 0x2e, 0xee, 0xff, 0xee, 0xee, 0x10,
    0x2f, 0xee, 0x0, 0x0, 0x0, 0x0, 0x7f, 0x70,
    0x0, 0x0, 0x9f, 0x4f, 0x40, 0x0, 0x0, 0x0,
    0xdc, 0xf7, 0x0, 0x1, 0xfa, 0xc, 0xc0, 0x0,
    0x0, 0x9, 0xf2, 0x5f, 0x60, 0x9, 0xf2, 0x3,
    0xf7, 0x0, 0x0, 0x8f, 0x60, 0x7, 0xf1, 0x5f,
    0x80, 0x0, 0x9f, 0x40, 0xc, 0xf6, 0x0, 0x0,
    0x35, 0xfb, 0x0, 0x0, 0xc, 0xf3, 0x6, 0x30,
    0x0, 0x0, 0x2, 0xa0, 0x0, 0x0, 0x0, 0x80,

    /* U+6B3E "款" */
    0x0, 0x0, 0xc, 0x40, 0x0, 0x1, 0xc4, 0x0,
    0x0, 0x0, 0x0, 0x0, 0xf, 0x50, 0x0, 0x4,
    0xf4, 0x0, 0x0, 0x0, 0xf, 0xff, 0xff, 0xff,
    0xff, 0x47, 0xf1, 0x0, 0x0, 0x0, 0x5, 0x55,
    0x5f, 0x95, 0x55, 0x1a, 0xe3, 0x33, 0x33, 0x20,
    0x0, 0x0, 0xf, 0x50, 0x0, 0xd, 0xff, 0xff,
    0xff, 0xe0, 0x8, 0xff, 0xff, 0xff, 0xfd, 0x2f,
    0x62, 0x22, 0x2c, 0xa0, 0x2, 0x44, 0x44, 0x44,
    0x44, 0x7f, 0x2, 0x50, 0xf, 0x70, 0x0, 0x22,
    0x22, 0x22, 0x22, 0xea, 0x7, 0xf0, 0x3f, 0x20,
    0x4, 0xff, 0xff, 0xff, 0xfd, 0xf3, 0x7, 0xe0,
    0x8d, 0x0, 0x0, 0x11, 0x11, 0x11, 0x11, 0x10,
    0x8, 0xe0, 0x2, 0x0, 0x15, 0x55, 0x55, 0x55,
    0x55, 0x20, 0xa, 0xf2, 0x0, 0x0, 0x3f, 0xff,
    0xff, 0xff, 0xff, 0x60, 0xd, 0xf6, 0x0, 0x0,
    0x0, 0x20, 0xf, 0x50, 0x10, 0x0, 0xf, 0xfb,
    0x0, 0x0, 0x0, 0xd8, 0xf, 0x54, 0xf1, 0x0,
    0x6f, 0x7f, 0x10, 0x0, 0x2, 0xf2, 0xf, 0x50,
    0xd8, 0x0, 0xdb, 0xe, 0x80, 0x0, 0x9, 0xc0,
    0xf, 0x50, 0x7e, 0x4, 0xf5, 0x7, 0xf2, 0x0,
    0x1f, 0x50, 0xf, 0x50, 0x16, 0x1e, 0xd0, 0x0,
    0xed, 0x10, 0x7, 0x4, 0x5f, 0x50, 0x0, 0xcf,
    0x30, 0x0, 0x3f, 0xe2, 0x0, 0xc, 0xfc, 0x10,
    0x1, 0xb5, 0x0, 0x0, 0x4, 0xb0, 0x0, 0x0,
    0x0, 0x0, 0x0, 0x0, 0x0, 0x0, 0x0, 0x0,

    /* U+6B49 "歉" */
    0x0, 0x0, 0x0, 0x0, 0x0, 0x0, 0x0, 0x0,
    0x0, 0x0, 0x0, 0x95, 0x0, 0x0, 0x6c, 0x0,
    0xe, 0x70, 0x0, 0x0, 0x0, 0x6f, 0x40, 0x1,
    0xf8, 0x0, 0x1f, 0x40, 0x0, 0x0, 0x0, 0xa,
    0xb0, 0xb, 0xc0, 0x0, 0x5f, 0x10, 0x0, 0x0,
    0xa, 0xde, 0xed, 0xef, 0xed, 0xd3, 0x8f, 0xdd,
    0xdd, 0xb0, 0x4, 0x58, 0xe5, 0xac, 0x55, 0x51,
    0xdc, 0x88, 0x8d, 0xb0, 0x0, 0x4, 0xe0, 0x7b,
    0x0, 0x3, 0xf3, 0x0, 0xd, 0x70, 0x8, 0xff,
    0xff, 0xff, 0xff, 0x4a, 0xd0, 0xe7, 0x1f, 0x30,
    0x1, 0x25, 0xe2, 0x8b, 0x2d, 0x6f, 0x50, 0xe7,
    0x5e, 0x0, 0x3, 0x36, 0xe3, 0x9c, 0x3d, 0x74,
    0x0, 0xf7, 0x25, 0x0, 0xf, 0xff, 0xff, 0xff,
    0xff, 0xf7, 0x0, 0xf7, 0x0, 0x0, 0x0, 0x4,
    0xe0, 0x7b, 0xd, 0x40, 0x2, 0xfa, 0x0, 0x0,
    0x2, 0x47, 0xe4, 0xac, 0x4e, 0x40, 0x5, 0xfd,
    0x0, 0x0, 0x7, 0xdf, 0xfd, 0xef, 0xed, 0x40,
    0x8, 0xff, 0x10, 0x0, 0x0, 0x2f, 0xe0, 0x7f,
    0xb0, 0x0, 0xe, 0x8d, 0x70, 0x0, 0x0, 0xbd,
    0xe0, 0x7c, 0xc8, 0x0, 0x5f, 0x27, 0xd0, 0x0,
    0x8, 0xe6, 0xe0, 0x7c, 0x3f, 0x40, 0xdb, 0x1,
    0xf6, 0x0, 0x3f, 0x45, 0xe0, 0x7c, 0x8, 0x48,
    0xf3, 0x0, 0x9e, 0x20, 0x6, 0x5, 0xe0, 0x7c,
    0x0, 0x6f, 0x80, 0x0, 0xd, 0xd0, 0x0, 0x5,
    0xe0, 0x7c, 0x0, 0x69, 0x0, 0x0, 0x2, 0x90,
    0x0, 0x0, 0x0, 0x0, 0x0, 0x0, 0x0, 0x0,
    0x0, 0x0,

    /* U+6B63 "正" */
    0x15, 0x55, 0x55, 0x55, 0x55, 0x55, 0x55, 0x55,
    0x51, 0x2f, 0xff, 0xff, 0xff, 0xff, 0xff, 0xff,
    0xff, 0xf5, 0x2, 0x22, 0x22, 0x22, 0x6f, 0x62,
    0x22, 0x22, 0x20, 0x0, 0x0, 0x0, 0x0, 0x4f,
    0x40, 0x0, 0x0, 0x0, 0x0, 0x0, 0x0, 0x0,
    0x4f, 0x40, 0x0, 0x0, 0x0, 0x0, 0x16, 0x10,
    0x0, 0x4f, 0x40, 0x0, 0x0, 0x0, 0x0, 0x3f,
    0x40, 0x0, 0x4f, 0x40, 0x0, 0x0, 0x0, 0x0,
    0x3f, 0x40, 0x0, 0x4f, 0xa7, 0x77, 0x77, 0x40,
    0x0, 0x3f, 0x40, 0x0, 0x4f, 0xff, 0xff, 0xff,
    0x80, 0x0, 0x3f, 0x40, 0x0, 0x4f, 0x40, 0x0,
    0x0, 0x0, 0x0, 0x3f, 0x40, 0x0, 0x4f, 0x40,
    0x0, 0x0, 0x0, 0x0, 0x3f, 0x40, 0x0, 0x4f,
    0x40, 0x0, 0x0, 0x0, 0x0, 0x3f, 0x40, 0x0,
    0x4f, 0x40, 0x0, 0x0, 0x0, 0x0, 0x3f, 0x40,
    0x0, 0x4f, 0x40, 0x0, 0x0, 0x0, 0x0, 0x3f,
    0x40, 0x0, 0x4f, 0x40, 0x0, 0x0, 0x0, 0xef,
    0xff, 0xff, 0xff, 0xff, 0xff, 0xff, 0xff, 0xff,
    0x78, 0x88, 0x88, 0x88, 0x88, 0x88, 0x88, 0x88,
    0x88,

    /* U+6B6A "歪" */
    0x7, 0xff, 0xff, 0xff, 0xff, 0xff, 0xff, 0xff,
    0xff, 0x70, 0x3, 0x66, 0x66, 0x66, 0x69, 0xfd,
    0x66, 0x66, 0x66, 0x30, 0x0, 0x0, 0x0, 0x0,
    0x5f, 0xe1, 0x0, 0x0, 0x0, 0x0, 0x0, 0x0,
    0x0, 0x1a, 0xff, 0xb5, 0xc6, 0x0, 0x0, 0x0,
    0x0, 0x0, 0x18, 0xfd, 0x4c, 0xb1, 0x9f, 0xe7,
    0x0, 0x0, 0x0, 0x4a, 0xff, 0x80, 0xc, 0xb0,
    0x1, 0x7f, 0xe7, 0x0, 0x7, 0xfe, 0x81, 0x0,
    0xc, 0xb0, 0x0, 0x1, 0x9f, 0x80, 0x0, 0x50,
    0x0, 0x0, 0xc, 0xb0, 0x0, 0x0, 0x2, 0x0,
    0x0, 0x11, 0x11, 0x11, 0x12, 0x21, 0x11, 0x11,
    0x11, 0x0, 0x2, 0xff, 0xff, 0xff, 0xff, 0xff,
    0xff, 0xff, 0xff, 0x40, 0x0, 0x33, 0x33, 0x33,
    0x3b, 0xe3, 0x33, 0x33, 0x33, 0x0, 0x0, 0x0,
    0xb8, 0x0, 0xa, 0xd0, 0x0, 0x0, 0x0, 0x0,
    0x0, 0x0, 0xd9, 0x0, 0xa, 0xff, 0xff, 0xff,
    0xf2, 0x0, 0x0, 0x0, 0xd9, 0x0, 0xa, 0xe5,
    0x55, 0x55, 0x50, 0x0, 0x0, 0x0, 0xd9, 0x0,
    0xa, 0xd0, 0x0, 0x0, 0x0, 0x0, 0x5, 0x55,
    0xeb, 0x55, 0x5c, 0xe5, 0x55, 0x55, 0x55, 0x50,
    0xf, 0xff, 0xff, 0xff, 0xff, 0xff, 0xff, 0xff,
    0xff, 0xf1,

    /* U+6BCD "母" */
    0x0, 0x8, 0xff, 0xff, 0xff, 0xff, 0xff, 0xfd,
    0x0, 0x0, 0xa, 0xe6, 0x66, 0x66, 0x66, 0x66,
    0xcd, 0x0, 0x0, 0xc, 0xb0, 0x6, 0x40, 0x0,
    0x0, 0xbd, 0x0, 0x0, 0xe, 0x90, 0x9, 0xfb,
    0x20, 0x0, 0xbc, 0x0, 0x0, 0x1f, 0x70, 0x0,
    0x3d, 0xf4, 0x0, 0xcb, 0x0, 0x0, 0x3f, 0x40,
    0x0, 0x0, 0xa2, 0x0, 0xda, 0x0, 0x67, 0xaf,
    0x97, 0x77, 0x77, 0x77, 0x77, 0xed, 0x75, 0xef,
    0xff, 0xff, 0xff, 0xff, 0xff, 0xff, 0xff, 0xfc,
    0x0, 0xad, 0x0, 0x1, 0x0, 0x0, 0x0, 0xf8,
    0x0, 0x0, 0xdb, 0x0, 0x9f, 0x70, 0x0, 0x1,
    0xf7, 0x0, 0x0, 0xf8, 0x0, 0x6, 0xfd, 0x20,
    0x2, 0xf5, 0x0, 0x2, 0xf6, 0x0, 0x0, 0x1c,
    0xe1, 0x4, 0xf4, 0x0, 0x5, 0xf4, 0x11, 0x11,
    0x11, 0x51, 0x16, 0xf3, 0x10, 0x8, 0xff, 0xff,
    0xff, 0xff, 0xff, 0xff, 0xff, 0xf3, 0x3, 0x44,
    0x44, 0x44, 0x44, 0x44, 0x4d, 0xe4, 0x41, 0x0,
    0x0, 0x0, 0x0, 0x0, 0x0, 0xf, 0xa0, 0x0,
    0x0, 0x0, 0x0, 0x0, 0x6, 0x54, 0x9f, 0x40,
    0x0, 0x0, 0x0, 0x0, 0x0, 0xb, 0xff, 0xe7,
    0x0, 0x0, 0x0, 0x0, 0x0, 0x0, 0x0, 0x0,
    0x0, 0x0, 0x0,

    /* U+6BCF "每" */
    0x0, 0x0, 0x0, 0x0, 0x0, 0x0, 0x0, 0x0,
    0x0, 0x0, 0x0, 0x0, 0xd, 0x90, 0x0, 0x0,
    0x0, 0x0, 0x0, 0x0, 0x0, 0x0, 0x6f, 0x50,
    0x0, 0x0, 0x0, 0x0, 0x0, 0x0, 0x0, 0x0,
    0xef, 0xff, 0xff, 0xff, 0xff, 0xff, 0xff, 0x70,
    0x0, 0x7, 0xf7, 0x66, 0x66, 0x66, 0x66, 0x66,
    0x66, 0x30, 0x0, 0x3f, 0x90, 0x0, 0x0, 0x0,
    0x0, 0x0, 0x0, 0x0, 0x1, 0xdd, 0x46, 0x66,
    0x66, 0x66, 0x66, 0x66, 0x30, 0x0, 0xd, 0xf2,
    0xaf, 0xff, 0xff, 0xff, 0xff, 0xff, 0x70, 0x0,
    0x4, 0x40, 0xcb, 0x0, 0xb9, 0x10, 0x0, 0xf,
    0x70, 0x0, 0x0, 0x0, 0xe9, 0x0, 0x3c, 0xf6,
    0x0, 0xf, 0x60, 0x0, 0x0, 0x0, 0xf7, 0x0,
    0x0, 0x7d, 0x10, 0x1f, 0x60, 0x0, 0x2f, 0xff,
    0xff, 0xee, 0xee, 0xee, 0xee, 0xef, 0xff, 0xf3,
    0x6, 0x69, 0xf7, 0x68, 0xc6, 0x66, 0x66, 0x8f,
    0x96, 0x61, 0x0, 0x7, 0xf0, 0x4, 0xed, 0x40,
    0x0, 0x3f, 0x30, 0x0, 0x0, 0x9, 0xe0, 0x0,
    0x9, 0xf7, 0x0, 0x4f, 0x20, 0x0, 0x0, 0xc,
    0xd5, 0x55, 0x55, 0xab, 0x55, 0x9f, 0x65, 0x20,
    0x0, 0xf, 0xff, 0xff, 0xff, 0xff, 0xff, 0xff,
    0xff, 0x70, 0x0, 0x0, 0x0, 0x0, 0x0, 0x0,
    0x0, 0xbd, 0x0, 0x0, 0x0, 0x0, 0x0, 0x0,
    0x0, 0x3, 0x23, 0xf9, 0x0, 0x0, 0x0, 0x0,
    0x0, 0x0, 0x0, 0xd, 0xff, 0xc1, 0x0, 0x0,
    0x0, 0x0, 0x0, 0x0, 0x0, 0x0, 0x0, 0x0,
    0x0, 0x0,

    /* U+6C14 "气" */
    0x0, 0x0, 0x8, 0x30, 0x0, 0x0, 0x0, 0x0,
    0x0, 0x0, 0x0, 0x0, 0x6f, 0x50, 0x0, 0x0,
    0x0, 0x0, 0x0, 0x0, 0x0, 0x0, 0xdf, 0x65,
    0x55, 0x55, 0x55, 0x55, 0x55, 0x30, 0x0, 0x5,
    0xff, 0xff, 0xff, 0xff, 0xff, 0xff, 0xff, 0x80,
    0x0, 0xd, 0xd0, 0x0, 0x0, 0x0, 0x0, 0x0,
    0x0, 0x0, 0x0, 0x9f, 0x4e, 0xff, 0xff, 0xff,
    0xff, 0xff, 0xf0, 0x0, 0x6, 0xf9, 0x4, 0x44,
    0x44, 0x44, 0x44, 0x44, 0x40, 0x0, 0x2f, 0xb0,
    0x0, 0x0, 0x0, 0x0, 0x0, 0x0, 0x0, 0x0,
    0x3, 0x1e, 0xff, 0xff, 0xff, 0xff, 0xff, 0xf6,
    0x0, 0x0, 0x0, 0x5, 0x55, 0x55, 0x55, 0x55,
    0x55, 0xf7, 0x0, 0x0, 0x0, 0x0, 0x0, 0x0,
    0x0, 0x0, 0x0, 0xf8, 0x0, 0x0, 0x0, 0x0,
    0x0, 0x0, 0x0, 0x0, 0x0, 0xe9, 0x0, 0x0,
    0x0, 0x0, 0x0, 0x0, 0x0, 0x0, 0x0, 0xcb,
    0x0, 0x0, 0x0, 0x0, 0x0, 0x0, 0x0, 0x0,
    0x0, 0xbd, 0x0, 0x0, 0x0, 0x0, 0x0, 0x0,
    0x0, 0x0, 0x0, 0x7f, 0x0, 0x10, 0x0, 0x0,
    0x0, 0x0, 0x0, 0x0, 0x0, 0x4f, 0x30, 0xc2,
    0x0, 0x0, 0x0, 0x0, 0x0, 0x0, 0x0, 0xf,
    0x90, 0xe2, 0x0, 0x0, 0x0, 0x0, 0x0, 0x0,
    0x0, 0x9, 0xfa, 0xf0, 0x0, 0x0, 0x0, 0x0,
    0x0, 0x0, 0x0, 0x0, 0xaf, 0x80,

    /* U+6C34 "水" */
    0x0, 0x0, 0x0, 0x0, 0x3, 0x50, 0x0, 0x0,
    0x0, 0x0, 0x0, 0x0, 0x0, 0x0, 0xa, 0xe0,
    0x0, 0x0, 0x0, 0x0, 0x0, 0x0, 0x0, 0x0,
    0xa, 0xe0, 0x0, 0x0, 0x0, 0x0, 0x0, 0x0,
    0x0, 0x0, 0xa, 0xe0, 0x0, 0x0, 0x0, 0x0,
    0x0, 0x0, 0x0, 0x0, 0xa, 0xe0, 0x0, 0x0,
    0xa2, 0x0, 0x4, 0x99, 0x99, 0x98, 0xa, 0xf1,
    0x0, 0xa, 0xf6, 0x0, 0x7, 0xff, 0xff, 0xff,
    0xa, 0xf8, 0x0, 0x8f, 0x70, 0x0, 0x0, 0x0,
    0x0, 0xcc, 0xa, 0xff, 0x17, 0xf8, 0x0, 0x0,
    0x0, 0x0, 0x1, 0xf7, 0xa, 0xfe, 0xdf, 0x70,
    0x0, 0x0, 0x0, 0x0, 0x6, 0xf3, 0xa, 0xe5,
    0xf8, 0x0, 0x0, 0x0, 0x0, 0x0, 0xd, 0xc0,
    0xa, 0xe0, 0xce, 0x10, 0x0, 0x0, 0x0, 0x0,
    0x5f, 0x50, 0xa, 0xe0, 0x2f, 0xc0, 0x0, 0x0,
    0x0, 0x1, 0xed, 0x0, 0xa, 0xe0, 0x6, 0xfa,
    0x0, 0x0, 0x0, 0xb, 0xf3, 0x0, 0xa, 0xe0,
    0x0, 0x9f, 0x90, 0x0, 0x0, 0x9f, 0x80, 0x0,
    0xa, 0xe0, 0x0, 0xa, 0xfc, 0x20, 0xb, 0xfb,
    0x0, 0x0, 0xa, 0xe0, 0x0, 0x0, 0x8f, 0xf4,
    0x6, 0xa0, 0x0, 0x0, 0xb, 0xe0, 0x0, 0x0,
    0x4, 0xa0, 0x0, 0x0, 0x0, 0x59, 0x9e, 0xd0,
    0x0, 0x0, 0x0, 0x0, 0x0, 0x0, 0x0, 0x4f,
    0xfd, 0x50, 0x0, 0x0, 0x0, 0x0, 0x0, 0x0,
    0x0, 0x0, 0x0, 0x0, 0x0, 0x0, 0x0, 0x0,

    /* U+6C42 "求" */
    0x0, 0x0, 0x0, 0x0, 0x8a, 0x0, 0x73, 0x0,
    0x0, 0x0, 0x0, 0x0, 0x0, 0xa, 0xd0, 0x1b,
    0xfa, 0x10, 0x0, 0x0, 0x0, 0x0, 0x0, 0xad,
    0x0, 0x5, 0xee, 0x10, 0x3, 0x66, 0x66, 0x66,
    0x6c, 0xe6, 0x66, 0x68, 0xc6, 0x60, 0x8f, 0xff,
    0xff, 0xff, 0xff, 0xff, 0xff, 0xff, 0xfe, 0x0,
    0x0, 0x0, 0x0, 0xa, 0xf0, 0x0, 0x0, 0x0,
    0x0, 0x1, 0x81, 0x0, 0x0, 0xaf, 0x50, 0x0,
    0xa, 0x80, 0x0, 0x2e, 0xc1, 0x0, 0xa, 0xfc,
    0x0, 0x8, 0xf8, 0x0, 0x0, 0x3f, 0xc0, 0x0,
    0xaf, 0xf4, 0x6, 0xf9, 0x0, 0x0, 0x0, 0x4f,
    0x90, 0xa, 0xdb, 0xc6, 0xfa, 0x0, 0x0, 0x0,
    0x0, 0x87, 0x0, 0xbd, 0x3f, 0xf9, 0x0, 0x0,
    0x0, 0x0, 0x0, 0x2, 0xbf, 0xd0, 0x9f, 0x30,
    0x0, 0x0, 0x0, 0x0, 0x19, 0xfd, 0xdd, 0x0,
    0xde, 0x20, 0x0, 0x0, 0x0, 0x6e, 0xf8, 0xa,
    0xd0, 0x3, 0xfd, 0x10, 0x0, 0x4, 0xdf, 0xc2,
    0x0, 0xad, 0x0, 0x4, 0xfe, 0x50, 0xa, 0xfe,
    0x50, 0x0, 0xa, 0xd0, 0x0, 0x4, 0xff, 0xa1,
    0x59, 0x10, 0x0, 0x0, 0xad, 0x0, 0x0, 0x2,
    0xbe, 0x10, 0x0, 0x1, 0x88, 0x8e, 0xc0, 0x0,
    0x0, 0x0, 0x10, 0x0, 0x0, 0xe, 0xff, 0xc4,
    0x0, 0x0, 0x0, 0x0, 0x0, 0x0, 0x0, 0x0,
    0x0, 0x0, 0x0, 0x0, 0x0, 0x0,

    /* U+6C47 "汇" */
    0x0, 0x10, 0x0, 0x0, 0x0, 0x0, 0x0, 0x0,
    0x0, 0x0, 0x0, 0xdc, 0x20, 0x8, 0x88, 0x88,
    0x88, 0x88, 0x88, 0x50, 0x0, 0x3d, 0xf6, 0x1f,
    0xff, 0xff, 0xff, 0xff, 0xff, 0xa0, 0x0, 0x0,
    0xad, 0x1f, 0x70, 0x0, 0x0, 0x0, 0x0, 0x0,
    0x0, 0x0, 0x1, 0x1f, 0x70, 0x0, 0x0, 0x0,
    0x0, 0x0, 0x0, 0x0, 0x0, 0x1f, 0x70, 0x0,
    0x0, 0x0, 0x0, 0x0, 0x7, 0x60, 0x0, 0x1f,
    0x70, 0x0, 0x0, 0x0, 0x0, 0x0, 0x9, 0xfd,
    0x30, 0x1f, 0x70, 0x0, 0x0, 0x0, 0x0, 0x0,
    0x0, 0x3d, 0xf1, 0x1f, 0x70, 0x0, 0x0, 0x0,
    0x0, 0x0, 0x0, 0x0, 0x30, 0x1f, 0x70, 0x0,
    0x0, 0x0, 0x0, 0x0, 0x0, 0x0, 0x0, 0x1f,
    0x70, 0x0, 0x0, 0x0, 0x0, 0x0, 0x0, 0x0,
    0x65, 0x1f, 0x70, 0x0, 0x0, 0x0, 0x0, 0x0,
    0x0, 0x0, 0xeb, 0x1f, 0x70, 0x0, 0x0, 0x0,
    0x0, 0x0, 0x0, 0x8, 0xf2, 0x1f, 0x70, 0x0,
    0x0, 0x0, 0x0, 0x0, 0x0, 0x1f, 0xa0, 0x1f,
    0x70, 0x0, 0x0, 0x0, 0x0, 0x0, 0x0, 0xaf,
    0x20, 0x1f, 0x70, 0x0, 0x0, 0x0, 0x0, 0x0,
    0x4, 0xf8, 0x0, 0x1f, 0xff, 0xff, 0xff, 0xff,
    0xff, 0xf1, 0x4, 0xd0, 0x0, 0x8, 0x88, 0x88,
    0x88, 0x88, 0x88, 0x80, 0x0, 0x0, 0x0, 0x0,
    0x0, 0x0, 0x0, 0x0, 0x0, 0x0,

    /* U+6C49 "汉" */
    0x0, 0x31, 0x0, 0x0, 0x0, 0x0, 0x0, 0x0,
    0x0, 0x0, 0x0, 0xdf, 0x80, 0x3, 0x44, 0x44,
    0x44, 0x44, 0x43, 0x0, 0x0, 0x7, 0xfd, 0x2c,
    0xff, 0xff, 0xff, 0xff, 0xff, 0x10, 0x0, 0x0,
    0x29, 0x1, 0xda, 0x22, 0x22, 0x22, 0x9d, 0x0,
    0x0, 0x0, 0x0, 0x0, 0x8e, 0x0, 0x0, 0x0,
    0xca, 0x0, 0x0, 0x0, 0x0, 0x0, 0x3f, 0x30,
    0x0, 0x0, 0xf6, 0x0, 0xc, 0x92, 0x0, 0x0,
    0xe, 0x70, 0x0, 0x5, 0xf1, 0x0, 0x5, 0xdf,
    0x70, 0x0, 0xa, 0xc0, 0x0, 0xb, 0xc0, 0x0,
    0x0, 0x8, 0xe1, 0x0, 0x5, 0xf3, 0x0, 0x2f,
    0x60, 0x0, 0x0, 0x0, 0x0, 0x0, 0x0, 0xdb,
    0x0, 0xbe, 0x0, 0x0, 0x0, 0x0, 0x0, 0x0,
    0x0, 0x5f, 0x44, 0xf7, 0x0, 0x0, 0x0, 0x0,
    0x2c, 0x0, 0x0, 0xc, 0xcd, 0xd0, 0x0, 0x0,
    0x0, 0x0, 0xbd, 0x0, 0x0, 0x4, 0xff, 0x40,
    0x0, 0x0, 0x0, 0x3, 0xf5, 0x0, 0x0, 0x8,
    0xff, 0x40, 0x0, 0x0, 0x0, 0xc, 0xc0, 0x0,
    0x0, 0xaf, 0x9c, 0xf4, 0x0, 0x0, 0x0, 0x6f,
    0x30, 0x0, 0x1b, 0xf7, 0x0, 0xcf, 0x60, 0x0,
    0x1, 0xfa, 0x0, 0x19, 0xff, 0x40, 0x0, 0xb,
    0xfc, 0x30, 0x4, 0xe1, 0x1, 0xff, 0x81, 0x0,
    0x0, 0x0, 0x5e, 0xf2, 0x0, 0x10, 0x0, 0x51,
    0x0, 0x0, 0x0, 0x0, 0x0, 0x40,

    /* U+6C83 "沃" */
    0x0, 0x53, 0x0, 0x0, 0x0, 0x0, 0x0, 0x1,
    0x61, 0x0, 0x0, 0xcf, 0xb2, 0x0, 0x1, 0x35,
    0x7a, 0xdf, 0xfb, 0x0, 0x0, 0x5, 0xef, 0x4d,
    0xff, 0xff, 0xfb, 0x85, 0x10, 0x0, 0x0, 0x0,
    0x15, 0x7, 0x54, 0x28, 0xf0, 0x0, 0x0, 0x0,
    0x0, 0x0, 0x0, 0x0, 0x0, 0x7, 0xf0, 0x0,
    0x0, 0x0, 0x0, 0x0, 0x0, 0x0, 0x0, 0x7,
    0xf0, 0x0, 0x0, 0x0, 0xc, 0x92, 0x0, 0x0,
    0x0, 0x7, 0xf0, 0x0, 0x0, 0x0, 0x7, 0xef,
    0x80, 0x22, 0x22, 0x29, 0xf2, 0x22, 0x22, 0x20,
    0x0, 0x9, 0xd0, 0xef, 0xff, 0xff, 0xff, 0xff,
    0xff, 0xf0, 0x0, 0x0, 0x0, 0x44, 0x44, 0x4c,
    0xfb, 0x44, 0x44, 0x40, 0x0, 0x0, 0x0, 0x0,
    0x0, 0xe, 0xfe, 0x0, 0x0, 0x0, 0x0, 0x0,
    0x3b, 0x0, 0x0, 0x2f, 0xaf, 0x30, 0x0, 0x0,
    0x0, 0x0, 0xbd, 0x0, 0x0, 0x9f, 0x1d, 0xa0,
    0x0, 0x0, 0x0, 0x4, 0xf6, 0x0, 0x2, 0xf9,
    0x7, 0xf3, 0x0, 0x0, 0x0, 0xd, 0xd0, 0x0,
    0xd, 0xe1, 0x0, 0xdc, 0x0, 0x0, 0x0, 0x6f,
    0x50, 0x0, 0xbf, 0x40, 0x0, 0x4f, 0xb0, 0x0,
    0x1, 0xfc, 0x0, 0x1c, 0xf5, 0x0, 0x0, 0x6,
    0xfc, 0x20, 0x4, 0xf3, 0x2, 0xfe, 0x40, 0x0,
    0x0, 0x0, 0x6f, 0xe1, 0x0, 0x10, 0x0, 0x61,
    0x0, 0x0, 0x0, 0x0, 0x1, 0x40,

    /* U+6C9F "沟" */
    0x0, 0x84, 0x0, 0x0, 0xd, 0x60, 0x0, 0x0,
    0x0, 0x0, 0xb, 0xfa, 0x10, 0x5, 0xf4, 0x0,
    0x0, 0x0, 0x0, 0x0, 0x5, 0xee, 0x10, 0xbe,
    0x0, 0x0, 0x0, 0x0, 0x0, 0x0, 0x2, 0x70,
    0x1f, 0xff, 0xff, 0xff, 0xff, 0xf5, 0x0, 0x0,
    0x0, 0x8, 0xf7, 0x77, 0x77, 0x77, 0x8f, 0x50,
    0x0, 0x0, 0x1, 0xf9, 0x0, 0x0, 0x0, 0x3,
    0xf4, 0x1d, 0xa1, 0x0, 0xaf, 0x20, 0xe7, 0x0,
    0x0, 0x3f, 0x40, 0x6e, 0xf6, 0x5f, 0x80, 0x3f,
    0x50, 0x0, 0x3, 0xf4, 0x0, 0x1b, 0x90, 0x70,
    0x8, 0xf0, 0x1, 0x0, 0x4f, 0x30, 0x0, 0x0,
    0x0, 0x0, 0xca, 0xa, 0xa0, 0x4, 0xf3, 0x0,
    0x0, 0x0, 0x0, 0x2f, 0x40, 0x5f, 0x10, 0x5f,
    0x20, 0x0, 0x1, 0xb0, 0x9, 0xd0, 0x0, 0xe7,
    0x5, 0xf2, 0x0, 0x0, 0x9f, 0x12, 0xfb, 0x9c,
    0xef, 0xd0, 0x6f, 0x10, 0x0, 0x2f, 0x80, 0x7f,
    0xfc, 0x96, 0x6f, 0x37, 0xf0, 0x0, 0xa, 0xe1,
    0x1, 0x40, 0x0, 0x0, 0x81, 0x8f, 0x0, 0x4,
    0xf7, 0x0, 0x0, 0x0, 0x0, 0x0, 0xa, 0xe0,
    0x0, 0xde, 0x0, 0x0, 0x0, 0x0, 0x0, 0x0,
    0xdc, 0x0, 0x6f, 0x50, 0x0, 0x0, 0x0, 0x5,
    0x77, 0x9f, 0x80, 0x0, 0x60, 0x0, 0x0, 0x0,
    0x0, 0x6f, 0xff, 0xa0, 0x0, 0x0, 0x0, 0x0,
    0x0, 0x0, 0x0, 0x0, 0x0, 0x0,

    /* U+6CA1 "没" */
    0x0, 0x40, 0x0, 0x0, 0x1, 0x11, 0x11, 0x11,
    0x0, 0x0, 0x1, 0xee, 0x60, 0x0, 0x1f, 0xff,
    0xff, 0xfe, 0x0, 0x0, 0x0, 0x19, 0xfc, 0x0,
    0x1f, 0x84, 0x44, 0xbe, 0x0, 0x0, 0x0, 0x0,
    0x47, 0x0, 0x2f, 0x50, 0x0, 0x9e, 0x0, 0x0,
    0x0, 0x0, 0x0, 0x0, 0x4f, 0x30, 0x0, 0x9e,
    0x0, 0x0, 0x0, 0x0, 0x0, 0x0, 0xbe, 0x0,
    0x0, 0x8f, 0x0, 0x0, 0x1e, 0xa2, 0x0, 0x8,
    0xf6, 0x0, 0x0, 0x6f, 0xff, 0xf2, 0x5, 0xef,
    0x91, 0xdf, 0x90, 0x0, 0x0, 0x6, 0x88, 0x71,
    0x0, 0x8, 0xc0, 0x64, 0x0, 0x0, 0x0, 0x0,
    0x0, 0x0, 0x0, 0x0, 0x0, 0x2f, 0xff, 0xff,
    0xff, 0xff, 0xf9, 0x0, 0x0, 0x0, 0x0, 0x18,
    0xfa, 0x66, 0x66, 0x6a, 0xf5, 0x0, 0x0, 0x0,
    0x69, 0x0, 0xbd, 0x0, 0x0, 0xd, 0xc0, 0x0,
    0x0, 0x0, 0xea, 0x0, 0x2f, 0x90, 0x0, 0xaf,
    0x40, 0x0, 0x0, 0x7, 0xf2, 0x0, 0x6, 0xf9,
    0xa, 0xf5, 0x0, 0x0, 0x0, 0x1e, 0xa0, 0x0,
    0x0, 0x7f, 0xef, 0x60, 0x0, 0x0, 0x0, 0x9f,
    0x20, 0x0, 0x2, 0x9f, 0xff, 0x81, 0x0, 0x0,
    0x2, 0xf9, 0x0, 0x15, 0xbf, 0xf8, 0x3a, 0xff,
    0x94, 0x0, 0x6, 0xe1, 0x6, 0xff, 0xd8, 0x10,
    0x0, 0x3a, 0xff, 0xf2, 0x0, 0x10, 0x0, 0x72,
    0x0, 0x0, 0x0, 0x0, 0x4, 0x60,

    /* U+6CB9 "油" */
    0x2, 0x30, 0x0, 0x0, 0x0, 0xb, 0x60, 0x0,
    0x0, 0xb, 0xfb, 0x20, 0x0, 0x0, 0xe, 0x80,
    0x0, 0x0, 0x0, 0x6e, 0xf6, 0x0, 0x0, 0xe,
    0x80, 0x0, 0x0, 0x0, 0x1, 0xa3, 0x0, 0x0,
    0xe, 0x80, 0x0, 0x0, 0x0, 0x0, 0x0, 0x48,
    0x88, 0x8f, 0xc8, 0x88, 0x84, 0x0, 0x0, 0x0,
    0x7f, 0xff, 0xff, 0xff, 0xff, 0xf8, 0x8a, 0x30,
    0x0, 0x7e, 0x0, 0xe, 0x80, 0x0, 0xe8, 0x5d,
    0xfa, 0x10, 0x7e, 0x0, 0xe, 0x80, 0x0, 0xe8,
    0x0, 0x7f, 0x40, 0x7e, 0x0, 0xe, 0x80, 0x0,
    0xe8, 0x0, 0x1, 0x0, 0x7e, 0x0, 0xe, 0x80,
    0x0, 0xe8, 0x0, 0x0, 0x0, 0x7f, 0xff, 0xff,
    0xff, 0xff, 0xf8, 0x0, 0x0, 0x10, 0x7f, 0x77,
    0x7f, 0xc7, 0x77, 0xf8, 0x0, 0x7, 0xd0, 0x7e,
    0x0, 0xe, 0x80, 0x0, 0xe8, 0x0, 0x1f, 0xa0,
    0x7e, 0x0, 0xe, 0x80, 0x0, 0xe8, 0x0, 0x8f,
    0x20, 0x7e, 0x0, 0xe, 0x80, 0x0, 0xe8, 0x1,
    0xfa, 0x0, 0x7e, 0x11, 0x1e, 0x91, 0x11, 0xe8,
    0xa, 0xf2, 0x0, 0x7f, 0xff, 0xff, 0xff, 0xff,
    0xf8, 0x2f, 0x90, 0x0, 0x7f, 0x55, 0x55, 0x55,
    0x55, 0xf8, 0x4, 0x10, 0x0, 0x7e, 0x0, 0x0,
    0x0, 0x0, 0xc7,

    /* U+6CD5 "法" */
    0x0, 0x34, 0x0, 0x0, 0x0, 0x0, 0xb7, 0x0,
    0x0, 0x0, 0x9, 0xfd, 0x40, 0x0, 0x0, 0xe,
    0x90, 0x0, 0x0, 0x0, 0x4, 0xdf, 0x60, 0x0,
    0x0, 0xe9, 0x0, 0x0, 0x0, 0x0, 0x0, 0x71,
    0x15, 0x55, 0x5f, 0xb5, 0x55, 0x50, 0x0, 0x0,
    0x0, 0x3, 0xff, 0xff, 0xff, 0xff, 0xff, 0x0,
    0x0, 0x0, 0x0, 0x0, 0x0, 0xe, 0x90, 0x0,
    0x0, 0xb, 0xd5, 0x0, 0x0, 0x0, 0x0, 0xe9,
    0x0, 0x0, 0x0, 0x3b, 0xfc, 0x20, 0x0, 0x0,
    0xe, 0x90, 0x0, 0x0, 0x0, 0x5, 0xd2, 0x4,
    0x44, 0x44, 0xeb, 0x44, 0x44, 0x40, 0x0, 0x0,
    0x1, 0xff, 0xff, 0xff, 0xff, 0xff, 0xfd, 0x0,
    0x0, 0x0, 0x1, 0x11, 0x1d, 0xe1, 0x11, 0x11,
    0x10, 0x0, 0x0, 0xc3, 0x0, 0x5, 0xf6, 0x0,
    0x0, 0x0, 0x0, 0x0, 0x7f, 0x30, 0x0, 0xdd,
    0x0, 0x48, 0x0, 0x0, 0x0, 0x1e, 0xa0, 0x0,
    0x6f, 0x50, 0x4, 0xf5, 0x0, 0x0, 0x9, 0xf2,
    0x0, 0x1e, 0xa0, 0x0, 0x9, 0xe1, 0x0, 0x2,
    0xf9, 0x0, 0xa, 0xe2, 0x24, 0x57, 0xaf, 0xb0,
    0x0, 0xce, 0x10, 0x7, 0xff, 0xff, 0xff, 0xdb,
    0xbf, 0x40, 0x1e, 0x60, 0x0, 0x4b, 0x86, 0x31,
    0x0, 0x0, 0xdb, 0x0, 0x10, 0x0, 0x0, 0x0,
    0x0, 0x0, 0x0, 0x4, 0x20,

    /* U+6CE1 "泡" */
    0x0, 0x52, 0x0, 0x0, 0x9, 0x60, 0x0, 0x0,
    0x0, 0x0, 0x0, 0xdf, 0xa1, 0x0, 0x2f, 0x70,
    0x0, 0x0, 0x0, 0x0, 0x0, 0x6, 0xfd, 0x0,
    0x9f, 0x52, 0x22, 0x22, 0x22, 0x0, 0x0, 0x0,
    0x25, 0x0, 0xef, 0xff, 0xff, 0xff, 0xff, 0x40,
    0x0, 0x0, 0x0, 0x7, 0xf5, 0x33, 0x33, 0x33,
    0x6f, 0x40, 0x0, 0x0, 0x0, 0x1f, 0xa0, 0x0,
    0x0, 0x0, 0x3f, 0x40, 0xc, 0x92, 0x0, 0xcf,
    0x86, 0x66, 0x66, 0x20, 0x4f, 0x30, 0x7, 0xef,
    0x83, 0xeb, 0xfe, 0xee, 0xef, 0x70, 0x4f, 0x20,
    0x0, 0x9, 0xb0, 0x4, 0xf2, 0x0, 0xf, 0x70,
    0x5f, 0x20, 0x0, 0x0, 0x0, 0x4, 0xf2, 0x0,
    0xf, 0x70, 0x6f, 0x10, 0x0, 0x0, 0x0, 0x4,
    0xf4, 0x11, 0x1f, 0x70, 0x7f, 0x0, 0x0, 0x0,
    0x87, 0x4, 0xff, 0xff, 0xff, 0x70, 0x9e, 0x0,
    0x0, 0x1, 0xf8, 0x4, 0xf4, 0x22, 0x24, 0x87,
    0xfc, 0x0, 0x0, 0x9, 0xf1, 0x4, 0xf2, 0x0,
    0x0, 0xff, 0xe4, 0x0, 0x0, 0x2f, 0x80, 0x4,
    0xf2, 0x0, 0x0, 0x0, 0x2, 0x60, 0x0, 0xbe,
    0x10, 0x4, 0xf3, 0x0, 0x0, 0x0, 0x5, 0xf1,
    0x5, 0xf6, 0x0, 0x3, 0xfb, 0x66, 0x66, 0x66,
    0x6d, 0xe0, 0x2, 0x90, 0x0, 0x0, 0x8e, 0xff,
    0xff, 0xff, 0xfd, 0x40,

    /* U+6CE2 "波" */
    0x0, 0x42, 0x0, 0x0, 0x0, 0x0, 0xc5, 0x0,
    0x0, 0x0, 0x0, 0xcf, 0x91, 0x0, 0x0, 0x0,
    0xf6, 0x0, 0x0, 0x0, 0x0, 0x6, 0xfd, 0x0,
    0x0, 0x0, 0xf6, 0x0, 0x0, 0x0, 0x0, 0x0,
    0x25, 0xe, 0xff, 0xff, 0xff, 0xff, 0xff, 0xd0,
    0x0, 0x0, 0x0, 0xe, 0xb7, 0x77, 0xfa, 0x77,
    0x7f, 0xa0, 0x1, 0x0, 0x0, 0xe, 0x80, 0x0,
    0xf6, 0x0, 0x3f, 0x40, 0xe, 0xc4, 0x0, 0xe,
    0x80, 0x0, 0xf6, 0x0, 0xad, 0x0, 0x4, 0xcf,
    0xa0, 0xe, 0x80, 0x0, 0xf6, 0x0, 0x12, 0x0,
    0x0, 0x7, 0xa0, 0xe, 0xff, 0xff, 0xff, 0xff,
    0xf7, 0x0, 0x0, 0x0, 0x0, 0xf, 0xae, 0xb5,
    0x55, 0x58, 0xf4, 0x0, 0x0, 0x0, 0x0, 0xf,
    0x67, 0xf1, 0x0, 0xa, 0xe0, 0x0, 0x0, 0x0,
    0xa4, 0x1f, 0x50, 0xe8, 0x0, 0x2f, 0x70, 0x0,
    0x0, 0x3, 0xf6, 0x3f, 0x30, 0x7f, 0x40, 0xcd,
    0x0, 0x0, 0x0, 0xa, 0xe0, 0x7f, 0x0, 0xb,
    0xe9, 0xf3, 0x0, 0x0, 0x0, 0x2f, 0x70, 0xbc,
    0x0, 0x1, 0xff, 0x80, 0x0, 0x0, 0x0, 0xaf,
    0x11, 0xf7, 0x0, 0x2b, 0xff, 0xf7, 0x0, 0x0,
    0x3, 0xf8, 0x8, 0xf2, 0x18, 0xfe, 0x51, 0xaf,
    0xc6, 0x0, 0x7, 0xe1, 0x1f, 0x85, 0xff, 0xa1,
    0x0, 0x5, 0xdf, 0xe1, 0x0, 0x10, 0x5, 0x0,
    0x71, 0x0, 0x0, 0x0, 0x3, 0x50,

    /* U+6D0B "洋" */
    0x0, 0x30, 0x0, 0x0, 0x59, 0x0, 0x0, 0x5,
    0x90, 0x0, 0x1, 0xfc, 0x30, 0x0, 0x4f, 0x60,
    0x0, 0xd, 0xc0, 0x0, 0x0, 0x3d, 0xf7, 0x0,
    0xb, 0xe0, 0x0, 0x5f, 0x30, 0x0, 0x0, 0x0,
    0x9d, 0x0, 0x4, 0xe4, 0x1, 0xdb, 0x0, 0x0,
    0x0, 0x0, 0x0, 0x2f, 0xff, 0xff, 0xff, 0xff,
    0xff, 0x90, 0x0, 0x0, 0x0, 0x5, 0x55, 0x56,
    0xf9, 0x55, 0x55, 0x30, 0x1e, 0xb3, 0x0, 0x0,
    0x0, 0x2, 0xf6, 0x0, 0x0, 0x0, 0x5, 0xdf,
    0x90, 0x0, 0x0, 0x2, 0xf6, 0x0, 0x0, 0x0,
    0x0, 0x8, 0xd1, 0x8, 0xff, 0xff, 0xff, 0xff,
    0xfe, 0x0, 0x0, 0x0, 0x0, 0x3, 0x77, 0x78,
    0xfa, 0x77, 0x76, 0x0, 0x0, 0x0, 0x10, 0x0,
    0x0, 0x2, 0xf6, 0x0, 0x0, 0x0, 0x0, 0x0,
    0xe6, 0x0, 0x0, 0x2, 0xf6, 0x0, 0x0, 0x0,
    0x0, 0x5, 0xf4, 0x57, 0x77, 0x78, 0xfa, 0x77,
    0x77, 0x70, 0x0, 0xd, 0xd0, 0xbf, 0xff, 0xff,
    0xff, 0xff, 0xff, 0xf1, 0x0, 0x4f, 0x60, 0x0,
    0x0, 0x2, 0xf6, 0x0, 0x0, 0x0, 0x0, 0xce,
    0x0, 0x0, 0x0, 0x2, 0xf6, 0x0, 0x0, 0x0,
    0x5, 0xf7, 0x0, 0x0, 0x0, 0x2, 0xf6, 0x0,
    0x0, 0x0, 0xa, 0xe0, 0x0, 0x0, 0x0, 0x2,
    0xf6, 0x0, 0x0, 0x0, 0x0, 0x30, 0x0, 0x0,
    0x0, 0x2, 0xf6, 0x0, 0x0, 0x0,

    /* U+6D17 "洗" */
    0x0, 0x41, 0x0, 0x0, 0x25, 0x0, 0xc5, 0x0,
    0x0, 0x0, 0x1, 0xee, 0x60, 0x0, 0x9f, 0x0,
    0xf6, 0x0, 0x0, 0x0, 0x0, 0x1a, 0xf9, 0x0,
    0xdb, 0x0, 0xf6, 0x0, 0x0, 0x0, 0x0, 0x0,
    0x76, 0x2, 0xfc, 0x77, 0xfb, 0x77, 0x77, 0x20,
    0x0, 0x0, 0x0, 0x7, 0xff, 0xff, 0xff, 0xff,
    0xff, 0x50, 0x1, 0x0, 0x0, 0xe, 0xb0, 0x0,
    0xf6, 0x0, 0x0, 0x0, 0x1e, 0xb2, 0x0, 0x7f,
    0x40, 0x0, 0xf6, 0x0, 0x0, 0x0, 0x4, 0xdf,
    0x70, 0x59, 0x0, 0x0, 0xf6, 0x0, 0x0, 0x0,
    0x0, 0x9, 0xb0, 0x77, 0x77, 0x78, 0xfb, 0x77,
    0x77, 0x71, 0x0, 0x0, 0x0, 0xef, 0xff, 0xff,
    0xff, 0xff, 0xff, 0xf2, 0x0, 0x0, 0x0, 0x0,
    0x7, 0xf0, 0x5, 0xf2, 0x0, 0x0, 0x0, 0x0,
    0xb4, 0x0, 0x9, 0xe0, 0x5, 0xf2, 0x0, 0x0,
    0x0, 0x4, 0xf4, 0x0, 0xc, 0xc0, 0x5, 0xf2,
    0x0, 0x0, 0x0, 0xb, 0xc0, 0x0, 0x1f, 0x70,
    0x5, 0xf2, 0x0, 0x0, 0x0, 0x3f, 0x50, 0x0,
    0x8f, 0x20, 0x5, 0xf2, 0x0, 0xe4, 0x0, 0xcd,
    0x0, 0x5, 0xf9, 0x0, 0x5, 0xf2, 0x0, 0xf4,
    0x5, 0xf5, 0x1, 0x8f, 0xc0, 0x0, 0x4, 0xf8,
    0x57, 0xf2, 0x3, 0xb0, 0x8, 0xf9, 0x0, 0x0,
    0x1, 0xdf, 0xff, 0xa0, 0x0, 0x0, 0x0, 0x10,
    0x0, 0x0, 0x0, 0x0, 0x0, 0x0,

    /* U+6D4B "测" */
    0x0, 0x60, 0x0, 0x0, 0x0, 0x0, 0x0, 0x0,
    0x8, 0x20, 0x3f, 0xe4, 0x9, 0xaa, 0xaa, 0xa9,
    0x0, 0x0, 0xe4, 0x0, 0x2c, 0xf5, 0xea, 0x88,
    0x8a, 0xe0, 0x5d, 0xe, 0x40, 0x0, 0x6, 0xe,
    0x40, 0x0, 0x4e, 0x5, 0xd0, 0xe4, 0x0, 0x0,
    0x0, 0xe4, 0x3e, 0x4, 0xe0, 0x5d, 0xe, 0x40,
    0x0, 0x0, 0xe, 0x43, 0xe0, 0x4e, 0x5, 0xd0,
    0xe4, 0x2e, 0x91, 0x0, 0xe4, 0x3e, 0x4, 0xe0,
    0x5d, 0xe, 0x40, 0x6e, 0xe5, 0xe, 0x43, 0xe0,
    0x4e, 0x5, 0xd0, 0xe4, 0x0, 0x1b, 0x40, 0xe4,
    0x3e, 0x4, 0xe0, 0x5d, 0xe, 0x40, 0x0, 0x0,
    0xe, 0x43, 0xe0, 0x4e, 0x5, 0xd0, 0xe4, 0x0,
    0x0, 0x0, 0xe4, 0x3e, 0x4, 0xe0, 0x5d, 0xe,
    0x40, 0x0, 0x55, 0xe, 0x44, 0xd0, 0x4e, 0x5,
    0xd0, 0xe4, 0x0, 0xd, 0xb0, 0xe4, 0x6c, 0x4,
    0xe0, 0x5d, 0xe, 0x40, 0x4, 0xf4, 0xd, 0x3a,
    0x80, 0x4c, 0x5, 0xd0, 0xe4, 0x0, 0xbd, 0x0,
    0x2, 0xf4, 0x60, 0x0, 0x0, 0xe, 0x40, 0x2f,
    0x70, 0x0, 0xca, 0x1c, 0xa0, 0x0, 0x0, 0xe4,
    0xb, 0xe0, 0x2, 0xcd, 0x0, 0xc, 0xb0, 0x3,
    0x4f, 0x40, 0x56, 0x0, 0xa9, 0x0, 0x0, 0x1b,
    0x20, 0xff, 0xc1, 0x0, 0x0, 0x0, 0x0, 0x0,
    0x0, 0x0, 0x0, 0x0, 0x0,

    /* U+6D77 "海" */
    0x0, 0x30, 0x0, 0x0, 0x57, 0x0, 0x0, 0x0,
    0x0, 0x0, 0x1, 0xee, 0x60, 0x0, 0xdc, 0x0,
    0x0, 0x0, 0x0, 0x0, 0x0, 0x19, 0xfb, 0x4,
    0xfb, 0x66, 0x66, 0x66, 0x66, 0x40, 0x0, 0x0,
    0x45, 0xb, 0xff, 0xff, 0xff, 0xff, 0xff, 0x80,
    0x0, 0x0, 0x0, 0x4f, 0x60, 0x0, 0x0, 0x0,
    0x0, 0x0, 0x0, 0x0, 0x1, 0xed, 0x33, 0x33,
    0x33, 0x33, 0x32, 0x0, 0x7, 0x20, 0x5, 0xe3,
    0xff, 0xff, 0xff, 0xff, 0xfa, 0x0, 0x1c, 0xf9,
    0x0, 0x2, 0xf4, 0x1b, 0x60, 0x0, 0xc9, 0x0,
    0x0, 0x6f, 0x80, 0x4, 0xf2, 0x2, 0xe6, 0x0,
    0xd8, 0x0, 0x0, 0x2, 0x0, 0x17, 0xf2, 0x11,
    0x5c, 0x21, 0xe9, 0x10, 0x0, 0x0, 0x7, 0xff,
    0xff, 0xff, 0xff, 0xff, 0xff, 0xf1, 0x0, 0x3,
    0xb2, 0x4c, 0xc4, 0x6a, 0x44, 0x44, 0xf8, 0x40,
    0x0, 0xa, 0xd0, 0xc, 0x90, 0x1d, 0x80, 0x1,
    0xf5, 0x0, 0x0, 0x1f, 0x70, 0xf, 0x70, 0x1,
    0xe6, 0x2, 0xf4, 0x0, 0x0, 0x7f, 0x10, 0x1f,
    0xa6, 0x66, 0xa8, 0x68, 0xf8, 0x30, 0x0, 0xe9,
    0x0, 0x3d, 0xdd, 0xdd, 0xdd, 0xdf, 0xfd, 0x70,
    0x7, 0xf2, 0x0, 0x0, 0x0, 0x0, 0x43, 0x4d,
    0xc0, 0x0, 0x3, 0x80, 0x0, 0x0, 0x0, 0x0,
    0xbf, 0xfd, 0x30, 0x0, 0x0, 0x0, 0x0, 0x0,
    0x0, 0x0, 0x0, 0x0, 0x0, 0x0,

    /* U+6E05 "清" */
    0x0, 0x30, 0x0, 0x0, 0x0, 0x5, 0xa0, 0x0,
    0x0, 0x0, 0x1f, 0xd4, 0x1, 0x33, 0x33, 0x9f,
    0x33, 0x33, 0x30, 0x0, 0x2b, 0xf6, 0x9f, 0xff,
    0xff, 0xff, 0xff, 0xff, 0x40, 0x0, 0x6, 0x10,
    0x0, 0x0, 0x7f, 0x0, 0x0, 0x0, 0x0, 0x0,
    0x0, 0x2f, 0xff, 0xff, 0xff, 0xff, 0xfb, 0x0,
    0x0, 0x0, 0x0, 0x22, 0x22, 0x9f, 0x22, 0x22,
    0x10, 0xc, 0x80, 0x1, 0x33, 0x33, 0x39, 0xf3,
    0x33, 0x33, 0x30, 0x7f, 0xe4, 0x5f, 0xff, 0xff,
    0xff, 0xff, 0xff, 0xff, 0x0, 0x1b, 0x80, 0x0,
    0x0, 0x0, 0x0, 0x0, 0x0, 0x0, 0x0, 0x0,
    0x0, 0xcf, 0xff, 0xff, 0xff, 0xff, 0x40, 0x0,
    0x0, 0x0, 0xc, 0xa2, 0x22, 0x22, 0x24, 0xf4,
    0x0, 0x0, 0xa, 0x20, 0xcb, 0x22, 0x22, 0x22,
    0x4f, 0x40, 0x0, 0x3, 0xf6, 0xc, 0xff, 0xff,
    0xff, 0xff, 0xf4, 0x0, 0x0, 0xaf, 0x0, 0xc9,
    0x0, 0x0, 0x0, 0x2f, 0x40, 0x0, 0x1f, 0x90,
    0xc, 0xfe, 0xee, 0xee, 0xee, 0xf4, 0x0, 0x8,
    0xf2, 0x0, 0xcb, 0x33, 0x33, 0x33, 0x5f, 0x40,
    0x1, 0xfb, 0x0, 0xc, 0x90, 0x0, 0x0, 0x2,
    0xf4, 0x0, 0x7f, 0x40, 0x0, 0xc9, 0x0, 0x0,
    0x35, 0x8f, 0x30, 0x0, 0x70, 0x0, 0xc, 0x90,
    0x0, 0x7, 0xee, 0xa0, 0x0,

    /* U+6E23 "渣" */
    0x0, 0x61, 0x0, 0x0, 0x0, 0x5, 0xc0, 0x0,
    0x0, 0x0, 0x2, 0xef, 0x80, 0x0, 0x0, 0x6,
    0xf0, 0x0, 0x0, 0x0, 0x0, 0x8, 0xfc, 0x45,
    0x55, 0x5a, 0xf5, 0x55, 0x55, 0x40, 0x0, 0x0,
    0x35, 0xbf, 0xff, 0xff, 0xff, 0xff, 0xff, 0xb0,
    0x0, 0x0, 0x0, 0x0, 0x3, 0xfd, 0xfd, 0xb0,
    0x0, 0x0, 0x0, 0x0, 0x0, 0x0, 0x2e, 0xa7,
    0xf1, 0xdc, 0x0, 0x0, 0x2e, 0x92, 0x0, 0x4,
    0xec, 0x6, 0xf0, 0x2e, 0xd3, 0x0, 0x7, 0xef,
    0x70, 0x9f, 0xc1, 0x6, 0xf0, 0x2, 0xdf, 0x90,
    0x0, 0x1a, 0x92, 0xe9, 0x32, 0x24, 0x73, 0x22,
    0x28, 0xa0, 0x0, 0x0, 0x0, 0x1, 0xff, 0xff,
    0xff, 0xff, 0xb0, 0x0, 0x0, 0x0, 0x0, 0x1,
    0xf3, 0x0, 0x0, 0xa, 0xb0, 0x0, 0x0, 0x0,
    0xa9, 0x1, 0xfd, 0xcc, 0xcc, 0xce, 0xb0, 0x0,
    0x0, 0x2, 0xf6, 0x1, 0xf7, 0x44, 0x44, 0x4b,
    0xb0, 0x0, 0x0, 0xa, 0xe0, 0x1, 0xf3, 0x0,
    0x0, 0xa, 0xb0, 0x0, 0x0, 0x3f, 0x70, 0x1,
    0xff, 0xff, 0xff, 0xff, 0xb0, 0x0, 0x0, 0xce,
    0x0, 0x0, 0x33, 0x33, 0x33, 0x33, 0x20, 0x0,
    0x5, 0xf6, 0x3, 0x44, 0x44, 0x44, 0x44, 0x44,
    0x44, 0x40, 0x8, 0xd0, 0xa, 0xff, 0xff, 0xff,
    0xff, 0xff, 0xff, 0xf1, 0x0, 0x10, 0x0, 0x0,
    0x0, 0x0, 0x0, 0x0, 0x0, 0x0,

    /* U+6ED1 "滑" */
    0x0, 0x31, 0x0, 0x0, 0x0, 0x0, 0x0, 0x0,
    0x0, 0x0, 0x0, 0xdf, 0x60, 0x0, 0xff, 0xff,
    0xff, 0xff, 0xe0, 0x0, 0x0, 0xa, 0xf9, 0x0,
    0xf6, 0x22, 0x22, 0x29, 0xe0, 0x0, 0x0, 0x0,
    0x8e, 0x10, 0xf8, 0x44, 0x41, 0x7, 0xe0, 0x0,
    0x0, 0x0, 0x1, 0x0, 0xfd, 0xbb, 0xf4, 0x7,
    0xe0, 0x0, 0x1, 0x0, 0x0, 0x0, 0xf4, 0x0,
    0xf4, 0x7, 0xe0, 0x0, 0xd, 0xc3, 0x1, 0xde,
    0xfe, 0xdd, 0xfe, 0xde, 0xfd, 0xd0, 0x3, 0xdf,
    0x82, 0xf7, 0x55, 0x55, 0x55, 0x55, 0x59, 0xf0,
    0x0, 0x9, 0xb2, 0xf3, 0x0, 0x0, 0x0, 0x0,
    0x6, 0xf0, 0x0, 0x0, 0x1, 0x84, 0xff, 0xff,
    0xff, 0xff, 0xf3, 0x80, 0x0, 0x0, 0x0, 0x2,
    0xf5, 0x22, 0x22, 0x27, 0xf0, 0x0, 0x0, 0x0,
    0x53, 0x2, 0xf6, 0x33, 0x33, 0x38, 0xf0, 0x0,
    0x0, 0x0, 0xeb, 0x2, 0xff, 0xee, 0xee, 0xef,
    0xf0, 0x0, 0x0, 0x5, 0xf4, 0x2, 0xf3, 0x0,
    0x0, 0x6, 0xf0, 0x0, 0x0, 0xd, 0xd0, 0x2,
    0xff, 0xff, 0xff, 0xff, 0xf0, 0x0, 0x0, 0x5f,
    0x60, 0x2, 0xf5, 0x22, 0x22, 0x27, 0xf0, 0x0,
    0x0, 0xdd, 0x0, 0x2, 0xf3, 0x0, 0x0, 0x6,
    0xf0, 0x0, 0x4, 0xf6, 0x0, 0x2, 0xf3, 0x0,
    0x2, 0x28, 0xf0, 0x0, 0x0, 0x50, 0x0, 0x2,
    0xf3, 0x0, 0xb, 0xff, 0x90, 0x0, 0x0, 0x0,
    0x0, 0x0, 0x0, 0x0, 0x0, 0x0, 0x0, 0x0,

    /* U+6F02 "漂" */
    0x0, 0x40, 0x0, 0x0, 0x0, 0x0, 0x0, 0x0,
    0x0, 0x0, 0x1, 0xee, 0x50, 0xcf, 0xff, 0xff,
    0xff, 0xff, 0xff, 0xe0, 0x0, 0x1b, 0xf7, 0x23,
    0x33, 0xc9, 0x38, 0xd3, 0x33, 0x30, 0x0, 0x0,
    0x73, 0x3, 0x33, 0xc9, 0x38, 0xd3, 0x33, 0x10,
    0x0, 0x0, 0x0, 0x1f, 0xff, 0xff, 0xff, 0xff,
    0xff, 0x40, 0x1, 0x0, 0x0, 0x1f, 0x30, 0xb7,
    0x6, 0xd0, 0x1f, 0x40, 0x1f, 0xb3, 0x0, 0x1f,
    0x30, 0xb7, 0x6, 0xd0, 0x1f, 0x40, 0x4, 0xdf,
    0x70, 0x1f, 0xed, 0xfe, 0xde, 0xfd, 0xdf, 0x40,
    0x0, 0xa, 0x60, 0x5, 0x55, 0x55, 0x55, 0x55,
    0x55, 0x10, 0x0, 0x0, 0x0, 0x1, 0x33, 0x33,
    0x33, 0x33, 0x33, 0x0, 0x0, 0x0, 0x0, 0x8,
    0xff, 0xff, 0xff, 0xff, 0xfd, 0x0, 0x0, 0x0,
    0xb2, 0x0, 0x0, 0x0, 0x0, 0x0, 0x0, 0x0,
    0x0, 0x4, 0xf2, 0xcf, 0xff, 0xff, 0xff, 0xff,
    0xff, 0xf2, 0x0, 0xb, 0xb0, 0x44, 0x44, 0x46,
    0xf8, 0x44, 0x44, 0x40, 0x0, 0x2f, 0x50, 0x0,
    0x21, 0x2, 0xf4, 0x8, 0x30, 0x0, 0x0, 0xae,
    0x0, 0x3, 0xf8, 0x2, 0xf4, 0xa, 0xf3, 0x0,
    0x2, 0xf6, 0x0, 0x3e, 0xb0, 0x2, 0xf4, 0x0,
    0xaf, 0x30, 0x8, 0xe0, 0x5, 0xfa, 0x2, 0x47,
    0xf4, 0x0, 0xc, 0xe0, 0x0, 0x50, 0x0, 0x60,
    0x3, 0xff, 0xb0, 0x0, 0x1, 0x30,

    /* U+7070 "灰" */
    0x0, 0x0, 0x5, 0xc2, 0x0, 0x0, 0x0, 0x0,
    0x0, 0x0, 0x0, 0x0, 0x7f, 0x10, 0x0, 0x0,
    0x0, 0x0, 0x0, 0x4, 0x44, 0x4b, 0xf5, 0x44,
    0x44, 0x44, 0x44, 0x44, 0x0, 0xdf, 0xff, 0xff,
    0xff, 0xff, 0xff, 0xff, 0xff, 0xf2, 0x1, 0x11,
    0x1d, 0xc1, 0x11, 0x11, 0x11, 0x11, 0x11, 0x0,
    0x0, 0x0, 0xf8, 0x0, 0x0, 0x9c, 0x0, 0x0,
    0x0, 0x0, 0x0, 0x2f, 0x60, 0x0, 0xb, 0xc0,
    0x0, 0x0, 0x0, 0x0, 0x6, 0xf3, 0x5, 0x0,
    0xcb, 0x0, 0x26, 0x0, 0x0, 0x0, 0xae, 0x2,
    0xf3, 0xe, 0x90, 0xa, 0xe0, 0x0, 0x0, 0xf,
    0xa0, 0x6f, 0x0, 0xf8, 0x2, 0xf6, 0x0, 0x0,
    0x4, 0xf5, 0xc, 0xa0, 0x4f, 0x90, 0xbd, 0x0,
    0x0, 0x0, 0xbf, 0x1, 0xe4, 0x8, 0xff, 0x16,
    0x30, 0x0, 0x0, 0x3f, 0x80, 0x0, 0x0, 0xcd,
    0xe9, 0x0, 0x0, 0x0, 0xc, 0xf1, 0x0, 0x0,
    0x4f, 0x66, 0xf4, 0x0, 0x0, 0xa, 0xf7, 0x0,
    0x0, 0x1d, 0xe0, 0xb, 0xe1, 0x0, 0x2, 0xfb,
    0x0, 0x0, 0x1c, 0xf3, 0x0, 0x1e, 0xe2, 0x0,
    0x3, 0x0, 0x0, 0x5e, 0xf5, 0x0, 0x0, 0x2e,
    0xe6, 0x0, 0x0, 0x0, 0xaf, 0xc3, 0x0, 0x0,
    0x0, 0x1b, 0xf5, 0x0, 0x0, 0x2, 0x40, 0x0,
    0x0, 0x0, 0x0, 0x4, 0x0,

    /* U+7092 "炒" */
    0x0, 0x1, 0xd4, 0x0, 0x0, 0x0, 0x5f, 0x10,
    0x0, 0x0, 0x0, 0x1, 0xf4, 0x0, 0x0, 0x0,
    0x5f, 0x10, 0x0, 0x0, 0x0, 0x1, 0xf4, 0x0,
    0x0, 0x0, 0x5f, 0x10, 0x0, 0x0, 0x0, 0x1,
    0xf4, 0x4, 0x1, 0x61, 0x5f, 0x13, 0xa0, 0x0,
    0x5, 0x91, 0xf4, 0x2f, 0x25, 0xf1, 0x5f, 0x11,
    0xf7, 0x0, 0x8, 0xa1, 0xf4, 0x7b, 0x8, 0xe0,
    0x5f, 0x10, 0x9e, 0x0, 0xa, 0x91, 0xf5, 0xd5,
    0xb, 0xb0, 0x5f, 0x10, 0x2f, 0x50, 0xd, 0x61,
    0xf7, 0xd0, 0xf, 0x70, 0x5f, 0x10, 0xc, 0xb0,
    0x1f, 0x22, 0xf3, 0x0, 0x5f, 0x10, 0x5f, 0x10,
    0x7, 0xc0, 0x4, 0x2, 0xf2, 0x0, 0x6b, 0x0,
    0x5f, 0x10, 0x0, 0x0, 0x0, 0x4, 0xf2, 0x0,
    0x0, 0x0, 0x5f, 0x10, 0x9e, 0x0, 0x0, 0x7,
    0xf5, 0x0, 0x0, 0x0, 0x5f, 0x12, 0xf8, 0x0,
    0x0, 0xa, 0xff, 0x40, 0x0, 0x0, 0x26, 0xb,
    0xf1, 0x0, 0x0, 0xe, 0x99, 0xf3, 0x0, 0x0,
    0x0, 0xaf, 0x50, 0x0, 0x0, 0x5f, 0x30, 0xbe,
    0x0, 0x0, 0x1a, 0xf6, 0x0, 0x0, 0x0, 0xce,
    0x0, 0x14, 0x0, 0x7, 0xef, 0x60, 0x0, 0x0,
    0x8, 0xf5, 0x0, 0x0, 0x59, 0xef, 0xa1, 0x0,
    0x0, 0x0, 0xe, 0xb0, 0x0, 0x8, 0xfe, 0x93,
    0x0, 0x0, 0x0, 0x0, 0x3, 0x0, 0x0, 0x0,
    0x30, 0x0, 0x0, 0x0, 0x0, 0x0,

    /* U+70B8 "炸" */
    0x0, 0x0, 0x83, 0x0, 0x0, 0x57, 0x0, 0x0,
    0x0, 0x0, 0x0, 0x1, 0xf5, 0x0, 0x0, 0xdc,
    0x0, 0x0, 0x0, 0x0, 0x0, 0x1, 0xf5, 0x0,
    0x2, 0xf7, 0x0, 0x0, 0x0, 0x0, 0x0, 0x1,
    0xf5, 0x0, 0x6, 0xf9, 0x66, 0x66, 0x66, 0x61,
    0x3, 0x51, 0xf5, 0x4e, 0xc, 0xff, 0xff, 0xff,
    0xff, 0xf4, 0x7, 0xb1, 0xf5, 0x9a, 0x3f, 0x62,
    0xf4, 0x0, 0x0, 0x0, 0x8, 0x91, 0xf5, 0xe3,
    0xbe, 0x2, 0xf4, 0x0, 0x0, 0x0, 0xc, 0x71,
    0xf8, 0xc4, 0xf7, 0x2, 0xf8, 0x55, 0x55, 0x50,
    0xf, 0x31, 0xf4, 0x0, 0x60, 0x2, 0xff, 0xff,
    0xff, 0xd0, 0x7, 0x2, 0xf3, 0x0, 0x0, 0x2,
    0xf4, 0x0, 0x0, 0x0, 0x0, 0x3, 0xf2, 0x0,
    0x0, 0x2, 0xf4, 0x0, 0x0, 0x0, 0x0, 0x6,
    0xf1, 0x0, 0x0, 0x2, 0xf4, 0x0, 0x0, 0x0,
    0x0, 0x8, 0xfb, 0x0, 0x0, 0x2, 0xff, 0xff,
    0xff, 0xf0, 0x0, 0xc, 0xbe, 0x80, 0x0, 0x2,
    0xf9, 0x66, 0x66, 0x60, 0x0, 0x2f, 0x55, 0xf5,
    0x0, 0x2, 0xf4, 0x0, 0x0, 0x0, 0x0, 0x8f,
    0x0, 0xad, 0x0, 0x2, 0xf4, 0x0, 0x0, 0x0,
    0x3, 0xf9, 0x0, 0x12, 0x0, 0x2, 0xf4, 0x0,
    0x0, 0x0, 0xd, 0xd0, 0x0, 0x0, 0x0, 0x2,
    0xf4, 0x0, 0x0, 0x0, 0xa, 0x40, 0x0, 0x0,
    0x0, 0x2, 0xf4, 0x0, 0x0, 0x0, 0x0, 0x0,
    0x0, 0x0, 0x0, 0x0, 0x0, 0x0, 0x0, 0x0,

    /* U+70B9 "点" */
    0x0, 0x0, 0x0, 0x0, 0x0, 0x0, 0x0, 0x0,
    0x0, 0x0, 0x0, 0x0, 0x0, 0xbc, 0x0, 0x0,
    0x0, 0x0, 0x0, 0x0, 0x0, 0x0, 0xbc, 0x0,
    0x0, 0x0, 0x0, 0x0, 0x0, 0x0, 0x0, 0xbe,
    0x77, 0x77, 0x77, 0x71, 0x0, 0x0, 0x0, 0x0,
    0xbf, 0xff, 0xff, 0xff, 0xf3, 0x0, 0x0, 0x0,
    0x0, 0xbc, 0x0, 0x0, 0x0, 0x0, 0x0, 0x0,
    0x0, 0x0, 0xbc, 0x0, 0x0, 0x0, 0x0, 0x0,
    0x7e, 0xee, 0xee, 0xff, 0xee, 0xee, 0xed, 0x0,
    0x0, 0x7f, 0x77, 0x77, 0x77, 0x77, 0x77, 0xce,
    0x0, 0x0, 0x7e, 0x0, 0x0, 0x0, 0x0, 0x0,
    0x9e, 0x0, 0x0, 0x7e, 0x0, 0x0, 0x0, 0x0,
    0x0, 0x9e, 0x0, 0x0, 0x7e, 0x0, 0x0, 0x0,
    0x0, 0x0, 0x9e, 0x0, 0x0, 0x7f, 0xee, 0xee,
    0xee, 0xee, 0xee, 0xfe, 0x0, 0x0, 0x37, 0x77,
    0x77, 0x77, 0x77, 0x77, 0x76, 0x0, 0x0, 0x11,
    0x0, 0x0, 0x0, 0x0, 0x0, 0x13, 0x0, 0x0,
    0xbd, 0x0, 0xc6, 0x0, 0x9b, 0x0, 0x7f, 0x20,
    0x3, 0xf6, 0x0, 0xda, 0x0, 0x5f, 0x30, 0xc,
    0xc0, 0x1e, 0xc0, 0x0, 0xbc, 0x0, 0xf, 0x90,
    0x3, 0xf6, 0xae, 0x20, 0x0, 0xae, 0x0, 0xa,
    0xc0, 0x0, 0xbb, 0x2, 0x0, 0x0, 0x10, 0x0,
    0x0, 0x0, 0x0, 0x0,

    /* U+70E4 "烤" */
    0x0, 0x1, 0xc2, 0x0, 0x0, 0x3, 0xe2, 0x0,
    0x0, 0x0, 0x0, 0x1, 0xf3, 0x0, 0x0, 0x4,
    0xf2, 0x0, 0x8, 0x80, 0x0, 0x1, 0xf3, 0x0,
    0x15, 0x58, 0xf7, 0x55, 0x3f, 0x50, 0x0, 0x1,
    0xf3, 0x0, 0x4f, 0xff, 0xff, 0xff, 0xda, 0x0,
    0x3, 0x61, 0xf3, 0x2f, 0x10, 0x4, 0xf2, 0x8,
    0xe1, 0x0, 0x6, 0xb1, 0xf3, 0x8b, 0x0, 0x4,
    0xf2, 0x6f, 0x40, 0x0, 0x8, 0x91, 0xf3, 0xe5,
    0xff, 0xff, 0xff, 0xff, 0xff, 0xf6, 0xb, 0x62,
    0xf7, 0xc0, 0x66, 0x66, 0xcf, 0x96, 0x66, 0x63,
    0xf, 0x22, 0xf2, 0x10, 0x0, 0xa, 0xf7, 0x0,
    0x0, 0x0, 0x4, 0x3, 0xf1, 0x0, 0x2, 0xdf,
    0xff, 0xff, 0xff, 0xb0, 0x0, 0x4, 0xf0, 0x1,
    0x9f, 0xef, 0x64, 0x44, 0x44, 0x30, 0x0, 0x6,
    0xf1, 0x4f, 0xf7, 0x6f, 0x0, 0x0, 0x0, 0x0,
    0x0, 0x9, 0xfc, 0x8, 0x10, 0xad, 0x44, 0x44,
    0x44, 0x0, 0x0, 0xd, 0xae, 0xa0, 0x0, 0xff,
    0xff, 0xff, 0xff, 0x0, 0x0, 0x2f, 0x34, 0xf7,
    0x0, 0x0, 0x0, 0x0, 0x7e, 0x0, 0x0, 0x8e,
    0x0, 0xae, 0x0, 0x0, 0x0, 0x0, 0x9c, 0x0,
    0x3, 0xf7, 0x0, 0x12, 0x0, 0x0, 0x0, 0x0,
    0xd9, 0x0, 0xd, 0xc0, 0x0, 0x0, 0x0, 0x1,
    0x54, 0x46, 0xf5, 0x0, 0xa, 0x20, 0x0, 0x0,
    0x0, 0x1, 0xff, 0xff, 0xa0, 0x0, 0x0, 0x0,
    0x0, 0x0, 0x0, 0x0, 0x0, 0x0, 0x0, 0x0,

    /* U+70F9 "烹" */
    0x0, 0x0, 0x0, 0x0, 0x8b, 0x0, 0x0, 0x0,
    0x0, 0x1, 0x44, 0x44, 0x44, 0x49, 0xf7, 0x44,
    0x44, 0x44, 0x30, 0x5f, 0xff, 0xff, 0xff, 0xff,
    0xff, 0xff, 0xff, 0xfd, 0x0, 0x0, 0x0, 0x0,
    0x0, 0x0, 0x0, 0x0, 0x0, 0x0, 0x0, 0x8,
    0xff, 0xff, 0xff, 0xff, 0xff, 0xf1, 0x0, 0x0,
    0x0, 0x8e, 0x0, 0x0, 0x0, 0x0, 0x5f, 0x10,
    0x0, 0x0, 0x8, 0xfb, 0xbb, 0xbb, 0xbb, 0xbd,
    0xf1, 0x0, 0x0, 0x0, 0x13, 0x33, 0x33, 0x33,
    0x33, 0x33, 0x0, 0x0, 0x6, 0xcc, 0xcc, 0xcc,
    0xcc, 0xcc, 0xcc, 0xcc, 0x20, 0x0, 0x24, 0x44,
    0x44, 0x44, 0x45, 0x9e, 0xfd, 0x60, 0x0, 0x0,
    0x0, 0x0, 0x0, 0x3c, 0xfd, 0x83, 0x0, 0x0,
    0x0, 0x0, 0x0, 0x0, 0x6, 0xf2, 0x0, 0x0,
    0x0, 0x0, 0x0, 0x0, 0x0, 0x0, 0x6f, 0x0,
    0x0, 0x0, 0x0, 0x0, 0x0, 0x0, 0xdd, 0xdf,
    0xd0, 0x0, 0x0, 0x0, 0x0, 0x0, 0x34, 0x4,
    0x66, 0x30, 0x12, 0x0, 0x27, 0x0, 0x0, 0xd,
    0xb0, 0xd, 0x90, 0x8, 0xe0, 0x3, 0xf9, 0x0,
    0x8, 0xf2, 0x0, 0xac, 0x0, 0x2f, 0x60, 0x6,
    0xf5, 0x4, 0xf7, 0x0, 0x9, 0xe0, 0x0, 0xdb,
    0x0, 0xc, 0xe0, 0x16, 0x0, 0x0, 0x23, 0x0,
    0x2, 0x10, 0x0, 0x11, 0x0,

    /* U+7231 "爱" */
    0x0, 0x0, 0x0, 0x0, 0x0, 0x1, 0x24, 0x68,
    0x90, 0x0, 0x7, 0xab, 0xcd, 0xde, 0xff, 0xff,
    0xfe, 0xca, 0x10, 0x0, 0x58, 0x8a, 0x65, 0x5a,
    0x52, 0x10, 0x78, 0x0, 0x0, 0x0, 0x6, 0xe0,
    0x0, 0xd7, 0x0, 0x1f, 0x60, 0x0, 0x0, 0x0,
    0x1f, 0x40, 0x8, 0xd0, 0x9, 0xc0, 0x0, 0x0,
    0x5f, 0xff, 0xff, 0xff, 0xff, 0xff, 0xff, 0xff,
    0xf6, 0x5, 0xf5, 0x55, 0x56, 0x55, 0x55, 0x55,
    0x55, 0x5f, 0x60, 0x5e, 0x0, 0x0, 0xd9, 0x0,
    0x0, 0x0, 0x0, 0xe6, 0x2, 0x54, 0x55, 0x5f,
    0xa5, 0x55, 0x55, 0x55, 0x45, 0x20, 0x0, 0xdf,
    0xff, 0xff, 0xff, 0xff, 0xff, 0xfe, 0x0, 0x0,
    0x0, 0x0, 0xad, 0x0, 0x0, 0x0, 0x0, 0x0,
    0x0, 0x0, 0x0, 0x1f, 0xb5, 0x55, 0x55, 0x55,
    0x30, 0x0, 0x0, 0x0, 0x8, 0xff, 0xff, 0xff,
    0xff, 0xfe, 0x0, 0x0, 0x0, 0x2, 0xfa, 0xdb,
    0x0, 0x0, 0x7f, 0x30, 0x0, 0x0, 0x0, 0xcd,
    0x1, 0xdd, 0x40, 0x9f, 0x50, 0x0, 0x0, 0x0,
    0xbf, 0x20, 0x0, 0xaf, 0xff, 0x40, 0x0, 0x0,
    0x2, 0xcf, 0x50, 0x38, 0xcf, 0xeb, 0xff, 0xb6,
    0x41, 0x0, 0xed, 0x20, 0xaf, 0xfb, 0x50, 0x1,
    0x6b, 0xff, 0xf4, 0x3, 0x10, 0x2, 0x30, 0x0,
    0x0, 0x0, 0x0, 0x24, 0x0,

    /* U+7236 "父" */
    0x0, 0x0, 0x0, 0x63, 0x0, 0x0, 0x35, 0x0,
    0x0, 0x0, 0x0, 0x0, 0x5, 0xf9, 0x0, 0x0,
    0xbf, 0x60, 0x0, 0x0, 0x0, 0x0, 0x2f, 0xd0,
    0x0, 0x0, 0xb, 0xf6, 0x0, 0x0, 0x0, 0x0,
    0xcf, 0x20, 0x0, 0x0, 0x0, 0xbf, 0x60, 0x0,
    0x0, 0x1c, 0xf6, 0x0, 0x0, 0x0, 0x0, 0xc,
    0xf5, 0x0, 0x1, 0xdf, 0x70, 0x0, 0x0, 0x0,
    0x1, 0x1, 0xef, 0x20, 0x8, 0xf7, 0x8, 0xc0,
    0x0, 0x0, 0xc, 0xd0, 0x3f, 0x80, 0x0, 0x40,
    0x6, 0xf4, 0x0, 0x0, 0x3f, 0x80, 0x3, 0x0,
    0x0, 0x0, 0x0, 0xec, 0x0, 0x0, 0xaf, 0x10,
    0x0, 0x0, 0x0, 0x0, 0x0, 0x7f, 0x50, 0x3,
    0xfa, 0x0, 0x0, 0x0, 0x0, 0x0, 0x0, 0xd,
    0xf2, 0xd, 0xe1, 0x0, 0x0, 0x0, 0x0, 0x0,
    0x0, 0x2, 0xfc, 0xaf, 0x40, 0x0, 0x0, 0x0,
    0x0, 0x0, 0x0, 0x0, 0x6f, 0xf9, 0x0, 0x0,
    0x0, 0x0, 0x0, 0x0, 0x0, 0x1, 0xaf, 0xfc,
    0x20, 0x0, 0x0, 0x0, 0x0, 0x0, 0x0, 0x5e,
    0xf8, 0x7f, 0xf7, 0x0, 0x0, 0x0, 0x0, 0x0,
    0x3a, 0xfe, 0x40, 0x3, 0xdf, 0xc5, 0x0, 0x0,
    0x1, 0x7d, 0xff, 0x90, 0x0, 0x0, 0x9, 0xff,
    0xfa, 0x40, 0x1f, 0xfe, 0x81, 0x0, 0x0, 0x0,
    0x0, 0x17, 0xdf, 0xe1, 0x5, 0x50, 0x0, 0x0,
    0x0, 0x0, 0x0, 0x0, 0x3, 0x30,

    /* U+7237 "爷" */
    0x0, 0x0, 0x0, 0x45, 0x0, 0x0, 0x84, 0x0,
    0x0, 0x0, 0x0, 0x0, 0x19, 0xfa, 0x0, 0x2,
    0xbf, 0xd5, 0x0, 0x0, 0x0, 0x18, 0xff, 0xb0,
    0x0, 0x0, 0x7, 0xff, 0xd5, 0x0, 0x7, 0xff,
    0x97, 0xf8, 0x0, 0x0, 0x5f, 0xb3, 0xcf, 0x30,
    0x1, 0x81, 0x0, 0x6f, 0xb1, 0x9, 0xfb, 0x0,
    0x3, 0x0, 0x0, 0x0, 0x0, 0x3, 0xef, 0xef,
    0x70, 0x0, 0x0, 0x0, 0x0, 0x0, 0x0, 0x5a,
    0xef, 0xff, 0xa4, 0x0, 0x0, 0x0, 0x2, 0x58,
    0xbf, 0xfd, 0x71, 0x16, 0xdf, 0xfb, 0x85, 0x30,
    0x2f, 0xff, 0xc8, 0x30, 0x0, 0x0, 0x3, 0x7b,
    0xef, 0xb0, 0x4, 0x37, 0x77, 0x77, 0x77, 0x77,
    0x77, 0x77, 0x1, 0x10, 0x0, 0xc, 0xff, 0xff,
    0xff, 0xff, 0xff, 0xff, 0x10, 0x0, 0x0, 0x0,
    0x0, 0x1, 0xf7, 0x0, 0x0, 0x7f, 0x10, 0x0,
    0x0, 0x0, 0x0, 0x1, 0xf7, 0x0, 0x0, 0x7f,
    0x10, 0x0, 0x0, 0x0, 0x0, 0x1, 0xf7, 0x0,
    0x0, 0x7f, 0x10, 0x0, 0x0, 0x0, 0x0, 0x1,
    0xf7, 0x1, 0x0, 0x8f, 0x0, 0x0, 0x0, 0x0,
    0x0, 0x1, 0xf7, 0xd, 0xff, 0xfd, 0x0, 0x0,
    0x0, 0x0, 0x0, 0x1, 0xf7, 0x4, 0x76, 0x41,
    0x0, 0x0, 0x0, 0x0, 0x0, 0x1, 0xf7, 0x0,
    0x0, 0x0, 0x0, 0x0, 0x0, 0x0, 0x0, 0x1,
    0xf7, 0x0, 0x0, 0x0, 0x0, 0x0,

    /* U+7247 "片" */
    0x0, 0x2, 0x50, 0x0, 0x0, 0xb, 0x50, 0x0,
    0x0, 0x0, 0x0, 0x7f, 0x10, 0x0, 0x1, 0xf7,
    0x0, 0x0, 0x0, 0x0, 0x7, 0xf1, 0x0, 0x0,
    0x1f, 0x70, 0x0, 0x0, 0x0, 0x0, 0x7f, 0x10,
    0x0, 0x1, 0xf7, 0x0, 0x0, 0x0, 0x0, 0x7,
    0xf1, 0x0, 0x0, 0x1f, 0x70, 0x0, 0x0, 0x0,
    0x0, 0x7f, 0xa9, 0x99, 0x9a, 0xfc, 0x99, 0x99,
    0x90, 0x0, 0x7, 0xff, 0xff, 0xff, 0xff, 0xff,
    0xff, 0xff, 0x0, 0x0, 0x7f, 0x10, 0x0, 0x0,
    0x0, 0x0, 0x0, 0x0, 0x0, 0x7, 0xf1, 0x0,
    0x0, 0x0, 0x0, 0x0, 0x0, 0x0, 0x0, 0x8f,
    0x0, 0x0, 0x0, 0x0, 0x0, 0x0, 0x0, 0x0,
    0x9, 0xff, 0xff, 0xff, 0xff, 0xff, 0xf0, 0x0,
    0x0, 0x0, 0xbe, 0x99, 0x99, 0x99, 0x99, 0xdf,
    0x0, 0x0, 0x0, 0xd, 0xb0, 0x0, 0x0, 0x0,
    0x9, 0xf0, 0x0, 0x0, 0x1, 0xf8, 0x0, 0x0,
    0x0, 0x0, 0x9f, 0x0, 0x0, 0x0, 0x7f, 0x40,
    0x0, 0x0, 0x0, 0x9, 0xf0, 0x0, 0x0, 0xd,
    0xe0, 0x0, 0x0, 0x0, 0x0, 0x9f, 0x0, 0x0,
    0x7, 0xf7, 0x0, 0x0, 0x0, 0x0, 0x9, 0xf0,
    0x0, 0x1, 0xfe, 0x10, 0x0, 0x0, 0x0, 0x0,
    0x9f, 0x0, 0x0, 0x9, 0x40, 0x0, 0x0, 0x0,
    0x0, 0x9, 0xf0, 0x0, 0x0, 0x0, 0x0, 0x0,
    0x0, 0x0, 0x0, 0x0, 0x0, 0x0,

    /* U+725B "牛" */
    0x0, 0x0, 0x0, 0x0, 0x35, 0x0, 0x0, 0x0,
    0x0, 0x0, 0x7, 0xb0, 0x0, 0x8f, 0x0, 0x0,
    0x0, 0x0, 0x0, 0xe, 0xb0, 0x0, 0x8f, 0x0,
    0x0, 0x0, 0x0, 0x0, 0x5f, 0x72, 0x22, 0x9f,
    0x22, 0x22, 0x22, 0x10, 0x0, 0xbf, 0xff, 0xff,
    0xff, 0xff, 0xff, 0xff, 0xd0, 0x4, 0xf8, 0x44,
    0x44, 0xbf, 0x54, 0x44, 0x44, 0x40, 0xd, 0xd0,
    0x0, 0x0, 0x8f, 0x0, 0x0, 0x0, 0x0, 0xaf,
    0x40, 0x0, 0x0, 0x8f, 0x0, 0x0, 0x0, 0x0,
    0x15, 0x0, 0x0, 0x0, 0x8f, 0x0, 0x0, 0x0,
    0x0, 0x0, 0x0, 0x0, 0x0, 0x8f, 0x0, 0x0,
    0x0, 0x0, 0xef, 0xff, 0xff, 0xff, 0xff, 0xff,
    0xff, 0xff, 0xff, 0x88, 0x88, 0x88, 0x88, 0xcf,
    0x88, 0x88, 0x88, 0x88, 0x0, 0x0, 0x0, 0x0,
    0x8f, 0x0, 0x0, 0x0, 0x0, 0x0, 0x0, 0x0,
    0x0, 0x8f, 0x0, 0x0, 0x0, 0x0, 0x0, 0x0,
    0x0, 0x0, 0x8f, 0x0, 0x0, 0x0, 0x0, 0x0,
    0x0, 0x0, 0x0, 0x8f, 0x0, 0x0, 0x0, 0x0,
    0x0, 0x0, 0x0, 0x0, 0x8f, 0x0, 0x0, 0x0,
    0x0, 0x0, 0x0, 0x0, 0x0, 0x8f, 0x0, 0x0,
    0x0, 0x0, 0x0, 0x0, 0x0, 0x0, 0x8f, 0x0,
    0x0, 0x0, 0x0,

    /* U+7269 "物" */
    0x0, 0x0, 0x25, 0x0, 0x0, 0x14, 0x0, 0x0,
    0x0, 0x0, 0x0, 0x30, 0x7e, 0x0, 0x0, 0x8e,
    0x0, 0x0, 0x0, 0x0, 0x1, 0xf4, 0x7e, 0x0,
    0x0, 0xd9, 0x0, 0x0, 0x0, 0x0, 0x3, 0xf1,
    0x7e, 0x0, 0x3, 0xf7, 0x22, 0x22, 0x22, 0x20,
    0x5, 0xf7, 0xbf, 0x77, 0x8, 0xff, 0xff, 0xff,
    0xff, 0xf1, 0x8, 0xff, 0xff, 0xff, 0x1f, 0x82,
    0xca, 0x2d, 0x98, 0xf0, 0xc, 0x80, 0x7e, 0x0,
    0xae, 0x1, 0xf3, 0xf, 0x47, 0xf0, 0x1f, 0x40,
    0x7e, 0x6, 0xf5, 0x7, 0xe0, 0x5f, 0x8, 0xe0,
    0x18, 0x0, 0x7e, 0x3, 0x80, 0xe, 0x70, 0x9c,
    0x9, 0xd0, 0x0, 0x0, 0x7e, 0x59, 0x40, 0x7e,
    0x0, 0xf6, 0xa, 0xc0, 0x0, 0x38, 0xdf, 0xfb,
    0x32, 0xf6, 0x6, 0xf1, 0xc, 0xa0, 0x1f, 0xfe,
    0xde, 0x0, 0x1d, 0xc0, 0xd, 0xa0, 0xd, 0x90,
    0x6, 0x20, 0x7e, 0x1, 0xce, 0x20, 0x6f, 0x30,
    0xf, 0x70, 0x0, 0x0, 0x7e, 0x1, 0x92, 0x1,
    0xe9, 0x0, 0x1f, 0x60, 0x0, 0x0, 0x7e, 0x0,
    0x0, 0xa, 0xe1, 0x0, 0x4f, 0x30, 0x0, 0x0,
    0x7e, 0x0, 0x0, 0x9f, 0x50, 0x0, 0x8f, 0x0,
    0x0, 0x0, 0x7e, 0x0, 0xa, 0xf6, 0x5, 0x78,
    0xfb, 0x0, 0x0, 0x0, 0x7e, 0x0, 0x6, 0x70,
    0x6, 0xff, 0xc2, 0x0, 0x0, 0x0, 0x7e, 0x0,
    0x0, 0x0, 0x0, 0x0, 0x0, 0x0,

    /* U+7279 "特" */
    0x0, 0x0, 0x53, 0x0, 0x0, 0x0, 0x26, 0x0,
    0x0, 0x0, 0x0, 0xe, 0x80, 0x0, 0x0, 0x4,
    0xf1, 0x0, 0x0, 0x4, 0xe0, 0xe8, 0x0, 0x17,
    0x77, 0x9f, 0x87, 0x77, 0x0, 0x6e, 0xe, 0x80,
    0x3, 0xff, 0xff, 0xff, 0xff, 0xf1, 0x8, 0xe9,
    0xfc, 0x93, 0x0, 0x0, 0x4f, 0x10, 0x0, 0x0,
    0xad, 0x9f, 0xd9, 0x40, 0x0, 0x4, 0xf1, 0x0,
    0x0, 0xd, 0x60, 0xe8, 0x5, 0xee, 0xee, 0xff,
    0xfe, 0xee, 0xe1, 0xf2, 0xe, 0x80, 0x27, 0x77,
    0x77, 0x77, 0xec, 0x77, 0x2c, 0x0, 0xe8, 0x0,
    0x0, 0x0, 0x0, 0xd, 0x80, 0x0, 0x0, 0xe,
    0x82, 0x30, 0x0, 0x0, 0x0, 0xd8, 0x0, 0x0,
    0x3, 0xff, 0xfa, 0xff, 0xff, 0xff, 0xff, 0xff,
    0xd1, 0x9e, 0xff, 0xc5, 0x17, 0x77, 0x77, 0x77,
    0xec, 0x76, 0xf, 0xb6, 0xf8, 0x0, 0x7, 0x60,
    0x0, 0xd, 0x80, 0x0, 0x10, 0xe, 0x80, 0x0,
    0x7f, 0x40, 0x0, 0xd8, 0x0, 0x0, 0x0, 0xe8,
    0x0, 0x0, 0xae, 0x10, 0xd, 0x80, 0x0, 0x0,
    0xe, 0x80, 0x0, 0x1, 0xf6, 0x0, 0xd8, 0x0,
    0x0, 0x0, 0xe8, 0x0, 0x0, 0x2, 0x0, 0xd,
    0x80, 0x0, 0x0, 0xe, 0x80, 0x0, 0x0, 0x6,
    0x77, 0xf7, 0x0, 0x0, 0x0, 0xe8, 0x0, 0x0,
    0x0, 0x9f, 0xfc, 0x20, 0x0, 0x0, 0x0, 0x0,
    0x0, 0x0, 0x0, 0x0, 0x0, 0x0,

    /* U+72D7 "狗" */
    0x4, 0x60, 0x4, 0x80, 0x1, 0xc3, 0x0, 0x0,
    0x0, 0x0, 0x7f, 0x61, 0xec, 0x0, 0x6f, 0x10,
    0x0, 0x0, 0x0, 0x0, 0x8f, 0xcf, 0x20, 0xc,
    0xc0, 0x0, 0x0, 0x0, 0x0, 0x0, 0xdf, 0x60,
    0x2, 0xff, 0xff, 0xff, 0xff, 0xf8, 0x0, 0x7f,
    0xf6, 0x0, 0xae, 0x66, 0x66, 0x66, 0x6f, 0x80,
    0x8f, 0x9c, 0xc0, 0x3f, 0x60, 0x0, 0x0, 0x0,
    0xf8, 0xd, 0x80, 0x8f, 0x1d, 0xd0, 0x0, 0x0,
    0x0, 0xf, 0x70, 0x0, 0x4, 0xf6, 0xe5, 0xff,
    0xff, 0xf7, 0x0, 0xf7, 0x0, 0x0, 0x9f, 0x40,
    0x2f, 0x74, 0x4e, 0x70, 0xf, 0x60, 0x0, 0x4f,
    0xf5, 0x2, 0xf3, 0x0, 0xe7, 0x1, 0xf5, 0x0,
    0xd, 0xcf, 0x70, 0x2f, 0x30, 0xe, 0x70, 0x2f,
    0x50, 0xb, 0xf2, 0xf7, 0x2, 0xf3, 0x0, 0xe7,
    0x2, 0xf4, 0xb, 0xf5, 0xf, 0x70, 0x2f, 0x86,
    0x6f, 0x70, 0x3f, 0x30, 0x85, 0x0, 0xf6, 0x2,
    0xff, 0xee, 0xe6, 0x5, 0xf2, 0x0, 0x0, 0x1f,
    0x50, 0x2f, 0x30, 0x0, 0x0, 0x6f, 0x10, 0x0,
    0x3, 0xf3, 0x0, 0x20, 0x0, 0x0, 0x8, 0xf0,
    0x0, 0x0, 0x7f, 0x0, 0x0, 0x0, 0x0, 0x0,
    0xcc, 0x0, 0x46, 0x7e, 0xb0, 0x0, 0x0, 0x4,
    0x87, 0x9f, 0x80, 0x6, 0xfe, 0xb2, 0x0, 0x0,
    0x0, 0x3f, 0xff, 0xa0, 0x0, 0x0, 0x0, 0x0,
    0x0, 0x0, 0x0, 0x0, 0x0, 0x0,

    /* U+73B0 "现" */
    0x6, 0x66, 0x66, 0x64, 0x4c, 0xcc, 0xcc, 0xcc,
    0xc7, 0x0, 0xe, 0xff, 0xff, 0xfa, 0x5f, 0x97,
    0x77, 0x77, 0xf8, 0x0, 0x0, 0x3, 0xf3, 0x0,
    0x5f, 0x20, 0x0, 0x0, 0xe8, 0x0, 0x0, 0x3,
    0xf3, 0x0, 0x5f, 0x20, 0x5b, 0x0, 0xe8, 0x0,
    0x0, 0x3, 0xf3, 0x0, 0x5f, 0x20, 0x7e, 0x0,
    0xe8, 0x0, 0x0, 0x3, 0xf3, 0x0, 0x5f, 0x20,
    0x7e, 0x0, 0xe8, 0x0, 0x4, 0x69, 0xf8, 0x62,
    0x5f, 0x20, 0x7e, 0x0, 0xe8, 0x0, 0x9, 0xff,
    0xff, 0xf4, 0x5f, 0x20, 0x7e, 0x0, 0xe8, 0x0,
    0x0, 0x3, 0xf3, 0x0, 0x5f, 0x20, 0x9c, 0x0,
    0xe8, 0x0, 0x0, 0x3, 0xf3, 0x0, 0x5f, 0x20,
    0xaa, 0x0, 0xe8, 0x0, 0x0, 0x3, 0xf3, 0x0,
    0x4c, 0x20, 0xfd, 0x60, 0xb7, 0x0, 0x0, 0x3,
    0xf3, 0x0, 0x0, 0x4, 0xfd, 0xb0, 0x0, 0x0,
    0x0, 0x3, 0xf7, 0x9c, 0x0, 0xc, 0xd9, 0xb0,
    0x1, 0x20, 0x3, 0x7c, 0xff, 0xd8, 0x0, 0x7f,
    0x49, 0xb0, 0x3, 0xf0, 0xf, 0xfb, 0x61, 0x0,
    0x6, 0xf8, 0x9, 0xb0, 0x5, 0xe0, 0x3, 0x0,
    0x0, 0x1, 0x9f, 0x80, 0x9, 0xd2, 0x29, 0xb0,
    0x0, 0x0, 0x0, 0x1e, 0xe6, 0x0, 0x4, 0xef,
    0xfe, 0x40, 0x0, 0x0, 0x0, 0x5, 0x10, 0x0,
    0x0, 0x0, 0x0, 0x0,

    /* U+73BB "玻" */
    0x0, 0x0, 0x0, 0x0, 0x0, 0x0, 0x6b, 0x0,
    0x0, 0x0, 0x7, 0x77, 0x77, 0x70, 0x0, 0x0,
    0x8e, 0x0, 0x0, 0x0, 0xd, 0xdf, 0xfd, 0xd0,
    0x0, 0x0, 0x8e, 0x0, 0x0, 0x0, 0x0, 0xa,
    0xc0, 0x2, 0xff, 0xff, 0xff, 0xff, 0xff, 0xd0,
    0x0, 0xa, 0xc0, 0x2, 0xf9, 0x77, 0xbf, 0x77,
    0x7e, 0xa0, 0x0, 0xa, 0xc0, 0x2, 0xf4, 0x0,
    0x8e, 0x0, 0x1f, 0x60, 0x0, 0xa, 0xc0, 0x2,
    0xf4, 0x0, 0x8e, 0x0, 0x5f, 0x10, 0x9, 0xae,
    0xea, 0x62, 0xf4, 0x0, 0x8e, 0x0, 0x13, 0x0,
    0xa, 0xbe, 0xfb, 0x62, 0xff, 0xff, 0xff, 0xff,
    0xfd, 0x0, 0x0, 0xa, 0xc0, 0x2, 0xfc, 0xf6,
    0x55, 0x55, 0xda, 0x0, 0x0, 0xa, 0xc0, 0x3,
    0xf4, 0xf7, 0x0, 0x2, 0xf4, 0x0, 0x0, 0xa,
    0xc0, 0x5, 0xf2, 0x8e, 0x0, 0xa, 0xe0, 0x0,
    0x0, 0xa, 0xc0, 0x17, 0xf0, 0x1e, 0xa0, 0x4f,
    0x60, 0x0, 0x0, 0xa, 0xec, 0xfa, 0xd0, 0x4,
    0xf8, 0xea, 0x0, 0x0, 0x4, 0xaf, 0xfb, 0x4e,
    0x90, 0x0, 0x9f, 0xe1, 0x0, 0x0, 0x1f, 0xd7,
    0x10, 0x4f, 0x40, 0x5, 0xef, 0xfa, 0x10, 0x0,
    0x3, 0x0, 0x0, 0xcd, 0x2, 0xaf, 0xb1, 0x6f,
    0xe8, 0x20, 0x0, 0x0, 0x2, 0xf5, 0x7f, 0xe6,
    0x0, 0x2, 0xaf, 0xf2, 0x0, 0x0, 0x0, 0x20,
    0x16, 0x0, 0x0, 0x0, 0x1, 0x40,

    /* U+7403 "球" */
    0x0, 0x0, 0x0, 0x0, 0x0, 0x0, 0x35, 0x1,
    0x0, 0x0, 0x2, 0x22, 0x22, 0x20, 0x0, 0x0,
    0x8e, 0xc, 0xb1, 0x0, 0x1f, 0xff, 0xff, 0xf0,
    0x0, 0x0, 0x8e, 0x1, 0xbd, 0x0, 0x0, 0xb,
    0xb0, 0x2, 0x44, 0x44, 0xbf, 0x44, 0x58, 0x40,
    0x0, 0xa, 0xb0, 0x7, 0xff, 0xff, 0xff, 0xff,
    0xff, 0xf2, 0x0, 0xa, 0xb0, 0x0, 0x0, 0x0,
    0x9e, 0x0, 0x0, 0x0, 0x0, 0xa, 0xb0, 0x0,
    0x31, 0x0, 0x8f, 0x0, 0x5, 0x20, 0x6, 0x6d,
    0xd6, 0x50, 0xda, 0x0, 0x8f, 0x30, 0x2f, 0x90,
    0xe, 0xff, 0xff, 0xb0, 0x3f, 0x50, 0x8f, 0x60,
    0xcc, 0x0, 0x0, 0xa, 0xb0, 0x0, 0xa, 0xd0,
    0x8f, 0xb8, 0xe2, 0x0, 0x0, 0xa, 0xb0, 0x0,
    0x3, 0xa0, 0xaf, 0xff, 0x40, 0x0, 0x0, 0xa,
    0xb0, 0x0, 0x0, 0x8, 0xff, 0xf9, 0x0, 0x0,
    0x0, 0xa, 0xb0, 0x0, 0x0, 0xaf, 0xce, 0x7e,
    0x10, 0x0, 0x0, 0xa, 0xb1, 0x62, 0xb, 0xf4,
    0x8e, 0xe, 0xa0, 0x0, 0x0, 0x2c, 0xff, 0xf6,
    0xcf, 0x40, 0x8e, 0x6, 0xf6, 0x0, 0x2d, 0xff,
    0xb6, 0x2e, 0xf4, 0x0, 0x8e, 0x0, 0xaf, 0x80,
    0x1b, 0x61, 0x0, 0x9, 0x40, 0x0, 0x8e, 0x0,
    0xa, 0xf4, 0x0, 0x0, 0x0, 0x0, 0x2, 0x66,
    0xcd, 0x0, 0x0, 0x50, 0x0, 0x0, 0x0, 0x0,
    0x2, 0xff, 0xd5, 0x0, 0x0, 0x0, 0x0, 0x0,
    0x0, 0x0, 0x0, 0x0, 0x0, 0x0, 0x0, 0x0,

    /* U+7483 "璃" */
    0x0, 0x0, 0x0, 0x0, 0x0, 0x0, 0xa4, 0x0,
    0x0, 0x0, 0x2, 0x22, 0x22, 0x10, 0x0, 0x0,
    0xbc, 0x0, 0x0, 0x0, 0x1f, 0xff, 0xff, 0xc9,
    0xff, 0xff, 0xff, 0xff, 0xff, 0xf0, 0x3, 0x3c,
    0xb3, 0x23, 0x55, 0x55, 0x55, 0x55, 0x55, 0x50,
    0x0, 0xb, 0x90, 0x0, 0x4a, 0x1a, 0x10, 0x99,
    0x5a, 0x0, 0x0, 0xb, 0x90, 0x0, 0x5e, 0x5,
    0xdb, 0xb0, 0x6e, 0x0, 0x0, 0xb, 0x90, 0x0,
    0x5e, 0x3, 0xde, 0xa0, 0x6e, 0x0, 0x2, 0x2c,
    0xb2, 0x10, 0x5e, 0x6e, 0x60, 0x9c, 0x7e, 0x0,
    0xd, 0xff, 0xff, 0x60, 0x5f, 0x77, 0x55, 0x56,
    0xae, 0x0, 0x2, 0x2c, 0xb2, 0x10, 0x5d, 0xdd,
    0xef, 0xdd, 0xdc, 0x0, 0x0, 0xb, 0x90, 0x0,
    0x0, 0x0, 0xab, 0x0, 0x0, 0x0, 0x0, 0xb,
    0x90, 0x3, 0xff, 0xff, 0xff, 0xff, 0xff, 0xa0,
    0x0, 0xb, 0x90, 0x3, 0xf8, 0x5b, 0xd5, 0x55,
    0x5c, 0xb0, 0x0, 0xb, 0xc9, 0xe3, 0xf4, 0xe,
    0x50, 0xa5, 0xb, 0xb0, 0x17, 0xcf, 0xfe, 0xa3,
    0xf4, 0x6d, 0x13, 0x8d, 0xb, 0xb0, 0x2f, 0xd8,
    0x40, 0x3, 0xf4, 0xff, 0xff, 0xce, 0x5b, 0xb0,
    0x2, 0x0, 0x0, 0x3, 0xf4, 0x65, 0x20, 0x5,
    0x5b, 0xb0, 0x0, 0x0, 0x0, 0x3, 0xf4, 0x0,
    0x0, 0x4, 0x4c, 0xa0, 0x0, 0x0, 0x0, 0x3,
    0xf4, 0x0, 0x0, 0xd, 0xec, 0x40,

    /* U+74DC "瓜" */
    0x0, 0x0, 0x0, 0x0, 0x0, 0x0, 0x0, 0x37,
    0x20, 0x0, 0x0, 0x0, 0x0, 0x13, 0x57, 0x8b,
    0xdf, 0xff, 0xb0, 0x0, 0x0, 0x6, 0xef, 0xff,
    0xff, 0xd9, 0x75, 0xd9, 0x0, 0x0, 0x0, 0x7,
    0xf4, 0x31, 0x2f, 0x50, 0x0, 0xba, 0x0, 0x0,
    0x0, 0x7, 0xf0, 0x0, 0x1f, 0x50, 0x0, 0xab,
    0x0, 0x0, 0x0, 0x7, 0xf0, 0x0, 0x2f, 0x50,
    0x0, 0x8d, 0x0, 0x0, 0x0, 0x7, 0xf0, 0x0,
    0x2f, 0x50, 0x0, 0x7e, 0x0, 0x0, 0x0, 0x8,
    0xf0, 0x0, 0x2f, 0x40, 0x0, 0x6f, 0x0, 0x0,
    0x0, 0x8, 0xe0, 0x0, 0x2f, 0x30, 0x0, 0x3f,
    0x30, 0x0, 0x0, 0xa, 0xd0, 0x0, 0x4f, 0x20,
    0x0, 0x1f, 0x50, 0x0, 0x0, 0xc, 0xb0, 0x0,
    0x6f, 0x10, 0x0, 0xe, 0x80, 0x0, 0x0, 0xe,
    0x90, 0x0, 0x8e, 0x2, 0x30, 0xc, 0xb0, 0x0,
    0x0, 0x1f, 0x60, 0x0, 0xdb, 0x8, 0xd0, 0x8,
    0xf0, 0x0, 0x0, 0x6f, 0x20, 0x1, 0xf7, 0x2,
    0xf4, 0x3, 0xf5, 0x0, 0x0, 0xad, 0x0, 0x9,
    0xf1, 0x0, 0xbb, 0x0, 0xea, 0x0, 0x2, 0xf8,
    0x0, 0x3f, 0xc6, 0x9c, 0xff, 0x20, 0x9f, 0x10,
    0xa, 0xf1, 0x0, 0x8f, 0xff, 0xb8, 0x4e, 0x80,
    0x2f, 0xa0, 0x1f, 0x80, 0x0, 0x8, 0x30, 0x0,
    0x9, 0xd0, 0x9, 0xf2, 0x4, 0x0, 0x0, 0x0,
    0x0, 0x0, 0x1, 0x0, 0x0, 0x40,

    /* U+751F "生" */
    0x0, 0x2, 0x50, 0x0, 0x9a, 0x0, 0x0, 0x0,
    0x0, 0x0, 0x9, 0xf1, 0x0, 0xbc, 0x0, 0x0,
    0x0, 0x0, 0x0, 0xe, 0xb0, 0x0, 0xbc, 0x0,
    0x0, 0x0, 0x0, 0x0, 0x5f, 0x50, 0x0, 0xbc,
    0x0, 0x0, 0x0, 0x0, 0x0, 0xbf, 0xff, 0xff,
    0xff, 0xff, 0xff, 0xff, 0xf0, 0x3, 0xfb, 0x88,
    0x88, 0xde, 0x88, 0x88, 0x88, 0x80, 0xd, 0xe0,
    0x0, 0x0, 0xbc, 0x0, 0x0, 0x0, 0x0, 0x9f,
    0x50, 0x0, 0x0, 0xbc, 0x0, 0x0, 0x0, 0x0,
    0x38, 0x0, 0x0, 0x0, 0xbc, 0x0, 0x0, 0x0,
    0x0, 0x0, 0x0, 0x0, 0x0, 0xbd, 0x0, 0x0,
    0x0, 0x0, 0x0, 0xbf, 0xff, 0xff, 0xff, 0xff,
    0xff, 0xff, 0x40, 0x0, 0x46, 0x66, 0x66, 0xde,
    0x66, 0x66, 0x66, 0x10, 0x0, 0x0, 0x0, 0x0,
    0xbc, 0x0, 0x0, 0x0, 0x0, 0x0, 0x0, 0x0,
    0x0, 0xbc, 0x0, 0x0, 0x0, 0x0, 0x0, 0x0,
    0x0, 0x0, 0xbc, 0x0, 0x0, 0x0, 0x0, 0x0,
    0x0, 0x0, 0x0, 0xbc, 0x0, 0x0, 0x0, 0x0,
    0x77, 0x77, 0x77, 0x77, 0xde, 0x77, 0x77, 0x77,
    0x77, 0xdf, 0xff, 0xff, 0xff, 0xff, 0xff, 0xff,
    0xff, 0xff,

    /* U+7528 "用" */
    0x0, 0x6, 0x66, 0x66, 0x66, 0x66, 0x66, 0x66,
    0x63, 0x0, 0xe, 0xff, 0xff, 0xff, 0xff, 0xff,
    0xff, 0xf8, 0x0, 0xe, 0x90, 0x0, 0x9, 0xe0,
    0x0, 0x0, 0xe8, 0x0, 0xe, 0x80, 0x0, 0x9,
    0xe0, 0x0, 0x0, 0xe8, 0x0, 0xe, 0x80, 0x0,
    0x9, 0xe0, 0x0, 0x0, 0xe8, 0x0, 0xe, 0xff,
    0xff, 0xff, 0xff, 0xff, 0xff, 0xf8, 0x0, 0xe,
    0xc7, 0x77, 0x7c, 0xf7, 0x77, 0x77, 0xf8, 0x0,
    0xf, 0x80, 0x0, 0x9, 0xe0, 0x0, 0x0, 0xe8,
    0x0, 0xf, 0x80, 0x0, 0x9, 0xe0, 0x0, 0x0,
    0xe8, 0x0, 0xf, 0x70, 0x0, 0x9, 0xe0, 0x0,
    0x0, 0xe8, 0x0, 0x1f, 0xff, 0xff, 0xff, 0xff,
    0xff, 0xff, 0xf8, 0x0, 0x3f, 0x97, 0x77, 0x7c,
    0xf7, 0x77, 0x77, 0xf8, 0x0, 0x7f, 0x10, 0x0,
    0x9, 0xe0, 0x0, 0x0, 0xe8, 0x0, 0xcc, 0x0,
    0x0, 0x9, 0xe0, 0x0, 0x0, 0xe8, 0x3, 0xf8,
    0x0, 0x0, 0x9, 0xe0, 0x0, 0x0, 0xe8, 0xd,
    0xf1, 0x0, 0x0, 0x9, 0xe0, 0x25, 0x56, 0xf7,
    0x2e, 0x60, 0x0, 0x0, 0x9, 0xe0, 0x2f, 0xff,
    0xc2, 0x1, 0x0, 0x0, 0x0, 0x0, 0x0, 0x0,
    0x0, 0x0,

    /* U+7535 "电" */
    0x0, 0x0, 0x0, 0x0, 0x0, 0x0, 0x0, 0x0,
    0x0, 0x0, 0x0, 0x0, 0xf, 0x90, 0x0, 0x0,
    0x0, 0x0, 0x0, 0x0, 0x0, 0xf, 0x90, 0x0,
    0x0, 0x0, 0x0, 0x0, 0x0, 0x0, 0xf, 0x90,
    0x0, 0x0, 0x0, 0x0, 0x7f, 0xff, 0xff, 0xff,
    0xff, 0xff, 0xff, 0xf6, 0x0, 0x7f, 0x98, 0x88,
    0x8f, 0xd8, 0x88, 0x89, 0xf7, 0x0, 0x7f, 0x10,
    0x0, 0xf, 0x90, 0x0, 0x1, 0xf7, 0x0, 0x7f,
    0x10, 0x0, 0xf, 0x90, 0x0, 0x1, 0xf7, 0x0,
    0x7f, 0x77, 0x77, 0x7f, 0xc7, 0x77, 0x77, 0xf7,
    0x0, 0x7f, 0xff, 0xff, 0xff, 0xff, 0xff, 0xff,
    0xf7, 0x0, 0x7f, 0x10, 0x0, 0xf, 0x90, 0x0,
    0x1, 0xf7, 0x0, 0x7f, 0x10, 0x0, 0xf, 0x90,
    0x0, 0x1, 0xf7, 0x0, 0x7f, 0x54, 0x44, 0x4f,
    0xb4, 0x44, 0x45, 0xf7, 0x0, 0x7f, 0xff, 0xff,
    0xff, 0xff, 0xff, 0xff, 0xf7, 0x0, 0x7f, 0x42,
    0x22, 0x2f, 0xb2, 0x22, 0x22, 0x22, 0x40, 0x25,
    0x0, 0x0, 0xf, 0x90, 0x0, 0x0, 0x3, 0xf5,
    0x0, 0x0, 0x0, 0xe, 0xa0, 0x0, 0x0, 0x6,
    0xf3, 0x0, 0x0, 0x0, 0xc, 0xf9, 0x88, 0x88,
    0x9e, 0xe0, 0x0, 0x0, 0x0, 0x3, 0xcf, 0xff,
    0xff, 0xfd, 0x40,

    /* U+7537 "男" */
    0x0, 0xe, 0xff, 0xff, 0xff, 0xff, 0xff, 0xff,
    0xe0, 0x0, 0xe, 0xb5, 0x55, 0x5f, 0xb5, 0x55,
    0x5b, 0xf0, 0x0, 0xe, 0x80, 0x0, 0xe, 0x90,
    0x0, 0x9, 0xf0, 0x0, 0xe, 0xa3, 0x33, 0x3f,
    0xa3, 0x33, 0x3b, 0xf0, 0x0, 0xe, 0xff, 0xff,
    0xff, 0xff, 0xff, 0xff, 0xf0, 0x0, 0xe, 0x80,
    0x0, 0xe, 0x90, 0x0, 0x9, 0xf0, 0x0, 0xe,
    0x80, 0x0, 0xe, 0x90, 0x0, 0x9, 0xf0, 0x0,
    0xe, 0xff, 0xff, 0xff, 0xff, 0xff, 0xff, 0xf0,
    0x0, 0x5, 0x55, 0x55, 0x8f, 0x85, 0x55, 0x55,
    0x50, 0x0, 0x0, 0x0, 0x0, 0x7f, 0x10, 0x0,
    0x0, 0x0, 0x8, 0xee, 0xee, 0xee, 0xff, 0xee,
    0xee, 0xee, 0xe8, 0x3, 0x66, 0x66, 0x69, 0xfa,
    0x66, 0x66, 0x67, 0xf7, 0x0, 0x0, 0x0, 0xb,
    0xe1, 0x0, 0x0, 0x2, 0xf5, 0x0, 0x0, 0x0,
    0xaf, 0x50, 0x0, 0x0, 0x5, 0xf3, 0x0, 0x0,
    0x5d, 0xf6, 0x0, 0x0, 0x0, 0x9, 0xf0, 0x5,
    0xae, 0xfb, 0x20, 0x0, 0x5, 0x54, 0x6f, 0xb0,
    0xb, 0xd8, 0x30, 0x0, 0x0, 0xc, 0xff, 0xfc,
    0x20, 0x0, 0x0, 0x0, 0x0, 0x0, 0x0, 0x0,
    0x0, 0x0,

    /* U+754C "界" */
    0x0, 0x2, 0x22, 0x22, 0x22, 0x22, 0x22, 0x22,
    0x20, 0x0, 0x0, 0xe, 0xff, 0xff, 0xff, 0xff,
    0xff, 0xff, 0xe0, 0x0, 0x0, 0xe, 0x91, 0x11,
    0x1e, 0xa1, 0x11, 0x1a, 0xe0, 0x0, 0x0, 0xe,
    0x80, 0x0, 0xe, 0x90, 0x0, 0x9, 0xe0, 0x0,
    0x0, 0xe, 0xff, 0xff, 0xff, 0xff, 0xff, 0xff,
    0xe0, 0x0, 0x0, 0xe, 0xa3, 0x33, 0x3f, 0xa3,
    0x33, 0x3b, 0xe0, 0x0, 0x0, 0xe, 0x80, 0x0,
    0xe, 0x90, 0x0, 0x9, 0xe0, 0x0, 0x0, 0xe,
    0xb4, 0x44, 0x4f, 0xb4, 0x44, 0x4b, 0xe0, 0x0,
    0x0, 0xe, 0xff, 0xff, 0xff, 0xff, 0xff, 0xff,
    0xe0, 0x0, 0x0, 0x0, 0x0, 0x7f, 0x60, 0x7,
    0xf7, 0x0, 0x0, 0x0, 0x0, 0x0, 0x9, 0xf7,
    0x0, 0x0, 0xaf, 0x90, 0x0, 0x0, 0x0, 0x4,
    0xdf, 0x50, 0x0, 0x0, 0x9, 0xfd, 0x60, 0x0,
    0x5, 0xcf, 0xc2, 0xdb, 0x0, 0x0, 0x7f, 0x5d,
    0xfe, 0x80, 0xa, 0xd6, 0x0, 0xda, 0x0, 0x0,
    0x7f, 0x0, 0x6c, 0xa0, 0x0, 0x0, 0x0, 0xf9,
    0x0, 0x0, 0x7f, 0x0, 0x0, 0x0, 0x0, 0x0,
    0x7, 0xf4, 0x0, 0x0, 0x7f, 0x0, 0x0, 0x0,
    0x0, 0x0, 0x4f, 0xc0, 0x0, 0x0, 0x7f, 0x0,
    0x0, 0x0, 0x0, 0x29, 0xfd, 0x10, 0x0, 0x0,
    0x7f, 0x0, 0x0, 0x0, 0x0, 0x4f, 0x90, 0x0,
    0x0, 0x0, 0x7f, 0x0, 0x0, 0x0, 0x0, 0x0,
    0x0, 0x0, 0x0, 0x0, 0x0, 0x0, 0x0, 0x0,

    /* U+756A "番" */
    0x0, 0x0, 0x0, 0x0, 0x0, 0x0, 0x1, 0x36,
    0x20, 0x0, 0x0, 0x13, 0x45, 0x67, 0x9a, 0xbd,
    0xff, 0xfe, 0x90, 0x0, 0x0, 0x5f, 0xee, 0xdc,
    0xae, 0xe6, 0x42, 0x44, 0x0, 0x0, 0x0, 0x0,
    0x7e, 0x10, 0xa, 0xc0, 0x0, 0xdd, 0x0, 0x0,
    0x0, 0x0, 0x1e, 0x90, 0xa, 0xc0, 0x6, 0xf3,
    0x0, 0x0, 0x2, 0x33, 0x3a, 0xe3, 0x3c, 0xd3,
    0x3e, 0xb3, 0x33, 0x30, 0xa, 0xff, 0xff, 0xff,
    0xff, 0xff, 0xff, 0xff, 0xff, 0xe0, 0x0, 0x0,
    0x0, 0x2c, 0xed, 0xdd, 0xd3, 0x0, 0x0, 0x0,
    0x0, 0x0, 0x4, 0xed, 0x2a, 0xc0, 0xbf, 0x70,
    0x0, 0x0, 0x0, 0x3, 0xaf, 0x90, 0xa, 0xc0,
    0x7, 0xfd, 0x71, 0x0, 0x5, 0xcf, 0xe6, 0x11,
    0x17, 0x81, 0x11, 0x3c, 0xff, 0xa2, 0xb, 0xd7,
    0xff, 0xff, 0xff, 0xff, 0xff, 0xff, 0xb9, 0xc0,
    0x0, 0x1, 0xf6, 0x11, 0x1a, 0xc1, 0x11, 0x1e,
    0x90, 0x0, 0x0, 0x1, 0xf6, 0x11, 0x1b, 0xc1,
    0x11, 0x1e, 0x90, 0x0, 0x0, 0x1, 0xff, 0xff,
    0xff, 0xff, 0xff, 0xff, 0x90, 0x0, 0x0, 0x1,
    0xf5, 0x0, 0xa, 0xc0, 0x0, 0xd, 0x90, 0x0,
    0x0, 0x1, 0xf7, 0x33, 0x3b, 0xd3, 0x33, 0x3e,
    0x90, 0x0, 0x0, 0x1, 0xff, 0xff, 0xff, 0xff,
    0xff, 0xff, 0x90, 0x0, 0x0, 0x1, 0xf5, 0x0,
    0x0, 0x0, 0x0, 0xc, 0x90, 0x0,

    /* U+7591 "疑" */
    0x0, 0x82, 0x0, 0x0, 0x0, 0x22, 0x22, 0x22,
    0x22, 0x0, 0x1, 0xf4, 0x1, 0x8d, 0x23, 0xff,
    0xff, 0xff, 0xff, 0x80, 0x1, 0xfa, 0xcf, 0xd7,
    0x10, 0x11, 0x11, 0x12, 0xdd, 0x0, 0x1, 0xfc,
    0x73, 0x0, 0x10, 0x7, 0x40, 0x2d, 0xe2, 0x0,
    0x1, 0xf4, 0x0, 0x0, 0xf3, 0x9, 0xfc, 0xec,
    0x10, 0x0, 0x0, 0xf9, 0x44, 0x47, 0xf2, 0x0,
    0x2b, 0xf9, 0x0, 0x0, 0x0, 0x9e, 0xff, 0xfe,
    0x90, 0x0, 0x0, 0x5e, 0x90, 0x0, 0x0, 0x5c,
    0x0, 0x0, 0x5, 0x99, 0x99, 0x9b, 0xa9, 0x91,
    0x0, 0xbd, 0x44, 0x44, 0x35, 0x99, 0x9c, 0xf9,
    0x9c, 0xe0, 0x3, 0xff, 0xff, 0xff, 0xc0, 0x0,
    0x6, 0xe0, 0xc, 0x80, 0xc, 0xc0, 0x4f, 0x0,
    0x0, 0x9c, 0x6, 0xe0, 0x1e, 0x10, 0xa, 0x31,
    0x6f, 0x21, 0x10, 0xaa, 0x6, 0xe1, 0x12, 0x10,
    0xf, 0xff, 0xff, 0xff, 0xf4, 0xc9, 0x6, 0xff,
    0xff, 0x80, 0x2, 0x22, 0xaf, 0x32, 0x20, 0xea,
    0x6, 0xe2, 0x22, 0x10, 0x0, 0x0, 0xef, 0xd2,
    0x2, 0xff, 0x36, 0xe0, 0x0, 0x0, 0x0, 0x9,
    0xe2, 0xbe, 0x28, 0xe7, 0xe9, 0xe0, 0x0, 0x0,
    0x1, 0xaf, 0x40, 0xb, 0x8f, 0x80, 0xaf, 0xf6,
    0x44, 0x41, 0xc, 0xd3, 0x0, 0x0, 0x8e, 0x0,
    0x5, 0xbe, 0xff, 0xf1, 0x1, 0x0, 0x0, 0x0,
    0x1, 0x0, 0x0, 0x0, 0x0, 0x0,

    /* U+75BC "疼" */
    0x0, 0x0, 0x0, 0x0, 0x0, 0x7a, 0x0, 0x0,
    0x0, 0x0, 0x0, 0x0, 0x0, 0x0, 0x0, 0x7f,
    0x30, 0x0, 0x0, 0x0, 0x0, 0x0, 0x66, 0x66,
    0x66, 0x8f, 0xb6, 0x66, 0x66, 0x60, 0x0, 0x0,
    0xff, 0xff, 0xff, 0xff, 0xff, 0xff, 0xff, 0xf2,
    0x9, 0x20, 0xf6, 0x0, 0x0, 0xb6, 0x0, 0x0,
    0x0, 0x0, 0xc, 0xb0, 0xf6, 0x0, 0xa, 0xf7,
    0x44, 0x44, 0x20, 0x0, 0x4, 0xf4, 0xf6, 0x0,
    0x6f, 0xff, 0xff, 0xff, 0xc0, 0x0, 0x0, 0xcb,
    0xf6, 0x7, 0xff, 0x50, 0x0, 0x7f, 0x20, 0x0,
    0x0, 0x21, 0xf7, 0xaf, 0x87, 0xf4, 0x6, 0xf7,
    0x0, 0x0, 0x0, 0x1, 0xf6, 0x86, 0x0, 0x7f,
    0xaf, 0x70, 0x0, 0x0, 0x0, 0x8, 0xf5, 0x0,
    0x0, 0x5f, 0xfe, 0x30, 0x0, 0x0, 0x6, 0xef,
    0xf4, 0x1, 0x6d, 0xf9, 0x4b, 0xfb, 0x40, 0x0,
    0x2f, 0x86, 0xf7, 0xcf, 0xf9, 0x42, 0x0, 0x4c,
    0xff, 0xb2, 0x2, 0x9, 0xf2, 0x94, 0x0, 0xaf,
    0xc6, 0x0, 0x17, 0x80, 0x0, 0xd, 0xb0, 0x0,
    0x0, 0x2, 0x8f, 0xc0, 0x0, 0x0, 0x0, 0x2f,
    0x50, 0x0, 0x87, 0x30, 0x1, 0x20, 0x0, 0x0,
    0x0, 0xae, 0x10, 0x0, 0x9d, 0xfe, 0xa5, 0x0,
    0x0, 0x0, 0x5, 0xf6, 0x0, 0x0, 0x0, 0x16,
    0xbf, 0xf9, 0x0, 0x0, 0x1, 0x80, 0x0, 0x0,
    0x0, 0x0, 0x1, 0x75, 0x0, 0x0,

    /* U+75C5 "病" */
    0x0, 0x0, 0x0, 0x0, 0x0, 0x3a, 0x10, 0x0,
    0x0, 0x0, 0x0, 0x0, 0x0, 0x0, 0x0, 0x4f,
    0x70, 0x0, 0x0, 0x0, 0x0, 0x0, 0x66, 0x66,
    0x66, 0x7f, 0xd6, 0x66, 0x66, 0x61, 0x0, 0x0,
    0xef, 0xff, 0xff, 0xff, 0xff, 0xff, 0xff, 0xf2,
    0x8, 0x40, 0xe7, 0x0, 0x0, 0x0, 0x0, 0x0,
    0x0, 0x0, 0xa, 0xc0, 0xe7, 0x45, 0x55, 0x55,
    0x55, 0x55, 0x55, 0x50, 0x2, 0xf3, 0xe7, 0xaf,
    0xff, 0xff, 0xff, 0xff, 0xff, 0xf0, 0x0, 0xc9,
    0xe7, 0x0, 0x0, 0x4, 0xf2, 0x0, 0x0, 0x0,
    0x0, 0x20, 0xf7, 0x0, 0x0, 0x4, 0xf2, 0x0,
    0x0, 0x0, 0x0, 0x0, 0xf7, 0x3f, 0xff, 0xff,
    0xff, 0xff, 0xff, 0x60, 0x0, 0x7, 0xf6, 0x3f,
    0x64, 0x48, 0xf4, 0x44, 0x4f, 0x60, 0x6, 0xef,
    0xf5, 0x3f, 0x20, 0x8, 0xf2, 0x0, 0xf, 0x60,
    0x2f, 0xb6, 0xf2, 0x3f, 0x20, 0xe, 0xfe, 0x20,
    0xf, 0x60, 0x3, 0x8, 0xf0, 0x3f, 0x20, 0x8f,
    0x2b, 0xe1, 0xf, 0x60, 0x0, 0xc, 0xb0, 0x3f,
    0x38, 0xf7, 0x0, 0xcd, 0x1f, 0x60, 0x0, 0x2f,
    0x60, 0x3f, 0x7f, 0x70, 0x0, 0x1c, 0x3f, 0x60,
    0x0, 0xaf, 0x0, 0x3f, 0x21, 0x0, 0x0, 0x0,
    0xf, 0x60, 0x6, 0xf5, 0x0, 0x3f, 0x20, 0x0,
    0x0, 0x35, 0x7f, 0x60, 0x4, 0x90, 0x0, 0x3f,
    0x20, 0x0, 0x0, 0x5f, 0xeb, 0x10,

    /* U+767D "白" */
    0x0, 0x0, 0x0, 0x3b, 0x60, 0x0, 0x0, 0x0,
    0x0, 0x0, 0x0, 0x8f, 0x40, 0x0, 0x0, 0x0,
    0x0, 0x0, 0x0, 0xed, 0x0, 0x0, 0x0, 0x0,
    0x8, 0x88, 0x89, 0xfc, 0x88, 0x88, 0x88, 0x80,
    0x1f, 0xff, 0xff, 0xff, 0xff, 0xff, 0xff, 0xf1,
    0x1f, 0x60, 0x0, 0x0, 0x0, 0x0, 0x7, 0xf1,
    0x1f, 0x60, 0x0, 0x0, 0x0, 0x0, 0x7, 0xf1,
    0x1f, 0x60, 0x0, 0x0, 0x0, 0x0, 0x7, 0xf1,
    0x1f, 0x60, 0x0, 0x0, 0x0, 0x0, 0x7, 0xf1,
    0x1f, 0xb8, 0x88, 0x88, 0x88, 0x88, 0x8c, 0xf1,
    0x1f, 0xff, 0xff, 0xff, 0xff, 0xff, 0xff, 0xf1,
    0x1f, 0x60, 0x0, 0x0, 0x0, 0x0, 0x7, 0xf1,
    0x1f, 0x60, 0x0, 0x0, 0x0, 0x0, 0x7, 0xf1,
    0x1f, 0x60, 0x0, 0x0, 0x0, 0x0, 0x7, 0xf1,
    0x1f, 0x60, 0x0, 0x0, 0x0, 0x0, 0x7, 0xf1,
    0x1f, 0xa7, 0x77, 0x77, 0x77, 0x77, 0x7b, 0xf1,
    0x1f, 0xff, 0xff, 0xff, 0xff, 0xff, 0xff, 0xf1,
    0x1f, 0x70, 0x0, 0x0, 0x0, 0x0, 0x8, 0xf1,
    0x1f, 0x60, 0x0, 0x0, 0x0, 0x0, 0x7, 0xe1,

    /* U+7684 "的" */
    0x0, 0x2, 0x83, 0x0, 0x0, 0x9, 0x30, 0x0,
    0x0, 0x0, 0x6, 0xf3, 0x0, 0x0, 0x4f, 0x40,
    0x0, 0x0, 0x0, 0xa, 0xd0, 0x0, 0x0, 0x9f,
    0x0, 0x0, 0x0, 0x16, 0x6e, 0xb6, 0x65, 0x0,
    0xed, 0x77, 0x77, 0x74, 0x4f, 0xff, 0xff, 0xfe,
    0x4, 0xfe, 0xee, 0xee, 0xf8, 0x4f, 0x10, 0x0,
    0x7e, 0xb, 0xd0, 0x0, 0x0, 0xe8, 0x4f, 0x10,
    0x0, 0x7e, 0x4f, 0x60, 0x0, 0x0, 0xe7, 0x4f,
    0x10, 0x0, 0x7e, 0xac, 0x0, 0x0, 0x0, 0xf7,
    0x4f, 0x20, 0x0, 0x7e, 0x1, 0x7c, 0x0, 0x0,
    0xf6, 0x4f, 0xff, 0xff, 0xfe, 0x0, 0x2f, 0x80,
    0x0, 0xf5, 0x4f, 0x64, 0x44, 0xae, 0x0, 0x7,
    0xf3, 0x1, 0xf4, 0x4f, 0x10, 0x0, 0x7e, 0x0,
    0x0, 0xcd, 0x2, 0xf3, 0x4f, 0x10, 0x0, 0x7e,
    0x0, 0x0, 0x3e, 0x24, 0xf2, 0x4f, 0x10, 0x0,
    0x7e, 0x0, 0x0, 0x0, 0x5, 0xf1, 0x4f, 0x10,
    0x0, 0x7e, 0x0, 0x0, 0x0, 0x7, 0xf0, 0x4f,
    0xff, 0xff, 0xfe, 0x0, 0x0, 0x0, 0xa, 0xd0,
    0x4f, 0x76, 0x66, 0x65, 0x0, 0x3, 0x43, 0x6f,
    0x90, 0x4f, 0x10, 0x0, 0x0, 0x0, 0x8, 0xff,
    0xfd, 0x10, 0x0, 0x0, 0x0, 0x0, 0x0, 0x0,
    0x22, 0x20, 0x0,

    /* U+770B "看" */
    0x0, 0x0, 0x0, 0x0, 0x0, 0x1, 0x24, 0x68,
    0x70, 0x0, 0x7, 0xbc, 0xcd, 0xee, 0xff, 0xff,
    0xfd, 0xa8, 0x10, 0x0, 0x37, 0x66, 0x56, 0xfb,
    0x21, 0x0, 0x0, 0x0, 0x0, 0x1, 0x33, 0x33,
    0x7f, 0x83, 0x33, 0x33, 0x33, 0x20, 0x0, 0x7f,
    0xff, 0xff, 0xff, 0xff, 0xff, 0xff, 0xf8, 0x0,
    0x0, 0x0, 0x1, 0xf9, 0x0, 0x0, 0x0, 0x0,
    0x0, 0x4, 0x55, 0x55, 0x9f, 0x85, 0x55, 0x55,
    0x55, 0x55, 0x30, 0xde, 0xee, 0xff, 0xfe, 0xee,
    0xee, 0xee, 0xee, 0xea, 0x0, 0x0, 0x9, 0xf2,
    0x0, 0x0, 0x0, 0x0, 0x0, 0x0, 0x0, 0x6,
    0xff, 0xff, 0xff, 0xff, 0xff, 0xfb, 0x0, 0x0,
    0x3, 0xff, 0xa3, 0x33, 0x33, 0x33, 0x3c, 0xb0,
    0x0, 0x5, 0xfc, 0xf9, 0x11, 0x11, 0x11, 0x11,
    0xcb, 0x0, 0x9, 0xfb, 0xe, 0xfe, 0xee, 0xee,
    0xee, 0xef, 0xb0, 0x2, 0xd7, 0x0, 0xe8, 0x0,
    0x0, 0x0, 0x0, 0xbb, 0x0, 0x0, 0x0, 0xe,
    0xff, 0xff, 0xff, 0xff, 0xff, 0xb0, 0x0, 0x0,
    0x0, 0xe9, 0x11, 0x11, 0x11, 0x11, 0xcb, 0x0,
    0x0, 0x0, 0xe, 0xa3, 0x33, 0x33, 0x33, 0x3c,
    0xb0, 0x0, 0x0, 0x0, 0xef, 0xff, 0xff, 0xff,
    0xff, 0xfb, 0x0, 0x0, 0x0, 0xe, 0x80, 0x0,
    0x0, 0x0, 0xb, 0xb0, 0x0,

    /* U+773C "眼" */
    0x26, 0x66, 0x66, 0x1, 0xcc, 0xcc, 0xcc, 0xcc,
    0xc0, 0x6, 0xff, 0xff, 0xf1, 0x2f, 0xb8, 0x88,
    0x88, 0xcf, 0x0, 0x6e, 0x0, 0x2f, 0x12, 0xf5,
    0x0, 0x0, 0x7, 0xf0, 0x6, 0xe0, 0x2, 0xf1,
    0x2f, 0x61, 0x11, 0x11, 0x8f, 0x0, 0x6f, 0x55,
    0x7f, 0x12, 0xff, 0xff, 0xff, 0xff, 0xf0, 0x6,
    0xff, 0xff, 0xf1, 0x2f, 0x61, 0x11, 0x11, 0x8f,
    0x0, 0x6e, 0x0, 0x2f, 0x12, 0xf5, 0x0, 0x0,
    0x7, 0xf0, 0x6, 0xe0, 0x2, 0xf1, 0x2f, 0x96,
    0x66, 0x66, 0xaf, 0x0, 0x6f, 0x44, 0x5f, 0x12,
    0xfe, 0xdf, 0xfd, 0xdd, 0xd0, 0x6, 0xff, 0xff,
    0xf1, 0x2f, 0x50, 0x5f, 0x0, 0x1, 0x20, 0x6e,
    0x0, 0x2f, 0x12, 0xf5, 0x1, 0xf6, 0x3, 0xec,
    0x6, 0xe0, 0x2, 0xf1, 0x2f, 0x50, 0xb, 0xc8,
    0xfa, 0x10, 0x6e, 0x0, 0x2f, 0x12, 0xf5, 0x0,
    0x4f, 0xe5, 0x0, 0x6, 0xff, 0xff, 0xf1, 0x2f,
    0x50, 0x0, 0xbe, 0x20, 0x0, 0x6f, 0x44, 0x44,
    0x2, 0xf5, 0x0, 0x22, 0xfd, 0x0, 0x6, 0xe0,
    0x0, 0x0, 0x4f, 0xab, 0xfe, 0x4, 0xfd, 0x40,
    0x13, 0x0, 0x0, 0xb, 0xff, 0xc8, 0x30, 0x5,
    0xef, 0x20, 0x0, 0x0, 0x0, 0x46, 0x10, 0x0,
    0x0, 0x1, 0x40,

    /* U+775B "睛" */
    0x0, 0x0, 0x0, 0x0, 0x0, 0x7, 0x80, 0x0,
    0x0, 0x3, 0x88, 0x88, 0x80, 0x22, 0x22, 0xbc,
    0x22, 0x22, 0x10, 0x6f, 0xcc, 0xde, 0x1f, 0xff,
    0xff, 0xff, 0xff, 0xf8, 0x6, 0xe0, 0x6, 0xe0,
    0x0, 0x0, 0xab, 0x0, 0x0, 0x0, 0x6e, 0x0,
    0x6e, 0xa, 0xff, 0xff, 0xff, 0xff, 0xf1, 0x6,
    0xf9, 0x9c, 0xe0, 0x12, 0x22, 0xbc, 0x22, 0x22,
    0x0, 0x6f, 0xff, 0xfe, 0x23, 0x33, 0x3c, 0xc3,
    0x33, 0x33, 0x6, 0xe0, 0x6, 0xe8, 0xff, 0xff,
    0xff, 0xff, 0xff, 0xf0, 0x6e, 0x0, 0x6e, 0x0,
    0x0, 0x0, 0x0, 0x0, 0x0, 0x6, 0xf4, 0x49,
    0xe0, 0x5f, 0xff, 0xff, 0xff, 0xf8, 0x0, 0x6f,
    0xff, 0xfe, 0x5, 0xf3, 0x22, 0x22, 0x2d, 0x90,
    0x6, 0xe1, 0x17, 0xe0, 0x5f, 0x21, 0x11, 0x11,
    0xd9, 0x0, 0x6e, 0x0, 0x6e, 0x5, 0xff, 0xff,
    0xff, 0xff, 0x90, 0x6, 0xe2, 0x28, 0xe0, 0x5f,
    0x0, 0x0, 0x0, 0xd9, 0x0, 0x6f, 0xff, 0xfe,
    0x5, 0xff, 0xff, 0xff, 0xff, 0x90, 0x6, 0xe0,
    0x0, 0x0, 0x5f, 0x21, 0x11, 0x11, 0xd9, 0x0,
    0x6e, 0x0, 0x0, 0x5, 0xf0, 0x0, 0x0, 0xd,
    0x90, 0x0, 0x0, 0x0, 0x0, 0x5f, 0x0, 0x0,
    0x33, 0xe8, 0x0, 0x0, 0x0, 0x0, 0x5, 0xf0,
    0x0, 0xe, 0xfd, 0x30, 0x0,

    /* U+77ED "短" */
    0x0, 0x4a, 0x0, 0x0, 0x0, 0x0, 0x0, 0x0,
    0x0, 0x0, 0x0, 0x8e, 0x0, 0x0, 0xf, 0xff,
    0xff, 0xff, 0xff, 0xf0, 0x0, 0xcc, 0x11, 0x11,
    0x6, 0x66, 0x66, 0x66, 0x66, 0x60, 0x0, 0xff,
    0xff, 0xff, 0x30, 0x0, 0x0, 0x0, 0x0, 0x0,
    0x4, 0xf5, 0xbd, 0x33, 0x2, 0x66, 0x66, 0x66,
    0x66, 0x10, 0xa, 0xd0, 0x9c, 0x0, 0x6, 0xff,
    0xff, 0xff, 0xff, 0x40, 0xe, 0x70, 0x9c, 0x0,
    0x6, 0xf0, 0x0, 0x0, 0x3f, 0x40, 0x1, 0x0,
    0xac, 0x0, 0x6, 0xf0, 0x0, 0x0, 0x3f, 0x40,
    0x1d, 0xdd, 0xff, 0xdd, 0x66, 0xf0, 0x0, 0x0,
    0x3f, 0x40, 0x8, 0x88, 0xed, 0x88, 0x46, 0xf6,
    0x66, 0x66, 0x8f, 0x40, 0x0, 0x0, 0xd9, 0x0,
    0x5, 0xff, 0xff, 0xff, 0xff, 0x40, 0x0, 0x0,
    0xfc, 0x0, 0x0, 0x1, 0x0, 0x0, 0x41, 0x0,
    0x0, 0x4, 0xff, 0x90, 0x0, 0xab, 0x0, 0x1,
    0xf8, 0x0, 0x0, 0x9, 0xd5, 0xf5, 0x0, 0x4f,
    0x20, 0x6, 0xf2, 0x0, 0x0, 0x2f, 0x60, 0xaf,
    0x20, 0xe, 0x70, 0xc, 0xb0, 0x0, 0x0, 0xbe,
    0x0, 0x1d, 0x10, 0xa, 0xb0, 0x2f, 0x40, 0x0,
    0x8, 0xf5, 0x0, 0x0, 0x56, 0x68, 0x66, 0xbf,
    0x66, 0x61, 0xd, 0x90, 0x0, 0x0, 0xef, 0xff,
    0xff, 0xff, 0xff, 0xf3, 0x1, 0x0, 0x0, 0x0,
    0x0, 0x0, 0x0, 0x0, 0x0, 0x0,

    /* U+786E "确" */
    0x0, 0x0, 0x0, 0x0, 0x0, 0x3b, 0x10, 0x0,
    0x0, 0x0, 0xab, 0xbb, 0xbb, 0x90, 0xb, 0xe2,
    0x22, 0x20, 0x0, 0x9, 0xad, 0xfa, 0xa8, 0x3,
    0xff, 0xff, 0xff, 0x70, 0x0, 0x0, 0xca, 0x0,
    0x0, 0xbd, 0x21, 0x1a, 0xe1, 0x0, 0x0, 0xf,
    0x60, 0x0, 0x9f, 0x30, 0x5, 0xf4, 0x0, 0x0,
    0x3, 0xf2, 0x0, 0x7f, 0xfe, 0xee, 0xff, 0xee,
    0xe7, 0x0, 0x7e, 0x0, 0xd, 0xcf, 0x85, 0x7f,
    0x75, 0x5f, 0x70, 0xc, 0xeb, 0xbb, 0x43, 0xf3,
    0x2, 0xf2, 0x0, 0xf7, 0x3, 0xfe, 0xcc, 0xf2,
    0x2f, 0x52, 0x4f, 0x52, 0x2f, 0x70, 0xbf, 0xa0,
    0x1f, 0x22, 0xff, 0xff, 0xff, 0xff, 0xf7, 0x3f,
    0xea, 0x1, 0xf2, 0x3f, 0x30, 0x2f, 0x20, 0xf,
    0x70, 0xaa, 0xa0, 0x1f, 0x23, 0xf3, 0x2, 0xf2,
    0x0, 0xf7, 0x0, 0x9a, 0x1, 0xf2, 0x4f, 0x75,
    0x7f, 0x75, 0x5f, 0x70, 0x9, 0xa0, 0x1f, 0x27,
    0xfe, 0xef, 0xff, 0xee, 0xf7, 0x0, 0x9c, 0x45,
    0xf2, 0xbc, 0x0, 0x2f, 0x20, 0xf, 0x70, 0x9,
    0xff, 0xff, 0x3f, 0x70, 0x2, 0xf2, 0x0, 0xf7,
    0x0, 0x9b, 0x11, 0x1a, 0xe1, 0x0, 0x2f, 0x35,
    0x5f, 0x70, 0x4, 0x50, 0x1, 0xe5, 0x0, 0x1,
    0xa1, 0xef, 0xd2, 0x0, 0x0, 0x0, 0x0, 0x0,
    0x0, 0x0, 0x0, 0x0, 0x0,

    /* U+793A "示" */
    0x0, 0x4, 0x44, 0x44, 0x44, 0x44, 0x44, 0x44,
    0x40, 0x0, 0x0, 0xef, 0xff, 0xff, 0xff, 0xff,
    0xff, 0xff, 0x20, 0x0, 0x2, 0x22, 0x22, 0x22,
    0x22, 0x22, 0x22, 0x20, 0x0, 0x0, 0x0, 0x0,
    0x0, 0x0, 0x0, 0x0, 0x0, 0x0, 0x0, 0x0,
    0x0, 0x0, 0x0, 0x0, 0x0, 0x0, 0x0, 0x0,
    0x47, 0x77, 0x77, 0x77, 0x77, 0x77, 0x77, 0x77,
    0x76, 0xa, 0xff, 0xff, 0xff, 0xff, 0xff, 0xff,
    0xff, 0xff, 0xe0, 0x0, 0x0, 0x0, 0x0, 0xaf,
    0x0, 0x0, 0x0, 0x0, 0x0, 0x0, 0x0, 0x0,
    0xa, 0xf0, 0x0, 0x0, 0x0, 0x0, 0x0, 0x6,
    0xb1, 0x0, 0xaf, 0x0, 0x9, 0x50, 0x0, 0x0,
    0x0, 0xed, 0x0, 0xa, 0xf0, 0x0, 0xbf, 0x10,
    0x0, 0x0, 0x6f, 0x50, 0x0, 0xaf, 0x0, 0x2,
    0xfb, 0x0, 0x0, 0xe, 0xd0, 0x0, 0xa, 0xf0,
    0x0, 0x7, 0xf5, 0x0, 0xa, 0xf4, 0x0, 0x0,
    0xaf, 0x0, 0x0, 0xe, 0xd0, 0x7, 0xf9, 0x0,
    0x0, 0xa, 0xf0, 0x0, 0x0, 0x6f, 0x50, 0xbc,
    0x0, 0x0, 0x0, 0xaf, 0x0, 0x0, 0x0, 0xe7,
    0x0, 0x0, 0x0, 0x88, 0x8e, 0xd0, 0x0, 0x0,
    0x0, 0x0, 0x0, 0x0, 0xd, 0xff, 0xc5, 0x0,
    0x0, 0x0, 0x0,

    /* U+793C "礼" */
    0x0, 0x1, 0xb3, 0x0, 0x0, 0xa, 0x60, 0x0,
    0x0, 0x0, 0x0, 0x0, 0xce, 0x10, 0x0, 0xe,
    0x80, 0x0, 0x0, 0x0, 0x0, 0x0, 0x1f, 0xa0,
    0x0, 0xe, 0x80, 0x0, 0x0, 0x0, 0x3, 0x55,
    0x5b, 0x85, 0x20, 0xe, 0x80, 0x0, 0x0, 0x0,
    0x9, 0xff, 0xff, 0xff, 0x90, 0xe, 0x80, 0x0,
    0x0, 0x0, 0x0, 0x0, 0x0, 0x6f, 0x20, 0xe,
    0x80, 0x0, 0x0, 0x0, 0x0, 0x0, 0x1, 0xe9,
    0x0, 0xe, 0x80, 0x0, 0x0, 0x0, 0x0, 0x0,
    0xc, 0xd0, 0x0, 0xe, 0x80, 0x0, 0x0, 0x0,
    0x0, 0x0, 0xaf, 0x80, 0x0, 0xe, 0x80, 0x0,
    0x0, 0x0, 0x0, 0xb, 0xff, 0xf6, 0x0, 0xe,
    0x80, 0x0, 0x0, 0x0, 0x2, 0xdf, 0xbf, 0x8f,
    0x60, 0xe, 0x80, 0x0, 0x0, 0x0, 0x2f, 0xe4,
    0x5f, 0x19, 0xf3, 0xe, 0x80, 0x0, 0x0, 0x0,
    0x9, 0x10, 0x5f, 0x10, 0x90, 0xe, 0x80, 0x0,
    0x0, 0x0, 0x0, 0x0, 0x5f, 0x10, 0x0, 0xe,
    0x80, 0x0, 0x3, 0xb0, 0x0, 0x0, 0x5f, 0x10,
    0x0, 0xe, 0x80, 0x0, 0x4, 0xf1, 0x0, 0x0,
    0x5f, 0x10, 0x0, 0xe, 0x90, 0x0, 0x6, 0xf0,
    0x0, 0x0, 0x5f, 0x10, 0x0, 0xc, 0xd6, 0x55,
    0x5d, 0xb0, 0x0, 0x0, 0x5f, 0x10, 0x0, 0x4,
    0xef, 0xff, 0xfd, 0x30, 0x0, 0x0, 0x5f, 0x10,
    0x0, 0x0, 0x0, 0x0, 0x0, 0x0,

    /* U+79D1 "科" */
    0x0, 0x0, 0x0, 0x0, 0x0, 0x0, 0x0, 0x3,
    0x50, 0x0, 0x0, 0x0, 0x37, 0xce, 0x10, 0x0,
    0x0, 0x8, 0xe0, 0x0, 0x8, 0xdf, 0xff, 0x94,
    0x0, 0x7d, 0x30, 0x8, 0xe0, 0x0, 0x3, 0x52,
    0xbc, 0x0, 0x0, 0x1b, 0xf6, 0x8, 0xe0, 0x0,
    0x0, 0x0, 0xac, 0x0, 0x0, 0x0, 0x8f, 0x38,
    0xe0, 0x0, 0x2, 0x22, 0xbd, 0x22, 0x10, 0x0,
    0x2, 0x8, 0xe0, 0x0, 0x1f, 0xff, 0xff, 0xff,
    0xb0, 0x0, 0x0, 0x8, 0xe0, 0x0, 0x3, 0x34,
    0xfe, 0x33, 0x25, 0xf5, 0x0, 0x8, 0xe0, 0x0,
    0x0, 0x6, 0xff, 0x70, 0x0, 0x8f, 0xa0, 0x8,
    0xe0, 0x0, 0x0, 0xd, 0xfe, 0xf4, 0x0, 0x5,
    0xfa, 0x8, 0xe0, 0x0, 0x0, 0x4f, 0xbc, 0x7e,
    0x10, 0x0, 0x53, 0x8, 0xe0, 0x0, 0x0, 0xd8,
    0xac, 0xd, 0x40, 0x0, 0x0, 0x8, 0xe0, 0x21,
    0x6, 0xf1, 0xac, 0x1, 0x0, 0x0, 0x35, 0x8d,
    0xff, 0xf6, 0x2f, 0x70, 0xac, 0x0, 0x4b, 0xef,
    0xff, 0xfe, 0xf6, 0x41, 0x1c, 0x0, 0xac, 0x0,
    0x4c, 0xa7, 0x41, 0x8, 0xe0, 0x0, 0x0, 0x0,
    0xac, 0x0, 0x0, 0x0, 0x0, 0x8, 0xe0, 0x0,
    0x0, 0x0, 0xac, 0x0, 0x0, 0x0, 0x0, 0x8,
    0xe0, 0x0, 0x0, 0x0, 0xac, 0x0, 0x0, 0x0,
    0x0, 0x8, 0xe0, 0x0, 0x0, 0x0, 0xac, 0x0,
    0x0, 0x0, 0x0, 0x8, 0xe0, 0x0,

    /* U+79DF "租" */
    0x0, 0x0, 0x0, 0x2, 0x0, 0x0, 0x0, 0x0,
    0x0, 0x0, 0x0, 0x2, 0x59, 0xef, 0x23, 0x77,
    0x77, 0x77, 0x73, 0x0, 0x9, 0xff, 0xfe, 0x72,
    0x6, 0xff, 0xee, 0xef, 0xf6, 0x0, 0x3, 0x42,
    0xca, 0x0, 0x6, 0xf1, 0x0, 0x1, 0xf6, 0x0,
    0x0, 0x0, 0xca, 0x0, 0x6, 0xf1, 0x0, 0x1,
    0xf6, 0x0, 0x4, 0x44, 0xdc, 0x44, 0x26, 0xf1,
    0x0, 0x1, 0xf6, 0x0, 0x1f, 0xff, 0xff, 0xff,
    0x66, 0xff, 0xff, 0xff, 0xf6, 0x0, 0x0, 0x3,
    0xfc, 0x10, 0x6, 0xf7, 0x66, 0x67, 0xf6, 0x0,
    0x0, 0x9, 0xff, 0x80, 0x6, 0xf1, 0x0, 0x1,
    0xf6, 0x0, 0x0, 0x1f, 0xfc, 0xe5, 0x6, 0xf1,
    0x0, 0x1, 0xf6, 0x0, 0x0, 0x7c, 0xca, 0x6f,
    0x26, 0xf1, 0x0, 0x1, 0xf6, 0x0, 0x1, 0xf5,
    0xca, 0xb, 0x16, 0xfe, 0xee, 0xee, 0xf6, 0x0,
    0xa, 0xd0, 0xca, 0x0, 0x6, 0xf8, 0x77, 0x78,
    0xf6, 0x0, 0x3f, 0x40, 0xca, 0x0, 0x6, 0xf1,
    0x0, 0x1, 0xf6, 0x0, 0x6, 0x0, 0xca, 0x0,
    0x6, 0xf1, 0x0, 0x1, 0xf6, 0x0, 0x0, 0x0,
    0xca, 0x0, 0x6, 0xf1, 0x0, 0x1, 0xf6, 0x0,
    0x0, 0x0, 0xca, 0x2, 0x6a, 0xf7, 0x66, 0x67,
    0xfa, 0x62, 0x0, 0x0, 0xca, 0x6, 0xff, 0xff,
    0xff, 0xff, 0xff, 0xf5, 0x0, 0x0, 0xca, 0x0,
    0x0, 0x0, 0x0, 0x0, 0x0, 0x0,

    /* U+79F0 "称" */
    0x0, 0x0, 0x0, 0x54, 0x0, 0x59, 0x0, 0x0,
    0x0, 0x0, 0x1, 0x48, 0xbf, 0xfb, 0x0, 0xbd,
    0x0, 0x0, 0x0, 0x0, 0x8, 0xfc, 0xfb, 0x10,
    0x0, 0xea, 0x22, 0x22, 0x22, 0x10, 0x0, 0x0,
    0xd9, 0x0, 0x3, 0xff, 0xff, 0xff, 0xff, 0xe0,
    0x0, 0x0, 0xd9, 0x0, 0x8, 0xe4, 0x4f, 0xa4,
    0x4e, 0x80, 0x0, 0x0, 0xd9, 0x0, 0xe, 0x90,
    0xe, 0x80, 0x5f, 0x10, 0xe, 0xff, 0xff, 0xff,
    0xaf, 0x20, 0xe, 0x80, 0x68, 0x0, 0x5, 0x56,
    0xfb, 0x55, 0xd9, 0x0, 0xe, 0x80, 0x0, 0x0,
    0x0, 0x7, 0xfd, 0x10, 0x0, 0xc6, 0xe, 0x83,
    0xf2, 0x0, 0x0, 0xe, 0xff, 0xc0, 0x2, 0xf5,
    0xe, 0x80, 0xe8, 0x0, 0x0, 0x4d, 0xd9, 0xda,
    0x6, 0xf1, 0xe, 0x80, 0x9d, 0x0, 0x0, 0xc7,
    0xd9, 0x3d, 0xa, 0xc0, 0xe, 0x80, 0x4f, 0x20,
    0x6, 0xf0, 0xd9, 0x1, 0xf, 0x80, 0xe, 0x80,
    0xf, 0x70, 0x1f, 0x70, 0xd9, 0x0, 0x6f, 0x20,
    0xe, 0x80, 0xc, 0xb0, 0x1c, 0x0, 0xd9, 0x0,
    0xea, 0x0, 0xe, 0x80, 0x8, 0xe0, 0x0, 0x0,
    0xd9, 0x0, 0x52, 0x0, 0xe, 0x80, 0x2, 0x30,
    0x0, 0x0, 0xd9, 0x0, 0x0, 0x0, 0xe, 0x80,
    0x0, 0x0, 0x0, 0x0, 0xd9, 0x0, 0x0, 0x28,
    0x8f, 0x70, 0x0, 0x0, 0x0, 0x0, 0xd9, 0x0,
    0x0, 0xd, 0xdb, 0x10, 0x0, 0x0,

    /* U+79FB "移" */
    0x0, 0x0, 0x3, 0x81, 0x0, 0x0, 0x7b, 0x0,
    0x0, 0x0, 0x2, 0x6a, 0xef, 0xe5, 0x0, 0x4,
    0xf7, 0x0, 0x0, 0x0, 0xa, 0xeb, 0xf7, 0x0,
    0x0, 0x5f, 0xff, 0xff, 0xfb, 0x0, 0x0, 0x0,
    0xf5, 0x0, 0x9, 0xf8, 0x55, 0x58, 0xf5, 0x0,
    0x0, 0x0, 0xf5, 0x1, 0xee, 0x55, 0x0, 0x1e,
    0xa0, 0x0, 0x0, 0x1, 0xf6, 0x0, 0x51, 0x5f,
    0xa4, 0xea, 0x0, 0x0, 0xf, 0xff, 0xff, 0xfd,
    0x0, 0x4, 0xff, 0x80, 0x0, 0x0, 0x5, 0x5a,
    0xf9, 0x54, 0x4, 0x9f, 0xb4, 0x72, 0x0, 0x0,
    0x0, 0xc, 0xfe, 0x11, 0xee, 0x93, 0xc, 0xd0,
    0x0, 0x0, 0x0, 0x2f, 0xfc, 0xd0, 0x20, 0x0,
    0xaf, 0xfe, 0xee, 0xd0, 0x0, 0x89, 0xf6, 0xd9,
    0x0, 0xa, 0xe6, 0x55, 0x6f, 0xb0, 0x1, 0xf3,
    0xf5, 0x43, 0x4, 0xde, 0x20, 0x0, 0x6f, 0x50,
    0x9, 0xd0, 0xf5, 0x0, 0xaf, 0xb4, 0x70, 0x1,
    0xeb, 0x0, 0x2f, 0x50, 0xf5, 0x0, 0x55, 0x5,
    0xfb, 0x2d, 0xe2, 0x0, 0xb, 0x0, 0xf5, 0x0,
    0x0, 0x0, 0x3e, 0xfe, 0x20, 0x0, 0x0, 0x0,
    0xf5, 0x0, 0x0, 0x0, 0x6e, 0xf3, 0x0, 0x0,
    0x0, 0x0, 0xf5, 0x0, 0x0, 0x5d, 0xfa, 0x10,
    0x0, 0x0, 0x0, 0x0, 0xf5, 0x4, 0xaf, 0xfd,
    0x40, 0x0, 0x0, 0x0, 0x0, 0x0, 0xf5, 0x5,
    0xe8, 0x30, 0x0, 0x0, 0x0, 0x0, 0x0, 0x0,
    0x0, 0x0, 0x0, 0x0, 0x0, 0x0, 0x0, 0x0,

    /* U+7A7A "空" */
    0x0, 0x0, 0x0, 0x4, 0xc2, 0x0, 0x0, 0x0,
    0x0, 0x0, 0x0, 0x0, 0x2, 0xfa, 0x0, 0x0,
    0x0, 0x0, 0x25, 0x55, 0x55, 0x55, 0xdf, 0x65,
    0x55, 0x55, 0x52, 0x7f, 0xff, 0xff, 0xff, 0xff,
    0xff, 0xff, 0xff, 0xf8, 0x7f, 0x0, 0x0, 0x0,
    0x0, 0x0, 0x0, 0x0, 0xf8, 0x7f, 0x0, 0x1,
    0x91, 0x0, 0x28, 0x10, 0x0, 0xf8, 0x7f, 0x0,
    0x4e, 0xe3, 0x0, 0x5e, 0xf8, 0x10, 0xa5, 0x12,
    0x2a, 0xfb, 0x10, 0x0, 0x0, 0x7f, 0xe7, 0x0,
    0x1a, 0xfe, 0x60, 0x0, 0x0, 0x0, 0x1, 0x9f,
    0xd1, 0xa, 0x70, 0x0, 0x0, 0x0, 0x0, 0x0,
    0x3, 0x80, 0x0, 0x5f, 0xff, 0xff, 0xff, 0xff,
    0xff, 0xf7, 0x0, 0x0, 0x26, 0x66, 0x66, 0xfc,
    0x66, 0x66, 0x63, 0x0, 0x0, 0x0, 0x0, 0x0,
    0xea, 0x0, 0x0, 0x0, 0x0, 0x0, 0x0, 0x0,
    0x0, 0xea, 0x0, 0x0, 0x0, 0x0, 0x0, 0x0,
    0x0, 0x0, 0xea, 0x0, 0x0, 0x0, 0x0, 0x0,
    0x0, 0x0, 0x0, 0xea, 0x0, 0x0, 0x0, 0x0,
    0x36, 0x66, 0x66, 0x66, 0xfc, 0x66, 0x66, 0x66,
    0x63, 0x7f, 0xff, 0xff, 0xff, 0xff, 0xff, 0xff,
    0xff, 0xf8,

    /* U+7A97 "窗" */
    0x0, 0x0, 0x0, 0x3, 0xc4, 0x0, 0x0, 0x0,
    0x0, 0x1, 0x11, 0x11, 0x12, 0xfc, 0x11, 0x11,
    0x11, 0x10, 0x7f, 0xff, 0xff, 0xff, 0xff, 0xff,
    0xff, 0xff, 0xf6, 0x7f, 0x21, 0x11, 0x61, 0x11,
    0x16, 0x21, 0x13, 0xf6, 0x7f, 0x0, 0x3d, 0xe2,
    0x0, 0x2d, 0xe7, 0x1, 0xf6, 0x1, 0x4a, 0xfb,
    0x13, 0x30, 0x0, 0x6e, 0xe7, 0x0, 0x1d, 0xfc,
    0x50, 0xd, 0xc0, 0x0, 0x0, 0x8f, 0xd2, 0x6,
    0x63, 0x33, 0x8f, 0x53, 0x33, 0x33, 0x36, 0x90,
    0x0, 0xbf, 0xee, 0xee, 0xee, 0xee, 0xee, 0xfe,
    0x0, 0x0, 0xbc, 0x0, 0x49, 0x0, 0x0, 0x0,
    0x9e, 0x0, 0x0, 0xbc, 0x1, 0xef, 0xee, 0xee,
    0xc0, 0x9e, 0x0, 0x0, 0xbc, 0x2d, 0x82, 0x0,
    0x2e, 0x70, 0x9e, 0x0, 0x0, 0xbc, 0x17, 0x5f,
    0x92, 0xcc, 0x0, 0x9e, 0x0, 0x0, 0xbc, 0x0,
    0x1, 0xbf, 0xf2, 0x0, 0x9e, 0x0, 0x0, 0xbc,
    0x0, 0x29, 0xf9, 0xbf, 0x60, 0x9e, 0x0, 0x0,
    0xbc, 0x2d, 0xfa, 0x20, 0x5, 0xd1, 0x9e, 0x0,
    0x0, 0xbd, 0x37, 0x32, 0x22, 0x22, 0x32, 0xbe,
    0x0, 0x0, 0xbf, 0xff, 0xff, 0xff, 0xff, 0xff,
    0xfe, 0x0, 0x0, 0xbc, 0x0, 0x0, 0x0, 0x0,
    0x0, 0x8d, 0x0,

    /* U+7AD9 "站" */
    0x0, 0x2, 0x80, 0x0, 0x0, 0x0, 0x6c, 0x10,
    0x0, 0x0, 0x0, 0x2, 0xf6, 0x0, 0x0, 0x0,
    0x7f, 0x10, 0x0, 0x0, 0x0, 0x0, 0xad, 0x0,
    0x0, 0x0, 0x7f, 0x10, 0x0, 0x0, 0x0, 0x0,
    0x4a, 0x0, 0x0, 0x0, 0x7f, 0x10, 0x0, 0x0,
    0xb, 0xdd, 0xdd, 0xdd, 0xd0, 0x0, 0x7f, 0x87,
    0x77, 0x71, 0x7, 0x88, 0x88, 0x88, 0x70, 0x0,
    0x7f, 0xff, 0xff, 0xf2, 0x0, 0x71, 0x0, 0x59,
    0x0, 0x0, 0x7f, 0x10, 0x0, 0x0, 0x0, 0xe5,
    0x0, 0x9c, 0x0, 0x0, 0x7f, 0x10, 0x0, 0x0,
    0x0, 0xb8, 0x0, 0xba, 0x0, 0x0, 0x7f, 0x10,
    0x0, 0x0, 0x0, 0x8b, 0x0, 0xd7, 0x2, 0x33,
    0x9f, 0x43, 0x33, 0x10, 0x0, 0x6d, 0x0, 0xf4,
    0xa, 0xff, 0xff, 0xff, 0xff, 0x60, 0x0, 0x4f,
    0x3, 0xf0, 0xa, 0xd2, 0x22, 0x22, 0x4f, 0x60,
    0x0, 0x2f, 0x16, 0xd0, 0xa, 0xc0, 0x0, 0x0,
    0x1f, 0x60, 0x0, 0x7, 0x9, 0xb7, 0x8a, 0xc0,
    0x0, 0x0, 0x1f, 0x60, 0x2, 0x59, 0xcf, 0xfe,
    0x8a, 0xc0, 0x0, 0x0, 0x1f, 0x60, 0xe, 0xfe,
    0xa6, 0x20, 0xa, 0xc0, 0x0, 0x0, 0x1f, 0x60,
    0x4, 0x20, 0x0, 0x0, 0xa, 0xff, 0xff, 0xff,
    0xff, 0x60, 0x0, 0x0, 0x0, 0x0, 0xa, 0xe7,
    0x77, 0x77, 0x7f, 0x60, 0x0, 0x0, 0x0, 0x0,
    0xa, 0xc0, 0x0, 0x0, 0x1e, 0x60,

    /* U+7B14 "笔" */
    0x0, 0x7, 0xb0, 0x0, 0x0, 0x9, 0xa0, 0x0,
    0x0, 0x0, 0x0, 0xeb, 0x0, 0x0, 0x1, 0xf9,
    0x0, 0x0, 0x0, 0x0, 0x5f, 0xff, 0xff, 0xf7,
    0x7f, 0xff, 0xff, 0xff, 0xa0, 0xd, 0xc5, 0xfb,
    0x55, 0x5f, 0xb5, 0xbe, 0x55, 0x53, 0xa, 0xf2,
    0x8, 0xe0, 0x1d, 0xe1, 0x2, 0xf5, 0x0, 0x1,
    0xd7, 0x0, 0x1f, 0x41, 0xb4, 0x0, 0x9, 0x72,
    0x0, 0x0, 0x0, 0x0, 0x23, 0x46, 0x8a, 0xcf,
    0xff, 0xa0, 0x0, 0x4, 0xdf, 0xff, 0xff, 0xfd,
    0xa8, 0x63, 0x0, 0x0, 0x0, 0x17, 0x54, 0x31,
    0x8f, 0x0, 0x0, 0x0, 0x0, 0x0, 0x0, 0x0,
    0x1, 0x29, 0xf6, 0x78, 0xab, 0xcd, 0x0, 0x0,
    0x9d, 0xef, 0xff, 0xff, 0xcb, 0xa8, 0x76, 0x40,
    0x0, 0x5, 0x64, 0x32, 0x7, 0xf0, 0x0, 0x0,
    0x0, 0x0, 0x0, 0x0, 0x0, 0x0, 0x7f, 0x34,
    0x67, 0x8a, 0xbc, 0xb0, 0x68, 0x9b, 0xcd, 0xff,
    0xff, 0xfe, 0xcb, 0xa8, 0x75, 0x9, 0xba, 0x87,
    0x64, 0x9f, 0x10, 0x0, 0x0, 0x3, 0x0, 0x0,
    0x0, 0x0, 0x7, 0xf0, 0x0, 0x0, 0x0, 0xe7,
    0x0, 0x0, 0x0, 0x0, 0x6f, 0x85, 0x55, 0x55,
    0x8f, 0x40, 0x0, 0x0, 0x0, 0x0, 0xbf, 0xff,
    0xff, 0xff, 0xa0,

    /* U+7B2C "第" */
    0x0, 0x1, 0xc4, 0x0, 0x0, 0x4, 0xc2, 0x0,
    0x0, 0x0, 0x0, 0x8f, 0x31, 0x11, 0x10, 0xaf,
    0x11, 0x11, 0x11, 0x0, 0x1f, 0xff, 0xff, 0xff,
    0x3f, 0xff, 0xff, 0xff, 0xd0, 0xc, 0xe2, 0x7f,
    0x21, 0x1b, 0xe2, 0x2e, 0x91, 0x11, 0xa, 0xf4,
    0x1, 0xf6, 0x7, 0xf4, 0x0, 0x5f, 0x30, 0x0,
    0x66, 0x22, 0x27, 0x32, 0x38, 0x22, 0x22, 0x72,
    0x0, 0x0, 0x6f, 0xff, 0xff, 0xff, 0xff, 0xff,
    0xff, 0xf4, 0x0, 0x0, 0x11, 0x11, 0x11, 0xe9,
    0x11, 0x11, 0x4f, 0x40, 0x0, 0x0, 0x0, 0x0,
    0xe, 0x90, 0x0, 0x2, 0xf4, 0x0, 0x0, 0xcf,
    0xff, 0xff, 0xff, 0xff, 0xff, 0xff, 0x40, 0x0,
    0xe, 0xa4, 0x44, 0x4f, 0xa4, 0x44, 0x44, 0x41,
    0x0, 0x1, 0xf5, 0x0, 0x0, 0xe8, 0x0, 0x0,
    0x0, 0x0, 0x0, 0x4f, 0xff, 0xff, 0xff, 0xff,
    0xff, 0xff, 0xfe, 0x0, 0x2, 0x55, 0x55, 0xaf,
    0xfb, 0x55, 0x55, 0x5c, 0xd0, 0x0, 0x0, 0x0,
    0x6f, 0x7e, 0x80, 0x0, 0x0, 0xcb, 0x0, 0x0,
    0x1, 0xaf, 0x70, 0xe8, 0x0, 0x0, 0xf, 0x80,
    0x0, 0x6, 0xef, 0x60, 0xe, 0x80, 0x28, 0x7a,
    0xf4, 0x0, 0x5e, 0xfd, 0x30, 0x0, 0xe8, 0x0,
    0xdd, 0xd8, 0x0, 0x1, 0xd6, 0x0, 0x0, 0xe,
    0x80, 0x0, 0x0, 0x0, 0x0, 0x0, 0x0, 0x0,
    0x0, 0x0, 0x0, 0x0, 0x0, 0x0,

    /* U+7B54 "答" */
    0x0, 0x5, 0xb1, 0x0, 0x0, 0x7, 0xa0, 0x0,
    0x0, 0x0, 0x0, 0xd, 0xc0, 0x0, 0x0, 0xe,
    0xa0, 0x0, 0x0, 0x0, 0x0, 0x5f, 0xff, 0xff,
    0xf8, 0x6f, 0xfe, 0xee, 0xee, 0x70, 0x1, 0xeb,
    0x5f, 0xb5, 0x55, 0xfb, 0x5c, 0xf6, 0x55, 0x30,
    0xc, 0xe1, 0x8, 0xe0, 0x6, 0xe1, 0x2, 0xf8,
    0x0, 0x0, 0x2d, 0x40, 0x2, 0xd2, 0x1c, 0x80,
    0x0, 0x98, 0x0, 0x0, 0x0, 0x0, 0x0, 0x0,
    0xcf, 0xd3, 0x0, 0x0, 0x0, 0x0, 0x0, 0x0,
    0x0, 0x2d, 0xe4, 0xbf, 0x80, 0x0, 0x0, 0x0,
    0x0, 0x0, 0x7, 0xfd, 0x20, 0x7, 0xfe, 0x70,
    0x0, 0x0, 0x0, 0x5, 0xef, 0xf7, 0x66, 0x66,
    0x8f, 0xfe, 0x82, 0x0, 0x18, 0xef, 0xa6, 0xdd,
    0xdd, 0xdd, 0xdc, 0x28, 0xef, 0xb0, 0x8, 0x60,
    0x0, 0x0, 0x0, 0x0, 0x0, 0x0, 0x5, 0x20,
    0x0, 0x0, 0xde, 0xee, 0xee, 0xee, 0xee, 0xe8,
    0x0, 0x0, 0x0, 0x0, 0xeb, 0x55, 0x55, 0x55,
    0x55, 0xf9, 0x0, 0x0, 0x0, 0x0, 0xe8, 0x0,
    0x0, 0x0, 0x0, 0xe9, 0x0, 0x0, 0x0, 0x0,
    0xe8, 0x0, 0x0, 0x0, 0x0, 0xe9, 0x0, 0x0,
    0x0, 0x0, 0xeb, 0x55, 0x55, 0x55, 0x55, 0xf9,
    0x0, 0x0, 0x0, 0x0, 0xef, 0xff, 0xff, 0xff,
    0xff, 0xf9, 0x0, 0x0, 0x0, 0x0, 0xe8, 0x0,
    0x0, 0x0, 0x0, 0xd8, 0x0, 0x0,

    /* U+7C73 "米" */
    0x0, 0x0, 0x0, 0x0, 0x5, 0x40, 0x0, 0x0,
    0x0, 0x0, 0x0, 0x2, 0x0, 0x0, 0xe, 0xa0,
    0x0, 0x0, 0x40, 0x0, 0x0, 0x7f, 0x30, 0x0,
    0xe, 0xa0, 0x0, 0x5, 0xf8, 0x0, 0x0, 0xd,
    0xd0, 0x0, 0xe, 0xa0, 0x0, 0xd, 0xe0, 0x0,
    0x0, 0x3, 0xf8, 0x0, 0xe, 0xa0, 0x0, 0x7f,
    0x40, 0x0, 0x0, 0x0, 0xaf, 0x10, 0xe, 0xa0,
    0x3, 0xf9, 0x0, 0x0, 0x0, 0x0, 0x28, 0x10,
    0xe, 0xa0, 0x5, 0xb0, 0x0, 0x0, 0x0, 0x0,
    0x0, 0x0, 0xe, 0xa0, 0x0, 0x0, 0x0, 0x0,
    0xe, 0xff, 0xff, 0xff, 0xff, 0xff, 0xff, 0xff,
    0xff, 0xb0, 0x6, 0x77, 0x77, 0x79, 0xff, 0xff,
    0x87, 0x77, 0x77, 0x50, 0x0, 0x0, 0x0, 0xc,
    0xde, 0xcf, 0xa0, 0x0, 0x0, 0x0, 0x0, 0x0,
    0x0, 0x8f, 0x3e, 0xa6, 0xf6, 0x0, 0x0, 0x0,
    0x0, 0x0, 0x5, 0xf8, 0xe, 0xa0, 0xaf, 0x50,
    0x0, 0x0, 0x0, 0x0, 0x4f, 0xb0, 0xe, 0xa0,
    0xc, 0xf4, 0x0, 0x0, 0x0, 0x5, 0xfc, 0x0,
    0xe, 0xa0, 0x1, 0xdf, 0x60, 0x0, 0x0, 0x8f,
    0xc1, 0x0, 0xe, 0xa0, 0x0, 0x1c, 0xfa, 0x10,
    0x1d, 0xfb, 0x0, 0x0, 0xe, 0xa0, 0x0, 0x0,
    0xaf, 0xe1, 0xb, 0x70, 0x0, 0x0, 0xe, 0xa0,
    0x0, 0x0, 0x6, 0x60, 0x0, 0x0, 0x0, 0x0,
    0xe, 0xa0, 0x0, 0x0, 0x0, 0x0,

    /* U+7C89 "粉" */
    0x0, 0x0, 0x52, 0x0, 0x0, 0x0, 0x0, 0x0,
    0x0, 0x0, 0x0, 0x0, 0xf5, 0x1, 0x0, 0xb,
    0x80, 0x7d, 0x0, 0x0, 0xc, 0x50, 0xf5, 0x1f,
    0x40, 0x1f, 0x60, 0x4f, 0x20, 0x0, 0x9, 0xa0,
    0xf5, 0x6e, 0x0, 0x6f, 0x10, 0xf, 0x70, 0x0,
    0x4, 0xe0, 0xf5, 0xb8, 0x0, 0xcc, 0x0, 0xa,
    0xe0, 0x0, 0x1, 0xf2, 0xf7, 0xf1, 0x4, 0xf4,
    0x0, 0x3, 0xf8, 0x0, 0x0, 0x10, 0xf5, 0x10,
    0x2e, 0x90, 0x0, 0x0, 0x9f, 0x40, 0x1e, 0xee,
    0xff, 0xee, 0xde, 0x0, 0x0, 0x0, 0xd, 0xf2,
    0x6, 0x6b, 0xf9, 0x66, 0x8d, 0xff, 0xff, 0xff,
    0xfa, 0x70, 0x0, 0xd, 0xf9, 0x0, 0x5, 0x7b,
    0xf7, 0x77, 0xf8, 0x0, 0x0, 0x4f, 0xff, 0x70,
    0x0, 0x9, 0xe0, 0x0, 0xf7, 0x0, 0x0, 0xba,
    0xf9, 0xf6, 0x0, 0xb, 0xb0, 0x1, 0xf6, 0x0,
    0x4, 0xf3, 0xf5, 0x7f, 0x0, 0x1f, 0x80, 0x2,
    0xf5, 0x0, 0xd, 0xa0, 0xf5, 0x3, 0x0, 0x6f,
    0x30, 0x3, 0xf3, 0x0, 0x2e, 0x10, 0xf5, 0x0,
    0x0, 0xde, 0x0, 0x5, 0xf2, 0x0, 0x2, 0x0,
    0xf5, 0x0, 0xa, 0xf6, 0x0, 0x8, 0xf0, 0x0,
    0x0, 0x0, 0xf5, 0x1, 0xbf, 0xc0, 0x25, 0x6e,
    0xc0, 0x0, 0x0, 0x0, 0xf5, 0x3, 0xfe, 0x20,
    0x4f, 0xfd, 0x30, 0x0, 0x0, 0x0, 0xf5, 0x0,
    0x81, 0x0, 0x0, 0x0, 0x0, 0x0,

    /* U+7CD5 "糕" */
    0x0, 0x1, 0x50, 0x0, 0x0, 0x30, 0x0, 0x1,
    0x30, 0x0, 0x2, 0x3, 0xf2, 0x13, 0x3, 0xf5,
    0x0, 0xa, 0xf1, 0x0, 0xc, 0x53, 0xf2, 0x7d,
    0x0, 0xbe, 0x0, 0x1f, 0x70, 0x0, 0x7, 0xb3,
    0xf2, 0xb7, 0x57, 0xae, 0x77, 0xaf, 0x87, 0x40,
    0x2, 0xf3, 0xf3, 0xf1, 0xbf, 0xff, 0xff, 0xff,
    0xff, 0xa0, 0x0, 0xe5, 0xf7, 0xa0, 0x0, 0x0,
    0x8f, 0x0, 0x0, 0x0, 0x4, 0x57, 0xf6, 0x53,
    0x0, 0x0, 0x8f, 0x0, 0x0, 0x0, 0x1f, 0xff,
    0xff, 0xfb, 0x6f, 0xff, 0xff, 0xff, 0xff, 0x10,
    0x0, 0xb, 0xf5, 0x0, 0x26, 0x66, 0xbf, 0x66,
    0x66, 0x0, 0x0, 0x1f, 0xfe, 0x20, 0x0, 0x0,
    0x8f, 0x0, 0x0, 0x0, 0x0, 0x7e, 0xfa, 0xe1,
    0x0, 0x0, 0x8f, 0x0, 0x0, 0x0, 0x0, 0xd9,
    0xf2, 0xca, 0xff, 0xff, 0xff, 0xff, 0xff, 0xe0,
    0x5, 0xf4, 0xf2, 0x21, 0x77, 0x77, 0x77, 0x77,
    0x77, 0x70, 0xd, 0x93, 0xf2, 0x0, 0x32, 0x0,
    0x0, 0x10, 0x43, 0x0, 0x6f, 0x23, 0xf2, 0x0,
    0xb9, 0x3f, 0x7, 0xc0, 0xac, 0x0, 0x18, 0x3,
    0xf2, 0x0, 0xf5, 0x1f, 0x23, 0xf1, 0x3f, 0x30,
    0x0, 0x3, 0xf2, 0x5, 0xf1, 0xf, 0x40, 0xf5,
    0xd, 0x90, 0x0, 0x3, 0xf2, 0xc, 0xa0, 0xe,
    0x50, 0xd7, 0x8, 0xe0, 0x0, 0x3, 0xf2, 0x1d,
    0x20, 0x9, 0x30, 0x64, 0x4, 0xa0, 0x0, 0x0,
    0x0, 0x0, 0x0, 0x0, 0x0, 0x0, 0x0, 0x0,

    /* U+7CFB "系" */
    0x0, 0x0, 0x0, 0x0, 0x0, 0x0, 0x25, 0x83,
    0x0, 0x1, 0x23, 0x56, 0x78, 0xac, 0xef, 0xff,
    0xe9, 0x0, 0xb, 0xff, 0xff, 0xef, 0xf9, 0x75,
    0x31, 0x0, 0x0, 0x1, 0x21, 0x0, 0xaf, 0x40,
    0x0, 0x0, 0x0, 0x0, 0x0, 0x0, 0x1b, 0xe2,
    0x0, 0x3, 0xdc, 0x0, 0x0, 0x0, 0x3, 0xda,
    0x10, 0x1, 0x8f, 0xb1, 0x0, 0x0, 0x0, 0x8f,
    0xfd, 0xef, 0xff, 0xe5, 0x0, 0x0, 0x0, 0x0,
    0x48, 0x75, 0x6d, 0xfa, 0x10, 0x38, 0x0, 0x0,
    0x0, 0x0, 0x8, 0xfb, 0x20, 0x0, 0x2e, 0xa0,
    0x0, 0x0, 0x18, 0xed, 0x53, 0x45, 0x67, 0x8b,
    0xfb, 0x0, 0x9, 0xff, 0xff, 0xff, 0xff, 0xdc,
    0xba, 0x9f, 0xa0, 0x5, 0x86, 0x53, 0x21, 0x9e,
    0x0, 0x0, 0x5, 0xf3, 0x0, 0x0, 0x88, 0x0,
    0x9e, 0x0, 0xa7, 0x0, 0x20, 0x0, 0x8, 0xf7,
    0x0, 0x9e, 0x0, 0x7f, 0xa0, 0x0, 0x0, 0x8f,
    0x90, 0x0, 0x9e, 0x0, 0x5, 0xfd, 0x10, 0x1c,
    0xf8, 0x0, 0x0, 0x9e, 0x0, 0x0, 0x3e, 0xd2,
    0x2c, 0x50, 0x3, 0x77, 0xce, 0x0, 0x0, 0x3,
    0xd4, 0x0, 0x0, 0x3, 0xff, 0xd6, 0x0, 0x0,
    0x0, 0x0,

    /* U+7D27 "紧" */
    0x0, 0x0, 0x36, 0x0, 0x0, 0x0, 0x0, 0x0,
    0x0, 0x8, 0x40, 0x7e, 0x5, 0xff, 0xff, 0xff,
    0xff, 0x70, 0xe, 0x70, 0x7e, 0x1, 0x5f, 0x84,
    0x44, 0xbe, 0x10, 0xe, 0x70, 0x7e, 0x0, 0x9,
    0xd0, 0x4, 0xf7, 0x0, 0xe, 0x70, 0x7e, 0x0,
    0x1, 0xdc, 0x6f, 0x90, 0x0, 0xe, 0x70, 0x7e,
    0x0, 0x0, 0x5f, 0xfb, 0x0, 0x0, 0xe, 0x70,
    0x7e, 0x3, 0x7c, 0xfc, 0xbf, 0xc6, 0x20, 0x5,
    0x20, 0x7e, 0x5f, 0xe9, 0x30, 0x4, 0xbf, 0xf6,
    0x0, 0x0, 0xa, 0xf9, 0x0, 0x6, 0x0, 0x1,
    0x50, 0x0, 0x5, 0xdd, 0x40, 0x14, 0xdf, 0x70,
    0x0, 0x0, 0x0, 0x7f, 0xff, 0xff, 0xff, 0xc3,
    0x3, 0x0, 0x0, 0x0, 0x15, 0x48, 0xef, 0xc5,
    0x0, 0x6f, 0x70, 0x0, 0x0, 0x17, 0xdf, 0xb4,
    0x12, 0x33, 0x4b, 0xfa, 0x0, 0xc, 0xff, 0xff,
    0xff, 0xff, 0xff, 0xed, 0xcf, 0xb0, 0x8, 0x87,
    0x64, 0x32, 0xae, 0x0, 0x0, 0x4, 0xc1, 0x0,
    0x2, 0xdc, 0x0, 0x9e, 0x2, 0xc7, 0x0, 0x0,
    0x0, 0x6f, 0xc1, 0x0, 0x9e, 0x0, 0x5e, 0xe5,
    0x0, 0x4d, 0xf8, 0x1, 0x44, 0xbe, 0x0, 0x0,
    0x9f, 0x90, 0x3a, 0x20, 0x2, 0xff, 0xe6, 0x0,
    0x0, 0x5, 0x90,

    /* U+7D2B "紫" */
    0x0, 0x0, 0x7, 0xd0, 0x0, 0x1e, 0x50, 0x0,
    0x0, 0x0, 0x0, 0x31, 0x8, 0xe0, 0x0, 0x1f,
    0x50, 0x0, 0x33, 0x0, 0x0, 0xe6, 0x8, 0xf6,
    0x66, 0x1f, 0x50, 0x5b, 0xfd, 0x10, 0x0, 0xe6,
    0x8, 0xfd, 0xdd, 0x2f, 0xdf, 0xe9, 0x40, 0x0,
    0x0, 0xe6, 0x8, 0xe0, 0x0, 0x1f, 0x92, 0x0,
    0x2, 0x40, 0x0, 0xe6, 0x8, 0xe3, 0x57, 0x1f,
    0x60, 0x0, 0x8, 0xf0, 0x17, 0xfd, 0xdf, 0xff,
    0xdc, 0x1d, 0xff, 0xff, 0xff, 0x90, 0x3e, 0xca,
    0x75, 0x21, 0x9e, 0x20, 0x45, 0x55, 0x54, 0x0,
    0x0, 0x0, 0x0, 0x4e, 0xd4, 0x0, 0x7e, 0x20,
    0x0, 0x0, 0x0, 0x0, 0x5c, 0xfb, 0x56, 0x7c,
    0xf9, 0x10, 0x0, 0x0, 0x0, 0xa, 0xff, 0xfe,
    0xff, 0xfc, 0x31, 0x40, 0x0, 0x0, 0x0, 0x2,
    0x42, 0x29, 0xfc, 0x50, 0x6, 0xf8, 0x0, 0x0,
    0x0, 0x0, 0x4b, 0xfb, 0x41, 0x23, 0x45, 0xbf,
    0xa0, 0x0, 0x0, 0x7e, 0xff, 0xff, 0xff, 0xff,
    0xed, 0xba, 0xfb, 0x0, 0x0, 0x5a, 0x86, 0x54,
    0x2a, 0xe0, 0x1, 0x0, 0x4f, 0x70, 0x0, 0x0,
    0x4d, 0x60, 0x9, 0xe0, 0x1e, 0xd4, 0x2, 0x0,
    0x0, 0x18, 0xf9, 0x0, 0x9, 0xe0, 0x1, 0x9f,
    0xa1, 0x0, 0x8, 0xfe, 0x50, 0x14, 0x4b, 0xe0,
    0x0, 0x3, 0xde, 0x40, 0x3, 0x70, 0x0, 0x2f,
    0xfd, 0x70, 0x0, 0x0, 0x6, 0x0,

    /* U+7D2F "累" */
    0x0, 0x11, 0x11, 0x11, 0x11, 0x11, 0x11, 0x11,
    0x0, 0x3, 0xff, 0xff, 0xff, 0xff, 0xff, 0xff,
    0xff, 0x50, 0x3, 0xf4, 0x11, 0x11, 0xe9, 0x11,
    0x11, 0x2f, 0x50, 0x3, 0xf5, 0x22, 0x22, 0xea,
    0x22, 0x22, 0x4f, 0x50, 0x3, 0xff, 0xff, 0xff,
    0xff, 0xff, 0xff, 0xff, 0x50, 0x3, 0xf3, 0x0,
    0x0, 0xe8, 0x0, 0x0, 0x1f, 0x50, 0x3, 0xf6,
    0x33, 0x33, 0xfa, 0x33, 0x33, 0x4f, 0x50, 0x3,
    0xff, 0xff, 0xff, 0xff, 0xff, 0xff, 0xff, 0x50,
    0x0, 0x0, 0x2b, 0xe5, 0x0, 0x7, 0x60, 0x0,
    0x0, 0x0, 0x29, 0xfc, 0x55, 0x57, 0xee, 0x70,
    0x0, 0x0, 0x0, 0xcf, 0xff, 0xef, 0xfc, 0x50,
    0x49, 0x0, 0x0, 0x0, 0x11, 0x59, 0xd8, 0x30,
    0x0, 0x2c, 0xd3, 0x0, 0x8, 0xbf, 0xff, 0xcd,
    0xde, 0xff, 0xff, 0xff, 0x50, 0xa, 0xba, 0x98,
    0x76, 0xec, 0x33, 0x21, 0x9, 0xd0, 0x0, 0x0,
    0x0, 0x0, 0xdb, 0x0, 0x40, 0x0, 0x10, 0x0,
    0x5, 0xe8, 0x0, 0xdb, 0x4, 0xed, 0x50, 0x0,
    0x2, 0xaf, 0x80, 0x0, 0xdb, 0x0, 0x19, 0xfb,
    0x10, 0x9f, 0xd4, 0x1, 0x55, 0xfa, 0x0, 0x0,
    0x3e, 0xe3, 0x16, 0x0, 0x1, 0xff, 0xd4, 0x0,
    0x0, 0x1, 0x70,

    /* U+7EA2 "红" */
    0x0, 0x0, 0x48, 0x10, 0x0, 0x0, 0x0, 0x0,
    0x0, 0x0, 0x0, 0x0, 0xce, 0x0, 0x0, 0x0,
    0x0, 0x0, 0x0, 0x0, 0x0, 0x4, 0xf7, 0x0,
    0x9f, 0xff, 0xff, 0xff, 0xff, 0xa0, 0x0, 0xc,
    0xe0, 0x0, 0x58, 0x88, 0xaf, 0xb8, 0x88, 0x50,
    0x0, 0x5f, 0x50, 0x33, 0x0, 0x0, 0x3f, 0x50,
    0x0, 0x0, 0x0, 0xea, 0x0, 0xce, 0x0, 0x0,
    0x3f, 0x50, 0x0, 0x0, 0xb, 0xf5, 0x59, 0xf5,
    0x0, 0x0, 0x3f, 0x50, 0x0, 0x0, 0x3f, 0xff,
    0xff, 0xa0, 0x0, 0x0, 0x3f, 0x50, 0x0, 0x0,
    0x6, 0x42, 0xdd, 0x0, 0x0, 0x0, 0x3f, 0x50,
    0x0, 0x0, 0x0, 0xa, 0xf2, 0x0, 0x0, 0x0,
    0x3f, 0x50, 0x0, 0x0, 0x0, 0x8f, 0x40, 0x1,
    0x0, 0x0, 0x3f, 0x50, 0x0, 0x0, 0x8, 0xfd,
    0xad, 0xfe, 0x0, 0x0, 0x3f, 0x50, 0x0, 0x0,
    0x1f, 0xfd, 0xb8, 0x53, 0x0, 0x0, 0x3f, 0x50,
    0x0, 0x0, 0x3, 0x0, 0x0, 0x0, 0x0, 0x0,
    0x3f, 0x50, 0x0, 0x0, 0x0, 0x0, 0x0, 0x13,
    0x0, 0x0, 0x3f, 0x50, 0x0, 0x0, 0x1, 0x47,
    0xad, 0xfe, 0x0, 0x0, 0x4f, 0x60, 0x0, 0x0,
    0x3f, 0xff, 0xda, 0x63, 0xdf, 0xff, 0xff, 0xff,
    0xff, 0xf1, 0x8, 0x51, 0x0, 0x0, 0x67, 0x77,
    0x77, 0x77, 0x77, 0x70,

    /* U+7EA6 "约" */
    0x0, 0x0, 0x37, 0x0, 0x0, 0x9, 0x60, 0x0,
    0x0, 0x0, 0x0, 0xa, 0xe0, 0x0, 0x1, 0xf7,
    0x0, 0x0, 0x0, 0x0, 0x2, 0xf7, 0x0, 0x0,
    0x6f, 0x20, 0x0, 0x0, 0x0, 0x0, 0x9e, 0x0,
    0x0, 0xb, 0xd1, 0x11, 0x11, 0x10, 0x0, 0x2f,
    0x60, 0x23, 0x1, 0xff, 0xff, 0xff, 0xff, 0x70,
    0xc, 0xb0, 0xb, 0xe0, 0x9f, 0x44, 0x44, 0x44,
    0xf6, 0x7, 0xf3, 0x27, 0xf4, 0x3f, 0x80, 0x0,
    0x0, 0xf, 0x62, 0xff, 0xff, 0xf9, 0x8, 0xe0,
    0x0, 0x0, 0x1, 0xf5, 0x7, 0x53, 0xce, 0x10,
    0x1, 0x98, 0x0, 0x0, 0x1f, 0x50, 0x0, 0x7f,
    0x30, 0x0, 0x6, 0xf8, 0x0, 0x2, 0xf4, 0x0,
    0x4f, 0x50, 0x0, 0x0, 0x6, 0xf8, 0x0, 0x3f,
    0x30, 0x3f, 0xd8, 0xad, 0xf3, 0x0, 0x8, 0xf4,
    0x4, 0xf3, 0xf, 0xff, 0xda, 0x75, 0x0, 0x0,
    0xc, 0xa0, 0x5f, 0x20, 0x43, 0x0, 0x0, 0x0,
    0x0, 0x0, 0x10, 0x6, 0xf1, 0x0, 0x0, 0x0,
    0x0, 0x0, 0x0, 0x0, 0x0, 0x7f, 0x0, 0x0,
    0x25, 0x8b, 0xe7, 0x0, 0x0, 0x0, 0x9, 0xe0,
    0x1c, 0xff, 0xfe, 0xb7, 0x20, 0x0, 0x0, 0x0,
    0xcb, 0x0, 0xc8, 0x51, 0x0, 0x0, 0x0, 0x5,
    0x76, 0x9f, 0x70, 0x0, 0x0, 0x0, 0x0, 0x0,
    0x0, 0x7f, 0xfe, 0x90, 0x0,

    /* U+7EC3 "练" */
    0x0, 0x1, 0x91, 0x0, 0x0, 0xb, 0x60, 0x0,
    0x0, 0x0, 0x0, 0x7, 0xf2, 0x0, 0x0, 0x1f,
    0x60, 0x0, 0x0, 0x0, 0x0, 0xd, 0xb0, 0x6,
    0x77, 0x9f, 0x87, 0x77, 0x77, 0x30, 0x0, 0x2f,
    0x50, 0xe, 0xff, 0xff, 0xff, 0xff, 0xff, 0x80,
    0x0, 0x9d, 0x2, 0x10, 0x0, 0xe8, 0x0, 0x0,
    0x0, 0x0, 0x1, 0xf5, 0xb, 0xc1, 0x25, 0xf5,
    0x22, 0x0, 0x0, 0x0, 0xb, 0xd2, 0x5f, 0x57,
    0xff, 0xff, 0xff, 0x0, 0x0, 0x0, 0x2f, 0xff,
    0xfc, 0x1, 0x3f, 0x93, 0x8f, 0x0, 0x0, 0x0,
    0x6, 0x47, 0xf3, 0x0, 0x4f, 0x10, 0x6f, 0x0,
    0x0, 0x0, 0x0, 0x1e, 0x80, 0x0, 0xcd, 0x44,
    0x9f, 0x44, 0x44, 0x0, 0x0, 0xad, 0x0, 0x31,
    0xff, 0xff, 0xff, 0xff, 0xff, 0x20, 0x8, 0xfd,
    0xdf, 0xd0, 0x31, 0x0, 0x7f, 0x10, 0x0, 0x0,
    0xf, 0xeb, 0x73, 0x0, 0x6, 0x30, 0x6f, 0x1,
    0x50, 0x0, 0x2, 0x0, 0x0, 0x0, 0x3f, 0x60,
    0x6f, 0x4, 0xf3, 0x0, 0x0, 0x0, 0x28, 0xa0,
    0xbd, 0x0, 0x6f, 0x0, 0xcc, 0x0, 0x1, 0x6c,
    0xfd, 0x65, 0xf5, 0x0, 0x6f, 0x0, 0x3f, 0x40,
    0x1f, 0xfb, 0x40, 0x2f, 0xa0, 0x0, 0x6f, 0x0,
    0xc, 0xc0, 0x9, 0x30, 0x0, 0x3c, 0x10, 0x55,
    0xbf, 0x0, 0x4, 0x80, 0x0, 0x0, 0x0, 0x0,
    0x0, 0xbf, 0xe7, 0x0, 0x0, 0x0,

    /* U+7ED3 "结" */
    0x0, 0x0, 0x53, 0x0, 0x0, 0x0, 0x1b, 0x40,
    0x0, 0x0, 0x0, 0xf, 0xc0, 0x0, 0x0, 0x2,
    0xf5, 0x0, 0x0, 0x0, 0x6, 0xf4, 0x0, 0x11,
    0x11, 0x4f, 0x71, 0x11, 0x10, 0x0, 0xdc, 0x0,
    0xc, 0xff, 0xff, 0xff, 0xff, 0xfe, 0x0, 0x6f,
    0x40, 0x32, 0x34, 0x44, 0x6f, 0x94, 0x44, 0x40,
    0x1e, 0xa0, 0xd, 0xd0, 0x0, 0x2, 0xf5, 0x0,
    0x0, 0xb, 0xf4, 0x49, 0xf4, 0x0, 0x0, 0x2f,
    0x50, 0x0, 0x2, 0xff, 0xff, 0xf8, 0x2, 0x77,
    0x79, 0xfa, 0x77, 0x74, 0x6, 0x42, 0xdd, 0x0,
    0x4f, 0xff, 0xff, 0xff, 0xff, 0x80, 0x0, 0xae,
    0x20, 0x0, 0x0, 0x0, 0x0, 0x0, 0x0, 0x0,
    0x8f, 0x30, 0x25, 0x0, 0x11, 0x11, 0x11, 0x11,
    0x0, 0x9f, 0xed, 0xff, 0xf0, 0xcf, 0xff, 0xff,
    0xff, 0xf1, 0xe, 0xfb, 0x85, 0x20, 0xc, 0xc4,
    0x44, 0x44, 0x9f, 0x10, 0x20, 0x0, 0x0, 0x0,
    0xcb, 0x0, 0x0, 0x6, 0xf1, 0x0, 0x0, 0x0,
    0x4, 0xc, 0xb0, 0x0, 0x0, 0x6f, 0x10, 0x3,
    0x6a, 0xdf, 0xf2, 0xcb, 0x0, 0x0, 0x6, 0xf1,
    0x2f, 0xff, 0xea, 0x73, 0xc, 0xd6, 0x66, 0x66,
    0xaf, 0x10, 0x95, 0x20, 0x0, 0x0, 0xcf, 0xee,
    0xee, 0xef, 0xf1, 0x0, 0x0, 0x0, 0x0, 0xc,
    0xb0, 0x0, 0x0, 0x6e, 0x10,

    /* U+7ED9 "给" */
    0x0, 0x0, 0x74, 0x0, 0x0, 0x0, 0x67, 0x0,
    0x0, 0x0, 0x0, 0x1, 0xf9, 0x0, 0x0, 0x0,
    0xee, 0x0, 0x0, 0x0, 0x0, 0x7, 0xf2, 0x0,
    0x0, 0x6, 0xff, 0x80, 0x0, 0x0, 0x0, 0xe,
    0xa0, 0x0, 0x0, 0x1e, 0xb6, 0xf3, 0x0, 0x0,
    0x0, 0x6f, 0x20, 0x52, 0x0, 0xaf, 0x20, 0xce,
    0x10, 0x0, 0x0, 0xe8, 0x2, 0xf9, 0x7, 0xf6,
    0x0, 0x1e, 0xd1, 0x0, 0xa, 0xf4, 0x5b, 0xe1,
    0x7f, 0xc3, 0x33, 0x37, 0xfd, 0x30, 0x2f, 0xff,
    0xff, 0x67, 0xfa, 0xff, 0xff, 0xff, 0x7e, 0xb0,
    0x6, 0x42, 0xec, 0x1, 0x60, 0x22, 0x22, 0x22,
    0x1, 0x10, 0x0, 0xa, 0xe1, 0x0, 0x0, 0x0,
    0x0, 0x0, 0x0, 0x0, 0x0, 0x7f, 0x40, 0x1,
    0x6, 0x66, 0x66, 0x66, 0x60, 0x0, 0x5, 0xfd,
    0xad, 0xf8, 0xf, 0xff, 0xff, 0xff, 0xf1, 0x0,
    0xf, 0xfe, 0xb7, 0x41, 0xf, 0x60, 0x0, 0x6,
    0xf1, 0x0, 0x4, 0x20, 0x0, 0x0, 0xf, 0x60,
    0x0, 0x6, 0xf1, 0x0, 0x0, 0x0, 0x2, 0x55,
    0xf, 0x60, 0x0, 0x6, 0xf1, 0x0, 0x4, 0x7b,
    0xef, 0xe8, 0xf, 0x60, 0x0, 0x6, 0xf1, 0x0,
    0xf, 0xea, 0x62, 0x0, 0xf, 0xff, 0xff, 0xff,
    0xf1, 0x0, 0x1, 0x0, 0x0, 0x0, 0xf, 0xa6,
    0x66, 0x6a, 0xf1, 0x0, 0x0, 0x0, 0x0, 0x0,
    0xf, 0x60, 0x0, 0x6, 0xf1, 0x0,

    /* U+7EE7 "继" */
    0x0, 0x1, 0xc3, 0x0, 0x21, 0x0, 0x4, 0xb0,
    0x0, 0x0, 0x0, 0x6f, 0x20, 0xe, 0x72, 0x30,
    0x5e, 0x0, 0x61, 0x0, 0xd, 0xb0, 0x0, 0xe7,
    0x5c, 0x5, 0xe0, 0x3f, 0x10, 0x3, 0xf5, 0x0,
    0xe, 0x70, 0xf1, 0x5e, 0x8, 0xa0, 0x0, 0xad,
    0x0, 0x50, 0xe7, 0xb, 0x65, 0xe0, 0xe3, 0x0,
    0x3f, 0x40, 0x5f, 0x3e, 0x70, 0x55, 0x5e, 0x28,
    0x0, 0xc, 0xb1, 0x3d, 0xa0, 0xe7, 0x55, 0x59,
    0xf5, 0x55, 0x35, 0xff, 0xff, 0xe1, 0xe, 0x7e,
    0xff, 0xff, 0xff, 0xfa, 0x17, 0x44, 0xf5, 0x0,
    0xe7, 0x0, 0x1f, 0xf7, 0x0, 0x0, 0x0, 0xd9,
    0x0, 0xe, 0x70, 0xa, 0xef, 0xe5, 0x0, 0x0,
    0xac, 0x0, 0x30, 0xe7, 0x3, 0xf6, 0xe3, 0xf3,
    0x0, 0x9f, 0xcd, 0xff, 0x2e, 0x71, 0xe7, 0x5e,
    0x7, 0xe1, 0x2f, 0xea, 0x73, 0x0, 0xe7, 0xbc,
    0x5, 0xe0, 0xc, 0x50, 0x20, 0x0, 0x0, 0xe,
    0x76, 0x10, 0x5e, 0x0, 0x0, 0x0, 0x0, 0x15,
    0x83, 0xe7, 0x0, 0x5, 0xe0, 0x0, 0x1, 0x7a,
    0xdf, 0xfb, 0x3e, 0x70, 0x0, 0x14, 0x0, 0x0,
    0x3f, 0xb7, 0x30, 0x0, 0xef, 0xff, 0xff, 0xff,
    0xff, 0xc0, 0x0, 0x0, 0x0, 0x5, 0x66, 0x66,
    0x66, 0x66, 0x65,

    /* U+7EEA "绪" */
    0x0, 0x0, 0x62, 0x0, 0x0, 0x2, 0xa1, 0x0,
    0x0, 0x0, 0x0, 0x1, 0xf7, 0x0, 0x0, 0x3,
    0xf2, 0x0, 0x7, 0x20, 0x0, 0x7, 0xf0, 0x0,
    0x36, 0x68, 0xf7, 0x65, 0x6f, 0x30, 0x0, 0xe,
    0x80, 0x0, 0x7f, 0xff, 0xff, 0xfe, 0xea, 0x0,
    0x0, 0x6f, 0x10, 0x30, 0x0, 0x3, 0xf2, 0xb,
    0xe1, 0x0, 0x0, 0xe7, 0x1, 0xf7, 0x0, 0x3,
    0xf2, 0x7f, 0x50, 0x0, 0x9, 0xd0, 0x19, 0xd4,
    0x66, 0x68, 0xf9, 0xfd, 0x66, 0x60, 0x3f, 0xff,
    0xff, 0x48, 0xff, 0xff, 0xff, 0xff, 0xff, 0xf1,
    0x7, 0x53, 0xe9, 0x0, 0x0, 0x7, 0xf9, 0x0,
    0x0, 0x0, 0x0, 0xa, 0xc0, 0x0, 0x1, 0xbf,
    0xa3, 0x33, 0x32, 0x0, 0x0, 0x7e, 0x10, 0x21,
    0x8f, 0xff, 0xff, 0xff, 0xfd, 0x0, 0x6, 0xfd,
    0xcf, 0xfb, 0xfa, 0xf4, 0x11, 0x11, 0x9d, 0x0,
    0xf, 0xeb, 0x74, 0x11, 0x22, 0xf3, 0x0, 0x0,
    0x9d, 0x0, 0x2, 0x0, 0x0, 0x0, 0x2, 0xff,
    0xff, 0xff, 0xfd, 0x0, 0x0, 0x0, 0x2, 0x65,
    0x2, 0xf7, 0x44, 0x44, 0xbd, 0x0, 0x2, 0x6a,
    0xef, 0xf8, 0x2, 0xf3, 0x0, 0x0, 0x9d, 0x0,
    0x1f, 0xfe, 0xa6, 0x10, 0x2, 0xf8, 0x55, 0x55,
    0xbd, 0x0, 0x7, 0x30, 0x0, 0x0, 0x2, 0xff,
    0xee, 0xee, 0xed, 0x0,

    /* U+7EED "续" */
    0x0, 0x0, 0x57, 0x0, 0x0, 0x0, 0x6e, 0x0,
    0x0, 0x0, 0x0, 0x0, 0xcb, 0x0, 0x0, 0x0,
    0x7f, 0x0, 0x0, 0x0, 0x0, 0x3, 0xf4, 0x0,
    0x1f, 0xff, 0xff, 0xff, 0xfc, 0x0, 0x0, 0xa,
    0xc0, 0x0, 0x5, 0x55, 0xaf, 0x55, 0x54, 0x0,
    0x0, 0x2f, 0x40, 0x51, 0x0, 0x0, 0x7f, 0x0,
    0x0, 0x0, 0x0, 0xba, 0x3, 0xf4, 0xcf, 0xff,
    0xff, 0xff, 0xff, 0xa0, 0x5, 0xf4, 0x4c, 0xb0,
    0x45, 0x55, 0x55, 0x55, 0x5f, 0x70, 0xf, 0xff,
    0xff, 0x20, 0x1, 0x91, 0xb, 0x60, 0x3f, 0x10,
    0x5, 0x42, 0xe8, 0x0, 0x0, 0x8e, 0x4e, 0x70,
    0x8b, 0x0, 0x0, 0x9, 0xd0, 0x0, 0x89, 0x15,
    0x5e, 0x70, 0x0, 0x0, 0x0, 0x5f, 0x33, 0x71,
    0x1a, 0xd2, 0xf, 0x60, 0x0, 0x0, 0x3, 0xff,
    0xff, 0xc2, 0x0, 0x71, 0x1f, 0x50, 0x0, 0x0,
    0xc, 0xea, 0x51, 0x4, 0xff, 0xff, 0xff, 0xff,
    0xff, 0xe0, 0x2, 0x0, 0x0, 0x11, 0x44, 0x44,
    0xed, 0x44, 0x44, 0x40, 0x0, 0x0, 0x5b, 0xf4,
    0x0, 0x6, 0xf5, 0x96, 0x0, 0x0, 0x5, 0xaf,
    0xfa, 0x40, 0x0, 0x6f, 0x90, 0x5f, 0xb1, 0x0,
    0xd, 0xc6, 0x10, 0x0, 0x1a, 0xf9, 0x0, 0x2,
    0xdd, 0x20, 0x1, 0x0, 0x0, 0x5, 0xfe, 0x60,
    0x0, 0x0, 0x1c, 0xe1, 0x0, 0x0, 0x0, 0x0,
    0x70, 0x0, 0x0, 0x0, 0x0, 0x50,

    /* U+7EFF "绿" */
    0x0, 0x0, 0x92, 0x0, 0x0, 0x0, 0x0, 0x0,
    0x0, 0x0, 0x0, 0x5, 0xf6, 0x0, 0x2f, 0xff,
    0xff, 0xff, 0xfa, 0x0, 0x0, 0xb, 0xe0, 0x0,
    0x4, 0x44, 0x44, 0x44, 0xd9, 0x0, 0x0, 0x2f,
    0x70, 0x0, 0x0, 0x0, 0x0, 0x0, 0xd9, 0x0,
    0x0, 0x9e, 0x0, 0x40, 0xb, 0xff, 0xff, 0xff,
    0xf8, 0x0, 0x2, 0xf5, 0x8, 0xf1, 0x2, 0x33,
    0x33, 0x33, 0xf7, 0x0, 0xc, 0xd4, 0x6f, 0x80,
    0x0, 0x0, 0x0, 0x0, 0xf6, 0x0, 0x3f, 0xff,
    0xfe, 0x0, 0xef, 0xff, 0xff, 0xff, 0xff, 0xf1,
    0x5, 0x25, 0xf5, 0x0, 0x55, 0x55, 0x8f, 0x75,
    0x55, 0x50, 0x0, 0xe, 0xa0, 0x0, 0x26, 0x0,
    0x3f, 0x20, 0x6, 0x20, 0x0, 0xae, 0x10, 0x10,
    0x4f, 0x90, 0x3f, 0x20, 0x6f, 0x70, 0x7, 0xfc,
    0xcf, 0xd0, 0x4, 0xf7, 0x3f, 0x57, 0xf5, 0x0,
    0x1f, 0xfd, 0xa6, 0x30, 0x0, 0x64, 0x7f, 0xfe,
    0x30, 0x0, 0x5, 0x10, 0x0, 0x0, 0x0, 0x1b,
    0xff, 0xeb, 0x0, 0x0, 0x0, 0x0, 0x1, 0x50,
    0x5, 0xed, 0x5f, 0x4e, 0xa0, 0x0, 0x0, 0x37,
    0xcf, 0xe1, 0xbf, 0x90, 0x3f, 0x23, 0xfd, 0x40,
    0x2e, 0xff, 0xb5, 0x4, 0xf5, 0x0, 0x3f, 0x20,
    0x2c, 0xf1, 0xa, 0x50, 0x0, 0x0, 0x10, 0x14,
    0x8f, 0x20, 0x0, 0x30, 0x0, 0x0, 0x0, 0x0,
    0x0, 0x1f, 0xfa, 0x0, 0x0, 0x0, 0x0, 0x0,
    0x0, 0x0, 0x0, 0x0, 0x0, 0x0, 0x0, 0x0,

    /* U+7F6E "置" */
    0x0, 0x0, 0x0, 0x0, 0x0, 0x0, 0x0, 0x0,
    0x0, 0xa, 0xff, 0xff, 0xff, 0xff, 0xff, 0xff,
    0xff, 0xe0, 0xa, 0xc0, 0x0, 0xf6, 0x0, 0x5f,
    0x10, 0x9, 0xe0, 0xa, 0xd2, 0x22, 0xf7, 0x22,
    0x6f, 0x22, 0x2a, 0xe0, 0x9, 0xff, 0xff, 0xff,
    0xff, 0xff, 0xff, 0xff, 0xe0, 0x0, 0x0, 0x0,
    0x0, 0xf8, 0x0, 0x0, 0x0, 0x0, 0x9f, 0xff,
    0xff, 0xff, 0xff, 0xff, 0xff, 0xff, 0xf7, 0x12,
    0x22, 0x22, 0x27, 0xf3, 0x22, 0x22, 0x22, 0x21,
    0x0, 0x2c, 0xcc, 0xce, 0xfc, 0xcc, 0xcc, 0xc2,
    0x0, 0x0, 0x2f, 0x74, 0x44, 0x44, 0x44, 0x47,
    0xf2, 0x0, 0x0, 0x2f, 0x62, 0x22, 0x22, 0x22,
    0x26, 0xf2, 0x0, 0x0, 0x2f, 0xcb, 0xbb, 0xbb,
    0xbb, 0xbc, 0xf2, 0x0, 0x0, 0x2f, 0x51, 0x11,
    0x11, 0x11, 0x16, 0xf2, 0x0, 0x0, 0x2f, 0xdc,
    0xcc, 0xcc, 0xcc, 0xcd, 0xf2, 0x0, 0x0, 0x2f,
    0x40, 0x0, 0x0, 0x0, 0x5, 0xf2, 0x0, 0x0,
    0x2f, 0xed, 0xdd, 0xdd, 0xdd, 0xde, 0xf2, 0x0,
    0x11, 0x4f, 0x51, 0x11, 0x11, 0x11, 0x16, 0xf4,
    0x11, 0xdf, 0xff, 0xff, 0xff, 0xff, 0xff, 0xff,
    0xff, 0xfe,

    /* U+7FFB "翻" */
    0x0, 0x1, 0x24, 0x69, 0xb1, 0x0, 0x0, 0x0,
    0x0, 0x0, 0xaf, 0xff, 0xfc, 0x96, 0x2c, 0xff,
    0xfb, 0xff, 0xf6, 0x1, 0x82, 0xf, 0x42, 0xb0,
    0x33, 0x4f, 0x54, 0x4e, 0x60, 0xb, 0x70, 0xf4,
    0x8b, 0x0, 0x0, 0xf2, 0x0, 0xd6, 0x0, 0x59,
    0xf, 0x4e, 0x40, 0x52, 0xf, 0x65, 0xd, 0x60,
    0xff, 0xff, 0xff, 0xff, 0xa8, 0x90, 0xf6, 0xe0,
    0xd6, 0x2, 0x23, 0xdf, 0xe5, 0x21, 0x2f, 0x1f,
    0x3d, 0x4d, 0x60, 0x0, 0xad, 0xfb, 0xf5, 0x0,
    0xd5, 0xf2, 0x89, 0xd6, 0x0, 0x9e, 0x2f, 0x46,
    0xf8, 0x6, 0x5f, 0x23, 0x5d, 0x61, 0xcf, 0x30,
    0xf4, 0x5, 0x70, 0x1, 0xf2, 0x0, 0xe6, 0xe,
    0x73, 0x39, 0x53, 0x31, 0x0, 0xbf, 0x20, 0x8f,
    0x60, 0x5f, 0xff, 0xff, 0xff, 0x60, 0xbe, 0xf3,
    0x8f, 0xf6, 0x4, 0xd0, 0xe, 0x20, 0xd6, 0xbd,
    0x3f, 0xbe, 0x3d, 0x60, 0x4f, 0xcc, 0xfd, 0xcf,
    0x68, 0x10, 0xf5, 0x20, 0xd6, 0x4, 0xe4, 0x4f,
    0x64, 0xe6, 0x0, 0xf, 0x20, 0xd, 0x60, 0x4d,
    0x0, 0xe2, 0xd, 0x60, 0x0, 0xf2, 0x0, 0xd6,
    0x4, 0xff, 0xff, 0xff, 0xf6, 0x0, 0xf, 0x20,
    0xd, 0x60, 0x4e, 0x33, 0x33, 0x3d, 0x60, 0x57,
    0xf2, 0x66, 0xf5, 0x4, 0xd0, 0x0, 0x0, 0xa4,
    0xb, 0xea, 0xa, 0xeb, 0x10,

    /* U+8001 "老" */
    0x0, 0x0, 0x0, 0x1, 0xc5, 0x0, 0x0, 0x0,
    0x0, 0x0, 0x0, 0x0, 0x0, 0x1f, 0x60, 0x0,
    0x0, 0xa, 0x90, 0x0, 0x1, 0x11, 0x12, 0xf7,
    0x11, 0x11, 0x8, 0xf7, 0x0, 0x3, 0xff, 0xff,
    0xff, 0xff, 0xff, 0xfb, 0xf9, 0x0, 0x0, 0x14,
    0x44, 0x46, 0xf9, 0x44, 0x49, 0xfb, 0x0, 0x0,
    0x0, 0x0, 0x0, 0x1f, 0x60, 0x6, 0xfb, 0x0,
    0x0, 0x0, 0x0, 0x0, 0x1, 0xf6, 0x7, 0xfb,
    0x0, 0x0, 0x0, 0xef, 0xff, 0xff, 0xff, 0xff,
    0xff, 0xff, 0xff, 0xff, 0x6, 0x77, 0x77, 0x77,
    0xbf, 0xf8, 0x77, 0x77, 0x77, 0x70, 0x0, 0x0,
    0x2, 0xaf, 0xc2, 0x0, 0x0, 0x0, 0x0, 0x0,
    0x0, 0x8, 0xff, 0x70, 0x0, 0x0, 0x56, 0x0,
    0x0, 0x2, 0x9f, 0xfe, 0xf0, 0x0, 0x39, 0xef,
    0xc2, 0x0, 0x1b, 0xff, 0x81, 0x9f, 0x5a, 0xef,
    0xd7, 0x20, 0x0, 0x0, 0x87, 0x10, 0x9, 0xfe,
    0x95, 0x10, 0x0, 0x0, 0x0, 0x0, 0x0, 0x0,
    0x9f, 0x0, 0x0, 0x0, 0x0, 0x3c, 0x20, 0x0,
    0x0, 0x9, 0xf0, 0x0, 0x0, 0x0, 0x5, 0xf2,
    0x0, 0x0, 0x0, 0x7f, 0x95, 0x55, 0x55, 0x56,
    0xde, 0x0, 0x0, 0x0, 0x1, 0xae, 0xff, 0xff,
    0xff, 0xfd, 0x40,

    /* U+8033 "耳" */
    0x6, 0x88, 0x88, 0x88, 0x88, 0x88, 0x88, 0x88,
    0x88, 0x60, 0xaf, 0xff, 0xff, 0xff, 0xff, 0xff,
    0xff, 0xff, 0xfb, 0x0, 0x0, 0x9f, 0x0, 0x0,
    0x0, 0x0, 0xfa, 0x0, 0x0, 0x0, 0x9, 0xf0,
    0x0, 0x0, 0x0, 0xf, 0xa0, 0x0, 0x0, 0x0,
    0x9f, 0x33, 0x33, 0x33, 0x33, 0xfa, 0x0, 0x0,
    0x0, 0x9, 0xff, 0xff, 0xff, 0xff, 0xff, 0xa0,
    0x0, 0x0, 0x0, 0x9f, 0x33, 0x33, 0x33, 0x33,
    0xfa, 0x0, 0x0, 0x0, 0x9, 0xf0, 0x0, 0x0,
    0x0, 0xf, 0xa0, 0x0, 0x0, 0x0, 0x9f, 0x0,
    0x0, 0x0, 0x0, 0xfa, 0x0, 0x0, 0x0, 0x9,
    0xff, 0xff, 0xff, 0xff, 0xff, 0xa0, 0x0, 0x0,
    0x0, 0x9f, 0x77, 0x77, 0x77, 0x77, 0xfa, 0x0,
    0x0, 0x0, 0x9, 0xf0, 0x0, 0x0, 0x0, 0xf,
    0xa0, 0x0, 0x0, 0x0, 0x9f, 0x0, 0x0, 0x0,
    0x0, 0xfa, 0x1, 0x20, 0x12, 0x2a, 0xf5, 0x68,
    0x9a, 0xbc, 0xdf, 0xff, 0xfe, 0xf, 0xff, 0xff,
    0xff, 0xff, 0xdc, 0xba, 0xfd, 0x65, 0x40, 0x66,
    0x54, 0x32, 0x10, 0x0, 0x0, 0xf, 0xa0, 0x0,
    0x0, 0x0, 0x0, 0x0, 0x0, 0x0, 0x0, 0xfa,
    0x0, 0x0, 0x0, 0x0, 0x0, 0x0, 0x0, 0x0,
    0xf, 0xa0, 0x0,

    /* U+8036 "耶" */
    0x6, 0x66, 0x66, 0x66, 0x66, 0x34, 0x77, 0x77,
    0x78, 0x30, 0xf, 0xff, 0xff, 0xff, 0xff, 0x88,
    0xfd, 0xdd, 0xef, 0xb0, 0x0, 0x8d, 0x0, 0x5,
    0xf0, 0x8, 0xe0, 0x0, 0x5f, 0x30, 0x0, 0x8d,
    0x0, 0x5, 0xf0, 0x8, 0xe0, 0x0, 0xcb, 0x0,
    0x0, 0x8e, 0x55, 0x59, 0xf0, 0x8, 0xe0, 0x4,
    0xf3, 0x0, 0x0, 0x8f, 0xff, 0xff, 0xf0, 0x8,
    0xe0, 0xc, 0xa0, 0x0, 0x0, 0x8d, 0x0, 0x5,
    0xf0, 0x8, 0xe0, 0x4f, 0x20, 0x0, 0x0, 0x8d,
    0x0, 0x5, 0xf0, 0x8, 0xe0, 0x2d, 0xa0, 0x0,
    0x0, 0x8e, 0x55, 0x59, 0xf0, 0x8, 0xe0, 0x1,
    0xe9, 0x0, 0x0, 0x8f, 0xff, 0xff, 0xf0, 0x8,
    0xe0, 0x0, 0x3f, 0x40, 0x0, 0x8d, 0x0, 0x5,
    0xf0, 0x8, 0xe0, 0x0, 0xa, 0xc0, 0x0, 0x8d,
    0x0, 0x5, 0xf0, 0x8, 0xe0, 0x0, 0x6, 0xf0,
    0x0, 0x8d, 0x1, 0x39, 0xfb, 0x48, 0xe0, 0x0,
    0x8, 0xd0, 0x17, 0xcf, 0xef, 0xff, 0xfa, 0x38,
    0xe0, 0x57, 0x9f, 0x80, 0x1f, 0xeb, 0x85, 0x36,
    0xf0, 0x8, 0xe0, 0x6d, 0xc8, 0x0, 0x0, 0x0,
    0x0, 0x5, 0xf0, 0x8, 0xe0, 0x0, 0x0, 0x0,
    0x0, 0x0, 0x0, 0x5, 0xf0, 0x8, 0xe0, 0x0,
    0x0, 0x0, 0x0, 0x0, 0x0, 0x5, 0xf0, 0x8,
    0xe0, 0x0, 0x0, 0x0,

    /* U+8089 "肉" */
    0x0, 0x0, 0x0, 0x0, 0x6d, 0x10, 0x0, 0x0,
    0x0, 0x0, 0x0, 0x0, 0x0, 0x9f, 0x0, 0x0,
    0x0, 0x0, 0x0, 0x0, 0x0, 0x0, 0xbd, 0x0,
    0x0, 0x0, 0x0, 0x1f, 0xff, 0xff, 0xff, 0xff,
    0xff, 0xff, 0xff, 0xf1, 0x1f, 0xb8, 0x88, 0x8a,
    0xfb, 0x88, 0x88, 0x8b, 0xf1, 0x1f, 0x60, 0x0,
    0x8, 0xf9, 0x0, 0x0, 0x6, 0xf1, 0x1f, 0x60,
    0x0, 0x2f, 0xdf, 0xd3, 0x0, 0x6, 0xf1, 0x1f,
    0x60, 0x1, 0xde, 0x13, 0xdf, 0x90, 0x6, 0xf1,
    0x1f, 0x60, 0x5e, 0xf3, 0x0, 0x9, 0xfd, 0x26,
    0xf1, 0x1f, 0x67, 0xfc, 0x20, 0xbd, 0x0, 0x5e,
    0x36, 0xf1, 0x1f, 0x60, 0x40, 0x0, 0xf8, 0x0,
    0x0, 0x6, 0xf1, 0x1f, 0x60, 0x0, 0x6, 0xfa,
    0x0, 0x0, 0x6, 0xf1, 0x1f, 0x60, 0x0, 0x1e,
    0xdf, 0xd2, 0x0, 0x6, 0xf1, 0x1f, 0x60, 0x1,
    0xde, 0x13, 0xef, 0x50, 0x6, 0xf1, 0x1f, 0x60,
    0x6e, 0xf3, 0x0, 0x1c, 0xf8, 0x6, 0xf1, 0x1f,
    0x68, 0xfc, 0x20, 0x0, 0x0, 0xaf, 0x36, 0xf1,
    0x1f, 0x60, 0x40, 0x0, 0x0, 0x0, 0x3, 0x6,
    0xf1, 0x1f, 0x60, 0x0, 0x0, 0x0, 0x0, 0x57,
    0x7b, 0xf0, 0x1f, 0x60, 0x0, 0x0, 0x0, 0x0,
    0x7f, 0xfe, 0x70, 0x0, 0x0, 0x0, 0x0, 0x0,
    0x0, 0x0, 0x0, 0x0,

    /* U+80E1 "胡" */
    0x0, 0x1, 0xc5, 0x0, 0x0, 0x0, 0x0, 0x0,
    0x0, 0x0, 0x1, 0xf6, 0x0, 0x0, 0x47, 0x77,
    0x77, 0x72, 0x0, 0x1, 0xf6, 0x0, 0x0, 0x8f,
    0xee, 0xee, 0xf4, 0x0, 0x1, 0xf6, 0x0, 0x0,
    0x8e, 0x0, 0x2, 0xf4, 0xbc, 0xcd, 0xfe, 0xcc,
    0xc1, 0x8e, 0x0, 0x2, 0xf4, 0x88, 0x89, 0xfb,
    0x88, 0x80, 0x8e, 0x22, 0x24, 0xf4, 0x0, 0x1,
    0xf6, 0x0, 0x0, 0x8f, 0xff, 0xff, 0xf4, 0x0,
    0x1, 0xf6, 0x0, 0x0, 0x8e, 0x22, 0x24, 0xf4,
    0x0, 0x1, 0xf6, 0x0, 0x0, 0x9e, 0x0, 0x2,
    0xf4, 0xc, 0xcc, 0xfd, 0xcc, 0x20, 0x9d, 0x0,
    0x2, 0xf4, 0xf, 0xc9, 0x99, 0xbf, 0x30, 0xae,
    0x66, 0x67, 0xf4, 0xf, 0x60, 0x0, 0x3f, 0x30,
    0xcf, 0xff, 0xff, 0xf4, 0xf, 0x60, 0x0, 0x3f,
    0x30, 0xf8, 0x0, 0x2, 0xf4, 0xf, 0x60, 0x0,
    0x3f, 0x33, 0xf4, 0x0, 0x2, 0xf4, 0xf, 0x94,
    0x44, 0x7f, 0x38, 0xf0, 0x0, 0x2, 0xf4, 0xf,
    0xff, 0xff, 0xff, 0x4e, 0xa0, 0x0, 0x2, 0xf4,
    0xf, 0x60, 0x0, 0x0, 0x9f, 0x20, 0x6, 0x68,
    0xf4, 0x6, 0x20, 0x0, 0x2, 0xf6, 0x0, 0xb,
    0xfe, 0xa0, 0x0, 0x0, 0x0, 0x0, 0x10, 0x0,
    0x0, 0x0, 0x0,

    /* U+8111 "脑" */
    0x0, 0x11, 0x11, 0x10, 0x0, 0x4, 0xa0, 0x0,
    0x0, 0x0, 0x3f, 0xff, 0xff, 0x0, 0x0, 0x2f,
    0x70, 0x0, 0x0, 0x3, 0xf3, 0x16, 0xf0, 0x0,
    0x0, 0xae, 0x0, 0x0, 0x0, 0x3f, 0x10, 0x4f,
    0x4b, 0xbb, 0xbd, 0xfc, 0xbb, 0xba, 0x3, 0xf1,
    0x4, 0xf4, 0xbb, 0xbb, 0xbb, 0xbb, 0xbb, 0xa0,
    0x3f, 0x65, 0x8f, 0x0, 0x0, 0x0, 0x6, 0x80,
    0x0, 0x3, 0xff, 0xff, 0xf0, 0x42, 0x40, 0x0,
    0xd7, 0x5, 0x10, 0x3f, 0x10, 0x4f, 0xe, 0x89,
    0xc0, 0x3f, 0x11, 0xf4, 0x3, 0xf1, 0x4, 0xf0,
    0xe7, 0xc, 0xb9, 0xb0, 0x1f, 0x40, 0x3f, 0x10,
    0x4f, 0xe, 0x70, 0x1e, 0xf5, 0x1, 0xf4, 0x4,
    0xff, 0xff, 0xf0, 0xe7, 0x0, 0x9f, 0x50, 0x1f,
    0x40, 0x5f, 0x55, 0x8f, 0xe, 0x70, 0x3f, 0xce,
    0x11, 0xf4, 0x5, 0xe0, 0x4, 0xf0, 0xe7, 0xc,
    0xb0, 0xe9, 0x1f, 0x40, 0x7c, 0x0, 0x4f, 0xe,
    0x8a, 0xf2, 0x6, 0xf2, 0xf4, 0xa, 0xb0, 0x4,
    0xf0, 0xe8, 0xc5, 0x0, 0x2, 0x1f, 0x40, 0xc9,
    0x0, 0x4f, 0xe, 0x70, 0x0, 0x0, 0x1, 0xf4,
    0x1f, 0x50, 0x59, 0xf0, 0xef, 0xff, 0xff, 0xff,
    0xff, 0x45, 0xf1, 0xc, 0xf9, 0x6, 0x77, 0x77,
    0x77, 0x77, 0xf4, 0x9, 0x0, 0x0, 0x0, 0x0,
    0x0, 0x0, 0x0, 0x1f, 0x40, 0x0, 0x0, 0x0,
    0x0, 0x0, 0x0, 0x0, 0x0, 0x0,

    /* U+811A "脚" */
    0x0, 0x0, 0x0, 0x0, 0x3, 0xb0, 0x0, 0x0,
    0x0, 0x0, 0x1f, 0xff, 0xf6, 0x0, 0x4f, 0x0,
    0x7, 0x77, 0x76, 0x1, 0xf8, 0x7e, 0x60, 0x4,
    0xf0, 0x0, 0xef, 0xff, 0xe0, 0x1f, 0x10, 0xd6,
    0x25, 0x8f, 0x55, 0xe, 0x60, 0x6e, 0x1, 0xf1,
    0xd, 0x66, 0xff, 0xff, 0xf0, 0xe6, 0x6, 0xe0,
    0x1f, 0x65, 0xe6, 0x0, 0x4f, 0x0, 0xe, 0x60,
    0x6e, 0x1, 0xff, 0xff, 0x60, 0x4, 0xf0, 0x0,
    0xe6, 0x6, 0xe0, 0x1f, 0x10, 0xd6, 0x0, 0x4f,
    0x0, 0xe, 0x60, 0x6e, 0x2, 0xf1, 0xd, 0x6d,
    0xff, 0xff, 0xf5, 0xe6, 0x6, 0xe0, 0x2f, 0x10,
    0xd6, 0x67, 0xec, 0x77, 0x2e, 0x60, 0x6e, 0x2,
    0xf7, 0x6e, 0x60, 0xf, 0x50, 0x0, 0xe6, 0x6,
    0xe0, 0x3f, 0xff, 0xf6, 0x3, 0xf1, 0xa1, 0xe,
    0x60, 0x6e, 0x4, 0xe0, 0xd, 0x60, 0x8c, 0xb,
    0x70, 0xe6, 0x6, 0xe0, 0x6d, 0x0, 0xd6, 0xd,
    0x60, 0x6c, 0xe, 0x72, 0x8e, 0x8, 0xb0, 0xd,
    0x65, 0xf5, 0x7a, 0xf1, 0xe7, 0xff, 0xa0, 0xb8,
    0x0, 0xd6, 0x9f, 0xda, 0x8e, 0x5e, 0x62, 0x20,
    0xf, 0x42, 0x4e, 0x50, 0x0, 0x0, 0x30, 0xe6,
    0x0, 0x2, 0xe0, 0x5f, 0xd2, 0x0, 0x0, 0x0,
    0xe, 0x60, 0x0, 0x0, 0x0, 0x0, 0x0, 0x0,
    0x0, 0x0, 0x21, 0x0, 0x0,

    /* U+8138 "脸" */
    0x0, 0x0, 0x0, 0x0, 0x0, 0x0, 0xa8, 0x0,
    0x0, 0x0, 0x1, 0xff, 0xff, 0xf0, 0x0, 0x3,
    0xfc, 0x0, 0x0, 0x0, 0x1, 0xf8, 0x69, 0xf0,
    0x0, 0xc, 0xcf, 0x80, 0x0, 0x0, 0x1, 0xf2,
    0x4, 0xf0, 0x0, 0x8e, 0x14, 0xf6, 0x0, 0x0,
    0x1, 0xf2, 0x4, 0xf0, 0x5, 0xf5, 0x0, 0x6f,
    0x60, 0x0, 0x1, 0xf3, 0x4, 0xf0, 0x5f, 0x70,
    0x0, 0x8, 0xf8, 0x0, 0x1, 0xff, 0xff, 0xf8,
    0xfd, 0x65, 0x55, 0x56, 0x8f, 0xc1, 0x1, 0xf8,
    0x69, 0xfe, 0x79, 0xee, 0xee, 0xee, 0x25, 0xd0,
    0x2, 0xf2, 0x4, 0xf2, 0x0, 0x0, 0x0, 0x0,
    0x0, 0x0, 0x2, 0xf2, 0x4, 0xf0, 0x12, 0x0,
    0x93, 0x0, 0x29, 0x10, 0x2, 0xf7, 0x69, 0xf0,
    0x8b, 0x0, 0xc7, 0x0, 0x9d, 0x0, 0x3, 0xff,
    0xff, 0xf0, 0x3f, 0x10, 0x8b, 0x0, 0xf6, 0x0,
    0x4, 0xf0, 0x4, 0xf0, 0xe, 0x50, 0x6e, 0x6,
    0xe0, 0x0, 0x6, 0xd0, 0x4, 0xf0, 0xb, 0x90,
    0x3e, 0xd, 0x70, 0x0, 0x9, 0xb0, 0x4, 0xf0,
    0x4, 0x40, 0x0, 0x4e, 0x0, 0x0, 0xc, 0x80,
    0x4, 0xf0, 0x0, 0x0, 0x0, 0xd6, 0x0, 0x0,
    0x1f, 0x30, 0x59, 0xf9, 0xee, 0xee, 0xee, 0xfe,
    0xee, 0xc0, 0x4e, 0x0, 0xef, 0x93, 0x66, 0x66,
    0x66, 0x66, 0x66, 0x50, 0x0, 0x0, 0x0, 0x0,
    0x0, 0x0, 0x0, 0x0, 0x0, 0x0,

    /* U+817F "腿" */
    0x0, 0x0, 0x0, 0x0, 0x0, 0x0, 0x0, 0x0,
    0x0, 0x0, 0x2, 0xff, 0xff, 0x53, 0x50, 0x5,
    0xee, 0xee, 0xee, 0x20, 0x2, 0xf4, 0x3f, 0x54,
    0xf3, 0x6, 0xf4, 0x44, 0x6f, 0x30, 0x2, 0xf1,
    0xe, 0x50, 0xbc, 0x6, 0xe0, 0x0, 0x1f, 0x30,
    0x2, 0xf1, 0xe, 0x50, 0x3f, 0x16, 0xff, 0xff,
    0xff, 0x30, 0x2, 0xf9, 0x8f, 0x50, 0x0, 0x6,
    0xf3, 0x33, 0x5f, 0x30, 0x2, 0xfa, 0xaf, 0x51,
    0x11, 0x6, 0xe0, 0x0, 0x1f, 0x30, 0x2, 0xf1,
    0xe, 0x5d, 0xfe, 0x6, 0xfd, 0xdd, 0xef, 0x30,
    0x2, 0xf1, 0xe, 0x51, 0x7e, 0x6, 0xf5, 0x55,
    0x55, 0x10, 0x2, 0xf0, 0xe, 0x50, 0x6e, 0x6,
    0xe0, 0x60, 0x4, 0x50, 0x3, 0xf6, 0x5f, 0x50,
    0x6e, 0x6, 0xe0, 0xc9, 0x4f, 0x90, 0x4, 0xfe,
    0xef, 0x50, 0x6e, 0x6, 0xe0, 0x1e, 0xf6, 0x0,
    0x5, 0xe0, 0xe, 0x50, 0x6e, 0x6, 0xe0, 0x4,
    0xf3, 0x0, 0x6, 0xd0, 0xe, 0x50, 0x6e, 0x8,
    0xf9, 0xe7, 0x7e, 0x10, 0x9, 0xb0, 0xe, 0x50,
    0x6e, 0x1e, 0xfb, 0x50, 0xc, 0x80, 0xb, 0x80,
    0xe, 0x53, 0xcf, 0x66, 0x10, 0x0, 0x2, 0x0,
    0xf, 0x43, 0x5f, 0xcf, 0xb6, 0xdf, 0xb9, 0x88,
    0x88, 0x83, 0x2d, 0x7, 0xfc, 0x5a, 0x0, 0x4,
    0x9b, 0xcc, 0xcb, 0xb2, 0x0, 0x0, 0x0, 0x0,
    0x0, 0x0, 0x0, 0x0, 0x0, 0x0,

    /* U+81EA "自" */
    0x0, 0x0, 0x0, 0xb8, 0x0, 0x0, 0x0, 0x0,
    0x0, 0x0, 0x2f, 0x70, 0x0, 0x0, 0x0, 0x0,
    0x0, 0x7, 0xf2, 0x0, 0x0, 0x0, 0x9, 0xff,
    0xff, 0xff, 0xff, 0xff, 0xff, 0xf1, 0x9f, 0x55,
    0x55, 0x55, 0x55, 0x55, 0xaf, 0x19, 0xe0, 0x0,
    0x0, 0x0, 0x0, 0x7, 0xf1, 0x9e, 0x0, 0x0,
    0x0, 0x0, 0x0, 0x7f, 0x19, 0xf7, 0x77, 0x77,
    0x77, 0x77, 0x7b, 0xf1, 0x9f, 0xff, 0xff, 0xff,
    0xff, 0xff, 0xff, 0x19, 0xe0, 0x0, 0x0, 0x0,
    0x0, 0x7, 0xf1, 0x9e, 0x0, 0x0, 0x0, 0x0,
    0x0, 0x7f, 0x19, 0xf4, 0x44, 0x44, 0x44, 0x44,
    0x4a, 0xf1, 0x9f, 0xff, 0xff, 0xff, 0xff, 0xff,
    0xff, 0x19, 0xe1, 0x11, 0x11, 0x11, 0x11, 0x18,
    0xf1, 0x9e, 0x0, 0x0, 0x0, 0x0, 0x0, 0x7f,
    0x19, 0xe0, 0x0, 0x0, 0x0, 0x0, 0x7, 0xf1,
    0x9f, 0xff, 0xff, 0xff, 0xff, 0xff, 0xff, 0x19,
    0xf7, 0x77, 0x77, 0x77, 0x77, 0x7b, 0xf1, 0x9e,
    0x0, 0x0, 0x0, 0x0, 0x0, 0x7e, 0x10,

    /* U+820C "舌" */
    0x0, 0x0, 0x0, 0x0, 0x0, 0x0, 0x4, 0x81,
    0x0, 0x0, 0x0, 0x23, 0x45, 0x68, 0xbd, 0xff,
    0xd6, 0x0, 0x6, 0xff, 0xff, 0xff, 0xff, 0xa8,
    0x52, 0x0, 0x0, 0x1, 0x54, 0x32, 0x10, 0xcb,
    0x0, 0x0, 0x0, 0x0, 0x0, 0x0, 0x0, 0x0,
    0xcb, 0x0, 0x0, 0x0, 0x0, 0x0, 0x0, 0x0,
    0x0, 0xcb, 0x0, 0x0, 0x0, 0x0, 0xef, 0xff,
    0xff, 0xff, 0xff, 0xff, 0xff, 0xff, 0xff, 0x66,
    0x66, 0x66, 0x66, 0xed, 0x66, 0x66, 0x66, 0x66,
    0x0, 0x0, 0x0, 0x0, 0xcb, 0x0, 0x0, 0x0,
    0x0, 0x0, 0x0, 0x0, 0x0, 0xcb, 0x0, 0x0,
    0x0, 0x0, 0x0, 0x24, 0x44, 0x44, 0xdc, 0x44,
    0x44, 0x43, 0x0, 0x0, 0x8f, 0xff, 0xff, 0xff,
    0xff, 0xff, 0xfc, 0x0, 0x0, 0x8f, 0x11, 0x11,
    0x11, 0x11, 0x11, 0xdc, 0x0, 0x0, 0x8f, 0x0,
    0x0, 0x0, 0x0, 0x0, 0xdc, 0x0, 0x0, 0x8f,
    0x0, 0x0, 0x0, 0x0, 0x0, 0xdc, 0x0, 0x0,
    0x8f, 0x0, 0x0, 0x0, 0x0, 0x0, 0xdc, 0x0,
    0x0, 0x8f, 0x66, 0x66, 0x66, 0x66, 0x66, 0xec,
    0x0, 0x0, 0x8f, 0xff, 0xff, 0xff, 0xff, 0xff,
    0xfc, 0x0, 0x0, 0x8f, 0x0, 0x0, 0x0, 0x0,
    0x0, 0xa9, 0x0,

    /* U+8212 "舒" */
    0x0, 0x0, 0xc, 0x60, 0x0, 0x0, 0x0, 0x0,
    0x0, 0x0, 0x0, 0x0, 0xaf, 0xc1, 0x0, 0x3f,
    0xff, 0xff, 0xff, 0x60, 0x0, 0x8, 0xf7, 0xde,
    0x40, 0x16, 0x66, 0x66, 0xee, 0x10, 0x0, 0xaf,
    0x70, 0xb, 0xf5, 0x2, 0x60, 0xa, 0xf3, 0x0,
    0xd, 0xf7, 0x0, 0x0, 0xaf, 0x15, 0xfc, 0xae,
    0x30, 0x0, 0x8, 0x4f, 0xff, 0xff, 0x73, 0x0,
    0x2d, 0xf7, 0x0, 0x0, 0x0, 0x4, 0x4e, 0xa4,
    0x20, 0x0, 0x1, 0xcf, 0x40, 0x0, 0x0, 0x0,
    0xe, 0x80, 0x0, 0x88, 0x88, 0x9f, 0xa8, 0x81,
    0x1, 0x55, 0x5f, 0xa5, 0x54, 0xef, 0xff, 0xff,
    0xff, 0xf1, 0x4, 0xee, 0xef, 0xfe, 0xeb, 0x0,
    0x3, 0xf3, 0xa, 0xb0, 0x0, 0x0, 0xe, 0x80,
    0x0, 0x0, 0x3, 0xf3, 0x1f, 0x40, 0x0, 0x23,
    0x3e, 0x93, 0x31, 0x0, 0x3, 0xf3, 0x39, 0x0,
    0x0, 0xbf, 0xff, 0xff, 0xf5, 0x0, 0x3, 0xf3,
    0x0, 0x0, 0x0, 0xba, 0x11, 0x11, 0xf5, 0x0,
    0x3, 0xf3, 0x0, 0x0, 0x0, 0xb9, 0x0, 0x0,
    0xf5, 0x0, 0x3, 0xf3, 0x0, 0x0, 0x0, 0xb9,
    0x0, 0x0, 0xf5, 0x0, 0x3, 0xf3, 0x0, 0x0,
    0x0, 0xbf, 0xff, 0xff, 0xf5, 0x0, 0x3, 0xf3,
    0x0, 0x0, 0x0, 0xbb, 0x44, 0x45, 0xe5, 0x3,
    0x69, 0xf2, 0x0, 0x0, 0x0, 0x0, 0x0, 0x0,
    0x0, 0x4, 0xfe, 0xa0, 0x0, 0x0,

    /* U+8272 "色" */
    0x0, 0x0, 0x0, 0x2b, 0x20, 0x0, 0x0, 0x0,
    0x0, 0x0, 0x0, 0x0, 0x0, 0xbe, 0x10, 0x0,
    0x0, 0x0, 0x0, 0x0, 0x0, 0x0, 0x6, 0xff,
    0xff, 0xff, 0xff, 0x20, 0x0, 0x0, 0x0, 0x0,
    0x4f, 0xa4, 0x44, 0x47, 0xfb, 0x0, 0x0, 0x0,
    0x0, 0x4, 0xfb, 0x0, 0x0, 0x1e, 0xd1, 0x0,
    0x0, 0x0, 0x0, 0x6f, 0xe4, 0x44, 0x44, 0xcf,
    0x64, 0x44, 0x41, 0x0, 0xa, 0xff, 0xff, 0xff,
    0xff, 0xff, 0xff, 0xff, 0xf6, 0x0, 0xb, 0x88,
    0xe2, 0x22, 0x28, 0xf2, 0x22, 0x23, 0xf6, 0x0,
    0x0, 0x8, 0xe0, 0x0, 0x7, 0xf0, 0x0, 0x1,
    0xf6, 0x0, 0x0, 0x8, 0xe0, 0x0, 0x7, 0xf0,
    0x0, 0x1, 0xf6, 0x0, 0x0, 0x8, 0xf5, 0x55,
    0x5a, 0xf5, 0x55, 0x56, 0xf6, 0x0, 0x0, 0x8,
    0xff, 0xff, 0xff, 0xff, 0xff, 0xff, 0xf6, 0x0,
    0x0, 0x8, 0xe0, 0x0, 0x0, 0x0, 0x0, 0x2,
    0xf6, 0x0, 0x0, 0x8, 0xe0, 0x0, 0x0, 0x0,
    0x0, 0x0, 0x0, 0x30, 0x0, 0x8, 0xe0, 0x0,
    0x0, 0x0, 0x0, 0x0, 0x1, 0xf5, 0x0, 0x7,
    0xf0, 0x0, 0x0, 0x0, 0x0, 0x0, 0x5, 0xf3,
    0x0, 0x4, 0xfb, 0x76, 0x66, 0x66, 0x66, 0x66,
    0x8e, 0xd0, 0x0, 0x0, 0x7d, 0xef, 0xff, 0xff,
    0xff, 0xff, 0xeb, 0x20,

    /* U+82F9 "苹" */
    0x0, 0x0, 0x4c, 0x10, 0x0, 0x2, 0xc3, 0x0,
    0x0, 0x11, 0x11, 0x6f, 0x31, 0x11, 0x14, 0xf5,
    0x11, 0x11, 0xcf, 0xff, 0xff, 0xff, 0xff, 0xff,
    0xff, 0xff, 0xfc, 0x34, 0x44, 0x8f, 0x54, 0x44,
    0x46, 0xf7, 0x44, 0x43, 0x0, 0x0, 0x5f, 0x10,
    0x0, 0x3, 0xf4, 0x0, 0x0, 0x4, 0x55, 0x55,
    0x55, 0x55, 0x55, 0x55, 0x55, 0x40, 0xb, 0xff,
    0xff, 0xff, 0xff, 0xff, 0xff, 0xff, 0xd0, 0x0,
    0x25, 0x0, 0x0, 0xdb, 0x0, 0x0, 0x62, 0x0,
    0x0, 0x6f, 0x40, 0x0, 0xcb, 0x0, 0x5, 0xf5,
    0x0, 0x0, 0xb, 0xe0, 0x0, 0xcb, 0x0, 0xd,
    0xb0, 0x0, 0x0, 0x2, 0xf7, 0x0, 0xcb, 0x0,
    0x9e, 0x10, 0x0, 0x0, 0x0, 0x86, 0x0, 0xdb,
    0x0, 0x85, 0x0, 0x0, 0xff, 0xff, 0xff, 0xff,
    0xff, 0xff, 0xff, 0xff, 0xff, 0x55, 0x55, 0x55,
    0x55, 0xed, 0x55, 0x55, 0x55, 0x55, 0x0, 0x0,
    0x0, 0x0, 0xcb, 0x0, 0x0, 0x0, 0x0, 0x0,
    0x0, 0x0, 0x0, 0xcb, 0x0, 0x0, 0x0, 0x0,
    0x0, 0x0, 0x0, 0x0, 0xcb, 0x0, 0x0, 0x0,
    0x0, 0x0, 0x0, 0x0, 0x0, 0xcb, 0x0, 0x0,
    0x0, 0x0, 0x0, 0x0, 0x0, 0x0, 0xcb, 0x0,
    0x0, 0x0, 0x0,

    /* U+8304 "茄" */
    0x0, 0x0, 0x4, 0xc1, 0x0, 0x0, 0x4c, 0x10,
    0x0, 0x0, 0x0, 0x0, 0x5f, 0x20, 0x0, 0x6,
    0xf1, 0x0, 0x0, 0xd, 0xff, 0xff, 0xff, 0xff,
    0xff, 0xff, 0xff, 0xff, 0xb0, 0x56, 0x66, 0x9f,
    0x76, 0x66, 0x6a, 0xf7, 0x66, 0x64, 0x0, 0x0,
    0x16, 0xf2, 0x0, 0x0, 0x6f, 0x10, 0x0, 0x0,
    0x0, 0xf, 0x97, 0x10, 0x0, 0x3, 0x70, 0x0,
    0x0, 0x0, 0x1, 0xf6, 0x0, 0x0, 0x2, 0x22,
    0x22, 0x22, 0x0, 0x66, 0x7f, 0xa6, 0x66, 0x40,
    0xef, 0xff, 0xff, 0xf1, 0xe, 0xff, 0xff, 0xff,
    0xfa, 0xe, 0x93, 0x33, 0x8f, 0x10, 0x0, 0x3f,
    0x30, 0xd, 0x90, 0xe7, 0x0, 0x6, 0xf1, 0x0,
    0x5, 0xf1, 0x0, 0xd8, 0xe, 0x70, 0x0, 0x6f,
    0x10, 0x0, 0x7e, 0x0, 0xe, 0x80, 0xe7, 0x0,
    0x6, 0xf1, 0x0, 0xb, 0xb0, 0x0, 0xf7, 0xe,
    0x70, 0x0, 0x6f, 0x10, 0x0, 0xf7, 0x0, 0xf,
    0x60, 0xe7, 0x0, 0x6, 0xf1, 0x0, 0x6f, 0x20,
    0x2, 0xf4, 0xe, 0x70, 0x0, 0x6f, 0x10, 0xe,
    0xa0, 0x0, 0x4f, 0x20, 0xea, 0x44, 0x49, 0xf1,
    0xb, 0xf2, 0x1, 0x3b, 0xf0, 0xe, 0xff, 0xff,
    0xff, 0x12, 0xe4, 0x0, 0xef, 0xf8, 0x0, 0xe8,
    0x11, 0x17, 0xf1, 0x1, 0x0, 0x1, 0x10, 0x0,
    0x0, 0x0, 0x0, 0x0, 0x0,

    /* U+8336 "茶" */
    0x0, 0x0, 0x6, 0xf1, 0x0, 0x0, 0xf, 0x80,
    0x0, 0x0, 0x0, 0x0, 0x6, 0xf1, 0x0, 0x0,
    0xf, 0x80, 0x0, 0x0, 0xa, 0xff, 0xff, 0xff,
    0xff, 0xff, 0xff, 0xff, 0xff, 0xe0, 0x4, 0x66,
    0x6a, 0xf7, 0x67, 0x76, 0x6f, 0xc6, 0x66, 0x60,
    0x0, 0x0, 0x6, 0xf1, 0xa, 0xe1, 0xf, 0x80,
    0x0, 0x0, 0x0, 0x0, 0x2, 0x50, 0x8f, 0xfa,
    0x5, 0x30, 0x0, 0x0, 0x0, 0x0, 0x0, 0x9,
    0xf9, 0x4e, 0xc2, 0x0, 0x0, 0x0, 0x0, 0x0,
    0x3, 0xcf, 0x70, 0x2, 0xcf, 0x70, 0x0, 0x0,
    0x0, 0x1, 0x9f, 0xe3, 0x4, 0x60, 0x8, 0xfd,
    0x60, 0x0, 0x3, 0xaf, 0xd6, 0x0, 0xa, 0xe0,
    0x0, 0x2a, 0xfe, 0x81, 0xa, 0xd7, 0x33, 0x33,
    0x3b, 0xf3, 0x33, 0x33, 0x5a, 0xd1, 0x0, 0x5,
    0xff, 0xff, 0xff, 0xff, 0xff, 0xff, 0x80, 0x0,
    0x0, 0x1, 0x22, 0x22, 0x2b, 0xe2, 0x22, 0x22,
    0x10, 0x0, 0x0, 0x0, 0x5, 0x50, 0xa, 0xe0,
    0xa, 0x60, 0x0, 0x0, 0x0, 0x0, 0x4f, 0x90,
    0xa, 0xe0, 0x9, 0xf8, 0x0, 0x0, 0x0, 0x2,
    0xec, 0x0, 0xa, 0xe0, 0x0, 0x7f, 0x90, 0x0,
    0x0, 0x5f, 0xd1, 0x0, 0xa, 0xe0, 0x0, 0x7,
    0xf9, 0x0, 0x0, 0xcb, 0x0, 0x6, 0x6d, 0xd0,
    0x0, 0x0, 0x8c, 0x0, 0x0, 0x0, 0x0, 0xc,
    0xfe, 0x60, 0x0, 0x0, 0x0, 0x0,

    /* U+8349 "草" */
    0x0, 0x0, 0x2c, 0x30, 0x0, 0x3, 0xc1, 0x0,
    0x0, 0x34, 0x44, 0x6f, 0x84, 0x44, 0x48, 0xf6,
    0x44, 0x44, 0xcf, 0xff, 0xff, 0xff, 0xff, 0xff,
    0xff, 0xff, 0xfc, 0x0, 0x0, 0x3f, 0x50, 0x0,
    0x5, 0xf2, 0x0, 0x0, 0x0, 0x0, 0x29, 0x30,
    0x0, 0x3, 0x92, 0x0, 0x0, 0x0, 0x8f, 0xff,
    0xff, 0xff, 0xff, 0xff, 0xf9, 0x0, 0x0, 0x8e,
    0x22, 0x22, 0x22, 0x22, 0x22, 0xe9, 0x0, 0x0,
    0x8e, 0x11, 0x11, 0x11, 0x11, 0x11, 0xe9, 0x0,
    0x0, 0x8f, 0xff, 0xff, 0xff, 0xff, 0xff, 0xf9,
    0x0, 0x0, 0x8e, 0x0, 0x0, 0x0, 0x0, 0x0,
    0xe9, 0x0, 0x0, 0x8e, 0x33, 0x33, 0x33, 0x33,
    0x33, 0xf9, 0x0, 0x0, 0x8f, 0xff, 0xff, 0xff,
    0xff, 0xff, 0xf9, 0x0, 0x0, 0x0, 0x0, 0x0,
    0xca, 0x0, 0x0, 0x0, 0x0, 0x11, 0x11, 0x11,
    0x11, 0xdb, 0x11, 0x11, 0x11, 0x11, 0xdf, 0xff,
    0xff, 0xff, 0xff, 0xff, 0xff, 0xff, 0xfe, 0x34,
    0x44, 0x44, 0x44, 0xdc, 0x44, 0x44, 0x44, 0x44,
    0x0, 0x0, 0x0, 0x0, 0xca, 0x0, 0x0, 0x0,
    0x0, 0x0, 0x0, 0x0, 0x0, 0xca, 0x0, 0x0,
    0x0, 0x0, 0x0, 0x0, 0x0, 0x0, 0xca, 0x0,
    0x0, 0x0, 0x0,

    /* U+836F "药" */
    0x0, 0x0, 0x1c, 0x40, 0x0, 0x2, 0xc2, 0x0,
    0x0, 0x12, 0x22, 0x4f, 0x62, 0x22, 0x25, 0xf5,
    0x22, 0x22, 0xaf, 0xff, 0xff, 0xff, 0xff, 0xff,
    0xff, 0xff, 0xfe, 0x12, 0x22, 0x4f, 0x72, 0x22,
    0x26, 0xf5, 0x22, 0x22, 0x0, 0x2, 0x59, 0x30,
    0x0, 0x68, 0x71, 0x0, 0x0, 0x0, 0xc, 0xe0,
    0x0, 0x0, 0xea, 0x0, 0x0, 0x0, 0x0, 0x5f,
    0x40, 0x0, 0x6, 0xf9, 0x55, 0x55, 0x52, 0x1,
    0xe8, 0x1, 0xb3, 0xd, 0xff, 0xff, 0xff, 0xf6,
    0x1d, 0xc1, 0x2c, 0xd0, 0x9f, 0x40, 0x0, 0x1,
    0xf5, 0xaf, 0xff, 0xfe, 0x13, 0xf9, 0x0, 0x0,
    0x1, 0xf5, 0x34, 0x39, 0xe2, 0x0, 0x50, 0xc9,
    0x0, 0x2, 0xf4, 0x0, 0x8e, 0x20, 0x0, 0x0,
    0x4f, 0x50, 0x3, 0xf3, 0x1a, 0xfb, 0xac, 0xe8,
    0x0, 0xa, 0xd0, 0x5, 0xf2, 0x6f, 0xda, 0x86,
    0x41, 0x0, 0x2, 0xe3, 0x6, 0xf0, 0x0, 0x0,
    0x0, 0x0, 0x0, 0x0, 0x0, 0x8, 0xf0, 0x2,
    0x46, 0x9b, 0xdc, 0x0, 0x0, 0x0, 0xb, 0xd0,
    0xaf, 0xfe, 0xb8, 0x63, 0x0, 0x0, 0x66, 0x8f,
    0x80, 0x23, 0x0, 0x0, 0x0, 0x0, 0x0, 0xcf,
    0xfc, 0x10, 0x0, 0x0, 0x0, 0x0, 0x0, 0x0,
    0x0, 0x0, 0x0,

    /* U+8393 "莓" */
    0x0, 0x0, 0x2, 0xc2, 0x0, 0x0, 0x2c, 0x30,
    0x0, 0x0, 0x44, 0x44, 0x7f, 0x74, 0x44, 0x47,
    0xf7, 0x44, 0x44, 0xd, 0xff, 0xff, 0xff, 0xff,
    0xff, 0xff, 0xff, 0xff, 0xe0, 0x0, 0x2, 0x6f,
    0x30, 0x0, 0x3, 0xf4, 0x0, 0x0, 0x0, 0x0,
    0xec, 0x41, 0x0, 0x0, 0x14, 0x10, 0x0, 0x0,
    0x0, 0x7f, 0xff, 0xff, 0xff, 0xff, 0xff, 0xff,
    0xf9, 0x0, 0x3f, 0x93, 0x33, 0x33, 0x33, 0x33,
    0x33, 0x33, 0x10, 0x2e, 0xc3, 0x55, 0x55, 0x55,
    0x55, 0x55, 0x54, 0x0, 0xd, 0xd1, 0xaf, 0xcc,
    0xdf, 0xcc, 0xcc, 0xcf, 0xb0, 0x0, 0x32, 0xb,
    0xb0, 0x3, 0xfa, 0x20, 0x0, 0xba, 0x0, 0x0,
    0x0, 0xca, 0x0, 0x0, 0x8e, 0x10, 0xc, 0x90,
    0x0, 0xef, 0xff, 0xff, 0xff, 0xff, 0xff, 0xff,
    0xff, 0xff, 0x4, 0x45, 0xf9, 0x44, 0xab, 0x54,
    0x44, 0x4f, 0xa4, 0x40, 0x0, 0x1f, 0x50, 0x5,
    0xce, 0x50, 0x0, 0xf6, 0x0, 0x0, 0x3, 0xf3,
    0x0, 0x0, 0x6d, 0x10, 0x1f, 0x50, 0x0, 0x0,
    0x5f, 0xff, 0xff, 0xff, 0xff, 0xff, 0xff, 0xf6,
    0x0, 0x1, 0x33, 0x33, 0x33, 0x36, 0x66, 0xcf,
    0x33, 0x10, 0x0, 0x0, 0x0, 0x0, 0x0, 0x9f,
    0xfe, 0x60, 0x0,

    /* U+83DC "菜" */
    0x0, 0x0, 0x0, 0xc6, 0x0, 0x0, 0x4c, 0x20,
    0x0, 0x0, 0x4, 0x66, 0x66, 0xfa, 0x66, 0x66,
    0x9f, 0x86, 0x66, 0x50, 0xa, 0xff, 0xff, 0xff,
    0xff, 0xff, 0xff, 0xff, 0xff, 0xe0, 0x0, 0x0,
    0x0, 0xf7, 0x0, 0x0, 0x5f, 0x20, 0x0, 0x0,
    0x0, 0x0, 0x0, 0x95, 0x12, 0x34, 0x7c, 0xac,
    0xa0, 0x0, 0x0, 0xcd, 0xef, 0xff, 0xff, 0xff,
    0xdc, 0xa7, 0x51, 0x0, 0x0, 0x66, 0x65, 0x43,
    0x34, 0x10, 0x0, 0x0, 0x93, 0x0, 0x0, 0x8,
    0x40, 0x0, 0x7f, 0x10, 0x0, 0x5, 0xf5, 0x0,
    0x0, 0xb, 0xd0, 0x0, 0x1f, 0x70, 0x0, 0xc,
    0xc0, 0x0, 0x0, 0x2, 0xf6, 0x0, 0xc, 0xc0,
    0x0, 0x5f, 0x30, 0x0, 0x0, 0x0, 0xa9, 0x0,
    0x8, 0x60, 0x0, 0xc8, 0x0, 0x0, 0x3, 0x44,
    0x44, 0x44, 0x4c, 0xd4, 0x44, 0x44, 0x44, 0x40,
    0xc, 0xff, 0xff, 0xff, 0xff, 0xff, 0xff, 0xff,
    0xff, 0xf0, 0x0, 0x11, 0x11, 0x1a, 0xfe, 0xff,
    0xa1, 0x11, 0x11, 0x10, 0x0, 0x0, 0x1, 0xbf,
    0x5b, 0xc4, 0xfb, 0x10, 0x0, 0x0, 0x0, 0x0,
    0x6f, 0xe4, 0xb, 0xc0, 0x3e, 0xf7, 0x0, 0x0,
    0x1, 0x7e, 0xfb, 0x10, 0xb, 0xc0, 0x1, 0xaf,
    0xf8, 0x30, 0xe, 0xfd, 0x40, 0x0, 0xb, 0xc0,
    0x0, 0x3, 0xbf, 0xe1, 0x3, 0x40, 0x0, 0x0,
    0xb, 0xc0, 0x0, 0x0, 0x2, 0x30,

    /* U+8404 "萄" */
    0x0, 0x0, 0x1, 0xc4, 0x0, 0x0, 0x1c, 0x30,
    0x0, 0x0, 0x23, 0x33, 0x5f, 0x73, 0x33, 0x35,
    0xf7, 0x33, 0x32, 0xa, 0xff, 0xff, 0xff, 0xff,
    0xff, 0xff, 0xff, 0xff, 0xe0, 0x12, 0x22, 0x4f,
    0x62, 0x22, 0x24, 0xf6, 0x22, 0x22, 0x0, 0x0,
    0xe9, 0x82, 0x0, 0x0, 0x18, 0x20, 0x0, 0x0,
    0x0, 0x8f, 0xfe, 0xee, 0xee, 0xee, 0xee, 0xee,
    0xe2, 0x0, 0x2f, 0x97, 0x75, 0x55, 0x55, 0x55,
    0x55, 0x9f, 0x10, 0x1e, 0xc0, 0xbb, 0x0, 0x0,
    0x0, 0x0, 0x5, 0xf1, 0xd, 0xe2, 0x3f, 0xed,
    0xdd, 0xdd, 0xdd, 0x30, 0x6f, 0x0, 0x73, 0xd,
    0xa4, 0x4d, 0xb4, 0x44, 0x41, 0x6, 0xf0, 0x0,
    0x4, 0xd0, 0x0, 0xc9, 0x0, 0x0, 0x0, 0x7f,
    0x0, 0x2, 0x34, 0x33, 0x3d, 0xa3, 0x33, 0x33,
    0x8, 0xf0, 0x0, 0x9f, 0xff, 0xff, 0xff, 0xff,
    0xff, 0xf1, 0x9e, 0x0, 0x0, 0x18, 0x10, 0xc,
    0x90, 0x3, 0x80, 0xa, 0xd0, 0x0, 0x3, 0xf2,
    0x0, 0xc9, 0x0, 0x6f, 0x0, 0xbc, 0x0, 0x0,
    0x3f, 0x53, 0x3d, 0xa3, 0x38, 0xf0, 0xc, 0xa0,
    0x0, 0x3, 0xff, 0xff, 0xff, 0xff, 0xff, 0x0,
    0xf8, 0x0, 0x0, 0x0, 0x0, 0x0, 0x0, 0x0,
    0x33, 0x6f, 0x40, 0x0, 0x0, 0x0, 0x0, 0x0,
    0x0, 0x8, 0xff, 0xa0, 0x0,

    /* U+841D "萝" */
    0x0, 0x0, 0x3c, 0x10, 0x0, 0x1, 0xc4, 0x0,
    0x0, 0x23, 0x33, 0x7f, 0x53, 0x33, 0x34, 0xf8,
    0x33, 0x33, 0xaf, 0xff, 0xff, 0xff, 0xff, 0xff,
    0xff, 0xff, 0xfe, 0x11, 0x11, 0x6f, 0x31, 0x11,
    0x12, 0xf6, 0x11, 0x11, 0x0, 0x0, 0x38, 0x20,
    0x0, 0x1, 0x83, 0x0, 0x0, 0xa, 0xff, 0xff,
    0xff, 0xff, 0xff, 0xff, 0xff, 0xe0, 0xa, 0xb2,
    0x22, 0xf6, 0x22, 0x6f, 0x22, 0x28, 0xe0, 0xa,
    0xa0, 0x0, 0xf4, 0x0, 0x3f, 0x0, 0x7, 0xe0,
    0xa, 0xff, 0xff, 0xff, 0xff, 0xff, 0xff, 0xff,
    0xe0, 0x3, 0x44, 0x44, 0xad, 0x64, 0x44, 0x44,
    0x44, 0x40, 0x0, 0x0, 0x7, 0xfa, 0x11, 0x11,
    0x11, 0x10, 0x0, 0x0, 0x3, 0xbf, 0xff, 0xff,
    0xff, 0xff, 0xfa, 0x0, 0x4, 0xbf, 0xc4, 0x33,
    0x33, 0x33, 0x3c, 0xf4, 0x0, 0x8, 0xc4, 0x2d,
    0x80, 0x0, 0x0, 0xaf, 0x60, 0x0, 0x0, 0x0,
    0x5, 0xee, 0x40, 0x4d, 0xe5, 0x0, 0x0, 0x0,
    0x0, 0x0, 0x1b, 0xfd, 0xf9, 0x10, 0x0, 0x0,
    0x0, 0x0, 0x37, 0xbf, 0xfa, 0x30, 0x0, 0x0,
    0x0, 0x3c, 0xef, 0xfe, 0xa5, 0x0, 0x0, 0x0,
    0x0, 0x0, 0x8, 0x74, 0x10, 0x0, 0x0, 0x0,
    0x0, 0x0, 0x0,

    /* U+8461 "葡" */
    0x0, 0x0, 0x2, 0xc3, 0x0, 0x0, 0x2c, 0x30,
    0x0, 0x0, 0x46, 0x66, 0x8f, 0x96, 0x66, 0x68,
    0xf9, 0x66, 0x65, 0xa, 0xff, 0xff, 0xff, 0xff,
    0xff, 0xff, 0xff, 0xff, 0xe0, 0x0, 0x1, 0x3f,
    0x40, 0x0, 0x3, 0xf4, 0x0, 0x0, 0x0, 0x0,
    0xdd, 0x82, 0x0, 0x0, 0x18, 0x20, 0x0, 0x0,
    0x0, 0x6f, 0xff, 0xff, 0xff, 0xff, 0xff, 0xff,
    0xf4, 0x0, 0x1e, 0xb5, 0x55, 0x97, 0x5d, 0x85,
    0x55, 0x7f, 0x40, 0xd, 0xe1, 0x0, 0xe, 0x60,
    0x7f, 0x30, 0x3, 0xf3, 0xc, 0xfd, 0xee, 0xee,
    0xff, 0xee, 0xfe, 0x60, 0x4f, 0x30, 0x85, 0x0,
    0x0, 0xe, 0x70, 0x0, 0x0, 0x4, 0xf2, 0x0,
    0x3, 0xee, 0xee, 0xff, 0xee, 0xed, 0x0, 0x5f,
    0x10, 0x0, 0x3f, 0x20, 0xe, 0x70, 0x6, 0xe0,
    0x6, 0xf1, 0x0, 0x3, 0xfb, 0xbb, 0xfd, 0xbb,
    0xde, 0x0, 0x6f, 0x0, 0x0, 0x3f, 0x43, 0x3e,
    0x83, 0x38, 0xe0, 0x7, 0xf0, 0x0, 0x3, 0xf2,
    0x11, 0xe7, 0x11, 0x6e, 0x0, 0x8e, 0x0, 0x0,
    0x3f, 0xdd, 0xdf, 0xed, 0xde, 0xe0, 0xa, 0xd0,
    0x0, 0x3, 0xf1, 0x0, 0xe6, 0x0, 0x6e, 0x0,
    0xdb, 0x0, 0x0, 0x3f, 0x10, 0xd, 0x60, 0xef,
    0xd6, 0x7f, 0x70, 0x0, 0x0, 0x0, 0x0, 0x0,
    0x0, 0x3, 0xff, 0xb1, 0x0, 0x0, 0x0, 0x0,
    0x0, 0x0, 0x0, 0x0, 0x0, 0x0,

    /* U+8471 "葱" */
    0x0, 0x0, 0x1, 0xa3, 0x0, 0x0, 0x2a, 0x20,
    0x0, 0x0, 0x35, 0x55, 0x6f, 0x85, 0x55, 0x57,
    0xf7, 0x55, 0x55, 0xa, 0xff, 0xff, 0xff, 0xff,
    0xff, 0xff, 0xff, 0xff, 0xe0, 0x0, 0x0, 0x3e,
    0x40, 0x0, 0x3, 0xf3, 0x0, 0x0, 0x0, 0x0,
    0xd, 0xd1, 0x11, 0x11, 0x14, 0x11, 0x10, 0x0,
    0x0, 0x9, 0xff, 0xff, 0xff, 0xff, 0xff, 0xff,
    0x80, 0x0, 0x8, 0xf5, 0x23, 0xf9, 0x23, 0xf7,
    0x22, 0xf7, 0x0, 0x1b, 0xf5, 0x76, 0xbe, 0x0,
    0x9e, 0x0, 0x2f, 0x50, 0x7, 0xd3, 0x19, 0xff,
    0xfa, 0x6f, 0x70, 0x4, 0xf3, 0x0, 0x0, 0x0,
    0x9f, 0x65, 0xaf, 0xfb, 0x50, 0x6f, 0x10, 0x0,
    0x1, 0xcf, 0x50, 0xa, 0xf6, 0xba, 0xb, 0xe0,
    0x0, 0x0, 0x7e, 0x40, 0x9, 0xf4, 0x0, 0xee,
    0xf8, 0x0, 0x0, 0x0, 0x10, 0x41, 0x1d, 0x40,
    0x5, 0x64, 0x0, 0x0, 0x0, 0xb5, 0x1f, 0x40,
    0x9f, 0x60, 0x0, 0xaa, 0x0, 0x0, 0x4f, 0x31,
    0xf4, 0x0, 0x8e, 0x12, 0x24, 0xf7, 0x0, 0xd,
    0xc0, 0x1f, 0x40, 0x0, 0x0, 0x6e, 0x9, 0xf1,
    0x9, 0xf2, 0x0, 0xfa, 0x55, 0x55, 0x5c, 0xc0,
    0x1f, 0xa0, 0x56, 0x0, 0x8, 0xef, 0xff, 0xff,
    0xe4, 0x0, 0x42,

    /* U+84DD "蓝" */
    0x0, 0x0, 0x2, 0xc3, 0x0, 0x0, 0x3c, 0x20,
    0x0, 0x0, 0x4, 0x55, 0x57, 0xf8, 0x55, 0x55,
    0x8f, 0x75, 0x55, 0x50, 0xd, 0xff, 0xff, 0xff,
    0xff, 0xff, 0xff, 0xff, 0xff, 0xe0, 0x0, 0x0,
    0x3, 0xf4, 0x0, 0x0, 0x4f, 0x30, 0x0, 0x0,
    0x0, 0x0, 0x0, 0x54, 0x0, 0x5, 0x82, 0x0,
    0x0, 0x0, 0x0, 0x49, 0x0, 0xac, 0x0, 0xd,
    0xb0, 0x0, 0x0, 0x0, 0x0, 0x6f, 0x0, 0xac,
    0x0, 0x2f, 0xff, 0xff, 0xff, 0x20, 0x0, 0x6f,
    0x0, 0xac, 0x0, 0x9e, 0x56, 0x75, 0x55, 0x0,
    0x0, 0x6f, 0x0, 0xac, 0x3, 0xf7, 0xa, 0xd0,
    0x0, 0x0, 0x0, 0x6f, 0x0, 0xac, 0xc, 0xd0,
    0x1, 0xea, 0x0, 0x0, 0x0, 0x5e, 0x0, 0xac,
    0x1, 0x20, 0x0, 0x5f, 0x30, 0x0, 0x0, 0x0,
    0x0, 0x44, 0x0, 0x0, 0x0, 0x5, 0x0, 0x0,
    0x0, 0xd, 0xff, 0xff, 0xff, 0xff, 0xff, 0xff,
    0xf0, 0x0, 0x0, 0xd, 0xa4, 0x4c, 0xb4, 0x4b,
    0xc4, 0x49, 0xf0, 0x0, 0x0, 0xd, 0x80, 0xa,
    0x90, 0x9, 0xb0, 0x7, 0xf0, 0x0, 0x0, 0xd,
    0x80, 0xa, 0x90, 0x9, 0xb0, 0x7, 0xf0, 0x0,
    0x4, 0x4e, 0xa4, 0x4c, 0xb4, 0x4b, 0xc4, 0x4a,
    0xf4, 0x40, 0x1f, 0xff, 0xff, 0xff, 0xff, 0xff,
    0xff, 0xff, 0xff, 0xf1,

    /* U+852C "蔬" */
    0x0, 0x0, 0x2, 0xc2, 0x0, 0x0, 0x4c, 0x10,
    0x0, 0x0, 0x5, 0x66, 0x68, 0xf8, 0x66, 0x66,
    0x9f, 0x76, 0x66, 0x50, 0xc, 0xff, 0xff, 0xff,
    0xff, 0xff, 0xff, 0xff, 0xff, 0xe0, 0x0, 0x0,
    0x3, 0xf3, 0x0, 0x0, 0x5f, 0x20, 0x0, 0x0,
    0x0, 0x0, 0x1, 0x51, 0x0, 0x0, 0x6b, 0x0,
    0x0, 0x0, 0x9, 0xff, 0xff, 0xff, 0x41, 0x11,
    0x5f, 0x41, 0x11, 0x10, 0x3, 0x55, 0x55, 0xeb,
    0x8f, 0xff, 0xff, 0xff, 0xff, 0xf0, 0x0, 0x0,
    0xa, 0xd0, 0x13, 0x3e, 0xc3, 0x3b, 0x53, 0x30,
    0x0, 0x20, 0x4f, 0x20, 0x0, 0xae, 0x10, 0xa,
    0xe2, 0x0, 0x1, 0xf1, 0x4f, 0x0, 0x1a, 0xf7,
    0x56, 0x67, 0xfd, 0x0, 0x1, 0xf1, 0x4f, 0x55,
    0x2f, 0xfe, 0xdc, 0xcb, 0xae, 0x80, 0x1, 0xf1,
    0x4f, 0xfe, 0x52, 0x70, 0x14, 0x2, 0x72, 0x0,
    0x1, 0xf1, 0x4f, 0x0, 0x4, 0xf0, 0x5d, 0x5,
    0xe0, 0x0, 0x1, 0xf1, 0x4f, 0x0, 0x4, 0xf0,
    0x5d, 0x5, 0xe0, 0x0, 0x1, 0xf1, 0x4f, 0x25,
    0x25, 0xd0, 0x5d, 0x5, 0xe0, 0x0, 0x2, 0xf8,
    0xbf, 0xfe, 0x5a, 0x90, 0x5d, 0x5, 0xe0, 0x75,
    0x2f, 0xff, 0xc7, 0x30, 0x6e, 0x20, 0x5d, 0x4,
    0xf1, 0xa6, 0x8, 0x40, 0x0, 0x8, 0xd3, 0x0,
    0x5d, 0x1, 0xdf, 0xe2, 0x0, 0x0, 0x0, 0x0,
    0x0, 0x0, 0x0, 0x0, 0x0, 0x0,

    /* U+8549 "蕉" */
    0x0, 0x0, 0x1b, 0x30, 0x0, 0x1, 0xb4, 0x0,
    0x0, 0x3, 0x55, 0x57, 0xf8, 0x55, 0x55, 0x6f,
    0x95, 0x55, 0x40, 0xaf, 0xff, 0xff, 0xff, 0xff,
    0xff, 0xff, 0xff, 0xfe, 0x0, 0x0, 0x3, 0xf4,
    0x0, 0x51, 0x1f, 0x50, 0x0, 0x0, 0x0, 0x6,
    0xf5, 0x0, 0x1f, 0x90, 0x20, 0x0, 0x0, 0x0,
    0x1, 0xfe, 0x44, 0x44, 0xcf, 0x44, 0x44, 0x43,
    0x0, 0x0, 0xbf, 0xfe, 0xee, 0xef, 0xfe, 0xee,
    0xee, 0xb0, 0x0, 0xbf, 0xf5, 0x0, 0x0, 0x9c,
    0x0, 0x0, 0x0, 0x0, 0xaf, 0x6f, 0xff, 0xff,
    0xff, 0xff, 0xff, 0xff, 0x30, 0x2, 0x51, 0xf6,
    0x11, 0x11, 0x9d, 0x11, 0x11, 0x10, 0x0, 0x0,
    0x1f, 0x84, 0x44, 0x4b, 0xd4, 0x44, 0x44, 0x0,
    0x0, 0x1, 0xfd, 0xcc, 0xcc, 0xef, 0xcc, 0xcc,
    0xc2, 0x0, 0x0, 0x1f, 0x50, 0x0, 0x9, 0xc0,
    0x0, 0x0, 0x0, 0x0, 0x1, 0xff, 0xff, 0xff,
    0xff, 0xff, 0xff, 0xff, 0x0, 0x0, 0x1f, 0x72,
    0x22, 0x22, 0x22, 0x22, 0x23, 0x20, 0x0, 0x9,
    0x60, 0x18, 0x10, 0x1a, 0x30, 0x7, 0xd1, 0x0,
    0x6, 0xf4, 0x1, 0xf6, 0x0, 0xcc, 0x0, 0x1d,
    0xd1, 0x6, 0xf8, 0x0, 0xc, 0xa0, 0x3, 0xf4,
    0x0, 0x2f, 0xb0, 0x38, 0x0, 0x0, 0x66, 0x0,
    0x7, 0x20, 0x0, 0x56, 0x0,

    /* U+86CB "蛋" */
    0x0, 0x0, 0x0, 0x0, 0x0, 0x0, 0x0, 0x0,
    0x0, 0x0, 0x0, 0xef, 0xff, 0xff, 0xff, 0xff,
    0xff, 0xff, 0xff, 0x40, 0x0, 0x44, 0x45, 0x44,
    0x4f, 0xb4, 0x44, 0x44, 0xbf, 0x0, 0x0, 0x0,
    0x3f, 0x30, 0xe, 0x90, 0x0, 0x0, 0xe8, 0x0,
    0x0, 0x0, 0xaf, 0x0, 0xe, 0xff, 0xff, 0xf7,
    0x91, 0x0, 0x0, 0x4, 0xfe, 0xb0, 0xe, 0x91,
    0x11, 0x10, 0x0, 0x0, 0x0, 0x2e, 0xb1, 0xce,
    0x9f, 0xa2, 0x11, 0x11, 0x11, 0x10, 0x3, 0xee,
    0x10, 0x6, 0xcf, 0xff, 0xff, 0xff, 0xff, 0xe0,
    0x1f, 0xd2, 0x0, 0x0, 0x1, 0x32, 0x33, 0x33,
    0x33, 0x20, 0x7, 0x0, 0x0, 0x0, 0xe, 0x90,
    0x0, 0x0, 0x0, 0x0, 0x0, 0xe, 0xff, 0xff,
    0xff, 0xff, 0xff, 0xff, 0xf0, 0x0, 0x0, 0xe,
    0x92, 0x22, 0x2e, 0xa2, 0x22, 0x29, 0xf0, 0x0,
    0x0, 0xe, 0x70, 0x0, 0xd, 0x90, 0x0, 0x7,
    0xf0, 0x0, 0x0, 0xe, 0xff, 0xff, 0xff, 0xff,
    0xff, 0xff, 0xf0, 0x0, 0x0, 0x3, 0x33, 0x33,
    0x3e, 0xb3, 0x37, 0xc3, 0x30, 0x0, 0x0, 0x0,
    0x0, 0x0, 0xd, 0x90, 0x6, 0xfc, 0x10, 0x0,
    0x2, 0x44, 0x45, 0x55, 0x6e, 0xc7, 0x78, 0xcf,
    0xe4, 0x0, 0x9, 0xff, 0xff, 0xff, 0xfe, 0xdd,
    0xcb, 0xaa, 0xcf, 0x60, 0x1, 0x22, 0x11, 0x0,
    0x0, 0x0, 0x0, 0x0, 0x8, 0xa0, 0x0, 0x0,
    0x0, 0x0, 0x0, 0x0, 0x0, 0x0, 0x0, 0x0,

    /* U+884C "行" */
    0x0, 0x0, 0x9, 0x30, 0x0, 0x0, 0x0, 0x0,
    0x0, 0x0, 0x0, 0x0, 0xbf, 0x30, 0x27, 0x77,
    0x77, 0x77, 0x77, 0x40, 0x0, 0xa, 0xf4, 0x0,
    0x4f, 0xff, 0xff, 0xff, 0xff, 0x80, 0x1, 0xcf,
    0x50, 0x0, 0x0, 0x0, 0x0, 0x0, 0x0, 0x0,
    0x1e, 0xe3, 0x0, 0x40, 0x0, 0x0, 0x0, 0x0,
    0x0, 0x0, 0x7, 0x10, 0x9, 0xf3, 0x0, 0x0,
    0x0, 0x0, 0x0, 0x0, 0x0, 0x0, 0x5f, 0x70,
    0x11, 0x11, 0x11, 0x11, 0x11, 0x10, 0x0, 0x2,
    0xfb, 0x2, 0xff, 0xff, 0xff, 0xff, 0xff, 0xf1,
    0x0, 0x2e, 0xf5, 0x1, 0x55, 0x55, 0x55, 0xaf,
    0x65, 0x50, 0x2, 0xef, 0xf4, 0x0, 0x0, 0x0,
    0x0, 0x7f, 0x10, 0x0, 0x3f, 0xe5, 0xf4, 0x0,
    0x0, 0x0, 0x0, 0x7f, 0x10, 0x0, 0xb, 0x22,
    0xf4, 0x0, 0x0, 0x0, 0x0, 0x7f, 0x10, 0x0,
    0x0, 0x2, 0xf4, 0x0, 0x0, 0x0, 0x0, 0x7f,
    0x10, 0x0, 0x0, 0x2, 0xf4, 0x0, 0x0, 0x0,
    0x0, 0x7f, 0x10, 0x0, 0x0, 0x2, 0xf4, 0x0,
    0x0, 0x0, 0x0, 0x7f, 0x10, 0x0, 0x0, 0x2,
    0xf4, 0x0, 0x0, 0x0, 0x0, 0x7f, 0x10, 0x0,
    0x0, 0x2, 0xf4, 0x0, 0x0, 0x0, 0x0, 0x7f,
    0x10, 0x0, 0x0, 0x2, 0xf4, 0x0, 0x0, 0x7,
    0x76, 0xcf, 0x0, 0x0, 0x0, 0x2, 0xf4, 0x0,
    0x0, 0xc, 0xff, 0xd7, 0x0, 0x0, 0x0, 0x0,
    0x10, 0x0, 0x0, 0x0, 0x0, 0x0, 0x0, 0x0,

    /* U+8863 "衣" */
    0x0, 0x0, 0x0, 0x0, 0x19, 0x50, 0x0, 0x0,
    0x0, 0x0, 0x0, 0x0, 0x0, 0x0, 0xd, 0xe0,
    0x0, 0x0, 0x0, 0x0, 0x0, 0x0, 0x0, 0x0,
    0x6, 0xf5, 0x0, 0x0, 0x0, 0x0, 0x5, 0x88,
    0x88, 0x88, 0x89, 0xe9, 0x88, 0x88, 0x88, 0x70,
    0xa, 0xff, 0xff, 0xff, 0xff, 0xff, 0xff, 0xff,
    0xff, 0xe0, 0x0, 0x0, 0x0, 0x0, 0xcf, 0xea,
    0x0, 0x0, 0x0, 0x0, 0x0, 0x0, 0x0, 0xa,
    0xf5, 0x9d, 0x0, 0x0, 0x2, 0x0, 0x0, 0x0,
    0x0, 0xbf, 0x60, 0x5f, 0x10, 0x0, 0x9f, 0x20,
    0x0, 0x0, 0x2d, 0xf5, 0x0, 0x1f, 0x60, 0x8,
    0xf8, 0x0, 0x0, 0x7, 0xff, 0xd0, 0x0, 0xc,
    0xd0, 0x9f, 0x80, 0x0, 0x5, 0xdf, 0xac, 0xd0,
    0x0, 0x4, 0xfc, 0xf6, 0x0, 0x0, 0xd, 0xc3,
    0xb, 0xd0, 0x0, 0x0, 0xdf, 0x40, 0x0, 0x0,
    0x1, 0x0, 0xb, 0xd0, 0x0, 0x0, 0x5f, 0x80,
    0x0, 0x0, 0x0, 0x0, 0xb, 0xd0, 0x0, 0x0,
    0x9, 0xf5, 0x0, 0x0, 0x0, 0x0, 0xb, 0xd0,
    0x0, 0x2, 0x20, 0xcf, 0x40, 0x0, 0x0, 0x0,
    0xb, 0xd0, 0x49, 0xef, 0x80, 0x1d, 0xf7, 0x0,
    0x0, 0x0, 0xf, 0xff, 0xfe, 0x94, 0x0, 0x1,
    0xcf, 0xc1, 0x0, 0x0, 0x9f, 0xe9, 0x40, 0x0,
    0x0, 0x0, 0x8, 0xc0, 0x0, 0x0, 0x15, 0x0,
    0x0, 0x0, 0x0, 0x0, 0x0, 0x0,

    /* U+8868 "表" */
    0x0, 0x0, 0x0, 0x0, 0xc, 0x60, 0x0, 0x0,
    0x0, 0x0, 0x0, 0x0, 0x0, 0x0, 0xf, 0x80,
    0x0, 0x0, 0x0, 0x0, 0x1, 0xff, 0xff, 0xff,
    0xff, 0xff, 0xff, 0xff, 0xfd, 0x0, 0x0, 0x44,
    0x44, 0x44, 0x4f, 0xa4, 0x44, 0x44, 0x43, 0x0,
    0x0, 0x0, 0x0, 0x0, 0xf, 0x80, 0x0, 0x0,
    0x0, 0x0, 0x0, 0x1f, 0xff, 0xff, 0xff, 0xff,
    0xff, 0xff, 0xf0, 0x0, 0x0, 0x3, 0x33, 0x33,
    0x3f, 0x93, 0x33, 0x33, 0x30, 0x0, 0x0, 0x0,
    0x0, 0x0, 0xf, 0x70, 0x0, 0x0, 0x0, 0x0,
    0xe, 0xff, 0xff, 0xff, 0xff, 0xff, 0xff, 0xff,
    0xff, 0x70, 0x4, 0x44, 0x44, 0x4c, 0xfa, 0xf7,
    0x44, 0x44, 0x44, 0x20, 0x0, 0x0, 0x1, 0xbf,
    0x60, 0xca, 0x0, 0x0, 0xa5, 0x0, 0x0, 0x0,
    0x7f, 0xe3, 0x0, 0x5f, 0x40, 0x2d, 0xe4, 0x0,
    0x1, 0x8e, 0xff, 0x70, 0x0, 0xb, 0xe6, 0xfb,
    0x10, 0x0, 0x3f, 0xf9, 0x3f, 0x70, 0x0, 0x1,
    0xef, 0x80, 0x0, 0x0, 0x5, 0x10, 0xf, 0x70,
    0x0, 0x0, 0x3f, 0xd3, 0x0, 0x0, 0x0, 0x0,
    0x1f, 0x70, 0x38, 0xd7, 0x3, 0xef, 0x71, 0x0,
    0x0, 0x0, 0x4f, 0xde, 0xfe, 0x93, 0x0, 0x1a,
    0xff, 0x90, 0x0, 0x0, 0xaf, 0xe8, 0x30, 0x0,
    0x0, 0x0, 0x2a, 0x70, 0x0, 0x0, 0x24, 0x0,
    0x0, 0x0, 0x0, 0x0, 0x0, 0x0,

    /* U+88C5 "装" */
    0x0, 0x0, 0x8, 0xd0, 0x0, 0x0, 0x7f, 0x0,
    0x0, 0x0, 0x2, 0x91, 0x8, 0xd0, 0x0, 0x0,
    0x8f, 0x0, 0x0, 0x0, 0x2, 0xdd, 0x28, 0xd0,
    0x22, 0x22, 0x9f, 0x22, 0x22, 0x20, 0x0, 0x1c,
    0x68, 0xd4, 0xff, 0xff, 0xff, 0xff, 0xff, 0xb0,
    0x0, 0x0, 0x8, 0xd0, 0x11, 0x11, 0x9f, 0x11,
    0x11, 0x10, 0x0, 0x1, 0x8e, 0xd0, 0x0, 0x0,
    0x8f, 0x0, 0x0, 0x0, 0x3, 0x9f, 0xed, 0xd0,
    0x0, 0x0, 0x8f, 0x0, 0x0, 0x0, 0x1f, 0xd5,
    0x8, 0xd0, 0x7a, 0xaa, 0xdf, 0xaa, 0xaa, 0x30,
    0x3, 0x0, 0x8, 0xd0, 0x6a, 0xa9, 0x99, 0x99,
    0x99, 0x30, 0x0, 0x0, 0x4, 0x60, 0xd, 0x70,
    0x0, 0x0, 0x0, 0x0, 0x2, 0x22, 0x22, 0x22,
    0x2c, 0xe3, 0x22, 0x22, 0x22, 0x20, 0xf, 0xff,
    0xff, 0xff, 0xff, 0xff, 0xff, 0xff, 0xff, 0xf0,
    0x0, 0x0, 0x0, 0x2b, 0xf6, 0xcb, 0x10, 0x1,
    0x63, 0x0, 0x0, 0x0, 0x29, 0xfb, 0x20, 0x3f,
    0x80, 0x2b, 0xe6, 0x0, 0x4, 0x8d, 0xff, 0xb0,
    0x0, 0x7, 0xfb, 0xf8, 0x10, 0x0, 0xc, 0xc7,
    0x2c, 0xa0, 0x0, 0x1, 0x6f, 0xc2, 0x0, 0x0,
    0x0, 0x0, 0xe, 0xb5, 0x9c, 0xf8, 0x4, 0xdf,
    0x94, 0x0, 0x0, 0x0, 0x9f, 0xfe, 0xb7, 0x30,
    0x0, 0x7, 0xdf, 0xe0, 0x0, 0x0, 0x56, 0x20,
    0x0, 0x0, 0x0, 0x0, 0x2, 0x30,

    /* U+88D9 "裙" */
    0x0, 0x1c, 0x30, 0x0, 0x0, 0x0, 0x0, 0x0,
    0x0, 0x0, 0x0, 0xb, 0xe0, 0x0, 0x2f, 0xff,
    0xff, 0xff, 0xfd, 0x0, 0x0, 0x2, 0xf5, 0x0,
    0x15, 0x57, 0xf8, 0x55, 0xcd, 0x0, 0x5, 0x55,
    0x75, 0x40, 0x0, 0x3, 0xf2, 0x0, 0x9d, 0x0,
    0xf, 0xff, 0xff, 0xf1, 0x55, 0x58, 0xf6, 0x55,
    0xbe, 0x51, 0x1, 0x11, 0x1c, 0xa1, 0xff, 0xff,
    0xff, 0xff, 0xff, 0xf3, 0x0, 0x0, 0x2f, 0x40,
    0x0, 0xa, 0xb0, 0x0, 0x9e, 0x0, 0x0, 0x0,
    0xab, 0x15, 0x0, 0xe, 0x80, 0x0, 0x9d, 0x0,
    0x0, 0x4, 0xf4, 0xaa, 0x5f, 0xff, 0xff, 0xff,
    0xfd, 0x0, 0x0, 0x1e, 0xfe, 0xd0, 0x25, 0xbe,
    0x55, 0x55, 0x55, 0x0, 0x0, 0xbf, 0xfe, 0x80,
    0x0, 0xe9, 0x0, 0x0, 0x0, 0x0, 0xa, 0xfc,
    0xe4, 0xf4, 0x7, 0xf9, 0x66, 0x66, 0x66, 0x10,
    0x2f, 0x58, 0xe0, 0x95, 0x2e, 0xff, 0xff, 0xff,
    0xff, 0x40, 0x3, 0x8, 0xe0, 0x1, 0xee, 0xf6,
    0x0, 0x0, 0x2f, 0x40, 0x0, 0x8, 0xe0, 0xd,
    0xf3, 0xf6, 0x0, 0x0, 0x2f, 0x40, 0x0, 0x8,
    0xe0, 0x7, 0x30, 0xf6, 0x0, 0x0, 0x2f, 0x40,
    0x0, 0x8, 0xe0, 0x0, 0x0, 0xfa, 0x66, 0x66,
    0x8f, 0x40, 0x0, 0x8, 0xe0, 0x0, 0x0, 0xfe,
    0xdd, 0xdd, 0xef, 0x40, 0x0, 0x8, 0xe0, 0x0,
    0x0, 0xf6, 0x0, 0x0, 0x2f, 0x40, 0x0, 0x0,
    0x0, 0x0, 0x0, 0x0, 0x0, 0x0, 0x0, 0x0,

    /* U+897F "西" */
    0x77, 0x77, 0x77, 0x77, 0x77, 0x77, 0x77, 0x77,
    0x75, 0xef, 0xff, 0xff, 0xff, 0xff, 0xff, 0xff,
    0xff, 0xfa, 0x0, 0x0, 0x0, 0xf5, 0x0, 0xbb,
    0x0, 0x0, 0x0, 0x0, 0x0, 0x0, 0xf5, 0x0,
    0xbb, 0x0, 0x0, 0x0, 0x1, 0x22, 0x22, 0xf7,
    0x22, 0xcc, 0x22, 0x22, 0x10, 0xd, 0xff, 0xff,
    0xff, 0xff, 0xff, 0xff, 0xff, 0xc0, 0xd, 0xb3,
    0x34, 0xf7, 0x33, 0xcc, 0x33, 0x3c, 0xc0, 0xd,
    0x90, 0x3, 0xf2, 0x0, 0xbb, 0x0, 0xb, 0xc0,
    0xd, 0x90, 0x9, 0xd0, 0x0, 0xbb, 0x0, 0xb,
    0xc0, 0xd, 0x90, 0x4f, 0x60, 0x0, 0xbc, 0x0,
    0xb, 0xc0, 0xd, 0xa7, 0xfa, 0x0, 0x0, 0x9f,
    0xff, 0xff, 0xc0, 0xd, 0xbe, 0x80, 0x0, 0x0,
    0x5, 0x66, 0x6d, 0xc0, 0xd, 0x90, 0x0, 0x0,
    0x0, 0x0, 0x0, 0xb, 0xc0, 0xd, 0x90, 0x0,
    0x0, 0x0, 0x0, 0x0, 0xb, 0xc0, 0xd, 0xa1,
    0x11, 0x11, 0x11, 0x11, 0x11, 0x1c, 0xc0, 0xd,
    0xff, 0xff, 0xff, 0xff, 0xff, 0xff, 0xff, 0xc0,
    0xd, 0xb4, 0x44, 0x44, 0x44, 0x44, 0x44, 0x4c,
    0xb0,

    /* U+8981 "要" */
    0x9f, 0xff, 0xff, 0xff, 0xff, 0xff, 0xff, 0xff,
    0xf9, 0x36, 0x66, 0x67, 0xf8, 0x66, 0xaf, 0x66,
    0x66, 0x63, 0x0, 0x0, 0x2, 0xf4, 0x0, 0x7e,
    0x0, 0x0, 0x0, 0x9, 0xff, 0xff, 0xff, 0xff,
    0xff, 0xff, 0xff, 0xb0, 0x9, 0xd4, 0x46, 0xf7,
    0x44, 0xaf, 0x44, 0x4c, 0xb0, 0x9, 0xc0, 0x2,
    0xf4, 0x0, 0x7e, 0x0, 0xb, 0xb0, 0x9, 0xc0,
    0x2, 0xf4, 0x0, 0x7e, 0x0, 0xb, 0xb0, 0x9,
    0xff, 0xff, 0xff, 0xff, 0xff, 0xff, 0xff, 0xb0,
    0x2, 0x44, 0x44, 0xaf, 0x64, 0x44, 0x44, 0x44,
    0x30, 0x0, 0x0, 0x0, 0xeb, 0x0, 0x0, 0x0,
    0x0, 0x0, 0xef, 0xff, 0xff, 0xff, 0xff, 0xff,
    0xff, 0xff, 0xfe, 0x55, 0x55, 0xaf, 0x95, 0x55,
    0x55, 0xde, 0x55, 0x55, 0x0, 0x2, 0xfb, 0x0,
    0x0, 0x6, 0xf6, 0x0, 0x0, 0x0, 0xd, 0xfc,
    0x85, 0x10, 0x8f, 0x90, 0x0, 0x0, 0x0, 0x2,
    0x59, 0xcf, 0xff, 0xfd, 0x10, 0x0, 0x0, 0x0,
    0x1, 0x37, 0xae, 0xfb, 0xcf, 0xfd, 0x83, 0x0,
    0x8d, 0xff, 0xfe, 0xa6, 0x10, 0x1, 0x5a, 0xff,
    0xd2, 0x37, 0x54, 0x10, 0x0, 0x0, 0x0, 0x0,
    0x5, 0x40,

    /* U+89C1 "见" */
    0x0, 0x4, 0x99, 0x99, 0x99, 0x99, 0x99, 0x99,
    0x50, 0x0, 0x0, 0x7, 0xff, 0xff, 0xff, 0xff,
    0xff, 0xff, 0x80, 0x0, 0x0, 0x7, 0xf1, 0x0,
    0x0, 0x0, 0x0, 0x1f, 0x80, 0x0, 0x0, 0x7,
    0xf1, 0x0, 0x3, 0x20, 0x0, 0x1f, 0x80, 0x0,
    0x0, 0x7, 0xf1, 0x0, 0xf, 0x80, 0x0, 0x1f,
    0x80, 0x0, 0x0, 0x7, 0xf1, 0x0, 0x1f, 0x80,
    0x0, 0x1f, 0x80, 0x0, 0x0, 0x7, 0xf1, 0x0,
    0x1f, 0x70, 0x0, 0x1f, 0x80, 0x0, 0x0, 0x7,
    0xf1, 0x0, 0x3f, 0x50, 0x0, 0x1f, 0x80, 0x0,
    0x0, 0x7, 0xf1, 0x0, 0x4f, 0x40, 0x0, 0x1f,
    0x80, 0x0, 0x0, 0x7, 0xf1, 0x0, 0x7f, 0x20,
    0x0, 0x1f, 0x80, 0x0, 0x0, 0x7, 0xf1, 0x0,
    0xbe, 0xac, 0x0, 0x1f, 0x80, 0x0, 0x0, 0x6,
    0xd1, 0x1, 0xf9, 0xac, 0x0, 0x1d, 0x70, 0x0,
    0x0, 0x0, 0x0, 0xa, 0xf2, 0xac, 0x0, 0x0,
    0x1, 0x0, 0x0, 0x0, 0x0, 0x6f, 0x80, 0xac,
    0x0, 0x0, 0x5, 0xf0, 0x0, 0x0, 0x19, 0xfb,
    0x0, 0xac, 0x0, 0x0, 0x7, 0xe0, 0x0, 0x49,
    0xff, 0x80, 0x0, 0x9f, 0x76, 0x66, 0x6d, 0xb0,
    0xd, 0xfe, 0x91, 0x0, 0x0, 0x3d, 0xff, 0xff,
    0xfd, 0x30, 0x2, 0x30, 0x0, 0x0, 0x0, 0x0,
    0x0, 0x0, 0x0, 0x0,

    /* U+89D2 "角" */
    0x0, 0x0, 0x3, 0x93, 0x0, 0x0, 0x0, 0x0,
    0x0, 0x0, 0x0, 0xdf, 0x65, 0x55, 0x55, 0x0,
    0x0, 0x0, 0x0, 0x8f, 0xff, 0xff, 0xff, 0xf9,
    0x0, 0x0, 0x0, 0x6f, 0x90, 0x0, 0x0, 0xbd,
    0x0, 0x0, 0x0, 0x6f, 0xc2, 0x22, 0x22, 0x9f,
    0x52, 0x22, 0x10, 0x8f, 0xff, 0xff, 0xff, 0xff,
    0xff, 0xff, 0xf9, 0x7f, 0xaf, 0x83, 0x33, 0x4f,
    0x83, 0x33, 0x3f, 0x90, 0x41, 0xf6, 0x0, 0x1,
    0xf6, 0x0, 0x0, 0xe9, 0x0, 0x1f, 0x94, 0x44,
    0x5f, 0x94, 0x44, 0x4f, 0x90, 0x1, 0xff, 0xff,
    0xff, 0xff, 0xff, 0xff, 0xf9, 0x0, 0x1f, 0x60,
    0x0, 0x1f, 0x70, 0x0, 0xe, 0x90, 0x2, 0xf5,
    0x0, 0x1, 0xf6, 0x0, 0x0, 0xe9, 0x0, 0x4f,
    0x85, 0x55, 0x6f, 0xa5, 0x55, 0x5f, 0x90, 0x6,
    0xff, 0xff, 0xff, 0xff, 0xff, 0xff, 0xf9, 0x0,
    0xbd, 0x0, 0x0, 0x1f, 0x60, 0x0, 0xe, 0x90,
    0x1f, 0x80, 0x0, 0x1, 0xf6, 0x0, 0x0, 0xe9,
    0x9, 0xf3, 0x0, 0x0, 0x1f, 0x60, 0x0, 0xe,
    0x95, 0xfb, 0x0, 0x0, 0x1, 0xf6, 0x7, 0x78,
    0xf8, 0x1c, 0x10, 0x0, 0x0, 0x0, 0x0, 0xcf,
    0xeb, 0x20, 0x0, 0x0, 0x0, 0x0, 0x0, 0x0,
    0x0, 0x0,

    /* U+8BA1 "计" */
    0x0, 0x0, 0x0, 0x0, 0x0, 0x0, 0x35, 0x0,
    0x0, 0x0, 0x0, 0x1c, 0x60, 0x0, 0x0, 0x0,
    0x9f, 0x0, 0x0, 0x0, 0x0, 0x8, 0xf8, 0x0,
    0x0, 0x0, 0x9f, 0x0, 0x0, 0x0, 0x0, 0x0,
    0x7f, 0x80, 0x0, 0x0, 0x9f, 0x0, 0x0, 0x0,
    0x0, 0x0, 0x7, 0x30, 0x0, 0x0, 0x9f, 0x0,
    0x0, 0x0, 0x0, 0x0, 0x0, 0x0, 0x0, 0x0,
    0x9f, 0x0, 0x0, 0x0, 0x6, 0x66, 0x63, 0x0,
    0x0, 0x0, 0x9f, 0x0, 0x0, 0x0, 0x1f, 0xff,
    0xf9, 0xa, 0xff, 0xff, 0xff, 0xff, 0xff, 0xf1,
    0x0, 0x0, 0xe9, 0x5, 0x77, 0x77, 0xcf, 0x77,
    0x77, 0x70, 0x0, 0x0, 0xe9, 0x0, 0x0, 0x0,
    0x9f, 0x0, 0x0, 0x0, 0x0, 0x0, 0xe9, 0x0,
    0x0, 0x0, 0x9f, 0x0, 0x0, 0x0, 0x0, 0x0,
    0xe9, 0x0, 0x0, 0x0, 0x9f, 0x0, 0x0, 0x0,
    0x0, 0x0, 0xe9, 0x0, 0x0, 0x0, 0x9f, 0x0,
    0x0, 0x0, 0x0, 0x0, 0xe9, 0x1, 0x0, 0x0,
    0x9f, 0x0, 0x0, 0x0, 0x0, 0x0, 0xe9, 0x5e,
    0x40, 0x0, 0x9f, 0x0, 0x0, 0x0, 0x0, 0x0,
    0xfe, 0xfa, 0x0, 0x0, 0x9f, 0x0, 0x0, 0x0,
    0x0, 0x5, 0xff, 0x60, 0x0, 0x0, 0x9f, 0x0,
    0x0, 0x0, 0x0, 0xb, 0xe3, 0x0, 0x0, 0x0,
    0x9f, 0x0, 0x0, 0x0, 0x0, 0x2, 0x10, 0x0,
    0x0, 0x0, 0x9f, 0x0, 0x0, 0x0,

    /* U+8BA4 "认" */
    0x0, 0x11, 0x0, 0x0, 0x0, 0x4, 0xb1, 0x0,
    0x0, 0x0, 0xb, 0xd2, 0x0, 0x0, 0x0, 0x6f,
    0x10, 0x0, 0x0, 0x0, 0x1d, 0xe2, 0x0, 0x0,
    0x7, 0xf0, 0x0, 0x0, 0x0, 0x0, 0x1d, 0xc0,
    0x0, 0x0, 0x7f, 0x0, 0x0, 0x0, 0x0, 0x0,
    0x22, 0x0, 0x0, 0x7, 0xf0, 0x0, 0x0, 0x0,
    0x0, 0x0, 0x0, 0x0, 0x0, 0x8f, 0x0, 0x0,
    0x0, 0x77, 0x77, 0x70, 0x0, 0x0, 0x9, 0xf0,
    0x0, 0x0, 0xd, 0xff, 0xfe, 0x0, 0x0, 0x0,
    0xbf, 0x10, 0x0, 0x0, 0x0, 0x8, 0xe0, 0x0,
    0x0, 0xd, 0xf4, 0x0, 0x0, 0x0, 0x0, 0x8e,
    0x0, 0x0, 0x0, 0xff, 0x90, 0x0, 0x0, 0x0,
    0x8, 0xe0, 0x0, 0x0, 0x1f, 0xed, 0x0, 0x0,
    0x0, 0x0, 0x8e, 0x0, 0x0, 0x6, 0xf6, 0xf2,
    0x0, 0x0, 0x0, 0x8, 0xe0, 0x0, 0x0, 0xbd,
    0xe, 0xa0, 0x0, 0x0, 0x0, 0x8e, 0x4, 0x70,
    0x2f, 0x70, 0x8f, 0x20, 0x0, 0x0, 0x8, 0xfa,
    0xf8, 0x9, 0xf1, 0x1, 0xfa, 0x0, 0x0, 0x0,
    0xcf, 0xe4, 0x5, 0xf8, 0x0, 0x7, 0xf5, 0x0,
    0x0, 0x5f, 0xb1, 0x3, 0xfd, 0x0, 0x0, 0xb,
    0xf5, 0x0, 0x1, 0x70, 0x2, 0xfd, 0x10, 0x0,
    0x0, 0x1c, 0xf3, 0x0, 0x0, 0x0, 0x5, 0x10,
    0x0, 0x0, 0x0, 0x5, 0x0,

    /* U+8BB0 "记" */
    0x0, 0x2, 0x0, 0x0, 0x0, 0x0, 0x0, 0x0,
    0x0, 0x0, 0x0, 0x4f, 0x70, 0x0, 0x37, 0x77,
    0x77, 0x77, 0x76, 0x0, 0x0, 0x9, 0xf8, 0x0,
    0x8f, 0xff, 0xff, 0xff, 0xfe, 0x0, 0x0, 0x0,
    0x9f, 0x60, 0x0, 0x0, 0x0, 0x0, 0x9e, 0x0,
    0x0, 0x0, 0x8, 0x10, 0x0, 0x0, 0x0, 0x0,
    0x9e, 0x0, 0x0, 0x0, 0x0, 0x0, 0x0, 0x0,
    0x0, 0x0, 0x9e, 0x0, 0x19, 0x99, 0x95, 0x0,
    0x0, 0x0, 0x0, 0x0, 0x9e, 0x0, 0x1d, 0xdd,
    0xf8, 0x0, 0x0, 0x0, 0x0, 0x0, 0x9e, 0x0,
    0x0, 0x0, 0xe8, 0x0, 0x6f, 0xff, 0xff, 0xff,
    0xfe, 0x0, 0x0, 0x0, 0xe8, 0x0, 0x7f, 0x87,
    0x77, 0x77, 0xce, 0x0, 0x0, 0x0, 0xe8, 0x0,
    0x7f, 0x10, 0x0, 0x0, 0x58, 0x0, 0x0, 0x0,
    0xe8, 0x0, 0x7f, 0x10, 0x0, 0x0, 0x0, 0x0,
    0x0, 0x0, 0xe8, 0x0, 0x7f, 0x10, 0x0, 0x0,
    0x0, 0x0, 0x0, 0x0, 0xe8, 0x3, 0x7f, 0x10,
    0x0, 0x0, 0x1, 0x60, 0x0, 0x0, 0xea, 0xaf,
    0x8f, 0x10, 0x0, 0x0, 0x3, 0xf4, 0x0, 0x1,
    0xff, 0xe5, 0x7f, 0x10, 0x0, 0x0, 0x5, 0xf2,
    0x0, 0x9, 0xfb, 0x10, 0x5f, 0xa7, 0x66, 0x66,
    0x7d, 0xd0, 0x0, 0x5, 0x70, 0x0, 0x9, 0xef,
    0xff, 0xff, 0xfd, 0x30,

    /* U+8BB7 "讷" */
    0x0, 0x1, 0x0, 0x0, 0x0, 0x0, 0x5b, 0x0,
    0x0, 0x0, 0x8, 0xe3, 0x0, 0x0, 0x0, 0x7,
    0xe0, 0x0, 0x0, 0x0, 0xc, 0xf3, 0x0, 0x0,
    0x0, 0x7e, 0x0, 0x0, 0x0, 0x0, 0x1d, 0xe0,
    0x0, 0x0, 0x7, 0xe0, 0x0, 0x0, 0x0, 0x0,
    0x13, 0x0, 0x55, 0x55, 0xaf, 0x55, 0x55, 0x10,
    0x0, 0x0, 0x0, 0x2f, 0xff, 0xff, 0xff, 0xff,
    0xf4, 0x8, 0x88, 0x81, 0x2, 0xf3, 0x0, 0xac,
    0x0, 0x2f, 0x41, 0xff, 0xff, 0x10, 0x2f, 0x30,
    0xc, 0xa0, 0x1, 0xf4, 0x0, 0x4, 0xf1, 0x2,
    0xf3, 0x0, 0xfd, 0x0, 0x1f, 0x40, 0x0, 0x4f,
    0x10, 0x2f, 0x30, 0x4f, 0xf7, 0x1, 0xf4, 0x0,
    0x4, 0xf1, 0x2, 0xf3, 0x9, 0xe8, 0xf1, 0x1f,
    0x40, 0x0, 0x4f, 0x10, 0x2f, 0x31, 0xf8, 0x1e,
    0x91, 0xf4, 0x0, 0x4, 0xf1, 0x2, 0xf3, 0x9f,
    0x20, 0x7f, 0x4f, 0x40, 0x0, 0x4f, 0x11, 0x3f,
    0x8f, 0x70, 0x0, 0xfc, 0xf4, 0x0, 0x4, 0xf4,
    0xda, 0xf8, 0xb0, 0x0, 0x6, 0x5f, 0x40, 0x0,
    0x6f, 0xfd, 0x4f, 0x30, 0x0, 0x0, 0x1, 0xf4,
    0x0, 0xc, 0xfa, 0x2, 0xf3, 0x0, 0x0, 0x0,
    0x1f, 0x40, 0x1, 0xf8, 0x0, 0x2f, 0x30, 0x0,
    0x8, 0x89, 0xf3, 0x0, 0x2, 0x0, 0x2, 0xf3,
    0x0, 0x0, 0xad, 0xc8, 0x0,

    /* U+8BBE "设" */
    0x0, 0x3, 0x0, 0x0, 0x0, 0x11, 0x11, 0x11,
    0x0, 0x0, 0x0, 0x4f, 0x70, 0x0, 0x2, 0xff,
    0xff, 0xff, 0x30, 0x0, 0x0, 0x8, 0xf7, 0x0,
    0x2, 0xf7, 0x44, 0x7f, 0x30, 0x0, 0x0, 0x0,
    0x8f, 0x30, 0x3, 0xf3, 0x0, 0x3f, 0x30, 0x0,
    0x0, 0x0, 0x5, 0x0, 0x6, 0xf1, 0x0, 0x3f,
    0x30, 0x0, 0x0, 0x0, 0x0, 0x0, 0xc, 0xc0,
    0x0, 0x3f, 0x30, 0x0, 0x17, 0x77, 0x71, 0x0,
    0xaf, 0x30, 0x0, 0x2f, 0xca, 0xa0, 0x2f, 0xff,
    0xf2, 0xe, 0xf5, 0x0, 0x0, 0x6, 0xaa, 0x90,
    0x0, 0x4, 0xf2, 0x5, 0x20, 0x0, 0x0, 0x0,
    0x0, 0x0, 0x0, 0x4, 0xf2, 0x5, 0xff, 0xff,
    0xff, 0xff, 0xfc, 0x0, 0x0, 0x4, 0xf2, 0x2,
    0xaf, 0x76, 0x66, 0x67, 0xf7, 0x0, 0x0, 0x4,
    0xf2, 0x0, 0x1f, 0x80, 0x0, 0x8, 0xf1, 0x0,
    0x0, 0x4, 0xf2, 0x0, 0x7, 0xf2, 0x0, 0x3f,
    0x80, 0x0, 0x0, 0x4, 0xf2, 0x2, 0x0, 0xbe,
    0x22, 0xeb, 0x0, 0x0, 0x0, 0x4, 0xf5, 0xdb,
    0x0, 0x1d, 0xee, 0xc0, 0x0, 0x0, 0x0, 0x7,
    0xff, 0xc1, 0x0, 0x1a, 0xff, 0x91, 0x0, 0x0,
    0x0, 0x1d, 0xf8, 0x0, 0x39, 0xfe, 0x78, 0xff,
    0x83, 0x0, 0x0, 0xd, 0x50, 0xd, 0xfe, 0x81,
    0x0, 0x2a, 0xff, 0xe0, 0x0, 0x0, 0x0, 0x5,
    0x40, 0x0, 0x0, 0x0, 0x5, 0x50,

    /* U+8BCD "词" */
    0x0, 0x1, 0x0, 0x0, 0x0, 0x0, 0x0, 0x0,
    0x0, 0x0, 0x9, 0xd2, 0x0, 0x9f, 0xff, 0xff,
    0xff, 0xff, 0xf6, 0x0, 0x1d, 0xe2, 0x4, 0x66,
    0x66, 0x66, 0x66, 0x6f, 0x70, 0x0, 0x1e, 0xd0,
    0x0, 0x0, 0x0, 0x0, 0x0, 0xf7, 0x0, 0x0,
    0x38, 0x0, 0x55, 0x55, 0x55, 0x53, 0xf, 0x70,
    0x0, 0x0, 0x0, 0x1f, 0xff, 0xff, 0xff, 0x90,
    0xf7, 0x7, 0x77, 0x72, 0x0, 0x0, 0x0, 0x0,
    0x0, 0xf, 0x71, 0xee, 0xef, 0x40, 0x0, 0x11,
    0x11, 0x10, 0x0, 0xf7, 0x0, 0x1, 0xf4, 0x0,
    0x4f, 0xff, 0xff, 0xa0, 0xf, 0x70, 0x0, 0x1f,
    0x40, 0x4, 0xf4, 0x33, 0xca, 0x0, 0xf7, 0x0,
    0x1, 0xf4, 0x0, 0x4f, 0x0, 0xb, 0xa0, 0xf,
    0x70, 0x0, 0x1f, 0x40, 0x4, 0xf0, 0x0, 0xba,
    0x0, 0xf7, 0x0, 0x1, 0xf4, 0x0, 0x4f, 0x0,
    0xb, 0xa0, 0xf, 0x70, 0x0, 0x1f, 0x40, 0x24,
    0xff, 0xff, 0xfa, 0x0, 0xf7, 0x0, 0x1, 0xf7,
    0xdc, 0x4f, 0x54, 0x44, 0x30, 0xf, 0x70, 0x0,
    0x2f, 0xfe, 0x22, 0xa0, 0x0, 0x0, 0x0, 0xf7,
    0x0, 0x7, 0xfc, 0x10, 0x0, 0x0, 0x0, 0x0,
    0xf, 0x70, 0x0, 0xea, 0x0, 0x0, 0x0, 0x0,
    0x7, 0x78, 0xf5, 0x0, 0x2, 0x0, 0x0, 0x0,
    0x0, 0x0, 0xdf, 0xeb, 0x10,

    /* U+8BDD "话" */
    0x0, 0x0, 0x0, 0x0, 0x0, 0x0, 0x0, 0x1,
    0x51, 0x0, 0x0, 0xa9, 0x0, 0x0, 0x1, 0x35,
    0x7a, 0xdf, 0xfa, 0x0, 0x0, 0x5f, 0xa0, 0x9,
    0xff, 0xff, 0xfe, 0x85, 0x10, 0x0, 0x0, 0x4,
    0xf8, 0x3, 0x53, 0x10, 0xbc, 0x0, 0x0, 0x0,
    0x0, 0x0, 0x63, 0x0, 0x0, 0x0, 0xbc, 0x0,
    0x0, 0x0, 0x0, 0x0, 0x0, 0x0, 0x0, 0x0,
    0xbc, 0x0, 0x0, 0x0, 0x5, 0x55, 0x50, 0x6,
    0x77, 0x77, 0xde, 0x77, 0x77, 0x70, 0x2f, 0xff,
    0xf1, 0xc, 0xff, 0xff, 0xff, 0xff, 0xff, 0xf1,
    0x1, 0x16, 0xf1, 0x0, 0x0, 0x0, 0xbc, 0x0,
    0x0, 0x0, 0x0, 0x5, 0xf1, 0x0, 0x0, 0x0,
    0xbc, 0x0, 0x0, 0x0, 0x0, 0x5, 0xf1, 0x0,
    0x0, 0x0, 0xbc, 0x0, 0x0, 0x0, 0x0, 0x5,
    0xf1, 0x0, 0xbf, 0xff, 0xff, 0xff, 0xfd, 0x0,
    0x0, 0x5, 0xf1, 0x0, 0xcd, 0x66, 0x66, 0x66,
    0xce, 0x0, 0x0, 0x5, 0xf1, 0x52, 0xcb, 0x0,
    0x0, 0x0, 0xae, 0x0, 0x0, 0x5, 0xf8, 0xf6,
    0xcb, 0x0, 0x0, 0x0, 0xae, 0x0, 0x0, 0x7,
    0xff, 0x80, 0xcb, 0x0, 0x0, 0x0, 0xae, 0x0,
    0x0, 0x1d, 0xf5, 0x0, 0xcd, 0x66, 0x66, 0x66,
    0xce, 0x0, 0x0, 0x2e, 0x30, 0x0, 0xcf, 0xff,
    0xff, 0xff, 0xfe, 0x0, 0x0, 0x0, 0x0, 0x0,
    0xcb, 0x0, 0x0, 0x0, 0x9d, 0x0,

    /* U+8BED "语" */
    0x0, 0x0, 0x0, 0x1, 0x11, 0x11, 0x11, 0x11,
    0x11, 0x0, 0x0, 0xbb, 0x0, 0xf, 0xff, 0xff,
    0xff, 0xff, 0xff, 0x60, 0x0, 0x3f, 0xb0, 0x4,
    0x44, 0x4f, 0xa4, 0x44, 0x44, 0x10, 0x0, 0x3,
    0xfa, 0x0, 0x0, 0x2f, 0x50, 0x0, 0x0, 0x0,
    0x0, 0x0, 0x65, 0x1, 0x55, 0x9f, 0x75, 0x55,
    0x60, 0x0, 0x0, 0x0, 0x0, 0x3, 0xff, 0xff,
    0xff, 0xff, 0xf0, 0x0, 0x6, 0x66, 0x60, 0x0,
    0x0, 0xdb, 0x0, 0x7, 0xe0, 0x0, 0x1f, 0xff,
    0xf1, 0x0, 0x1, 0xf7, 0x0, 0x9, 0xd0, 0x0,
    0x0, 0x4, 0xf1, 0x46, 0x69, 0xf9, 0x66, 0x6c,
    0xd6, 0x60, 0x0, 0x4, 0xf1, 0xaf, 0xff, 0xff,
    0xff, 0xff, 0xff, 0xf1, 0x0, 0x4, 0xf1, 0x0,
    0x0, 0x0, 0x0, 0x0, 0x0, 0x0, 0x0, 0x4,
    0xf1, 0x0, 0x66, 0x66, 0x66, 0x66, 0x64, 0x0,
    0x0, 0x4, 0xf1, 0x0, 0xff, 0xff, 0xff, 0xff,
    0xfb, 0x0, 0x0, 0x4, 0xf1, 0x1, 0xf6, 0x0,
    0x0, 0x0, 0xcb, 0x0, 0x0, 0x4, 0xf2, 0xaa,
    0xf6, 0x0, 0x0, 0x0, 0xcb, 0x0, 0x0, 0x5,
    0xfe, 0xe4, 0xf6, 0x0, 0x0, 0x0, 0xcb, 0x0,
    0x0, 0xb, 0xfb, 0x10, 0xfa, 0x55, 0x55, 0x55,
    0xdb, 0x0, 0x0, 0xa, 0x70, 0x0, 0xff, 0xff,
    0xff, 0xff, 0xfb, 0x0, 0x0, 0x0, 0x0, 0x0,
    0xf6, 0x0, 0x0, 0x0, 0xba, 0x0,

    /* U+8BF4 "说" */
    0x0, 0x20, 0x0, 0x1, 0x81, 0x0, 0x0, 0x67,
    0x0, 0x0, 0x6f, 0x40, 0x0, 0xe, 0xb0, 0x0,
    0xe, 0xc0, 0x0, 0x0, 0xbf, 0x50, 0x0, 0x5f,
    0x30, 0x4, 0xf4, 0x0, 0x0, 0x0, 0xbf, 0x30,
    0x0, 0xe8, 0x0, 0xcd, 0x0, 0x0, 0x0, 0x1,
    0x80, 0x2c, 0xcd, 0xcc, 0xcf, 0xec, 0x60, 0x0,
    0x0, 0x0, 0x3, 0xfb, 0x99, 0x99, 0x99, 0xf8,
    0x0, 0x77, 0x77, 0x30, 0x3f, 0x30, 0x0, 0x0,
    0xf, 0x80, 0xf, 0xff, 0xf6, 0x3, 0xf3, 0x0,
    0x0, 0x0, 0xf8, 0x0, 0x0, 0x1f, 0x60, 0x3f,
    0x30, 0x0, 0x0, 0xf, 0x80, 0x0, 0x1, 0xf6,
    0x3, 0xff, 0xff, 0xff, 0xff, 0xf8, 0x0, 0x0,
    0x1f, 0x60, 0x16, 0x6d, 0xe6, 0xaf, 0x76, 0x30,
    0x0, 0x1, 0xf6, 0x0, 0x0, 0xda, 0x5, 0xf1,
    0x0, 0x0, 0x0, 0x1f, 0x60, 0x10, 0xf, 0x80,
    0x5f, 0x10, 0x0, 0x0, 0x1, 0xf7, 0x8f, 0x14,
    0xf4, 0x5, 0xf1, 0x0, 0x0, 0x0, 0x2f, 0xff,
    0x70, 0xbe, 0x0, 0x5f, 0x10, 0x18, 0x10, 0x9,
    0xfe, 0x30, 0x7f, 0x60, 0x5, 0xf1, 0x2, 0xf3,
    0x1, 0xeb, 0x12, 0xaf, 0xa0, 0x0, 0x5f, 0x86,
    0x9f, 0x10, 0x3, 0x0, 0xae, 0x60, 0x0, 0x1,
    0xdf, 0xff, 0x90, 0x0, 0x0, 0x0, 0x10, 0x0,
    0x0, 0x0, 0x0, 0x0, 0x0,

    /* U+8BF6 "诶" */
    0x0, 0x4, 0x0, 0x0, 0x0, 0xa, 0x80, 0x0,
    0x0, 0x0, 0x0, 0x5f, 0x70, 0x0, 0x0, 0x9f,
    0x50, 0x41, 0x0, 0x0, 0x0, 0x7, 0xf7, 0x0,
    0x6, 0xf7, 0x0, 0xdd, 0x10, 0x0, 0x0, 0x0,
    0x8f, 0x20, 0x5f, 0x80, 0x0, 0x2e, 0xc0, 0x0,
    0x0, 0x0, 0x4, 0x7, 0xff, 0xde, 0xff, 0xff,
    0xfb, 0x0, 0x0, 0x0, 0x0, 0x5, 0xcc, 0x97,
    0x65, 0x43, 0x6f, 0x50, 0x17, 0x77, 0x70, 0x0,
    0x1f, 0x90, 0x0, 0x0, 0x4, 0x0, 0x2e, 0xef,
    0xf0, 0x0, 0x8f, 0x74, 0x44, 0x44, 0x44, 0x10,
    0x0, 0x5, 0xf0, 0x2, 0xff, 0xff, 0xff, 0xff,
    0xff, 0x50, 0x0, 0x5, 0xf0, 0xc, 0xe1, 0x0,
    0xf8, 0x0, 0x0, 0x0, 0x0, 0x5, 0xf0, 0x4f,
    0x30, 0x0, 0xf8, 0x0, 0x0, 0x0, 0x0, 0x5,
    0xf0, 0x36, 0x55, 0x55, 0xfa, 0x55, 0x55, 0x50,
    0x0, 0x5, 0xf0, 0x9f, 0xff, 0xff, 0xff, 0xff,
    0xff, 0xf0, 0x0, 0x5, 0xf0, 0x10, 0x0, 0x9,
    0xfe, 0x10, 0x0, 0x0, 0x0, 0x5, 0xf4, 0xe4,
    0x0, 0x4f, 0x9e, 0xa0, 0x0, 0x0, 0x0, 0x7,
    0xff, 0xb1, 0x6, 0xfc, 0x5, 0xf9, 0x0, 0x0,
    0x0, 0xd, 0xf7, 0x4, 0xcf, 0xb0, 0x0, 0x6f,
    0xd5, 0x0, 0x0, 0x1c, 0x30, 0xdf, 0xd4, 0x0,
    0x0, 0x3, 0xcf, 0xf2, 0x0, 0x0, 0x0, 0x53,
    0x0, 0x0, 0x0, 0x0, 0x3, 0x50,

    /* U+8BF7 "请" */
    0x0, 0x1, 0x0, 0x0, 0x0, 0x0, 0x89, 0x0,
    0x0, 0x0, 0x0, 0x9d, 0x20, 0x1, 0x33, 0x33,
    0xcd, 0x33, 0x33, 0x10, 0x0, 0x1c, 0xe3, 0x5,
    0xff, 0xff, 0xff, 0xff, 0xff, 0x80, 0x0, 0x0,
    0xcd, 0x0, 0x0, 0x0, 0xbc, 0x0, 0x0, 0x0,
    0x0, 0x0, 0x12, 0x0, 0xdf, 0xff, 0xff, 0xff,
    0xff, 0x0, 0x0, 0x0, 0x0, 0x0, 0x12, 0x22,
    0xcc, 0x22, 0x22, 0x0, 0x17, 0x77, 0x72, 0x4,
    0x44, 0x44, 0xcd, 0x44, 0x44, 0x40, 0x2f, 0xff,
    0xf4, 0xd, 0xdd, 0xdd, 0xdd, 0xdd, 0xdd, 0xd2,
    0x0, 0x2, 0xf4, 0x0, 0x0, 0x0, 0x0, 0x0,
    0x0, 0x0, 0x0, 0x2, 0xf4, 0x0, 0x8f, 0xff,
    0xff, 0xff, 0xf9, 0x0, 0x0, 0x2, 0xf4, 0x0,
    0x8e, 0x22, 0x22, 0x22, 0xd9, 0x0, 0x0, 0x2,
    0xf4, 0x0, 0x8e, 0x11, 0x11, 0x11, 0xd9, 0x0,
    0x0, 0x2, 0xf4, 0x0, 0x8f, 0xff, 0xff, 0xff,
    0xf9, 0x0, 0x0, 0x2, 0xf4, 0x2, 0x8e, 0x0,
    0x0, 0x0, 0xd9, 0x0, 0x0, 0x2, 0xf8, 0xda,
    0x8f, 0xcc, 0xcc, 0xcc, 0xf9, 0x0, 0x0, 0x3,
    0xff, 0xc1, 0x8e, 0x44, 0x44, 0x44, 0xe9, 0x0,
    0x0, 0x7, 0xfb, 0x0, 0x8e, 0x0, 0x0, 0x0,
    0xd9, 0x0, 0x0, 0xe, 0xb0, 0x0, 0x8e, 0x0,
    0x2, 0x55, 0xf9, 0x0, 0x0, 0x3, 0x0, 0x0,
    0x8e, 0x0, 0x2, 0xee, 0xc2, 0x0,

    /* U+8BFB "读" */
    0x0, 0x1, 0x0, 0x0, 0x0, 0x0, 0x98, 0x0,
    0x0, 0x0, 0x0, 0xae, 0x20, 0x0, 0x0, 0x0,
    0xcb, 0x0, 0x0, 0x0, 0x0, 0x1d, 0xe3, 0x0,
    0xef, 0xff, 0xff, 0xff, 0xfd, 0x0, 0x0, 0x1,
    0xde, 0x0, 0x45, 0x55, 0xdc, 0x55, 0x54, 0x0,
    0x0, 0x0, 0x15, 0x0, 0x0, 0x0, 0xcb, 0x0,
    0x0, 0x0, 0x0, 0x0, 0x0, 0x8, 0xdd, 0xdd,
    0xff, 0xdd, 0xdd, 0x70, 0x17, 0x77, 0x71, 0x4,
    0x77, 0x77, 0x77, 0x77, 0x8f, 0x50, 0x3f, 0xff,
    0xf2, 0x0, 0x8, 0x30, 0x2c, 0x20, 0x5f, 0x0,
    0x0, 0x3, 0xf2, 0x0, 0x6, 0xe9, 0x4f, 0x30,
    0xa9, 0x0, 0x0, 0x3, 0xf2, 0x4, 0xc3, 0x1b,
    0x6f, 0x30, 0x0, 0x0, 0x0, 0x3, 0xf2, 0x0,
    0x7f, 0x70, 0x5f, 0x20, 0x0, 0x0, 0x0, 0x3,
    0xf2, 0x0, 0x3, 0x90, 0x7f, 0x10, 0x0, 0x0,
    0x0, 0x3, 0xf2, 0x1f, 0xff, 0xff, 0xff, 0xff,
    0xff, 0xe0, 0x0, 0x3, 0xf2, 0x35, 0x44, 0x47,
    0xf9, 0x44, 0x44, 0x40, 0x0, 0x3, 0xf7, 0xf5,
    0x0, 0xc, 0xe2, 0xb4, 0x0, 0x0, 0x0, 0x5,
    0xff, 0x90, 0x1, 0xbf, 0x40, 0x8f, 0x90, 0x0,
    0x0, 0xa, 0xf7, 0x0, 0x5e, 0xe4, 0x0, 0x4,
    0xec, 0x10, 0x0, 0xd, 0x50, 0x2e, 0xfb, 0x20,
    0x0, 0x0, 0x2d, 0xd0, 0x0, 0x0, 0x0, 0x7,
    0x30, 0x0, 0x0, 0x0, 0x1, 0x50,

    /* U+8C01 "谁" */
    0x0, 0x1, 0x0, 0x0, 0x0, 0x93, 0x6, 0x20,
    0x0, 0x0, 0x0, 0x9e, 0x20, 0x0, 0x5, 0xf4,
    0xd, 0xb0, 0x0, 0x0, 0x0, 0x1c, 0xf3, 0x0,
    0xc, 0xd0, 0x5, 0xf2, 0x0, 0x0, 0x0, 0x1,
    0xde, 0x0, 0x3f, 0x82, 0x23, 0xc4, 0x22, 0x10,
    0x0, 0x0, 0x25, 0x0, 0xbf, 0xff, 0xff, 0xff,
    0xff, 0x90, 0x0, 0x0, 0x0, 0x5, 0xff, 0x22,
    0x28, 0xf2, 0x22, 0x10, 0x18, 0x88, 0x81, 0x2e,
    0xff, 0x0, 0x7, 0xf0, 0x0, 0x0, 0x2e, 0xef,
    0xf2, 0x9e, 0x8f, 0x44, 0x49, 0xf4, 0x44, 0x0,
    0x0, 0x4, 0xf2, 0x13, 0x6f, 0xff, 0xff, 0xff,
    0xff, 0x20, 0x0, 0x4, 0xf2, 0x0, 0x6f, 0x11,
    0x17, 0xf1, 0x11, 0x0, 0x0, 0x4, 0xf2, 0x0,
    0x6f, 0x0, 0x7, 0xf0, 0x0, 0x0, 0x0, 0x4,
    0xf2, 0x0, 0x6f, 0x55, 0x5a, 0xf5, 0x55, 0x0,
    0x0, 0x4, 0xf2, 0x0, 0x6f, 0xff, 0xff, 0xff,
    0xff, 0x20, 0x0, 0x4, 0xf2, 0x33, 0x6f, 0x0,
    0x7, 0xf0, 0x0, 0x0, 0x0, 0x5, 0xf8, 0xf8,
    0x6f, 0x0, 0x7, 0xf0, 0x0, 0x0, 0x0, 0x8,
    0xff, 0x80, 0x6f, 0x33, 0x39, 0xf3, 0x33, 0x30,
    0x0, 0x1e, 0xf5, 0x0, 0x6f, 0xff, 0xff, 0xff,
    0xff, 0xf2, 0x0, 0x1c, 0x20, 0x0, 0x6f, 0x22,
    0x22, 0x22, 0x22, 0x20, 0x0, 0x0, 0x0, 0x0,
    0x6f, 0x0, 0x0, 0x0, 0x0, 0x0,

    /* U+8C08 "谈" */
    0x0, 0x0, 0x0, 0x0, 0x0, 0x0, 0xa7, 0x0,
    0x0, 0x0, 0x0, 0x3d, 0x30, 0x0, 0x3, 0x0,
    0xf9, 0x0, 0x24, 0x0, 0x0, 0xb, 0xf4, 0x0,
    0x6f, 0x0, 0xf7, 0x0, 0xbe, 0x10, 0x0, 0x0,
    0xbf, 0x10, 0xd9, 0x2, 0xf5, 0x4, 0xf4, 0x0,
    0x0, 0x0, 0x5, 0x7, 0xf2, 0x7, 0xf3, 0xe,
    0x90, 0x0, 0x0, 0x0, 0x0, 0x4, 0x50, 0xc,
    0xff, 0x72, 0x0, 0x0, 0x7, 0x77, 0x73, 0x0,
    0x0, 0x7f, 0x68, 0xfd, 0x40, 0x0, 0x1f, 0xff,
    0xf6, 0x0, 0x1a, 0xf9, 0x0, 0x2c, 0xfa, 0x0,
    0x0, 0x0, 0xf6, 0xa, 0xff, 0x70, 0x64, 0x0,
    0x7f, 0xb0, 0x0, 0x0, 0xf6, 0x5, 0x60, 0x0,
    0xe9, 0x0, 0x3, 0x20, 0x0, 0x0, 0xf6, 0x0,
    0x3a, 0x0, 0xf7, 0x0, 0x2b, 0x30, 0x0, 0x0,
    0xf6, 0x0, 0x9d, 0x1, 0xf7, 0x0, 0xae, 0x10,
    0x0, 0x0, 0xf6, 0x1, 0xf7, 0x5, 0xfc, 0x4,
    0xf6, 0x0, 0x0, 0x0, 0xf6, 0xa, 0xe0, 0xa,
    0xff, 0x3e, 0xa0, 0x0, 0x0, 0x0, 0xf7, 0x62,
    0x30, 0x2f, 0x9c, 0xc3, 0x0, 0x0, 0x0, 0x1,
    0xff, 0xe0, 0x2, 0xde, 0x13, 0xfa, 0x0, 0x0,
    0x0, 0x7, 0xfc, 0x21, 0x8f, 0xf3, 0x0, 0x5f,
    0xd5, 0x0, 0x0, 0xb, 0xa0, 0x9f, 0xfa, 0x10,
    0x0, 0x3, 0xdf, 0xf2, 0x0, 0x0, 0x0, 0x26,
    0x10, 0x0, 0x0, 0x0, 0x3, 0x60,

    /* U+8C22 "谢" */
    0x0, 0x0, 0x0, 0x0, 0x2, 0x0, 0x0, 0x0,
    0x1, 0x0, 0x0, 0x20, 0x0, 0x0, 0xf, 0x70,
    0x0, 0x0, 0x7e, 0x0, 0x2, 0xf6, 0x0, 0x0,
    0x3f, 0x20, 0x0, 0x0, 0x7e, 0x0, 0x0, 0x7f,
    0x30, 0x15, 0x9f, 0x55, 0x0, 0x0, 0x7e, 0x0,
    0x0, 0xa, 0xe0, 0x4f, 0xdd, 0xef, 0x20, 0x0,
    0x7e, 0x0, 0x0, 0x1, 0x80, 0x4f, 0x0, 0x2f,
    0x35, 0x55, 0xaf, 0x51, 0x0, 0x0, 0x0, 0x4f,
    0xff, 0xff, 0x4e, 0xee, 0xff, 0xe2, 0x29, 0x99,
    0x40, 0x4f, 0x22, 0x4f, 0x20, 0x0, 0x7e, 0x0,
    0x3e, 0xef, 0x60, 0x4f, 0x22, 0x4f, 0x23, 0x10,
    0x7e, 0x0, 0x0, 0xe, 0x60, 0x4f, 0xff, 0xff,
    0x2d, 0x70, 0x7e, 0x0, 0x0, 0xe, 0x60, 0x4f,
    0x0, 0x2f, 0x27, 0xd0, 0x7e, 0x0, 0x0, 0xe,
    0x62, 0x7f, 0x44, 0x6f, 0x21, 0xf3, 0x7e, 0x0,
    0x0, 0xe, 0x66, 0xff, 0xff, 0xff, 0x20, 0xd7,
    0x7e, 0x0, 0x0, 0xe, 0x60, 0x0, 0xb, 0xdf,
    0x20, 0x53, 0x7e, 0x0, 0x0, 0xe, 0x62, 0x20,
    0x8e, 0x3f, 0x20, 0x0, 0x7e, 0x0, 0x0, 0xf,
    0xbf, 0x57, 0xf3, 0x2f, 0x20, 0x0, 0x7e, 0x0,
    0x0, 0x3f, 0xf6, 0xaf, 0x50, 0x2f, 0x20, 0x0,
    0x7e, 0x0, 0x0, 0xbe, 0x38, 0xe2, 0x13, 0x6f,
    0x10, 0x54, 0xae, 0x0, 0x0, 0x32, 0x0, 0x10,
    0x3f, 0xfb, 0x0, 0xcf, 0xe7, 0x0, 0x0, 0x0,
    0x0, 0x0, 0x0, 0x0, 0x0, 0x0, 0x0, 0x0,

    /* U+8C46 "豆" */
    0x7f, 0xff, 0xff, 0xff, 0xff, 0xff, 0xff, 0xff,
    0xf4, 0x36, 0x66, 0x66, 0x66, 0x66, 0x66, 0x66,
    0x66, 0x62, 0x0, 0x0, 0x0, 0x0, 0x0, 0x0,
    0x0, 0x0, 0x0, 0x0, 0x23, 0x33, 0x33, 0x33,
    0x33, 0x33, 0x30, 0x0, 0x0, 0xaf, 0xff, 0xff,
    0xff, 0xff, 0xff, 0xf3, 0x0, 0x0, 0xae, 0x22,
    0x22, 0x22, 0x22, 0x27, 0xf3, 0x0, 0x0, 0xae,
    0x0, 0x0, 0x0, 0x0, 0x5, 0xf3, 0x0, 0x0,
    0xae, 0x0, 0x0, 0x0, 0x0, 0x5, 0xf3, 0x0,
    0x0, 0xae, 0x11, 0x11, 0x11, 0x11, 0x16, 0xf3,
    0x0, 0x0, 0xaf, 0xff, 0xff, 0xff, 0xff, 0xff,
    0xf3, 0x0, 0x0, 0x34, 0x55, 0x44, 0x44, 0x44,
    0x65, 0x41, 0x0, 0x0, 0x0, 0xf8, 0x0, 0x0,
    0x0, 0xce, 0x0, 0x0, 0x0, 0x0, 0x9f, 0x0,
    0x0, 0x3, 0xf7, 0x0, 0x0, 0x0, 0x0, 0x3f,
    0x50, 0x0, 0xa, 0xe0, 0x0, 0x0, 0x0, 0x0,
    0xe, 0x90, 0x0, 0x2f, 0x60, 0x0, 0x0, 0x66,
    0x66, 0x68, 0x66, 0x66, 0xcf, 0x76, 0x66, 0x65,
    0xef, 0xff, 0xff, 0xff, 0xff, 0xff, 0xff, 0xff,
    0xfc,

    /* U+8C8C "貌" */
    0x0, 0x0, 0x0, 0x43, 0x0, 0x0, 0x9, 0x70,
    0x0, 0x0, 0x0, 0x0, 0x4b, 0xf8, 0x0, 0x0,
    0x1f, 0x90, 0x0, 0x0, 0x4, 0x9e, 0xfa, 0x20,
    0x3, 0x44, 0x8f, 0x84, 0x44, 0x10, 0x1e, 0xb6,
    0x59, 0x0, 0xa, 0xff, 0xff, 0xff, 0xff, 0x50,
    0x2, 0x90, 0x1f, 0x5b, 0xca, 0xb0, 0x0, 0x0,
    0x1f, 0x50, 0x0, 0xd7, 0x9, 0xfd, 0x2a, 0xb0,
    0x0, 0x0, 0x1f, 0x50, 0x0, 0x4f, 0xbf, 0x90,
    0xa, 0xff, 0xff, 0xff, 0xff, 0x50, 0x2, 0x9f,
    0xdf, 0x40, 0xa, 0xc3, 0x33, 0x33, 0x4f, 0x50,
    0xd, 0xd5, 0x9, 0xd0, 0xa, 0xb0, 0x0, 0x0,
    0x1f, 0x50, 0x1, 0x0, 0x3d, 0xf4, 0xa, 0xc4,
    0x44, 0x44, 0x5f, 0x50, 0x0, 0x7, 0xf8, 0xc9,
    0xa, 0xff, 0xff, 0xff, 0xff, 0x50, 0x7, 0xed,
    0x40, 0x9c, 0x0, 0xb, 0xa0, 0x7e, 0x0, 0x0,
    0x8, 0x70, 0x6, 0xff, 0x0, 0xd, 0x80, 0x7e,
    0x0, 0x0, 0x0, 0x1, 0xae, 0x8f, 0x10, 0xf,
    0x70, 0x7e, 0x0, 0x0, 0x0, 0x6e, 0xb1, 0x5f,
    0x0, 0x4f, 0x30, 0x7e, 0x0, 0x60, 0x1e, 0xe5,
    0x0, 0x6f, 0x0, 0xbe, 0x0, 0x7e, 0x0, 0xf3,
    0x4, 0x0, 0x0, 0x9d, 0x7, 0xf6, 0x0, 0x7f,
    0x35, 0xf1, 0x0, 0x5, 0x46, 0xf9, 0xbf, 0xa0,
    0x0, 0x3e, 0xff, 0xa0, 0x0, 0x8, 0xff, 0x90,
    0xa7, 0x0, 0x0, 0x0, 0x0, 0x0, 0x0, 0x0,
    0x0, 0x0, 0x0, 0x0, 0x0, 0x0, 0x0, 0x0,

    /* U+8D26 "账" */
    0x0, 0x0, 0x0, 0x0, 0x0, 0x37, 0x0, 0x0,
    0x0, 0x0, 0x3, 0xff, 0xff, 0xff, 0x0, 0x7e,
    0x0, 0x0, 0x4e, 0x30, 0x3, 0xf4, 0x44, 0x6f,
    0x0, 0x7e, 0x0, 0x0, 0xec, 0x0, 0x3, 0xe0,
    0x52, 0x2f, 0x0, 0x7e, 0x0, 0x9, 0xf2, 0x0,
    0x3, 0xe0, 0xc5, 0x2f, 0x0, 0x7e, 0x0, 0x8f,
    0x70, 0x0, 0x3, 0xe0, 0xc5, 0x2f, 0x0, 0x7e,
    0x9, 0xf9, 0x0, 0x0, 0x3, 0xe0, 0xc5, 0x2f,
    0x0, 0x7e, 0x2f, 0xa0, 0x0, 0x0, 0x3, 0xe0,
    0xc5, 0x2f, 0x0, 0x8e, 0x2, 0x0, 0x0, 0x0,
    0x3, 0xe0, 0xc5, 0x2f, 0x6f, 0xff, 0xff, 0xff,
    0xff, 0xf2, 0x3, 0xe0, 0xd5, 0x2f, 0x25, 0xaf,
    0x59, 0xf6, 0x55, 0x50, 0x3, 0xe0, 0xd5, 0x2f,
    0x0, 0x7e, 0x1, 0xf4, 0x0, 0x0, 0x3, 0xe0,
    0xe4, 0x2f, 0x0, 0x7e, 0x0, 0xc9, 0x0, 0x0,
    0x3, 0xe1, 0xf1, 0x2f, 0x0, 0x7e, 0x0, 0x6f,
    0x10, 0x0, 0x1, 0x55, 0xe2, 0x14, 0x0, 0x7e,
    0x0, 0xe, 0x80, 0x0, 0x0, 0xb, 0x9d, 0x90,
    0x0, 0x7e, 0x0, 0x8, 0xf3, 0x0, 0x0, 0x3f,
    0x13, 0xf6, 0x0, 0x7e, 0x4, 0x90, 0xdd, 0x10,
    0x2, 0xe8, 0x0, 0x6f, 0x20, 0xaf, 0xef, 0xb0,
    0x2f, 0xe2, 0xe, 0xa0, 0x0, 0x9, 0x23, 0xfe,
    0x82, 0x0, 0x2, 0xc1, 0x2, 0x0, 0x0, 0x0,
    0x0, 0x60, 0x0, 0x0, 0x0, 0x0,

    /* U+8D2D "购" */
    0x0, 0x0, 0x0, 0x0, 0x0, 0x5, 0x50, 0x0,
    0x0, 0x0, 0x16, 0x66, 0x66, 0x62, 0x0, 0xdb,
    0x0, 0x0, 0x0, 0x4, 0xff, 0xff, 0xff, 0x40,
    0x3f, 0x60, 0x0, 0x0, 0x0, 0x4e, 0x0, 0x0,
    0xe4, 0x9, 0xf7, 0x66, 0x66, 0x65, 0x4, 0xe0,
    0x53, 0xe, 0x40, 0xef, 0xff, 0xff, 0xff, 0xc0,
    0x4e, 0xc, 0x60, 0xe4, 0x8f, 0x20, 0x0, 0x0,
    0xbb, 0x4, 0xe0, 0xc6, 0xe, 0x8f, 0x91, 0x50,
    0x0, 0xb, 0xb0, 0x4e, 0xc, 0x60, 0xe7, 0xb0,
    0x6f, 0x10, 0x0, 0xca, 0x4, 0xe0, 0xc6, 0xe,
    0x40, 0xb, 0xb0, 0x0, 0xc, 0xa0, 0x4e, 0xc,
    0x60, 0xe4, 0x0, 0xf6, 0x3a, 0x0, 0xd9, 0x4,
    0xe0, 0xd6, 0xe, 0x40, 0x4f, 0x11, 0xf2, 0xe,
    0x80, 0x4e, 0xd, 0x50, 0xe4, 0xa, 0xa0, 0xa,
    0x80, 0xe8, 0x4, 0xe0, 0xf3, 0xe, 0x42, 0xfa,
    0xad, 0xfd, 0xf, 0x70, 0x27, 0x2f, 0x0, 0x62,
    0x8f, 0xd9, 0x53, 0xf3, 0xf6, 0x0, 0x7, 0xc6,
    0x70, 0x1, 0x10, 0x0, 0x3, 0x2f, 0x50, 0x0,
    0xe6, 0x5f, 0x50, 0x0, 0x0, 0x0, 0x4, 0xf3,
    0x0, 0x8e, 0x0, 0x8f, 0x20, 0x0, 0x0, 0x0,
    0x7f, 0x10, 0x7f, 0x30, 0x0, 0xcd, 0x0, 0x0,
    0x77, 0x7e, 0xc0, 0xa, 0x40, 0x0, 0x2, 0x40,
    0x0, 0xa, 0xff, 0xd3, 0x0, 0x0, 0x0, 0x0,
    0x0, 0x0, 0x0, 0x0, 0x0, 0x0,

    /* U+8D35 "贵" */
    0x0, 0x0, 0x0, 0x0, 0x88, 0x0, 0x0, 0x0,
    0x0, 0x0, 0x13, 0x33, 0x33, 0xcd, 0x33, 0x33,
    0x31, 0x0, 0x0, 0x7f, 0xdd, 0xdd, 0xff, 0xdd,
    0xdd, 0xf7, 0x0, 0x0, 0x7f, 0x0, 0x0, 0xbc,
    0x0, 0x0, 0xf7, 0x0, 0x0, 0x7f, 0xff, 0xff,
    0xff, 0xff, 0xff, 0xf7, 0x0, 0x0, 0x1, 0x11,
    0x11, 0xcd, 0x11, 0x11, 0x10, 0x0, 0x45, 0x55,
    0x55, 0x55, 0xdd, 0x55, 0x55, 0x55, 0x55, 0xdf,
    0xff, 0xff, 0xff, 0xff, 0xff, 0xff, 0xff, 0xfe,
    0x0, 0x0, 0x0, 0x0, 0x0, 0x0, 0x0, 0x0,
    0x0, 0x0, 0x2f, 0xff, 0xff, 0xff, 0xff, 0xff,
    0xf2, 0x0, 0x0, 0x2f, 0x73, 0x33, 0x33, 0x33,
    0x38, 0xf2, 0x0, 0x0, 0x2f, 0x50, 0x0, 0xdb,
    0x0, 0x6, 0xf2, 0x0, 0x0, 0x2f, 0x50, 0x0,
    0xea, 0x0, 0x6, 0xf2, 0x0, 0x0, 0x2f, 0x50,
    0x1, 0xf8, 0x0, 0x6, 0xf2, 0x0, 0x0, 0x2f,
    0x50, 0xa, 0xf3, 0x40, 0x6, 0xf2, 0x0, 0x0,
    0x1, 0x2, 0xbf, 0x63, 0xff, 0xa4, 0x0, 0x0,
    0x0, 0x5, 0xaf, 0xd4, 0x0, 0x16, 0xcf, 0xe8,
    0x10, 0x3c, 0xff, 0xb5, 0x0, 0x0, 0x0, 0x2,
    0x9f, 0xf1, 0x7, 0x51, 0x0, 0x0, 0x0, 0x0,
    0x0, 0x1, 0x50,

    /* U+8D70 "走" */
    0x0, 0x0, 0x0, 0x0, 0x1, 0x10, 0x0, 0x0,
    0x0, 0x0, 0x0, 0x0, 0x0, 0x0, 0xf, 0x80,
    0x0, 0x0, 0x0, 0x0, 0x0, 0x0, 0x0, 0x0,
    0xf, 0x80, 0x0, 0x0, 0x0, 0x0, 0x0, 0x16,
    0x66, 0x66, 0x6f, 0xb6, 0x66, 0x66, 0x60, 0x0,
    0x0, 0x2f, 0xff, 0xff, 0xff, 0xff, 0xff, 0xff,
    0xf1, 0x0, 0x0, 0x0, 0x0, 0x0, 0xf, 0x80,
    0x0, 0x0, 0x0, 0x0, 0x0, 0x0, 0x0, 0x0,
    0xf, 0x80, 0x0, 0x0, 0x0, 0x0, 0x4, 0x44,
    0x44, 0x44, 0x4f, 0xa4, 0x44, 0x44, 0x44, 0x20,
    0xe, 0xff, 0xff, 0xff, 0xff, 0xff, 0xff, 0xff,
    0xff, 0x80, 0x1, 0x11, 0x11, 0x11, 0x1f, 0x91,
    0x11, 0x11, 0x11, 0x0, 0x0, 0x0, 0xa6, 0x0,
    0xf, 0x80, 0x0, 0x0, 0x0, 0x0, 0x0, 0x0,
    0xf8, 0x0, 0xf, 0x80, 0x0, 0x0, 0x0, 0x0,
    0x0, 0x3, 0xf5, 0x0, 0xf, 0xfe, 0xee, 0xee,
    0xe3, 0x0, 0x0, 0x7, 0xf7, 0x0, 0xf, 0xb6,
    0x66, 0x66, 0x61, 0x0, 0x0, 0xc, 0xfe, 0x10,
    0xf, 0x80, 0x0, 0x0, 0x0, 0x0, 0x0, 0x4f,
    0x5c, 0xd2, 0xf, 0x80, 0x0, 0x0, 0x0, 0x0,
    0x0, 0xdc, 0x1, 0xdf, 0x8f, 0x80, 0x0, 0x0,
    0x0, 0x0, 0xb, 0xf3, 0x0, 0x18, 0xff, 0xda,
    0x97, 0x76, 0x77, 0x70, 0x3f, 0x50, 0x0, 0x0,
    0x26, 0xad, 0xef, 0xff, 0xff, 0xb0, 0x1, 0x0,
    0x0, 0x0, 0x0, 0x0, 0x0, 0x0, 0x0, 0x0,

    /* U+8D77 "起" */
    0x0, 0x0, 0x2c, 0x20, 0x0, 0x0, 0x0, 0x0,
    0x0, 0x0, 0x0, 0x0, 0x2f, 0x30, 0x0, 0x3c,
    0xcc, 0xcc, 0xcc, 0x10, 0x3, 0x66, 0x8f, 0x86,
    0x63, 0x29, 0x99, 0x99, 0xcf, 0x10, 0x8, 0xff,
    0xff, 0xff, 0xf7, 0x0, 0x0, 0x0, 0x5f, 0x10,
    0x0, 0x0, 0x2f, 0x30, 0x0, 0x0, 0x0, 0x0,
    0x5f, 0x10, 0x0, 0x0, 0x2f, 0x30, 0x0, 0x0,
    0x0, 0x0, 0x5f, 0x10, 0xa, 0xaa, 0xbf, 0xba,
    0xaa, 0x4, 0x44, 0x44, 0x8f, 0x10, 0xa, 0xaa,
    0xaf, 0xda, 0xaa, 0x1f, 0xff, 0xff, 0xff, 0x10,
    0x0, 0x0, 0xd, 0x80, 0x0, 0xf, 0x60, 0x0,
    0x28, 0x0, 0x0, 0xb4, 0xd, 0x80, 0x0, 0xf,
    0x60, 0x0, 0x0, 0x0, 0x1, 0xf5, 0xd, 0xb5,
    0x54, 0xf, 0x60, 0x0, 0x0, 0x0, 0x2, 0xf4,
    0xd, 0xff, 0xfc, 0xf, 0x60, 0x0, 0x1, 0x80,
    0x3, 0xf6, 0xd, 0x80, 0x0, 0xf, 0x60, 0x0,
    0x3, 0xf2, 0x4, 0xfd, 0xd, 0x80, 0x0, 0xf,
    0x80, 0x0, 0x7, 0xf0, 0x6, 0xff, 0x7d, 0x80,
    0x0, 0xc, 0xff, 0xff, 0xff, 0xa0, 0x9, 0xc6,
    0xff, 0x80, 0x0, 0x0, 0x45, 0x55, 0x54, 0x0,
    0xd, 0x90, 0x7f, 0xfc, 0x98, 0x76, 0x66, 0x67,
    0x77, 0x72, 0x4f, 0x40, 0x1, 0x7b, 0xde, 0xff,
    0xff, 0xff, 0xff, 0xf0, 0x7, 0x0, 0x0, 0x0,
    0x0, 0x0, 0x0, 0x0, 0x0, 0x0,

    /* U+8DEF "路" */
    0x0, 0x22, 0x22, 0x22, 0x0, 0x4, 0xd2, 0x0,
    0x0, 0x0, 0x3, 0xff, 0xff, 0xff, 0x40, 0xb,
    0xe0, 0x0, 0x0, 0x0, 0x3, 0xf4, 0x22, 0x3f,
    0x40, 0x2f, 0xff, 0xff, 0xf9, 0x0, 0x3, 0xf1,
    0x0, 0x1f, 0x40, 0x9f, 0x65, 0x58, 0xf6, 0x0,
    0x3, 0xf1, 0x0, 0x1f, 0x43, 0xff, 0x50, 0xa,
    0xf0, 0x0, 0x3, 0xf3, 0x11, 0x3f, 0x5d, 0xc9,
    0xd0, 0x4f, 0x80, 0x0, 0x3, 0xff, 0xff, 0xff,
    0xdf, 0x20, 0xda, 0xdd, 0x0, 0x0, 0x0, 0x33,
    0x8f, 0x33, 0x12, 0x0, 0x4f, 0xf3, 0x0, 0x0,
    0x0, 0x0, 0x5f, 0x0, 0x0, 0x0, 0xbf, 0xf9,
    0x0, 0x0, 0x3, 0xf0, 0x5f, 0x0, 0x0, 0x3d,
    0xe3, 0x4e, 0xd3, 0x0, 0x3, 0xf0, 0x5f, 0xff,
    0xab, 0xfa, 0x10, 0x1, 0xcf, 0xb2, 0x3, 0xf0,
    0x5f, 0x33, 0xbd, 0xfe, 0xdd, 0xdd, 0xef, 0xc0,
    0x3, 0xf0, 0x5f, 0x0, 0x0, 0xfa, 0x66, 0x66,
    0xbe, 0x0, 0x3, 0xf0, 0x5f, 0x0, 0x0, 0xf6,
    0x0, 0x0, 0x7e, 0x0, 0x3, 0xf0, 0x5f, 0x15,
    0x60, 0xf6, 0x0, 0x0, 0x7e, 0x0, 0x3, 0xf6,
    0xbf, 0xff, 0xa0, 0xf6, 0x0, 0x0, 0x7e, 0x0,
    0x2e, 0xff, 0xea, 0x51, 0x0, 0xfa, 0x55, 0x55,
    0xae, 0x0, 0xa, 0x62, 0x0, 0x0, 0x0, 0xff,
    0xff, 0xff, 0xfe, 0x0, 0x0, 0x0, 0x0, 0x0,
    0x0, 0xf6, 0x0, 0x0, 0x7d, 0x0,

    /* U+8EAB "身" */
    0x0, 0x0, 0x0, 0x0, 0x2e, 0x60, 0x0, 0x0,
    0x0, 0x0, 0x0, 0x0, 0x0, 0x8, 0xf2, 0x0,
    0x0, 0x0, 0x0, 0x0, 0x0, 0xef, 0xff, 0xff,
    0xff, 0xff, 0xf5, 0x0, 0x0, 0x0, 0xe, 0xb5,
    0x55, 0x55, 0x55, 0x6f, 0x50, 0x0, 0x0, 0x0,
    0xe8, 0x0, 0x0, 0x0, 0x1, 0xf5, 0x0, 0x0,
    0x0, 0xe, 0xff, 0xff, 0xff, 0xff, 0xff, 0x50,
    0x0, 0x0, 0x0, 0xea, 0x22, 0x22, 0x22, 0x24,
    0xf5, 0x0, 0x0, 0x0, 0xe, 0x80, 0x0, 0x0,
    0x0, 0x1f, 0x52, 0xc4, 0x0, 0x0, 0xef, 0xff,
    0xff, 0xff, 0xff, 0xf6, 0xdd, 0x10, 0x0, 0xe,
    0xa3, 0x33, 0x33, 0x33, 0x4f, 0xee, 0x10, 0x0,
    0x0, 0xe8, 0x0, 0x0, 0x0, 0x1, 0xfe, 0x20,
    0x0, 0x8e, 0xef, 0xfe, 0xee, 0xee, 0xee, 0xff,
    0x60, 0x0, 0x4, 0x66, 0x66, 0x66, 0x66, 0x7d,
    0xfd, 0xf5, 0x0, 0x0, 0x0, 0x0, 0x0, 0x0,
    0x6e, 0xf7, 0x1f, 0x50, 0x0, 0x0, 0x0, 0x0,
    0x5, 0xdf, 0xb2, 0x1, 0xf5, 0x0, 0x0, 0x0,
    0x3, 0x8d, 0xfb, 0x30, 0x0, 0x1f, 0x50, 0x0,
    0x4, 0x9e, 0xfd, 0x82, 0x0, 0x77, 0x79, 0xf4,
    0x0, 0x0, 0xde, 0x93, 0x0, 0x0, 0xd, 0xff,
    0xd9, 0x0, 0x0, 0x1, 0x0, 0x0, 0x0, 0x0,
    0x0, 0x0, 0x0, 0x0, 0x0,

    /* U+8F66 "车" */
    0x0, 0x0, 0x0, 0x7b, 0x20, 0x0, 0x0, 0x0,
    0x0, 0x0, 0x0, 0x0, 0xdf, 0x0, 0x0, 0x0,
    0x0, 0x0, 0x0, 0x0, 0x4, 0xf8, 0x0, 0x0,
    0x0, 0x0, 0x0, 0x5f, 0xff, 0xff, 0xff, 0xff,
    0xff, 0xff, 0xff, 0xf8, 0x38, 0x88, 0xaf, 0xb8,
    0x88, 0x88, 0x88, 0x88, 0x84, 0x0, 0x0, 0xaf,
    0x10, 0x0, 0x0, 0x0, 0x0, 0x0, 0x0, 0x3,
    0xf7, 0x0, 0x9, 0xa0, 0x0, 0x0, 0x0, 0x0,
    0xc, 0xd0, 0x0, 0xc, 0xc0, 0x0, 0x0, 0x0,
    0x0, 0x8f, 0x62, 0x22, 0x2c, 0xd2, 0x22, 0x22,
    0x0, 0x0, 0xef, 0xff, 0xff, 0xff, 0xff, 0xff,
    0xff, 0x30, 0x0, 0x55, 0x44, 0x44, 0x4d, 0xd4,
    0x44, 0x44, 0x10, 0x0, 0x0, 0x0, 0x0, 0xc,
    0xc0, 0x0, 0x0, 0x0, 0x0, 0x0, 0x0, 0x0,
    0xc, 0xc0, 0x0, 0x0, 0x0, 0x58, 0x88, 0x88,
    0x88, 0x8e, 0xe8, 0x88, 0x88, 0x87, 0xaf, 0xff,
    0xff, 0xff, 0xff, 0xff, 0xff, 0xff, 0xfe, 0x0,
    0x0, 0x0, 0x0, 0xc, 0xc0, 0x0, 0x0, 0x0,
    0x0, 0x0, 0x0, 0x0, 0xc, 0xc0, 0x0, 0x0,
    0x0, 0x0, 0x0, 0x0, 0x0, 0xc, 0xc0, 0x0,
    0x0, 0x0, 0x0, 0x0, 0x0, 0x0, 0xc, 0xc0,
    0x0, 0x0, 0x0,

    /* U+8F6E "轮" */
    0x0, 0x2, 0xa1, 0x0, 0x0, 0x0, 0x5b, 0x20,
    0x0, 0x0, 0x0, 0x5, 0xf0, 0x0, 0x0, 0x0,
    0xdf, 0x40, 0x0, 0x0, 0x6, 0x6b, 0xe6, 0x66,
    0x0, 0x5, 0xfe, 0xd0, 0x0, 0x0, 0xf, 0xff,
    0xff, 0xff, 0x0, 0xe, 0xc2, 0xf8, 0x0, 0x0,
    0x0, 0xf, 0x40, 0x0, 0x0, 0xaf, 0x20, 0x6f,
    0x50, 0x0, 0x0, 0x5f, 0x5d, 0x0, 0x7, 0xf7,
    0x0, 0xb, 0xf4, 0x0, 0x0, 0x9a, 0x5f, 0x0,
    0x7f, 0x90, 0x0, 0x1, 0xdf, 0x50, 0x0, 0xe5,
    0x5f, 0x4, 0xf9, 0x74, 0x0, 0x0, 0x1d, 0xd0,
    0x6, 0xf4, 0x8f, 0x44, 0x60, 0xe9, 0x0, 0x1,
    0x41, 0x20, 0xb, 0xff, 0xff, 0xff, 0x0, 0xe9,
    0x0, 0x4e, 0xf1, 0x0, 0x2, 0x21, 0x6f, 0x11,
    0x0, 0xe9, 0x1a, 0xfd, 0x30, 0x0, 0x0, 0x0,
    0x5f, 0x0, 0x0, 0xed, 0xfe, 0x70, 0x0, 0x0,
    0x0, 0x0, 0x5f, 0x58, 0x20, 0xef, 0x81, 0x0,
    0x0, 0x0, 0x17, 0xac, 0xff, 0xfd, 0x30, 0xe9,
    0x0, 0x0, 0x0, 0x0, 0xf, 0xda, 0xaf, 0x0,
    0x0, 0xe9, 0x0, 0x0, 0xd, 0x40, 0x0, 0x0,
    0x5f, 0x0, 0x0, 0xe9, 0x0, 0x0, 0xf, 0x50,
    0x0, 0x0, 0x5f, 0x0, 0x0, 0xdd, 0x55, 0x55,
    0x9f, 0x20, 0x0, 0x0, 0x5f, 0x0, 0x0, 0x5e,
    0xff, 0xff, 0xf9, 0x0,

    /* U+8F7B "轻" */
    0x0, 0x1, 0xa2, 0x0, 0x0, 0x0, 0x0, 0x0,
    0x0, 0x0, 0x0, 0x5, 0xf2, 0x0, 0x6, 0xbb,
    0xbb, 0xbb, 0xb8, 0x0, 0x6, 0x6b, 0xf7, 0x66,
    0x35, 0xaa, 0xaa, 0xac, 0xf8, 0x0, 0xf, 0xff,
    0xff, 0xff, 0x70, 0x0, 0x0, 0xd, 0xd0, 0x0,
    0x0, 0xf, 0x60, 0x0, 0x0, 0x0, 0x0, 0xbd,
    0x10, 0x0, 0x0, 0x4f, 0x2d, 0x40, 0x0, 0x0,
    0x1c, 0xf3, 0x0, 0x0, 0x0, 0x8c, 0x1f, 0x40,
    0x0, 0x4, 0xee, 0xfe, 0x60, 0x0, 0x0, 0xe6,
    0x1f, 0x40, 0x2, 0xaf, 0xb1, 0x2b, 0xfc, 0x20,
    0x5, 0xf5, 0x6f, 0x84, 0x7f, 0xf7, 0x0, 0x0,
    0x6f, 0xd0, 0xb, 0xff, 0xff, 0xff, 0x58, 0x10,
    0x0, 0x0, 0x2, 0x30, 0x3, 0x54, 0x5f, 0x73,
    0x13, 0x66, 0x66, 0x66, 0x66, 0x0, 0x0, 0x0,
    0x1f, 0x40, 0x6, 0xff, 0xff, 0xff, 0xff, 0x20,
    0x0, 0x0, 0x1f, 0x65, 0x30, 0x0, 0xe, 0x90,
    0x0, 0x0, 0x5, 0x8a, 0xdf, 0xff, 0x60, 0x0,
    0xe, 0x90, 0x0, 0x0, 0xf, 0xeb, 0x9f, 0x60,
    0x0, 0x0, 0xe, 0x90, 0x0, 0x0, 0x1, 0x0,
    0x1f, 0x40, 0x0, 0x0, 0xe, 0x90, 0x0, 0x0,
    0x0, 0x0, 0x1f, 0x40, 0x36, 0x66, 0x6f, 0xb6,
    0x66, 0x60, 0x0, 0x0, 0x1f, 0x40, 0x9f, 0xff,
    0xff, 0xff, 0xff, 0xf0,

    /* U+8F83 "较" */
    0x0, 0x1, 0xb2, 0x0, 0x0, 0x0, 0x5b, 0x0,
    0x0, 0x0, 0x0, 0x5, 0xf2, 0x0, 0x0, 0x0,
    0x3f, 0x70, 0x0, 0x0, 0x7, 0x7b, 0xf7, 0x76,
    0x0, 0x0, 0xa, 0xa0, 0x0, 0x0, 0xf, 0xff,
    0xff, 0xff, 0x1f, 0xff, 0xff, 0xff, 0xff, 0xc0,
    0x0, 0xf, 0x60, 0x0, 0x6, 0x68, 0x66, 0x68,
    0xa6, 0x50, 0x0, 0x4f, 0x2d, 0x30, 0x0, 0xe,
    0x90, 0x7, 0xf1, 0x0, 0x0, 0x9c, 0xf, 0x40,
    0x0, 0x7f, 0x20, 0x0, 0xdb, 0x0, 0x0, 0xe6,
    0xf, 0x40, 0x2, 0xf8, 0x0, 0x0, 0x3f, 0x50,
    0x6, 0xf5, 0x5f, 0x74, 0xd, 0xd3, 0x0, 0x1,
    0x2a, 0xd0, 0xa, 0xff, 0xff, 0xff, 0xc, 0x6f,
    0x30, 0xa, 0xd2, 0xb1, 0x2, 0x21, 0x2f, 0x51,
    0x0, 0xc, 0xa0, 0xf, 0x70, 0x0, 0x0, 0x0,
    0xf, 0x40, 0x0, 0x5, 0xf3, 0x7f, 0x10, 0x0,
    0x0, 0x0, 0x2f, 0x88, 0x30, 0x0, 0xcd, 0xf8,
    0x0, 0x0, 0x1a, 0xcf, 0xff, 0xec, 0x30, 0x0,
    0x3f, 0xf0, 0x0, 0x0, 0xb, 0x96, 0x5f, 0x40,
    0x0, 0x1, 0xcf, 0xf9, 0x0, 0x0, 0x0, 0x0,
    0xf, 0x40, 0x0, 0x2d, 0xe2, 0x6f, 0xb1, 0x0,
    0x0, 0x0, 0xf, 0x40, 0x19, 0xfc, 0x10, 0x4,
    0xef, 0x80, 0x0, 0x0, 0xf, 0x40, 0x5e, 0x60,
    0x0, 0x0, 0x19, 0xa0, 0x0, 0x0, 0x0, 0x0,
    0x0, 0x0, 0x0, 0x0, 0x0, 0x0,

    /* U+8F85 "辅" */
    0x0, 0x2, 0xa2, 0x0, 0x0, 0x0, 0xb, 0x64,
    0x80, 0x0, 0x0, 0x6, 0xf1, 0x0, 0x0, 0x0,
    0xe, 0x82, 0xdd, 0x20, 0x6, 0x6c, 0xf6, 0x66,
    0x0, 0x0, 0xe, 0x80, 0x1a, 0x30, 0x2f, 0xff,
    0xff, 0xff, 0x2f, 0xff, 0xff, 0xff, 0xff, 0xf1,
    0x0, 0x1f, 0x40, 0x0, 0x3, 0x33, 0x3f, 0x93,
    0x33, 0x30, 0x0, 0x5f, 0xd, 0x50, 0x0, 0x0,
    0xe, 0x80, 0x0, 0x0, 0x0, 0xab, 0xf, 0x50,
    0x6, 0xff, 0xff, 0xff, 0xff, 0x60, 0x0, 0xf5,
    0xf, 0x50, 0x6, 0xf4, 0x4e, 0x94, 0x4f, 0x60,
    0x6, 0xf2, 0x1f, 0x61, 0x6, 0xe0, 0xd, 0x60,
    0xe, 0x60, 0xc, 0xff, 0xff, 0xff, 0x26, 0xf5,
    0x5e, 0xa5, 0x5f, 0x60, 0x4, 0x54, 0x4f, 0x84,
    0x6, 0xfe, 0xef, 0xfe, 0xef, 0x60, 0x0, 0x0,
    0xf, 0x50, 0x6, 0xe0, 0xd, 0x60, 0xe, 0x60,
    0x0, 0x0, 0xf, 0x97, 0x36, 0xe1, 0x1d, 0x71,
    0x1e, 0x60, 0x16, 0x9c, 0xff, 0xfd, 0x46, 0xff,
    0xff, 0xff, 0xff, 0x60, 0x1f, 0xeb, 0x7f, 0x60,
    0x6, 0xe2, 0x2d, 0x82, 0x2e, 0x60, 0x2, 0x0,
    0xf, 0x50, 0x6, 0xe0, 0xd, 0x60, 0xe, 0x60,
    0x0, 0x0, 0xf, 0x50, 0x6, 0xe0, 0xd, 0x60,
    0xe, 0x60, 0x0, 0x0, 0xf, 0x50, 0x6, 0xe0,
    0xd, 0x63, 0x5f, 0x60, 0x0, 0x0, 0x0, 0x0,
    0x6, 0xe0, 0xc, 0x66, 0xfd, 0x20,

    /* U+8F86 "辆" */
    0x0, 0x9, 0x50, 0x0, 0x0, 0x0, 0x0, 0x0,
    0x0, 0x0, 0x0, 0xf6, 0x0, 0x17, 0x77, 0x77,
    0x77, 0x77, 0x76, 0x5, 0x6f, 0x85, 0x55, 0xee,
    0xef, 0xfe, 0xff, 0xee, 0xd0, 0xff, 0xff, 0xff,
    0x40, 0x0, 0xc6, 0xc, 0x60, 0x0, 0x0, 0x7d,
    0x0, 0x0, 0x0, 0xc, 0x60, 0xc6, 0x0, 0x0,
    0xb, 0xa8, 0x80, 0x2, 0x22, 0xc8, 0x2c, 0x82,
    0x21, 0x0, 0xe6, 0x9a, 0x0, 0xdf, 0xff, 0xff,
    0xff, 0xff, 0x50, 0x3f, 0x19, 0xa0, 0xd, 0x82,
    0xd7, 0x2d, 0x72, 0xe5, 0x9, 0xd4, 0xbc, 0x41,
    0xd7, 0xe, 0x40, 0xd5, 0xe, 0x50, 0xef, 0xff,
    0xff, 0x4d, 0x70, 0xf4, 0xe, 0x60, 0xe5, 0x3,
    0x21, 0xab, 0x10, 0xd7, 0x1f, 0xb0, 0xfc, 0xe,
    0x50, 0x0, 0x9, 0xa0, 0xd, 0x74, 0xde, 0x5f,
    0xc3, 0xe5, 0x0, 0x0, 0x9c, 0x74, 0xd7, 0x89,
    0x8c, 0xc5, 0xae, 0x50, 0x48, 0xcf, 0xfe, 0x5d,
    0x8e, 0x40, 0xa8, 0xe, 0xf5, 0x1f, 0xfb, 0xdb,
    0x0, 0xdc, 0xd0, 0x1f, 0x20, 0x4e, 0x50, 0x30,
    0x9, 0xa0, 0xd, 0x72, 0x0, 0x80, 0x0, 0xe5,
    0x0, 0x0, 0x9a, 0x0, 0xd7, 0x0, 0x0, 0x0,
    0xe, 0x50, 0x0, 0x9, 0xa0, 0xd, 0x70, 0x0,
    0x0, 0x55, 0xf4, 0x0, 0x0, 0x0, 0x0, 0xd7,
    0x0, 0x0, 0xd, 0xda, 0x0,

    /* U+8FB9 "边" */
    0x0, 0x30, 0x0, 0x0, 0x0, 0x7, 0x50, 0x0,
    0x0, 0x0, 0x1, 0xfc, 0x0, 0x0, 0x0, 0xf,
    0x90, 0x0, 0x0, 0x0, 0x0, 0x4f, 0xc0, 0x0,
    0x0, 0xf, 0x80, 0x0, 0x0, 0x0, 0x0, 0x5,
    0xf9, 0x3, 0x33, 0x3f, 0xa3, 0x33, 0x33, 0x10,
    0x0, 0x0, 0x62, 0x2f, 0xff, 0xff, 0xff, 0xff,
    0xff, 0x50, 0x0, 0x0, 0x0, 0x3, 0x33, 0x5f,
    0x73, 0x33, 0x5f, 0x50, 0x0, 0x0, 0x0, 0x0,
    0x0, 0x5f, 0x30, 0x0, 0x3f, 0x40, 0x2f, 0xff,
    0xf0, 0x0, 0x0, 0x7f, 0x10, 0x0, 0x4f, 0x30,
    0x17, 0x7c, 0xf0, 0x0, 0x0, 0xbd, 0x0, 0x0,
    0x5f, 0x20, 0x0, 0x8, 0xf0, 0x0, 0x1, 0xf8,
    0x0, 0x0, 0x6f, 0x10, 0x0, 0x8, 0xf0, 0x0,
    0x6, 0xf3, 0x0, 0x0, 0x8f, 0x0, 0x0, 0x8,
    0xf0, 0x0, 0x1f, 0xb0, 0x0, 0x0, 0xae, 0x0,
    0x0, 0x8, 0xf0, 0x0, 0xbf, 0x20, 0x0, 0x0,
    0xdc, 0x0, 0x0, 0x8, 0xf0, 0x1c, 0xf6, 0x0,
    0x23, 0x36, 0xf9, 0x0, 0x0, 0xa, 0xf0, 0x6f,
    0x40, 0x0, 0x7f, 0xff, 0xe2, 0x0, 0x1, 0xcf,
    0xfd, 0x41, 0x0, 0x0, 0x14, 0x44, 0x10, 0x0,
    0x2e, 0xf4, 0x2a, 0xff, 0xa8, 0x76, 0x67, 0x77,
    0x89, 0xa3, 0x1e, 0x50, 0x0, 0x38, 0xdf, 0xff,
    0xff, 0xff, 0xff, 0xe1, 0x1, 0x0, 0x0, 0x0,
    0x0, 0x11, 0x11, 0x0, 0x0, 0x0,

    /* U+8FC7 "过" */
    0x0, 0x0, 0x0, 0x0, 0x0, 0x0, 0x0, 0x48,
    0x0, 0x0, 0x2, 0xe6, 0x0, 0x0, 0x0, 0x0,
    0x0, 0x7f, 0x0, 0x0, 0x0, 0x8f, 0x70, 0x0,
    0x0, 0x0, 0x0, 0x7f, 0x0, 0x0, 0x0, 0x9,
    0xf5, 0x3, 0x33, 0x33, 0x33, 0x9f, 0x33, 0x20,
    0x0, 0x0, 0xb4, 0x3f, 0xff, 0xff, 0xff, 0xff,
    0xff, 0xc0, 0x0, 0x0, 0x0, 0x3, 0x33, 0x33,
    0x33, 0x9f, 0x33, 0x20, 0x0, 0x0, 0x0, 0x0,
    0x0, 0x0, 0x0, 0x7f, 0x0, 0x0, 0x4, 0x44,
    0x41, 0x1, 0xe7, 0x0, 0x0, 0x7f, 0x0, 0x0,
    0xf, 0xff, 0xf3, 0x0, 0x7f, 0x40, 0x0, 0x7f,
    0x0, 0x0, 0x1, 0x14, 0xf3, 0x0, 0xb, 0xe1,
    0x0, 0x7f, 0x0, 0x0, 0x0, 0x3, 0xf3, 0x0,
    0x2, 0xf8, 0x0, 0x7f, 0x0, 0x0, 0x0, 0x3,
    0xf3, 0x0, 0x0, 0x30, 0x0, 0x7f, 0x0, 0x0,
    0x0, 0x3, 0xf3, 0x0, 0x0, 0x0, 0x0, 0x7f,
    0x0, 0x0, 0x0, 0x3, 0xf3, 0x0, 0x0, 0x17,
    0x77, 0xcf, 0x0, 0x0, 0x0, 0x9, 0xf7, 0x0,
    0x0, 0xe, 0xff, 0xd6, 0x0, 0x0, 0x1, 0xdf,
    0xbf, 0xa2, 0x0, 0x0, 0x0, 0x0, 0x0, 0x0,
    0xd, 0xf3, 0x3, 0xdf, 0xc8, 0x76, 0x66, 0x77,
    0x8a, 0xb3, 0xc, 0x60, 0x0, 0x4, 0xae, 0xff,
    0xff, 0xff, 0xfe, 0xd0, 0x1, 0x0, 0x0, 0x0,
    0x0, 0x0, 0x0, 0x0, 0x0, 0x0,

    /* U+8FD1 "近" */
    0x0, 0x50, 0x0, 0x0, 0x0, 0x1, 0x24, 0x69,
    0xcb, 0x0, 0x1, 0xec, 0x0, 0x0, 0xae, 0xff,
    0xff, 0xfc, 0x96, 0x10, 0x0, 0x3f, 0xb0, 0x0,
    0xdd, 0x54, 0x20, 0x0, 0x0, 0x0, 0x0, 0x5,
    0xf7, 0x0, 0xda, 0x0, 0x0, 0x0, 0x0, 0x0,
    0x0, 0x0, 0x72, 0x0, 0xda, 0x0, 0x0, 0x0,
    0x0, 0x0, 0x0, 0x0, 0x0, 0x0, 0xda, 0x0,
    0x0, 0x0, 0x0, 0x0, 0x0, 0x0, 0x0, 0x0,
    0xdf, 0xee, 0xee, 0xee, 0xee, 0xd0, 0x8, 0x88,
    0x81, 0x0, 0xed, 0x88, 0x89, 0xfb, 0x88, 0x70,
    0xe, 0xff, 0xf3, 0x0, 0xf8, 0x0, 0x2, 0xf5,
    0x0, 0x0, 0x0, 0x3, 0xf3, 0x0, 0xf6, 0x0,
    0x2, 0xf5, 0x0, 0x0, 0x0, 0x3, 0xf3, 0x3,
    0xf4, 0x0, 0x2, 0xf5, 0x0, 0x0, 0x0, 0x3,
    0xf3, 0x7, 0xf2, 0x0, 0x2, 0xf5, 0x0, 0x0,
    0x0, 0x3, 0xf3, 0xb, 0xd0, 0x0, 0x2, 0xf5,
    0x0, 0x0, 0x0, 0x3, 0xf3, 0x2f, 0x80, 0x0,
    0x2, 0xf5, 0x0, 0x0, 0x0, 0x6, 0xf5, 0x7f,
    0x10, 0x0, 0x2, 0xf5, 0x0, 0x0, 0x0, 0xaf,
    0xdf, 0x84, 0x0, 0x0, 0x0, 0x62, 0x0, 0x0,
    0xc, 0xf4, 0x5, 0xff, 0xb8, 0x76, 0x66, 0x77,
    0x89, 0xa0, 0xc, 0x60, 0x0, 0x6, 0xbe, 0xff,
    0xff, 0xff, 0xfe, 0xb0, 0x1, 0x0, 0x0, 0x0,
    0x0, 0x0, 0x0, 0x0, 0x0, 0x0,

    /* U+8FD4 "返" */
    0x0, 0x0, 0x0, 0x0, 0x0, 0x0, 0x0, 0x1,
    0x44, 0x0, 0x3, 0xe4, 0x0, 0x1, 0x67, 0x8a,
    0xbd, 0xff, 0xfe, 0x30, 0x0, 0xcf, 0x30, 0x4,
    0xfe, 0xdb, 0xa9, 0x75, 0x20, 0x0, 0x0, 0xd,
    0xe2, 0x4, 0xf2, 0x0, 0x0, 0x0, 0x0, 0x0,
    0x0, 0x2, 0xb1, 0x4, 0xf2, 0x0, 0x0, 0x0,
    0x0, 0x0, 0x0, 0x0, 0x0, 0x4, 0xfb, 0xaa,
    0xaa, 0xaa, 0xa7, 0x0, 0x0, 0x0, 0x0, 0x5,
    0xfc, 0xbb, 0xbb, 0xbb, 0xf9, 0x0, 0x5, 0x55,
    0x50, 0x5, 0xf2, 0x0, 0x0, 0x4, 0xf3, 0x0,
    0xf, 0xff, 0xf0, 0x6, 0xf2, 0xd6, 0x0, 0xc,
    0xc0, 0x0, 0x1, 0x18, 0xf0, 0x9, 0xe0, 0x8f,
    0x90, 0x7f, 0x30, 0x0, 0x0, 0x8, 0xf0, 0xc,
    0xc0, 0x5, 0xfd, 0xf8, 0x0, 0x0, 0x0, 0x8,
    0xf0, 0x1f, 0x80, 0x0, 0x7f, 0xf3, 0x0, 0x0,
    0x0, 0x8, 0xf0, 0x7f, 0x20, 0x8, 0xfc, 0xdf,
    0x40, 0x0, 0x0, 0x8, 0xf1, 0xfb, 0x5, 0xdf,
    0x80, 0x1c, 0xf5, 0x0, 0x0, 0x8, 0xf2, 0xc2,
    0x4f, 0xc4, 0x0, 0x0, 0xcc, 0x0, 0x0, 0xaf,
    0xfb, 0x20, 0x3, 0x0, 0x0, 0x0, 0x1, 0x0,
    0x1c, 0xf5, 0x3b, 0xfd, 0x97, 0x65, 0x56, 0x67,
    0x79, 0xa1, 0xd, 0x50, 0x0, 0x38, 0xde, 0xff,
    0xff, 0xff, 0xfe, 0xc0, 0x1, 0x0, 0x0, 0x0,
    0x0, 0x0, 0x0, 0x0, 0x0, 0x0,

    /* U+8FD9 "这" */
    0x0, 0x0, 0x0, 0x0, 0x0, 0x28, 0x10, 0x0,
    0x0, 0x0, 0x2, 0x70, 0x0, 0x0, 0x0, 0x2f,
    0x90, 0x0, 0x0, 0x0, 0x5, 0xfa, 0x0, 0x0,
    0x0, 0x9, 0xf1, 0x0, 0x0, 0x0, 0x0, 0x5f,
    0x90, 0x77, 0x77, 0x79, 0xe8, 0x77, 0x77, 0x60,
    0x0, 0x8, 0xd2, 0xff, 0xff, 0xff, 0xff, 0xff,
    0xff, 0xd0, 0x0, 0x0, 0x0, 0x0, 0x0, 0x0,
    0x0, 0x7f, 0x20, 0x0, 0x0, 0x0, 0x0, 0x2d,
    0x60, 0x0, 0x0, 0xdb, 0x0, 0x0, 0x4, 0x44,
    0x40, 0x8, 0xfb, 0x10, 0x5, 0xf5, 0x0, 0x0,
    0xf, 0xff, 0xf0, 0x0, 0x4e, 0xe4, 0x1e, 0xb0,
    0x0, 0x0, 0x2, 0x28, 0xf0, 0x0, 0x1, 0xbf,
    0xdf, 0x20, 0x0, 0x0, 0x0, 0x6, 0xf0, 0x0,
    0x0, 0xc, 0xfd, 0x20, 0x0, 0x0, 0x0, 0x6,
    0xf0, 0x0, 0x1, 0xbf, 0x9e, 0xe4, 0x0, 0x0,
    0x0, 0x6, 0xf0, 0x0, 0x5e, 0xf5, 0x2, 0xdf,
    0x60, 0x0, 0x0, 0x6, 0xf0, 0x6d, 0xfc, 0x20,
    0x0, 0xb, 0xf8, 0x0, 0x0, 0x6, 0xf0, 0xcc,
    0x40, 0x0, 0x0, 0x0, 0xba, 0x0, 0x0, 0x7e,
    0xfc, 0x50, 0x0, 0x0, 0x0, 0x0, 0x0, 0x0,
    0xb, 0xfa, 0x5c, 0xfe, 0xa8, 0x76, 0x67, 0x77,
    0x89, 0xa1, 0xc, 0x90, 0x0, 0x49, 0xdf, 0xff,
    0xff, 0xff, 0xff, 0xd0, 0x1, 0x0, 0x0, 0x0,
    0x0, 0x1, 0x11, 0x10, 0x0, 0x0,

    /* U+8FDB "进" */
    0x0, 0x0, 0x0, 0x0, 0x0, 0x20, 0x0, 0x12,
    0x0, 0x0, 0x1, 0xe6, 0x0, 0x0, 0x5, 0xf2,
    0x0, 0x8e, 0x0, 0x0, 0x0, 0x8f, 0x60, 0x0,
    0x5, 0xf2, 0x0, 0x8e, 0x0, 0x0, 0x0, 0x9,
    0xf5, 0x0, 0x5, 0xf2, 0x0, 0x8e, 0x0, 0x0,
    0x0, 0x0, 0xb5, 0x2e, 0xef, 0xff, 0xee, 0xff,
    0xee, 0x70, 0x0, 0x0, 0x0, 0x17, 0x7a, 0xf9,
    0x77, 0xcf, 0x77, 0x40, 0x0, 0x0, 0x0, 0x0,
    0x5, 0xf2, 0x0, 0x8e, 0x0, 0x0, 0x5, 0x55,
    0x51, 0x0, 0x5, 0xf2, 0x0, 0x8e, 0x0, 0x0,
    0xf, 0xff, 0xf3, 0x0, 0x5, 0xf1, 0x0, 0x8e,
    0x0, 0x0, 0x0, 0x4, 0xf3, 0x4e, 0xef, 0xfe,
    0xee, 0xff, 0xee, 0xd0, 0x0, 0x3, 0xf3, 0x28,
    0x8d, 0xe8, 0x88, 0xcf, 0x88, 0x70, 0x0, 0x3,
    0xf3, 0x0, 0xe, 0x90, 0x0, 0x8e, 0x0, 0x0,
    0x0, 0x3, 0xf3, 0x0, 0x4f, 0x40, 0x0, 0x8e,
    0x0, 0x0, 0x0, 0x3, 0xf3, 0x0, 0xde, 0x0,
    0x0, 0x8e, 0x0, 0x0, 0x0, 0x4, 0xf3, 0xb,
    0xf4, 0x0, 0x0, 0x8e, 0x0, 0x0, 0x0, 0x7f,
    0xed, 0x43, 0x40, 0x0, 0x0, 0x59, 0x0, 0x0,
    0xa, 0xf5, 0x5, 0xee, 0x96, 0x65, 0x55, 0x66,
    0x78, 0x92, 0xc, 0x60, 0x0, 0x5, 0xbe, 0xff,
    0xff, 0xff, 0xfe, 0xd0, 0x1, 0x0, 0x0, 0x0,
    0x0, 0x0, 0x0, 0x0, 0x0, 0x0,

    /* U+8FDC "远" */
    0x0, 0x60, 0x0, 0x2, 0x66, 0x66, 0x66, 0x66,
    0x64, 0x0, 0x6, 0xfc, 0x20, 0x6, 0xff, 0xff,
    0xff, 0xff, 0xfa, 0x0, 0x0, 0x3d, 0xf5, 0x0,
    0x0, 0x0, 0x0, 0x0, 0x0, 0x0, 0x0, 0x0,
    0xa4, 0x0, 0x0, 0x0, 0x0, 0x0, 0x0, 0x0,
    0x0, 0x0, 0x0, 0x12, 0x22, 0x22, 0x22, 0x22,
    0x22, 0x20, 0x0, 0x0, 0x0, 0xbf, 0xff, 0xff,
    0xff, 0xff, 0xff, 0xe0, 0x2f, 0xff, 0xf0, 0x11,
    0x16, 0xf3, 0x18, 0xf1, 0x11, 0x10, 0x6, 0x6a,
    0xf0, 0x0, 0x7, 0xf0, 0x7, 0xf0, 0x0, 0x0,
    0x0, 0x6, 0xf0, 0x0, 0x9, 0xe0, 0x7, 0xf0,
    0x0, 0x0, 0x0, 0x6, 0xf0, 0x0, 0xd, 0xb0,
    0x7, 0xf0, 0x0, 0x0, 0x0, 0x6, 0xf0, 0x0,
    0x2f, 0x60, 0x7, 0xf0, 0x3, 0x70, 0x0, 0x6,
    0xf0, 0x0, 0xde, 0x10, 0x7, 0xf0, 0x5, 0xe0,
    0x0, 0x6, 0xf0, 0x3c, 0xf4, 0x0, 0x6, 0xf5,
    0x4a, 0xc0, 0x0, 0x6, 0xf1, 0xed, 0x40, 0x0,
    0x2, 0xef, 0xff, 0x60, 0x0, 0x5e, 0xfd, 0x60,
    0x0, 0x0, 0x0, 0x1, 0x10, 0x0, 0x9, 0xf7,
    0x6, 0xfe, 0x96, 0x54, 0x45, 0x56, 0x67, 0x82,
    0xd, 0x80, 0x0, 0x16, 0xcf, 0xff, 0xff, 0xff,
    0xff, 0xe0, 0x1, 0x0, 0x0, 0x0, 0x0, 0x11,
    0x11, 0x10, 0x0, 0x0,

    /* U+8FF7 "迷" */
    0x0, 0x40, 0x0, 0x0, 0x0, 0x3, 0x80, 0x0,
    0x0, 0x0, 0x3, 0xf7, 0x0, 0x18, 0x20, 0x7,
    0xf0, 0x0, 0x78, 0x0, 0x0, 0x7f, 0x50, 0xd,
    0xa0, 0x7, 0xf0, 0x0, 0xf9, 0x0, 0x0, 0xa,
    0xf2, 0x6, 0xf2, 0x7, 0xf0, 0x7, 0xf1, 0x0,
    0x0, 0x0, 0x91, 0x0, 0xe9, 0x7, 0xf0, 0x1f,
    0x70, 0x0, 0x0, 0x0, 0x0, 0x0, 0x65, 0x7,
    0xf0, 0x29, 0x0, 0x0, 0x0, 0x0, 0x0, 0x34,
    0x44, 0x49, 0xf4, 0x44, 0x44, 0x20, 0x1e, 0xee,
    0xe0, 0xef, 0xff, 0xff, 0xff, 0xff, 0xff, 0x90,
    0x7, 0x7b, 0xf0, 0x11, 0x11, 0xbf, 0xff, 0x51,
    0x11, 0x10, 0x0, 0x7, 0xf0, 0x0, 0x5, 0xfb,
    0xfa, 0xf3, 0x0, 0x0, 0x0, 0x7, 0xf0, 0x0,
    0x1e, 0x87, 0xf0, 0xaf, 0x30, 0x0, 0x0, 0x7,
    0xf0, 0x0, 0xcd, 0x7, 0xf0, 0xb, 0xf3, 0x0,
    0x0, 0x7, 0xf0, 0x1c, 0xf2, 0x7, 0xf0, 0x0,
    0xce, 0x20, 0x0, 0x7, 0xf0, 0xdf, 0x40, 0x7,
    0xf0, 0x0, 0x1e, 0x90, 0x0, 0x8, 0xf0, 0x63,
    0x0, 0x7, 0xf0, 0x0, 0x2, 0x0, 0x1, 0xbf,
    0xfc, 0x40, 0x0, 0x7, 0xf0, 0x0, 0x0, 0x0,
    0x2e, 0xf5, 0x3b, 0xfe, 0xa8, 0x76, 0x67, 0x77,
    0x89, 0xa2, 0x1e, 0x50, 0x0, 0x49, 0xdf, 0xff,
    0xff, 0xff, 0xff, 0xd0, 0x1, 0x0, 0x0, 0x0,
    0x0, 0x11, 0x11, 0x0, 0x0, 0x0,

    /* U+9001 "送" */
    0x0, 0x50, 0x0, 0x0, 0x47, 0x0, 0x0, 0x5,
    0x81, 0x0, 0x2, 0xfb, 0x0, 0x0, 0x6f, 0x30,
    0x0, 0xd, 0xc0, 0x0, 0x0, 0x4f, 0x90, 0x0,
    0xc, 0xc0, 0x0, 0x5f, 0x30, 0x0, 0x0, 0x7,
    0xf6, 0x0, 0x5, 0xa1, 0x1, 0xea, 0x0, 0x0,
    0x0, 0x0, 0x82, 0xf, 0xff, 0xff, 0xff, 0xff,
    0xff, 0x50, 0x0, 0x0, 0x0, 0x4, 0x44, 0x47,
    0xf7, 0x44, 0x44, 0x10, 0x1, 0x11, 0x10, 0x0,
    0x0, 0x4, 0xf4, 0x0, 0x0, 0x0, 0xf, 0xff,
    0xf0, 0x0, 0x0, 0x4, 0xf4, 0x0, 0x0, 0x0,
    0x3, 0x39, 0xf0, 0x9f, 0xff, 0xff, 0xff, 0xff,
    0xff, 0xe0, 0x0, 0x7, 0xf0, 0x47, 0x77, 0x7b,
    0xf9, 0x77, 0x77, 0x60, 0x0, 0x7, 0xf0, 0x0,
    0x0, 0xc, 0xfe, 0x30, 0x0, 0x0, 0x0, 0x7,
    0xf0, 0x0, 0x0, 0x6f, 0x6c, 0xe3, 0x0, 0x0,
    0x0, 0x7, 0xf0, 0x0, 0x4, 0xfb, 0x0, 0xcf,
    0x30, 0x0, 0x0, 0x7, 0xf0, 0x0, 0x7f, 0xd1,
    0x0, 0xc, 0xf3, 0x0, 0x0, 0x9, 0xf0, 0x3e,
    0xfa, 0x0, 0x0, 0x1, 0xde, 0x0, 0x1, 0xcf,
    0xfc, 0x49, 0x30, 0x0, 0x0, 0x0, 0x14, 0x0,
    0x2e, 0xf4, 0x2b, 0xfe, 0x97, 0x76, 0x66, 0x77,
    0x89, 0xa3, 0x1e, 0x50, 0x0, 0x39, 0xdf, 0xff,
    0xff, 0xff, 0xff, 0xe1, 0x1, 0x0, 0x0, 0x0,
    0x0, 0x11, 0x11, 0x0, 0x0, 0x0,

    /* U+9009 "选" */
    0x0, 0x0, 0x0, 0x0, 0x1, 0x0, 0xa6, 0x0,
    0x0, 0x0, 0x6, 0xd2, 0x0, 0x0, 0x5f, 0x30,
    0xe8, 0x0, 0x0, 0x0, 0x1, 0xde, 0x30, 0x0,
    0xbd, 0x0, 0xf9, 0x0, 0x0, 0x0, 0x0, 0x1d,
    0xe1, 0x2, 0xff, 0xff, 0xff, 0xff, 0xff, 0x20,
    0x0, 0x2, 0xd2, 0xc, 0xe4, 0x44, 0xfa, 0x44,
    0x44, 0x0, 0x0, 0x0, 0x0, 0x3f, 0x50, 0x0,
    0xe8, 0x0, 0x0, 0x0, 0x0, 0x0, 0x0, 0x1,
    0x0, 0x0, 0xe8, 0x0, 0x0, 0x0, 0x1, 0x11,
    0x10, 0x7c, 0xcc, 0xcc, 0xfe, 0xcc, 0xcc, 0xc0,
    0xd, 0xff, 0xf0, 0x58, 0x88, 0xfc, 0x8b, 0xf8,
    0x88, 0x80, 0x3, 0x49, 0xf0, 0x0, 0x2, 0xf5,
    0x6, 0xf0, 0x0, 0x0, 0x0, 0x6, 0xf0, 0x0,
    0x6, 0xf2, 0x6, 0xf0, 0x0, 0x0, 0x0, 0x6,
    0xf0, 0x0, 0xd, 0xc0, 0x6, 0xf0, 0x1, 0x50,
    0x0, 0x6, 0xf0, 0x0, 0x9f, 0x40, 0x6, 0xf0,
    0x3, 0xf2, 0x0, 0x6, 0xf0, 0x3b, 0xf7, 0x0,
    0x6, 0xf5, 0x48, 0xf0, 0x0, 0x6, 0xf0, 0xce,
    0x60, 0x0, 0x2, 0xff, 0xff, 0x90, 0x0, 0x1b,
    0xfd, 0x60, 0x0, 0x0, 0x0, 0x2, 0x21, 0x0,
    0x6, 0xfe, 0x69, 0xfe, 0xa7, 0x65, 0x55, 0x66,
    0x67, 0x82, 0xb, 0xc1, 0x0, 0x27, 0xcf, 0xff,
    0xff, 0xff, 0xff, 0xe0, 0x1, 0x0, 0x0, 0x0,
    0x0, 0x1, 0x11, 0x0, 0x0, 0x0,

    /* U+901A "通" */
    0x0, 0x0, 0x0, 0x0, 0x0, 0x0, 0x0, 0x0,
    0x0, 0x0, 0x4, 0xc1, 0x0, 0xe, 0xff, 0xff,
    0xff, 0xff, 0xfe, 0x10, 0x2, 0xde, 0x20, 0x1,
    0x14, 0x41, 0x11, 0x5d, 0xe3, 0x0, 0x0, 0x1c,
    0xe2, 0x0, 0xa, 0xfc, 0x69, 0xf9, 0x10, 0x0,
    0x0, 0x1, 0xc5, 0x0, 0x0, 0x17, 0xdf, 0xb1,
    0x0, 0x0, 0x0, 0x0, 0x0, 0xe, 0xff, 0xff,
    0xff, 0xff, 0xff, 0x50, 0x0, 0x0, 0x0, 0xe,
    0x93, 0x33, 0xf8, 0x33, 0x4f, 0x50, 0x6, 0x66,
    0x60, 0xe, 0x70, 0x0, 0xe6, 0x0, 0x1f, 0x50,
    0x2f, 0xff, 0xf1, 0xe, 0xff, 0xff, 0xff, 0xff,
    0xff, 0x50, 0x0, 0x5, 0xf1, 0xe, 0x92, 0x22,
    0xf8, 0x22, 0x3f, 0x50, 0x0, 0x4, 0xf1, 0xe,
    0x70, 0x0, 0xe6, 0x0, 0x1f, 0x50, 0x0, 0x4,
    0xf1, 0xe, 0xff, 0xff, 0xff, 0xff, 0xff, 0x50,
    0x0, 0x4, 0xf1, 0xe, 0x93, 0x33, 0xf8, 0x33,
    0x4f, 0x50, 0x0, 0x4, 0xf1, 0xe, 0x70, 0x0,
    0xe6, 0x0, 0x1f, 0x50, 0x0, 0x4, 0xf1, 0xe,
    0x70, 0x0, 0xe6, 0x25, 0x7f, 0x40, 0x0, 0x4d,
    0xfb, 0x2b, 0x60, 0x0, 0xa4, 0x2d, 0xc9, 0x0,
    0x7, 0xf5, 0x7, 0xfc, 0x75, 0x43, 0x33, 0x44,
    0x56, 0x72, 0xd, 0x70, 0x0, 0x16, 0xcf, 0xff,
    0xff, 0xff, 0xff, 0xe1, 0x1, 0x0, 0x0, 0x0,
    0x0, 0x1, 0x11, 0x0, 0x0, 0x0,

    /* U+904D "遍" */
    0x0, 0x30, 0x0, 0x0, 0x0, 0x9, 0xa0, 0x0,
    0x0, 0x0, 0x1, 0xfa, 0x0, 0x0, 0x0, 0x7,
    0xf2, 0x0, 0x0, 0x0, 0x0, 0x5f, 0x70, 0xf,
    0xff, 0xff, 0xff, 0xff, 0xff, 0x20, 0x0, 0x8,
    0xf3, 0xf, 0x62, 0x22, 0x22, 0x22, 0x5f, 0x20,
    0x0, 0x0, 0x81, 0xf, 0x40, 0x0, 0x0, 0x0,
    0x4f, 0x20, 0x0, 0x0, 0x0, 0xf, 0xff, 0xff,
    0xff, 0xff, 0xff, 0x20, 0x1, 0x11, 0x10, 0x1f,
    0x52, 0x22, 0x22, 0x22, 0x22, 0x0, 0x1f, 0xff,
    0xe0, 0x1f, 0x42, 0x22, 0x22, 0x22, 0x22, 0x10,
    0x6, 0x6b, 0xe0, 0x3f, 0xaf, 0xff, 0xff, 0xff,
    0xff, 0x60, 0x0, 0x8, 0xe0, 0x4f, 0x99, 0xc,
    0x40, 0xe2, 0xd, 0x60, 0x0, 0x8, 0xe0, 0x7e,
    0x99, 0xc, 0x40, 0xe2, 0xd, 0x60, 0x0, 0x8,
    0xe0, 0xaa, 0x9f, 0xff, 0xff, 0xff, 0xff, 0x60,
    0x0, 0x8, 0xe0, 0xf6, 0x9a, 0x2d, 0x62, 0xe5,
    0x2d, 0x60, 0x0, 0x8, 0xe5, 0xf1, 0x99, 0xc,
    0x40, 0xe2, 0xd, 0x60, 0x0, 0x9, 0xe2, 0x70,
    0x99, 0xc, 0x40, 0xe3, 0x4e, 0x60, 0x1, 0xaf,
    0xfd, 0x40, 0x77, 0x4, 0x10, 0x41, 0xba, 0x10,
    0x1d, 0xf4, 0x1a, 0xfe, 0xa7, 0x66, 0x56, 0x67,
    0x78, 0x94, 0x1e, 0x50, 0x0, 0x38, 0xdf, 0xff,
    0xff, 0xff, 0xff, 0xe2, 0x1, 0x0, 0x0, 0x0,
    0x0, 0x11, 0x11, 0x0, 0x0, 0x0,

    /* U+90A3 "那" */
    0xe, 0xff, 0xff, 0xff, 0xff, 0x4, 0xee, 0xee,
    0xee, 0x90, 0x6, 0x66, 0xdd, 0x66, 0xaf, 0x4,
    0xf9, 0x88, 0x8f, 0xa0, 0x0, 0x0, 0xcb, 0x0,
    0x7f, 0x4, 0xf2, 0x0, 0x5f, 0x20, 0x0, 0x0,
    0xca, 0x0, 0x7f, 0x4, 0xf2, 0x0, 0xca, 0x0,
    0x0, 0x0, 0xda, 0x0, 0x8f, 0x4, 0xf2, 0x4,
    0xf3, 0x0, 0xa, 0xff, 0xff, 0xff, 0xff, 0x4,
    0xf2, 0xb, 0xb0, 0x0, 0x2, 0x44, 0xfa, 0x44,
    0xaf, 0x4, 0xf2, 0x3f, 0x40, 0x0, 0x0, 0x0,
    0xf7, 0x0, 0x8f, 0x4, 0xf2, 0x2e, 0xa0, 0x0,
    0x0, 0x2, 0xf5, 0x0, 0x8f, 0x4, 0xf2, 0x2,
    0xe9, 0x0, 0x5, 0x68, 0xf9, 0x66, 0xbf, 0x4,
    0xf2, 0x0, 0x5f, 0x30, 0xc, 0xff, 0xff, 0xff,
    0xff, 0x4, 0xf2, 0x0, 0xe, 0x90, 0x0, 0xa,
    0xd0, 0x0, 0x9e, 0x4, 0xf2, 0x0, 0xb, 0xb0,
    0x0, 0xf, 0x80, 0x0, 0xae, 0x4, 0xf2, 0x0,
    0xc, 0xa0, 0x0, 0x6f, 0x30, 0x0, 0xbd, 0x4,
    0xf3, 0x87, 0xbf, 0x60, 0x1, 0xed, 0x0, 0x0,
    0xdb, 0x4, 0xf2, 0xde, 0xd7, 0x0, 0xa, 0xf3,
    0x6, 0x8a, 0xf9, 0x4, 0xf2, 0x0, 0x0, 0x0,
    0xb, 0x80, 0x7, 0xff, 0xc1, 0x4, 0xf2, 0x0,
    0x0, 0x0, 0x0, 0x0, 0x0, 0x0, 0x0, 0x1,
    0x30, 0x0, 0x0, 0x0,

    /* U+90D1 "郑" */
    0x0, 0xa, 0x30, 0x0, 0x2b, 0x30, 0x0, 0x0,
    0x0, 0x0, 0x0, 0xb, 0xe0, 0x0, 0x8f, 0x10,
    0xaf, 0xff, 0xff, 0xc1, 0x0, 0x2, 0xf7, 0x0,
    0xe8, 0x0, 0xbd, 0x77, 0x7d, 0xf0, 0x0, 0x0,
    0x83, 0x6, 0xf1, 0x0, 0xbb, 0x0, 0x1f, 0x80,
    0x4, 0xff, 0xff, 0xff, 0xff, 0xf2, 0xbb, 0x0,
    0x7f, 0x10, 0x1, 0x66, 0x67, 0xf9, 0x66, 0x61,
    0xbb, 0x0, 0xda, 0x0, 0x0, 0x0, 0x2, 0xf4,
    0x0, 0x0, 0xbb, 0x5, 0xf2, 0x0, 0x0, 0x0,
    0x2, 0xf4, 0x0, 0x0, 0xbb, 0xc, 0xb0, 0x0,
    0x0, 0x0, 0x3, 0xf3, 0x0, 0x0, 0xbb, 0x7,
    0xf3, 0x0, 0xf, 0xff, 0xff, 0xff, 0xff, 0xfa,
    0xbb, 0x0, 0x9e, 0x10, 0x6, 0x66, 0x6c, 0xf6,
    0x66, 0x64, 0xbb, 0x0, 0xe, 0x90, 0x0, 0x0,
    0xc, 0xe0, 0x0, 0x0, 0xbb, 0x0, 0x9, 0xe0,
    0x0, 0x0, 0x2f, 0xfc, 0x0, 0x0, 0xbb, 0x0,
    0x6, 0xf0, 0x0, 0x0, 0x9f, 0x4f, 0xc0, 0x0,
    0xbb, 0x0, 0x8, 0xf0, 0x0, 0x2, 0xf9, 0x4,
    0xfb, 0x0, 0xbb, 0x29, 0xaf, 0xb0, 0x0, 0xd,
    0xe1, 0x0, 0x5f, 0x90, 0xbb, 0x1e, 0xda, 0x10,
    0x0, 0xbf, 0x40, 0x0, 0x9, 0xf1, 0xbb, 0x0,
    0x0, 0x0, 0xb, 0xf7, 0x0, 0x0, 0x0, 0x30,
    0xbb, 0x0, 0x0, 0x0, 0x7, 0x70, 0x0, 0x0,
    0x0, 0x0, 0xbb, 0x0, 0x0, 0x0,

    /* U+90E8 "部" */
    0x0, 0x0, 0x96, 0x0, 0x0, 0x0, 0x0, 0x0,
    0x0, 0x0, 0x0, 0xad, 0x0, 0x0, 0x4, 0xbb,
    0xbb, 0xb6, 0x26, 0x66, 0x9f, 0x86, 0x66, 0x6,
    0xfa, 0xaa, 0xfb, 0x6f, 0xff, 0xff, 0xff, 0xff,
    0x6, 0xe0, 0x2, 0xf5, 0x0, 0xb4, 0x0, 0x7,
    0xb0, 0x6, 0xe0, 0x8, 0xe0, 0x0, 0xbc, 0x0,
    0xd, 0xb0, 0x6, 0xe0, 0xe, 0x70, 0x0, 0x5f,
    0x10, 0x2f, 0x40, 0x6, 0xe0, 0x4f, 0x10, 0x0,
    0x2c, 0x40, 0x9d, 0x0, 0x6, 0xe0, 0xba, 0x0,
    0xff, 0xff, 0xff, 0xff, 0xff, 0x76, 0xe0, 0x8e,
    0x20, 0x55, 0x55, 0x55, 0x55, 0x55, 0x26, 0xe0,
    0xb, 0xc0, 0x0, 0x0, 0x0, 0x0, 0x0, 0x6,
    0xe0, 0x2, 0xf5, 0xc, 0xff, 0xff, 0xff, 0xf8,
    0x6, 0xe0, 0x0, 0xc9, 0xd, 0xc6, 0x66, 0x66,
    0xf9, 0x6, 0xe0, 0x0, 0xab, 0xd, 0x90, 0x0,
    0x0, 0xe9, 0x6, 0xe0, 0x0, 0xda, 0xd, 0x90,
    0x0, 0x0, 0xe9, 0x6, 0xe5, 0xce, 0xf5, 0xd,
    0x90, 0x0, 0x0, 0xe9, 0x6, 0xe1, 0x99, 0x40,
    0xd, 0xff, 0xff, 0xff, 0xf9, 0x6, 0xe0, 0x0,
    0x0, 0xd, 0xc6, 0x66, 0x66, 0xf9, 0x6, 0xe0,
    0x0, 0x0, 0xb, 0x80, 0x0, 0x0, 0xb6, 0x6,
    0xe0, 0x0, 0x0,

    /* U+9152 "酒" */
    0x0, 0x70, 0x0, 0x0, 0x0, 0x0, 0x0, 0x0,
    0x0, 0x0, 0x4, 0xfe, 0x52, 0xee, 0xee, 0xee,
    0xee, 0xee, 0xee, 0xe1, 0x0, 0x2c, 0xf6, 0x77,
    0x77, 0xfa, 0x7e, 0xc7, 0x77, 0x70, 0x0, 0x0,
    0x70, 0x0, 0x0, 0xf4, 0xc, 0x90, 0x0, 0x0,
    0x0, 0x0, 0x0, 0x0, 0x0, 0xf4, 0xc, 0x90,
    0x0, 0x0, 0x0, 0x0, 0x0, 0x36, 0x66, 0xf9,
    0x6d, 0xb6, 0x66, 0x20, 0xa, 0x50, 0x0, 0x7f,
    0xee, 0xff, 0xef, 0xfe, 0xff, 0x50, 0x1a, 0xfd,
    0x40, 0x7e, 0x0, 0xd5, 0xc, 0x50, 0x1f, 0x50,
    0x0, 0x3d, 0x80, 0x7e, 0x0, 0xf3, 0xc, 0x50,
    0x1f, 0x50, 0x0, 0x0, 0x0, 0x7e, 0x7, 0xe0,
    0xc, 0x94, 0x5f, 0x50, 0x0, 0x0, 0x0, 0x7e,
    0x8f, 0x40, 0x7, 0xef, 0xff, 0x50, 0x0, 0x0,
    0xa2, 0x7e, 0x82, 0x0, 0x0, 0x0, 0x1f, 0x50,
    0x0, 0x5, 0xf4, 0x7e, 0x44, 0x44, 0x44, 0x44,
    0x5f, 0x50, 0x0, 0xc, 0xc0, 0x7f, 0xff, 0xff,
    0xff, 0xff, 0xff, 0x50, 0x0, 0x4f, 0x50, 0x7e,
    0x0, 0x0, 0x0, 0x0, 0x1f, 0x50, 0x0, 0xce,
    0x0, 0x7e, 0x0, 0x0, 0x0, 0x0, 0x1f, 0x50,
    0x4, 0xf6, 0x0, 0x7f, 0xee, 0xee, 0xee, 0xee,
    0xef, 0x50, 0xb, 0xe0, 0x0, 0x7f, 0x66, 0x66,
    0x66, 0x66, 0x7f, 0x50, 0x0, 0x30, 0x0, 0x7e,
    0x0, 0x0, 0x0, 0x0, 0x1e, 0x50,

    /* U+9171 "酱" */
    0x0, 0x0, 0x6, 0x90, 0x0, 0x1a, 0x30, 0x0,
    0x0, 0x0, 0xb5, 0x0, 0x9c, 0x0, 0xb, 0xf4,
    0x33, 0x33, 0x20, 0x5, 0xf4, 0x9, 0xc0, 0xa,
    0xff, 0xff, 0xff, 0xfd, 0x0, 0x8, 0xd0, 0x9c,
    0x2c, 0xd3, 0x0, 0x0, 0x3f, 0x50, 0x0, 0x1,
    0x3c, 0xc8, 0xc1, 0xad, 0x10, 0x2e, 0xa0, 0x0,
    0x5, 0xcf, 0xec, 0x0, 0x0, 0xcc, 0x8f, 0x90,
    0x0, 0x6e, 0xf9, 0x29, 0xc0, 0x13, 0x6b, 0xfd,
    0x50, 0x0, 0x4, 0x71, 0x0, 0x9c, 0x9f, 0xfc,
    0x93, 0x0, 0x0, 0x0, 0x12, 0x22, 0x25, 0x53,
    0x52, 0x22, 0x22, 0x22, 0x22, 0xa, 0xff, 0xff,
    0xff, 0xff, 0xff, 0xff, 0xff, 0xff, 0xe0, 0x0,
    0x0, 0x0, 0x6c, 0x0, 0xb7, 0x0, 0x0, 0x0,
    0x0, 0x6f, 0xff, 0xff, 0xff, 0xff, 0xff, 0xff,
    0xfb, 0x0, 0x6, 0xf1, 0x11, 0xc9, 0x11, 0xb8,
    0x11, 0x1b, 0xb0, 0x0, 0x6f, 0x39, 0xea, 0x0,
    0x9, 0xd9, 0x99, 0xeb, 0x0, 0x6, 0xf2, 0x72,
    0x0, 0x0, 0x2, 0x33, 0x3c, 0xb0, 0x0, 0x6f,
    0xdd, 0xdd, 0xdd, 0xdd, 0xdd, 0xdd, 0xfb, 0x0,
    0x6, 0xf0, 0x0, 0x0, 0x0, 0x0, 0x0, 0xb,
    0xb0, 0x0, 0x6f, 0xff, 0xff, 0xff, 0xff, 0xff,
    0xff, 0xfb, 0x0, 0x6, 0xf0, 0x0, 0x0, 0x0,
    0x0, 0x0, 0xb, 0xb0, 0x0,

    /* U+91CC "里" */
    0x0, 0xef, 0xff, 0xff, 0xff, 0xff, 0xff, 0xff,
    0x30, 0x0, 0xeb, 0x55, 0x55, 0xcd, 0x55, 0x55,
    0x9f, 0x30, 0x0, 0xe9, 0x0, 0x0, 0xac, 0x0,
    0x0, 0x5f, 0x30, 0x0, 0xea, 0x22, 0x22, 0xbd,
    0x22, 0x22, 0x6f, 0x30, 0x0, 0xef, 0xff, 0xff,
    0xff, 0xff, 0xff, 0xff, 0x30, 0x0, 0xea, 0x11,
    0x11, 0xad, 0x11, 0x11, 0x6f, 0x30, 0x0, 0xe9,
    0x0, 0x0, 0xac, 0x0, 0x0, 0x5f, 0x30, 0x0,
    0xeb, 0x44, 0x44, 0xcd, 0x44, 0x44, 0x8f, 0x30,
    0x0, 0xef, 0xff, 0xff, 0xff, 0xff, 0xff, 0xff,
    0x30, 0x0, 0x0, 0x0, 0x0, 0xbe, 0x0, 0x0,
    0x0, 0x0, 0x0, 0x0, 0x0, 0x0, 0xbd, 0x0,
    0x0, 0x0, 0x0, 0x3, 0x66, 0x66, 0x66, 0xde,
    0x66, 0x66, 0x66, 0x60, 0x8, 0xff, 0xff, 0xff,
    0xff, 0xff, 0xff, 0xff, 0xd0, 0x0, 0x0, 0x0,
    0x0, 0xbd, 0x0, 0x0, 0x0, 0x0, 0x0, 0x0,
    0x0, 0x0, 0xbd, 0x0, 0x0, 0x0, 0x0, 0x56,
    0x66, 0x66, 0x66, 0xde, 0x66, 0x66, 0x66, 0x65,
    0xef, 0xff, 0xff, 0xff, 0xff, 0xff, 0xff, 0xff,
    0xff,

    /* U+91CD "重" */
    0x0, 0x0, 0x0, 0x0, 0x1, 0x34, 0x68, 0xb5,
    0x0, 0x0, 0x2b, 0xcd, 0xef, 0xff, 0xff, 0xed,
    0xb9, 0x50, 0x0, 0x0, 0x76, 0x55, 0x43, 0xdb,
    0x0, 0x0, 0x0, 0x0, 0x3, 0x44, 0x44, 0x44,
    0x4d, 0xc4, 0x44, 0x44, 0x44, 0x30, 0xcf, 0xff,
    0xff, 0xff, 0xff, 0xff, 0xff, 0xff, 0xfe, 0x0,
    0x0, 0x0, 0x0, 0xc, 0xb0, 0x0, 0x0, 0x0,
    0x0, 0x0, 0xbf, 0xff, 0xff, 0xff, 0xff, 0xff,
    0xff, 0x0, 0x0, 0xc, 0xb1, 0x11, 0x1c, 0xc1,
    0x11, 0x19, 0xf0, 0x0, 0x0, 0xcb, 0x0, 0x0,
    0xcb, 0x0, 0x0, 0x8f, 0x0, 0x0, 0xc, 0xff,
    0xff, 0xff, 0xff, 0xff, 0xff, 0xf0, 0x0, 0x0,
    0xca, 0x0, 0x0, 0xcb, 0x0, 0x0, 0x8f, 0x0,
    0x0, 0xc, 0xfe, 0xee, 0xef, 0xfe, 0xee, 0xef,
    0xf0, 0x0, 0x0, 0x23, 0x33, 0x33, 0xdc, 0x33,
    0x33, 0x33, 0x0, 0x0, 0x13, 0x33, 0x33, 0x3d,
    0xc3, 0x33, 0x33, 0x32, 0x0, 0x6, 0xff, 0xff,
    0xff, 0xff, 0xff, 0xff, 0xff, 0xc0, 0x0, 0x0,
    0x0, 0x0, 0xc, 0xb0, 0x0, 0x0, 0x0, 0x0,
    0x34, 0x44, 0x44, 0x44, 0xdc, 0x44, 0x44, 0x44,
    0x44, 0xd, 0xff, 0xff, 0xff, 0xff, 0xff, 0xff,
    0xff, 0xff, 0xf0,

    /* U+91CF "量" */
    0x0, 0x7, 0xfe, 0xee, 0xee, 0xee, 0xee, 0xef,
    0x60, 0x0, 0x0, 0x7, 0xf0, 0x0, 0x0, 0x0,
    0x0, 0xf, 0x60, 0x0, 0x0, 0x7, 0xfe, 0xee,
    0xee, 0xee, 0xee, 0xef, 0x60, 0x0, 0x0, 0x7,
    0xf0, 0x0, 0x0, 0x0, 0x0, 0xf, 0x60, 0x0,
    0x0, 0x6, 0xee, 0xee, 0xee, 0xee, 0xee, 0xee,
    0x60, 0x0, 0x3, 0x33, 0x33, 0x33, 0x33, 0x33,
    0x33, 0x33, 0x33, 0x30, 0xe, 0xee, 0xee, 0xee,
    0xee, 0xee, 0xee, 0xee, 0xee, 0xe0, 0x0, 0x2,
    0x22, 0x22, 0x22, 0x22, 0x22, 0x22, 0x20, 0x0,
    0x0, 0xc, 0xec, 0xcc, 0xcf, 0xec, 0xcc, 0xcd,
    0xf0, 0x0, 0x0, 0xc, 0xa1, 0x11, 0x1c, 0xb1,
    0x11, 0x18, 0xf0, 0x0, 0x0, 0xc, 0xec, 0xcc,
    0xcf, 0xec, 0xcc, 0xcd, 0xf0, 0x0, 0x0, 0xc,
    0xa1, 0x11, 0x1c, 0xb1, 0x11, 0x17, 0xf0, 0x0,
    0x0, 0xa, 0xdd, 0xdd, 0xdf, 0xfd, 0xdd, 0xdd,
    0xd0, 0x0, 0x0, 0x1, 0x11, 0x11, 0x1c, 0xb1,
    0x11, 0x11, 0x10, 0x0, 0x0, 0x5f, 0xff, 0xff,
    0xff, 0xff, 0xff, 0xff, 0xf7, 0x0, 0x2, 0x22,
    0x22, 0x22, 0x2c, 0xb2, 0x22, 0x22, 0x22, 0x20,
    0xf, 0xff, 0xff, 0xff, 0xff, 0xff, 0xff, 0xff,
    0xff, 0xf1,

    /* U+949F "钟" */
    0x0, 0x2, 0x20, 0x0, 0x0, 0x0, 0x6, 0x20,
    0x0, 0x0, 0x0, 0xdb, 0x0, 0x0, 0x0, 0x0,
    0xf6, 0x0, 0x0, 0x0, 0x5f, 0x96, 0x66, 0x10,
    0x0, 0xf, 0x60, 0x0, 0x0, 0x1e, 0xff, 0xff,
    0xf2, 0x0, 0x0, 0xf6, 0x0, 0x0, 0xd, 0xe1,
    0x0, 0x0, 0x18, 0x88, 0x8f, 0xb8, 0x88, 0x42,
    0xf3, 0x0, 0x0, 0x2, 0xfe, 0xde, 0xfe, 0xdd,
    0xf8, 0x2, 0xbf, 0xff, 0xfd, 0x2f, 0x20, 0xf,
    0x60, 0xe, 0x80, 0x4, 0x6f, 0xb6, 0x52, 0xf2,
    0x0, 0xf6, 0x0, 0xe8, 0x0, 0x0, 0xe8, 0x0,
    0x2f, 0x20, 0xf, 0x60, 0xe, 0x80, 0x0, 0xe,
    0x80, 0x2, 0xf2, 0x0, 0xf6, 0x0, 0xe8, 0xc,
    0xdd, 0xff, 0xdd, 0x6f, 0x75, 0x6f, 0xa5, 0x5f,
    0x80, 0x77, 0x7f, 0xc7, 0x74, 0xff, 0xff, 0xff,
    0xff, 0xf8, 0x0, 0x0, 0xe8, 0x0, 0x2f, 0x41,
    0x2f, 0x71, 0x1e, 0x80, 0x0, 0xe, 0x80, 0x0,
    0x40, 0x0, 0xf6, 0x0, 0x21, 0x0, 0x0, 0xe8,
    0x1, 0x0, 0x0, 0xf, 0x60, 0x0, 0x0, 0x0,
    0xe, 0x97, 0xf4, 0x0, 0x0, 0xf6, 0x0, 0x0,
    0x0, 0x2, 0xff, 0xf8, 0x0, 0x0, 0xf, 0x60,
    0x0, 0x0, 0x0, 0xbf, 0xb2, 0x0, 0x0, 0x0,
    0xf6, 0x0, 0x0, 0x0, 0x5, 0x50, 0x0, 0x0,
    0x0, 0xf, 0x60, 0x0, 0x0,

    /* U+94A5 "钥" */
    0x0, 0x5, 0x60, 0x0, 0x0, 0x0, 0x0, 0x0,
    0x0, 0x0, 0x0, 0xea, 0x0, 0x0, 0x9, 0xbb,
    0xbb, 0xbb, 0xb5, 0x0, 0x6f, 0x96, 0x66, 0x50,
    0xdd, 0x99, 0x99, 0xaf, 0x60, 0x2e, 0xff, 0xff,
    0xfb, 0xd, 0xa0, 0x0, 0x1, 0xf6, 0xd, 0xe1,
    0x0, 0x0, 0x0, 0xda, 0x0, 0x0, 0x1f, 0x62,
    0xf4, 0x0, 0x0, 0x0, 0xd, 0xb1, 0x11, 0x13,
    0xf6, 0x2, 0xdf, 0xff, 0xff, 0x50, 0xdf, 0xff,
    0xff, 0xff, 0x60, 0x5, 0x7f, 0xa6, 0x62, 0xd,
    0xb3, 0x33, 0x34, 0xf6, 0x0, 0x1, 0xf5, 0x0,
    0x0, 0xda, 0x0, 0x0, 0x1f, 0x60, 0x0, 0x1f,
    0x50, 0x0, 0xd, 0xa0, 0x0, 0x1, 0xf6, 0xd,
    0xee, 0xfe, 0xee, 0x90, 0xdb, 0x44, 0x44, 0x5f,
    0x60, 0x77, 0x8f, 0xa7, 0x75, 0xe, 0xff, 0xff,
    0xff, 0xf6, 0x0, 0x1, 0xf5, 0x0, 0x0, 0xf7,
    0x0, 0x0, 0x2f, 0x60, 0x0, 0x1f, 0x50, 0x0,
    0x3f, 0x40, 0x0, 0x1, 0xf6, 0x0, 0x1, 0xf5,
    0x6, 0x28, 0xf0, 0x0, 0x0, 0x1f, 0x60, 0x0,
    0x2f, 0xbe, 0xe3, 0xdc, 0x0, 0x0, 0x1, 0xf6,
    0x0, 0xc, 0xfe, 0x60, 0x8f, 0x50, 0x0, 0x57,
    0x8f, 0x50, 0x0, 0xa7, 0x0, 0xe, 0xa0, 0x0,
    0x8, 0xff, 0xb1, 0x0, 0x0, 0x0, 0x0, 0x10,
    0x0, 0x0, 0x0, 0x0, 0x0,

    /* U+94B1 "钱" */
    0x0, 0x6, 0x40, 0x0, 0x0, 0x6, 0xa0, 0x30,
    0x0, 0x0, 0x1, 0xf7, 0x0, 0x0, 0x0, 0x8e,
    0x1e, 0xd4, 0x0, 0x0, 0x9f, 0x87, 0x76, 0x0,
    0x7, 0xe0, 0x8, 0xf2, 0x0, 0x3f, 0xff, 0xff,
    0xc0, 0x0, 0x7f, 0x0, 0x3, 0x20, 0x1e, 0xd0,
    0x0, 0x0, 0x1, 0x3a, 0xfa, 0xdf, 0xfe, 0x4,
    0xe2, 0x0, 0x0, 0x3, 0xff, 0xff, 0xa7, 0x53,
    0x0, 0x2, 0xef, 0xff, 0xf8, 0x3, 0x14, 0xf2,
    0x0, 0x0, 0x0, 0x6, 0x6f, 0x96, 0x30, 0x0,
    0x2f, 0x30, 0x14, 0x73, 0x0, 0x0, 0xf5, 0x0,
    0x0, 0x26, 0xfd, 0xef, 0xfd, 0x50, 0x0, 0xf,
    0x50, 0x8, 0xff, 0xff, 0xc6, 0x30, 0x0, 0xe,
    0xff, 0xff, 0xff, 0x55, 0x20, 0xc9, 0x0, 0x1d,
    0x50, 0x66, 0x6f, 0xa6, 0x60, 0x0, 0x9, 0xd0,
    0xc, 0xd0, 0x0, 0x0, 0xf5, 0x0, 0x0, 0x0,
    0x6f, 0x2c, 0xe2, 0x0, 0x0, 0xf, 0x50, 0x0,
    0x0, 0x1, 0xff, 0xd2, 0x0, 0x0, 0x0, 0xf5,
    0x5d, 0x20, 0x0, 0x8f, 0xf1, 0x1, 0x10, 0x0,
    0x1f, 0xef, 0x80, 0x17, 0xee, 0x9f, 0x60, 0x5c,
    0x0, 0xa, 0xfb, 0x20, 0x8f, 0xf9, 0x10, 0xbf,
    0x8c, 0x90, 0x0, 0x85, 0x0, 0x3, 0x71, 0x0,
    0x0, 0x9f, 0xd2,

    /* U+94C1 "铁" */
    0x0, 0x6, 0x50, 0x0, 0x0, 0x0, 0x8, 0x60,
    0x0, 0x0, 0x0, 0xf, 0x90, 0x0, 0x0, 0xc6,
    0xd, 0x90, 0x0, 0x0, 0x0, 0x7f, 0x97, 0x77,
    0x31, 0xf5, 0xd, 0x90, 0x0, 0x0, 0x2, 0xff,
    0xff, 0xff, 0x74, 0xf4, 0x1e, 0xa1, 0x11, 0x0,
    0x1e, 0xd1, 0x0, 0x0, 0x8, 0xff, 0xff, 0xff,
    0xff, 0x70, 0x3f, 0x20, 0x0, 0x0, 0xe, 0xa3,
    0x3e, 0xb3, 0x33, 0x10, 0x2, 0xef, 0xff, 0xfe,
    0x5f, 0x30, 0xe, 0x90, 0x0, 0x0, 0x0, 0x56,
    0xeb, 0x66, 0x4a, 0x0, 0xe, 0x90, 0x0, 0x0,
    0x0, 0x0, 0xe8, 0x0, 0x0, 0x0, 0xf, 0x80,
    0x0, 0x0, 0x0, 0x0, 0xe8, 0x0, 0x2e, 0xee,
    0xef, 0xfe, 0xee, 0xd0, 0xe, 0xff, 0xff, 0xff,
    0x87, 0x77, 0x9f, 0xe7, 0x77, 0x70, 0x6, 0x66,
    0xeb, 0x66, 0x30, 0x0, 0x7f, 0xf1, 0x0, 0x0,
    0x0, 0x0, 0xe8, 0x0, 0x0, 0x0, 0xcd, 0xf6,
    0x0, 0x0, 0x0, 0x0, 0xe8, 0x0, 0x0, 0x3,
    0xf6, 0xad, 0x0, 0x0, 0x0, 0x0, 0xe8, 0x2,
    0x20, 0xc, 0xd0, 0x3f, 0x60, 0x0, 0x0, 0x0,
    0xea, 0xaf, 0x60, 0xaf, 0x40, 0xa, 0xf3, 0x0,
    0x0, 0x4, 0xff, 0xd5, 0x1b, 0xf6, 0x0, 0x1,
    0xde, 0x40, 0x0, 0x9, 0xe6, 0x0, 0xaf, 0x60,
    0x0, 0x0, 0x2d, 0xd0, 0x0, 0x1, 0x10, 0x0,
    0x13, 0x0, 0x0, 0x0, 0x1, 0x20,

    /* U+94C5 "铅" */
    0x0, 0x5, 0x50, 0x0, 0x0, 0x0, 0x0, 0x0,
    0x0, 0x0, 0x0, 0xe, 0x90, 0x0, 0x0, 0x6a,
    0xaa, 0xaa, 0xa0, 0x0, 0x0, 0x7f, 0x96, 0x66,
    0x20, 0x9e, 0xaa, 0xac, 0xe0, 0x0, 0x2, 0xff,
    0xff, 0xff, 0x50, 0xac, 0x0, 0x7, 0xe0, 0x0,
    0x1d, 0xd1, 0x0, 0x0, 0x0, 0xab, 0x0, 0x7,
    0xe0, 0x0, 0x3f, 0x20, 0x0, 0x0, 0x0, 0xd9,
    0x0, 0x7, 0xe0, 0x0, 0x2, 0xdd, 0xdd, 0xdb,
    0x2, 0xf5, 0x0, 0x7, 0xe0, 0x0, 0x0, 0x77,
    0xec, 0x75, 0xb, 0xd0, 0x0, 0x6, 0xf5, 0x51,
    0x0, 0x0, 0xd8, 0x0, 0x9f, 0x40, 0x0, 0x1,
    0xcd, 0xd3, 0x0, 0x0, 0xd8, 0x0, 0x45, 0x0,
    0x0, 0x0, 0x0, 0x0, 0xc, 0xdd, 0xff, 0xdd,
    0x27, 0xff, 0xff, 0xff, 0xfe, 0x0, 0x7, 0x77,
    0xec, 0x77, 0x17, 0xf4, 0x44, 0x44, 0xae, 0x0,
    0x0, 0x0, 0xd8, 0x0, 0x7, 0xf0, 0x0, 0x0,
    0x8e, 0x0, 0x0, 0x0, 0xd8, 0x0, 0x7, 0xf0,
    0x0, 0x0, 0x8e, 0x0, 0x0, 0x0, 0xd8, 0x0,
    0x7, 0xf0, 0x0, 0x0, 0x8e, 0x0, 0x0, 0x0,
    0xe9, 0x7e, 0x57, 0xf0, 0x0, 0x0, 0x8e, 0x0,
    0x0, 0x3, 0xff, 0xf7, 0x7, 0xff, 0xff, 0xff,
    0xfe, 0x0, 0x0, 0xc, 0xfb, 0x20, 0x7, 0xf6,
    0x66, 0x66, 0xbe, 0x0, 0x0, 0x5, 0x50, 0x0,
    0x7, 0xf0, 0x0, 0x0, 0x7d, 0x0,

    /* U+94F6 "银" */
    0x0, 0x6, 0x60, 0x0, 0x0, 0x0, 0x0, 0x0,
    0x0, 0x0, 0x0, 0xf, 0x90, 0x0, 0xd, 0xee,
    0xee, 0xee, 0xed, 0x0, 0x0, 0x7f, 0x97, 0x77,
    0xe, 0xb6, 0x66, 0x66, 0xaf, 0x0, 0x2, 0xff,
    0xff, 0xff, 0x1e, 0x80, 0x0, 0x0, 0x6f, 0x0,
    0xd, 0xe1, 0x0, 0x0, 0xe, 0x92, 0x22, 0x22,
    0x8f, 0x0, 0x2f, 0x30, 0x0, 0x0, 0xe, 0xff,
    0xff, 0xff, 0xff, 0x0, 0x2, 0xcf, 0xff, 0xfc,
    0xe, 0x80, 0x0, 0x0, 0x7f, 0x0, 0x0, 0x56,
    0xfa, 0x65, 0xe, 0x80, 0x0, 0x0, 0x6f, 0x0,
    0x0, 0x0, 0xf6, 0x0, 0xe, 0xc8, 0x88, 0x88,
    0xbf, 0x0, 0x0, 0x0, 0xf6, 0x0, 0xe, 0xec,
    0xee, 0xcc, 0xcb, 0x0, 0xd, 0xff, 0xff, 0xff,
    0x4e, 0x80, 0x6e, 0x0, 0x2, 0x20, 0x5, 0x67,
    0xfa, 0x66, 0x1e, 0x80, 0x1f, 0x40, 0x5f, 0xb0,
    0x0, 0x0, 0xf6, 0x0, 0xe, 0x80, 0xb, 0xb9,
    0xf8, 0x0, 0x0, 0x0, 0xf6, 0x0, 0xe, 0x80,
    0x4, 0xfd, 0x30, 0x0, 0x0, 0x0, 0xf6, 0x2,
    0x1e, 0x80, 0x0, 0xbe, 0x20, 0x0, 0x0, 0x0,
    0xf9, 0xaf, 0x4e, 0x80, 0x14, 0x2e, 0xd1, 0x0,
    0x0, 0x4, 0xff, 0xc4, 0x1f, 0xdc, 0xff, 0x13,
    0xff, 0x70, 0x0, 0x9, 0xd5, 0x0, 0x6f, 0xfa,
    0x61, 0x0, 0x2c, 0xe1, 0x0, 0x1, 0x0, 0x0,
    0x4, 0x0, 0x0, 0x0, 0x0, 0x20,

    /* U+9519 "错" */
    0x0, 0x6, 0x60, 0x0, 0x0, 0x1c, 0x20, 0xc,
    0x40, 0x0, 0x0, 0xf, 0x70, 0x0, 0x0, 0x2f,
    0x30, 0xf, 0x50, 0x0, 0x0, 0x7f, 0x86, 0x66,
    0x2, 0x4f, 0x52, 0x2f, 0x72, 0x10, 0x2, 0xff,
    0xff, 0xff, 0x2f, 0xff, 0xff, 0xff, 0xff, 0xb0,
    0xc, 0xd1, 0x0, 0x0, 0x2, 0x4f, 0x52, 0x2f,
    0x72, 0x10, 0x1e, 0x30, 0x0, 0x0, 0x0, 0x2f,
    0x30, 0xf, 0x50, 0x0, 0x1, 0xde, 0xee, 0xea,
    0x13, 0x5f, 0x53, 0x3f, 0x73, 0x30, 0x0, 0x66,
    0xfa, 0x64, 0x9f, 0xff, 0xff, 0xff, 0xff, 0xf2,
    0x0, 0x0, 0xf6, 0x0, 0x12, 0x22, 0x22, 0x22,
    0x22, 0x20, 0x0, 0x0, 0xf6, 0x0, 0x1, 0x44,
    0x44, 0x44, 0x43, 0x0, 0xb, 0xff, 0xff, 0xff,
    0x26, 0xff, 0xff, 0xff, 0xfc, 0x0, 0x5, 0x66,
    0xfa, 0x66, 0x16, 0xe0, 0x0, 0x0, 0x9c, 0x0,
    0x0, 0x0, 0xf6, 0x0, 0x6, 0xe0, 0x0, 0x0,
    0x9c, 0x0, 0x0, 0x0, 0xf6, 0x0, 0x6, 0xff,
    0xff, 0xff, 0xfc, 0x0, 0x0, 0x0, 0xf6, 0x3,
    0x6, 0xf4, 0x44, 0x44, 0xbc, 0x0, 0x0, 0x0,
    0xf9, 0xce, 0x6, 0xe0, 0x0, 0x0, 0x9c, 0x0,
    0x0, 0x4, 0xff, 0xd4, 0x6, 0xf5, 0x55, 0x55,
    0xbc, 0x0, 0x0, 0xc, 0xf8, 0x0, 0x6, 0xfe,
    0xee, 0xee, 0xfc, 0x0, 0x0, 0x4, 0x20, 0x0,
    0x6, 0xe0, 0x0, 0x0, 0x8b, 0x0,

    /* U+955C "镜" */
    0x0, 0x5, 0x40, 0x0, 0x0, 0x0, 0x2b, 0x20,
    0x0, 0x0, 0x0, 0x1f, 0x80, 0x0, 0x3, 0x33,
    0x4f, 0xa3, 0x33, 0x20, 0x0, 0x7f, 0x86, 0x64,
    0xf, 0xff, 0xff, 0xff, 0xff, 0x90, 0x2, 0xff,
    0xff, 0xf9, 0x0, 0x3b, 0x0, 0x6, 0xa0, 0x0,
    0xd, 0xe1, 0x0, 0x0, 0x0, 0xf, 0x40, 0xd,
    0x80, 0x0, 0xd, 0x52, 0x22, 0x20, 0x9f, 0xff,
    0xff, 0xff, 0xff, 0xf0, 0x0, 0xef, 0xff, 0xf4,
    0x35, 0x55, 0x55, 0x55, 0x55, 0x50, 0x0, 0x8a,
    0xfb, 0x92, 0x2, 0x33, 0x33, 0x33, 0x33, 0x0,
    0x0, 0x2, 0xf4, 0x0, 0xa, 0xfd, 0xdd, 0xdd,
    0xdf, 0x30, 0x0, 0x2, 0xf4, 0x0, 0xa, 0xa0,
    0x0, 0x0, 0x3f, 0x30, 0xa, 0xde, 0xfe, 0xdc,
    0xa, 0xff, 0xff, 0xff, 0xff, 0x30, 0x5, 0x68,
    0xf9, 0x66, 0xa, 0xa0, 0x0, 0x0, 0x2f, 0x30,
    0x0, 0x2, 0xf4, 0x0, 0xa, 0xfe, 0xee, 0xee,
    0xef, 0x30, 0x0, 0x2, 0xf4, 0x0, 0x1, 0x1d,
    0xa1, 0x9d, 0x11, 0x0, 0x0, 0x2, 0xf4, 0x6c,
    0x0, 0xf, 0x60, 0x8d, 0x0, 0x0, 0x0, 0x5,
    0xfe, 0xf8, 0x0, 0x9f, 0x10, 0x8d, 0x0, 0xd3,
    0x0, 0xd, 0xfb, 0x20, 0x4b, 0xf7, 0x0, 0x8e,
    0x23, 0xf3, 0x0, 0xb, 0x50, 0xa, 0xfc, 0x40,
    0x0, 0x4e, 0xff, 0xc0, 0x0, 0x0, 0x0, 0x0,
    0x10, 0x0, 0x0, 0x0, 0x0, 0x0,

    /* U+957F "长" */
    0x0, 0x0, 0xb5, 0x0, 0x0, 0x0, 0x0, 0x30,
    0x0, 0x0, 0x0, 0xf, 0x70, 0x0, 0x0, 0x0,
    0x7f, 0x80, 0x0, 0x0, 0x0, 0xf7, 0x0, 0x0,
    0x0, 0x8f, 0xa0, 0x0, 0x0, 0x0, 0xf, 0x70,
    0x0, 0x2, 0xcf, 0x80, 0x0, 0x0, 0x0, 0x0,
    0xf7, 0x0, 0x19, 0xfe, 0x50, 0x0, 0x0, 0x0,
    0x0, 0xf, 0x70, 0x8f, 0xfa, 0x10, 0x0, 0x0,
    0x0, 0x0, 0x0, 0xf7, 0x5, 0xc3, 0x0, 0x0,
    0x0, 0x0, 0x0, 0x0, 0xf, 0x70, 0x0, 0x0,
    0x0, 0x0, 0x0, 0x0, 0xef, 0xff, 0xff, 0xff,
    0xff, 0xff, 0xff, 0xff, 0xfd, 0x7, 0x88, 0x8f,
    0xc8, 0x89, 0xfa, 0x88, 0x88, 0x88, 0x60, 0x0,
    0x0, 0xf7, 0x0, 0xd, 0xc0, 0x0, 0x0, 0x0,
    0x0, 0x0, 0xf, 0x70, 0x0, 0x5f, 0x50, 0x0,
    0x0, 0x0, 0x0, 0x0, 0xf7, 0x0, 0x0, 0xce,
    0x20, 0x0, 0x0, 0x0, 0x0, 0xf, 0x70, 0x0,
    0x1, 0xee, 0x10, 0x0, 0x0, 0x0, 0x0, 0xf7,
    0x0, 0x0, 0x4, 0xfe, 0x40, 0x0, 0x0, 0x0,
    0x1f, 0x70, 0x47, 0xb5, 0x3, 0xef, 0x92, 0x0,
    0x0, 0x4, 0xfe, 0xff, 0xfb, 0x30, 0x1, 0xbf,
    0xfb, 0x10, 0x0, 0xbf, 0xd8, 0x40, 0x0, 0x0,
    0x0, 0x3a, 0x90, 0x0, 0x2, 0x20, 0x0, 0x0,
    0x0, 0x0, 0x0, 0x0, 0x0,

    /* U+95E8 "门" */
    0x1, 0x92, 0x0, 0x0, 0x0, 0x0, 0x0, 0x0,
    0x0, 0x1, 0xed, 0x0, 0x9f, 0xff, 0xff, 0xff,
    0xff, 0xf6, 0x0, 0x3f, 0xa0, 0x35, 0x55, 0x55,
    0x55, 0x56, 0xf6, 0x0, 0x7, 0xf5, 0x0, 0x0,
    0x0, 0x0, 0x1, 0xf6, 0x5, 0x20, 0xc4, 0x0,
    0x0, 0x0, 0x0, 0x1, 0xf6, 0x1f, 0x60, 0x0,
    0x0, 0x0, 0x0, 0x0, 0x1, 0xf6, 0x1f, 0x60,
    0x0, 0x0, 0x0, 0x0, 0x0, 0x1, 0xf6, 0x1f,
    0x60, 0x0, 0x0, 0x0, 0x0, 0x0, 0x1, 0xf6,
    0x1f, 0x60, 0x0, 0x0, 0x0, 0x0, 0x0, 0x1,
    0xf6, 0x1f, 0x60, 0x0, 0x0, 0x0, 0x0, 0x0,
    0x1, 0xf6, 0x1f, 0x60, 0x0, 0x0, 0x0, 0x0,
    0x0, 0x1, 0xf6, 0x1f, 0x60, 0x0, 0x0, 0x0,
    0x0, 0x0, 0x1, 0xf6, 0x1f, 0x60, 0x0, 0x0,
    0x0, 0x0, 0x0, 0x1, 0xf6, 0x1f, 0x60, 0x0,
    0x0, 0x0, 0x0, 0x0, 0x1, 0xf6, 0x1f, 0x60,
    0x0, 0x0, 0x0, 0x0, 0x0, 0x1, 0xf6, 0x1f,
    0x60, 0x0, 0x0, 0x0, 0x0, 0x0, 0x1, 0xf6,
    0x1f, 0x60, 0x0, 0x0, 0x0, 0x0, 0x0, 0x1,
    0xf6, 0x1f, 0x60, 0x0, 0x0, 0x0, 0x0, 0x56,
    0x68, 0xf5, 0x1f, 0x60, 0x0, 0x0, 0x0, 0x0,
    0x8f, 0xfe, 0xa0,

    /* U+95EE "问" */
    0x0, 0x10, 0x0, 0x0, 0x0, 0x0, 0x0, 0x0,
    0x0, 0xa, 0xe1, 0x0, 0x67, 0x77, 0x77, 0x77,
    0x77, 0x70, 0x1, 0xdd, 0x10, 0xdf, 0xff, 0xff,
    0xff, 0xff, 0xf1, 0x0, 0x2e, 0xc0, 0x0, 0x0,
    0x0, 0x0, 0x5, 0xf1, 0x0, 0x4, 0xa0, 0x0,
    0x0, 0x0, 0x0, 0x5, 0xf1, 0x2e, 0x40, 0x0,
    0x0, 0x0, 0x0, 0x0, 0x5, 0xf1, 0x2f, 0x50,
    0x6, 0xee, 0xee, 0xee, 0x60, 0x5, 0xf1, 0x2f,
    0x50, 0x7, 0xf6, 0x66, 0x6f, 0x70, 0x5, 0xf1,
    0x2f, 0x50, 0x7, 0xe0, 0x0, 0xf, 0x70, 0x5,
    0xf1, 0x2f, 0x50, 0x7, 0xe0, 0x0, 0xf, 0x70,
    0x5, 0xf1, 0x2f, 0x50, 0x7, 0xe0, 0x0, 0xf,
    0x70, 0x5, 0xf1, 0x2f, 0x50, 0x7, 0xe0, 0x0,
    0xf, 0x70, 0x5, 0xf1, 0x2f, 0x50, 0x7, 0xfe,
    0xee, 0xef, 0x70, 0x5, 0xf1, 0x2f, 0x50, 0x7,
    0xf6, 0x66, 0x66, 0x30, 0x5, 0xf1, 0x2f, 0x50,
    0x5, 0xa0, 0x0, 0x0, 0x0, 0x5, 0xf1, 0x2f,
    0x50, 0x0, 0x0, 0x0, 0x0, 0x0, 0x5, 0xf1,
    0x2f, 0x50, 0x0, 0x0, 0x0, 0x0, 0x37, 0x7b,
    0xf0, 0x2f, 0x50, 0x0, 0x0, 0x0, 0x0, 0x3f,
    0xfe, 0x80, 0x2f, 0x50, 0x0, 0x0, 0x0, 0x0,
    0x0, 0x0, 0x0,

    /* U+95F4 "间" */
    0x0, 0x20, 0x0, 0x0, 0x0, 0x0, 0x0, 0x0,
    0x0, 0x7, 0xf4, 0x0, 0x57, 0x77, 0x77, 0x77,
    0x77, 0x73, 0x0, 0xcf, 0x30, 0xbf, 0xff, 0xff,
    0xff, 0xff, 0xf7, 0x0, 0x1e, 0xc0, 0x0, 0x0,
    0x0, 0x0, 0x1, 0xf7, 0x0, 0x2, 0x10, 0x0,
    0x0, 0x0, 0x0, 0x1, 0xf7, 0x1e, 0x60, 0x0,
    0x11, 0x11, 0x11, 0x10, 0x1, 0xf7, 0x1f, 0x70,
    0x7, 0xff, 0xff, 0xff, 0xe0, 0x1, 0xf7, 0x1f,
    0x70, 0x7, 0xe2, 0x22, 0x29, 0xe0, 0x1, 0xf7,
    0x1f, 0x70, 0x7, 0xe0, 0x0, 0x7, 0xe0, 0x1,
    0xf7, 0x1f, 0x70, 0x7, 0xe2, 0x22, 0x29, 0xe0,
    0x1, 0xf7, 0x1f, 0x70, 0x7, 0xff, 0xff, 0xff,
    0xe0, 0x1, 0xf7, 0x1f, 0x70, 0x7, 0xe1, 0x11,
    0x18, 0xe0, 0x1, 0xf7, 0x1f, 0x70, 0x7, 0xe0,
    0x0, 0x7, 0xe0, 0x1, 0xf7, 0x1f, 0x70, 0x7,
    0xe3, 0x33, 0x39, 0xe0, 0x1, 0xf7, 0x1f, 0x70,
    0x7, 0xff, 0xff, 0xff, 0xe0, 0x1, 0xf7, 0x1f,
    0x70, 0x0, 0x0, 0x0, 0x0, 0x0, 0x1, 0xf7,
    0x1f, 0x70, 0x0, 0x0, 0x0, 0x0, 0x2, 0x67,
    0xf6, 0x1f, 0x70, 0x0, 0x0, 0x0, 0x0, 0x1,
    0xff, 0xc2, 0x1f, 0x70, 0x0, 0x0, 0x0, 0x0,
    0x0, 0x0, 0x0,

    /* U+9662 "院" */
    0x0, 0x0, 0x0, 0x0, 0x0, 0x3d, 0x20, 0x0,
    0x0, 0x6, 0xff, 0xff, 0xe2, 0x0, 0x1, 0xfa,
    0x0, 0x0, 0x0, 0x6f, 0x55, 0xbe, 0x24, 0x44,
    0x4b, 0xf5, 0x44, 0x43, 0x6, 0xe0, 0xd, 0x85,
    0xff, 0xff, 0xff, 0xff, 0xff, 0xc0, 0x6e, 0x3,
    0xf2, 0x5e, 0x0, 0x0, 0x0, 0x0, 0xac, 0x6,
    0xe0, 0x9b, 0x5, 0xe0, 0x0, 0x0, 0x0, 0xa,
    0xc0, 0x6e, 0xe, 0x70, 0x13, 0xef, 0xff, 0xff,
    0xff, 0x42, 0x6, 0xe0, 0x6e, 0x10, 0x5, 0x55,
    0x55, 0x55, 0x50, 0x0, 0x6e, 0x0, 0xd8, 0x0,
    0x0, 0x0, 0x0, 0x0, 0x0, 0x6, 0xe0, 0x7,
    0xd0, 0x22, 0x22, 0x22, 0x22, 0x22, 0x10, 0x6e,
    0x0, 0x4f, 0x5f, 0xff, 0xff, 0xff, 0xff, 0xfd,
    0x6, 0xe0, 0x4, 0xf2, 0x33, 0xcc, 0x34, 0xf7,
    0x33, 0x30, 0x6e, 0x25, 0xce, 0x0, 0xd, 0x90,
    0x1f, 0x40, 0x0, 0x6, 0xe2, 0xec, 0x40, 0x1,
    0xf6, 0x1, 0xf4, 0x0, 0x0, 0x6e, 0x0, 0x0,
    0x0, 0x8f, 0x10, 0x1f, 0x40, 0x14, 0x6, 0xe0,
    0x0, 0x0, 0x5f, 0x90, 0x1, 0xf4, 0x3, 0xf1,
    0x6e, 0x0, 0x3, 0xaf, 0xb0, 0x0, 0x1f, 0x94,
    0x9f, 0x6, 0xe0, 0x0, 0xae, 0x60, 0x0, 0x0,
    0xbf, 0xff, 0x80, 0x13, 0x0, 0x0, 0x0, 0x0,
    0x0, 0x0, 0x0, 0x0, 0x0,

    /* U+9664 "除" */
    0x0, 0x0, 0x0, 0x0, 0x0, 0x2, 0xc2, 0x0,
    0x0, 0x6, 0xff, 0xff, 0xe1, 0x0, 0x0, 0xcf,
    0x20, 0x0, 0x0, 0x6f, 0x55, 0xcd, 0x0, 0x0,
    0x9e, 0xce, 0x10, 0x0, 0x6, 0xe0, 0xe, 0x80,
    0x0, 0x8f, 0x30, 0xdd, 0x20, 0x0, 0x6e, 0x3,
    0xf2, 0x0, 0x9f, 0x50, 0x1, 0xde, 0x50, 0x6,
    0xe0, 0x9b, 0x2, 0xcf, 0x50, 0x0, 0x1, 0xcf,
    0xa1, 0x6e, 0xf, 0x50, 0xcd, 0x86, 0x66, 0x66,
    0x67, 0x9d, 0x16, 0xe0, 0xd9, 0x1, 0xb, 0xdd,
    0xef, 0xed, 0xd1, 0x0, 0x6e, 0x2, 0xf4, 0x0,
    0x0, 0x6, 0xf0, 0x0, 0x0, 0x6, 0xe0, 0x9,
    0xb0, 0x0, 0x0, 0x6f, 0x0, 0x0, 0x0, 0x6e,
    0x0, 0x6e, 0x9f, 0xff, 0xff, 0xff, 0xff, 0xfe,
    0x6, 0xe0, 0x5, 0xf4, 0x66, 0x66, 0xaf, 0x76,
    0x66, 0x60, 0x6e, 0x47, 0xdd, 0x0, 0x31, 0x6,
    0xf0, 0x24, 0x0, 0x6, 0xe5, 0xdb, 0x20, 0x1f,
    0x60, 0x6f, 0x7, 0xf2, 0x0, 0x6e, 0x0, 0x0,
    0x9, 0xe0, 0x6, 0xf0, 0xc, 0xc0, 0x6, 0xe0,
    0x0, 0x3, 0xf6, 0x0, 0x6f, 0x0, 0x2f, 0x70,
    0x6e, 0x0, 0x0, 0xeb, 0x0, 0x6, 0xf0, 0x0,
    0x9f, 0x16, 0xe0, 0x0, 0x8, 0x10, 0x55, 0xaf,
    0x0, 0x1, 0x50, 0x6e, 0x0, 0x0, 0x0, 0xd,
    0xfe, 0x70, 0x0, 0x0, 0x0, 0x0, 0x0, 0x0,
    0x0, 0x0, 0x0, 0x0, 0x0, 0x0,

    /* U+96E8 "雨" */
    0x78, 0x88, 0x88, 0x88, 0x88, 0x88, 0x88, 0x88,
    0x88, 0xef, 0xff, 0xff, 0xff, 0xff, 0xff, 0xff,
    0xff, 0xfe, 0x0, 0x0, 0x0, 0x0, 0xda, 0x0,
    0x0, 0x0, 0x0, 0x0, 0x0, 0x0, 0x0, 0xda,
    0x0, 0x0, 0x0, 0x0, 0x6, 0x66, 0x66, 0x66,
    0xec, 0x66, 0x66, 0x66, 0x60, 0xf, 0xff, 0xff,
    0xff, 0xff, 0xff, 0xff, 0xff, 0xf0, 0xf, 0x60,
    0x0, 0x0, 0xda, 0x0, 0x0, 0x6, 0xf0, 0xf,
    0x63, 0x70, 0x0, 0xda, 0x19, 0x10, 0x6, 0xf0,
    0xf, 0x64, 0xed, 0x30, 0xda, 0x2c, 0xf7, 0x6,
    0xf0, 0xf, 0x60, 0xa, 0xf5, 0xda, 0x0, 0x6f,
    0x96, 0xf0, 0xf, 0x60, 0x0, 0x40, 0xda, 0x0,
    0x2, 0x16, 0xf0, 0xf, 0x64, 0x40, 0x0, 0xda,
    0x36, 0x0, 0x6, 0xf0, 0xf, 0x67, 0xfa, 0x10,
    0xda, 0x5f, 0xc2, 0x6, 0xf0, 0xf, 0x60, 0x3d,
    0xd3, 0xda, 0x1, 0xbf, 0x66, 0xf0, 0xf, 0x60,
    0x1, 0x91, 0xda, 0x0, 0x7, 0x26, 0xf0, 0xf,
    0x60, 0x0, 0x0, 0xda, 0x0, 0x0, 0x6, 0xf0,
    0xf, 0x60, 0x0, 0x0, 0xda, 0x0, 0x47, 0x7b,
    0xf0, 0xf, 0x60, 0x0, 0x0, 0xa8, 0x0, 0x5e,
    0xdc, 0x60,

    /* U+9700 "需" */
    0x0, 0x33, 0x33, 0x33, 0x33, 0x33, 0x33, 0x33,
    0x10, 0x2, 0xff, 0xff, 0xff, 0xff, 0xff, 0xff,
    0xff, 0x70, 0x0, 0x0, 0x0, 0x0, 0x9c, 0x0,
    0x0, 0x0, 0x0, 0x4d, 0xdd, 0xdd, 0xdd, 0xff,
    0xdd, 0xdd, 0xdd, 0xd8, 0x5f, 0x44, 0x44, 0x44,
    0xbd, 0x44, 0x44, 0x44, 0xca, 0x5f, 0x3, 0x33,
    0x31, 0x9c, 0x3, 0x33, 0x30, 0xba, 0x5f, 0xc,
    0xcc, 0xc4, 0x9c, 0x1c, 0xcc, 0xc3, 0xba, 0x0,
    0x1, 0x11, 0x10, 0x9c, 0x1, 0x11, 0x11, 0x0,
    0x0, 0x5e, 0xee, 0xe5, 0x9c, 0x2e, 0xee, 0xeb,
    0x0, 0x11, 0x11, 0x11, 0x11, 0x44, 0x11, 0x11,
    0x11, 0x11, 0x8f, 0xff, 0xff, 0xff, 0xff, 0xff,
    0xff, 0xff, 0xfe, 0x1, 0x11, 0x11, 0x11, 0xea,
    0x11, 0x11, 0x11, 0x11, 0x0, 0x44, 0x44, 0x45,
    0xf8, 0x44, 0x44, 0x44, 0x30, 0x0, 0xff, 0xff,
    0xff, 0xff, 0xff, 0xff, 0xff, 0xc0, 0x0, 0xf6,
    0x0, 0x9c, 0x0, 0x2f, 0x30, 0xa, 0xc0, 0x0,
    0xf6, 0x0, 0x9c, 0x0, 0x2f, 0x30, 0xa, 0xc0,
    0x0, 0xf6, 0x0, 0x9c, 0x0, 0x2f, 0x30, 0xa,
    0xc0, 0x0, 0xf6, 0x0, 0x9c, 0x0, 0x2f, 0x32,
    0x3c, 0xc0, 0x0, 0xf6, 0x0, 0x8a, 0x0, 0x2d,
    0x35, 0xfe, 0x60, 0x0, 0x0, 0x0, 0x0, 0x0,
    0x0, 0x0, 0x0, 0x0,

    /* U+9762 "面" */
    0x67, 0x77, 0x77, 0x77, 0x77, 0x77, 0x77, 0x77,
    0x77, 0xcf, 0xff, 0xff, 0xff, 0xff, 0xff, 0xff,
    0xff, 0xfe, 0x0, 0x0, 0x0, 0x3, 0xf7, 0x0,
    0x0, 0x0, 0x0, 0x0, 0x0, 0x0, 0x6, 0xf3,
    0x0, 0x0, 0x0, 0x0, 0x6, 0x66, 0x66, 0x6c,
    0xf7, 0x66, 0x66, 0x66, 0x60, 0xe, 0xff, 0xff,
    0xff, 0xff, 0xff, 0xff, 0xff, 0xe0, 0xe, 0x80,
    0x9, 0xc0, 0x0, 0xf, 0x60, 0x9, 0xe0, 0xe,
    0x80, 0x9, 0xc0, 0x0, 0xf, 0x60, 0x9, 0xe0,
    0xe, 0x80, 0x9, 0xff, 0xff, 0xff, 0x60, 0x9,
    0xe0, 0xe, 0x80, 0x9, 0xd4, 0x44, 0x4f, 0x60,
    0x9, 0xe0, 0xe, 0x80, 0x9, 0xc0, 0x0, 0xf,
    0x60, 0x9, 0xe0, 0xe, 0x80, 0x9, 0xd4, 0x44,
    0x4f, 0x60, 0x9, 0xe0, 0xe, 0x80, 0x9, 0xff,
    0xff, 0xff, 0x60, 0x9, 0xe0, 0xe, 0x80, 0x9,
    0xc0, 0x0, 0xf, 0x60, 0x9, 0xe0, 0xe, 0x80,
    0x9, 0xc0, 0x0, 0xf, 0x60, 0x9, 0xe0, 0xe,
    0xff, 0xff, 0xff, 0xff, 0xff, 0xff, 0xff, 0xe0,
    0xe, 0xb7, 0x77, 0x77, 0x77, 0x77, 0x77, 0x7c,
    0xe0, 0xe, 0x80, 0x0, 0x0, 0x0, 0x0, 0x0,
    0x9, 0xe0,

    /* U+978B "鞋" */
    0x0, 0x4c, 0x0, 0xc, 0x30, 0x0, 0x2, 0xc2,
    0x0, 0x0, 0x0, 0x5f, 0x0, 0xf, 0x40, 0x0,
    0x3, 0xf3, 0x0, 0x0, 0x1f, 0xff, 0xff, 0xff,
    0xff, 0x11, 0x15, 0xf5, 0x11, 0x10, 0x4, 0x8f,
    0x44, 0x5f, 0x84, 0x8f, 0xff, 0xff, 0xff, 0x90,
    0x0, 0x5f, 0x22, 0x2f, 0x40, 0x24, 0x46, 0xf7,
    0x44, 0x20, 0x0, 0x5f, 0xff, 0xff, 0x40, 0x0,
    0x3, 0xf3, 0x0, 0x0, 0x0, 0x0, 0x4f, 0x20,
    0x0, 0x0, 0x3, 0xf3, 0x0, 0x0, 0x5, 0xbb,
    0xdf, 0xcb, 0xb3, 0xff, 0xff, 0xff, 0xff, 0xf0,
    0x6, 0xe6, 0x8f, 0x77, 0xf3, 0x66, 0x66, 0x66,
    0x66, 0x60, 0x6, 0xd0, 0x2f, 0x1, 0xf2, 0x0,
    0x2, 0xb2, 0x0, 0x0, 0x6, 0xd0, 0x2f, 0x1,
    0xf2, 0x0, 0x3, 0xf3, 0x0, 0x0, 0x6, 0xff,
    0xff, 0xff, 0xf2, 0x23, 0x36, 0xf6, 0x33, 0x20,
    0x1, 0x33, 0x6f, 0x53, 0x30, 0xcf, 0xff, 0xff,
    0xff, 0xb0, 0x3, 0x33, 0x7f, 0x53, 0x33, 0x12,
    0x25, 0xf5, 0x22, 0x10, 0x3f, 0xff, 0xff, 0xff,
    0xfc, 0x0, 0x3, 0xf3, 0x0, 0x0, 0x0, 0x0,
    0x4f, 0x30, 0x0, 0x0, 0x3, 0xf3, 0x0, 0x0,
    0x0, 0x0, 0x4f, 0x20, 0x5, 0x77, 0x79, 0xf9,
    0x77, 0x71, 0x0, 0x0, 0x4f, 0x20, 0xa, 0xff,
    0xff, 0xff, 0xff, 0xf3, 0x0, 0x0, 0x4f, 0x20,
    0x0, 0x0, 0x0, 0x0, 0x0, 0x0,

    /* U+97E9 "韩" */
    0x0, 0x0, 0x54, 0x0, 0x0, 0x0, 0x5, 0x20,
    0x0, 0x0, 0x0, 0x0, 0xca, 0x0, 0x0, 0x0,
    0xf, 0x70, 0x0, 0x0, 0xe, 0xee, 0xff, 0xee,
    0xb3, 0x44, 0x4f, 0xa4, 0x44, 0x30, 0x6, 0x66,
    0xdc, 0x66, 0x5a, 0xff, 0xff, 0xff, 0xff, 0xd0,
    0x0, 0x0, 0xca, 0x0, 0x1, 0x11, 0x1f, 0x81,
    0x11, 0x10, 0x6, 0xee, 0xff, 0xee, 0x50, 0x0,
    0xf, 0x70, 0x0, 0x0, 0x7, 0xe5, 0x55, 0x5f,
    0x62, 0xaa, 0xaf, 0xda, 0xaa, 0x0, 0x7, 0xd0,
    0x0, 0xf, 0x64, 0xff, 0xff, 0xff, 0xff, 0x0,
    0x7, 0xff, 0xff, 0xff, 0x60, 0x0, 0xf, 0x70,
    0x0, 0x0, 0x7, 0xe2, 0x22, 0x2f, 0x60, 0x0,
    0xf, 0x70, 0x0, 0x0, 0x7, 0xe3, 0x33, 0x3f,
    0x68, 0xaa, 0xaf, 0xda, 0xaa, 0xa1, 0x6, 0xff,
    0xff, 0xff, 0x69, 0xcc, 0xcf, 0xec, 0xcd, 0xf1,
    0x0, 0x0, 0xca, 0x0, 0x0, 0x0, 0xf, 0x70,
    0x4, 0xf0, 0x14, 0x44, 0xdc, 0x44, 0x40, 0x0,
    0xf, 0x70, 0x6, 0xf0, 0x3f, 0xff, 0xff, 0xff,
    0xf0, 0x0, 0xf, 0x70, 0x8, 0xd0, 0x0, 0x0,
    0xca, 0x0, 0x0, 0x0, 0xf, 0x75, 0x6e, 0xa0,
    0x0, 0x0, 0xca, 0x0, 0x0, 0x0, 0xf, 0x77,
    0xdb, 0x20, 0x0, 0x0, 0xca, 0x0, 0x0, 0x0,
    0xf, 0x70, 0x0, 0x0, 0x0, 0x0, 0xca, 0x0,
    0x0, 0x0, 0xf, 0x70, 0x0, 0x0, 0x0, 0x0,
    0x11, 0x0, 0x0, 0x0, 0x0, 0x0, 0x0, 0x0,

    /* U+97F3 "音" */
    0x0, 0x0, 0x0, 0x1, 0xd6, 0x0, 0x0, 0x0,
    0x0, 0x0, 0x0, 0x0, 0x0, 0xce, 0x0, 0x0,
    0x0, 0x0, 0xc, 0xff, 0xff, 0xff, 0xff, 0xff,
    0xff, 0xff, 0xe0, 0x4, 0x56, 0xa9, 0x55, 0x55,
    0x55, 0x9c, 0x65, 0x50, 0x0, 0x0, 0xbe, 0x0,
    0x0, 0x0, 0xce, 0x0, 0x0, 0x0, 0x0, 0x4f,
    0x50, 0x0, 0x3, 0xf7, 0x0, 0x0, 0x44, 0x44,
    0x4f, 0xa4, 0x44, 0x4b, 0xf5, 0x44, 0x44, 0xef,
    0xff, 0xff, 0xff, 0xff, 0xff, 0xff, 0xff, 0xfe,
    0x11, 0x11, 0x11, 0x11, 0x11, 0x11, 0x11, 0x11,
    0x11, 0x0, 0x2, 0x22, 0x22, 0x22, 0x22, 0x22,
    0x20, 0x0, 0x0, 0x2f, 0xff, 0xff, 0xff, 0xff,
    0xff, 0xf5, 0x0, 0x0, 0x2f, 0x61, 0x11, 0x11,
    0x11, 0x14, 0xf5, 0x0, 0x0, 0x2f, 0x50, 0x0,
    0x0, 0x0, 0x3, 0xf5, 0x0, 0x0, 0x2f, 0xff,
    0xff, 0xff, 0xff, 0xff, 0xf5, 0x0, 0x0, 0x2f,
    0x73, 0x33, 0x33, 0x33, 0x36, 0xf5, 0x0, 0x0,
    0x2f, 0x50, 0x0, 0x0, 0x0, 0x3, 0xf5, 0x0,
    0x0, 0x2f, 0x85, 0x55, 0x55, 0x55, 0x57, 0xf5,
    0x0, 0x0, 0x2f, 0xff, 0xff, 0xff, 0xff, 0xff,
    0xf5, 0x0, 0x0, 0x2f, 0x50, 0x0, 0x0, 0x0,
    0x3, 0xf5, 0x0,

    /* U+9884 "预" */
    0x0, 0x0, 0x0, 0x0, 0x0, 0x0, 0x0, 0x0,
    0x0, 0x0, 0xe, 0xff, 0xff, 0xff, 0x5d, 0xff,
    0xff, 0xff, 0xff, 0xf1, 0x5, 0x66, 0x66, 0xcf,
    0x14, 0x55, 0x5c, 0xf5, 0x55, 0x50, 0x0, 0x0,
    0x3, 0xf6, 0x0, 0x0, 0xd, 0xb0, 0x0, 0x0,
    0x1, 0xc5, 0x1e, 0x90, 0x0, 0x66, 0x6f, 0xb6,
    0x66, 0x10, 0x0, 0x8f, 0xfb, 0x0, 0x1, 0xff,
    0xff, 0xff, 0xff, 0x40, 0x0, 0x2, 0xde, 0x50,
    0x1, 0xf4, 0x0, 0x0, 0x2f, 0x40, 0x16, 0x66,
    0x6d, 0xf6, 0x52, 0xf4, 0x9, 0x90, 0x2f, 0x40,
    0x3f, 0xff, 0xff, 0xff, 0xf2, 0xf4, 0xb, 0xb0,
    0x2f, 0x40, 0x0, 0x0, 0xe7, 0x9, 0xa1, 0xf4,
    0xb, 0xb0, 0x2f, 0x40, 0x0, 0x0, 0xe7, 0xe,
    0x41, 0xf4, 0xb, 0xb0, 0x2f, 0x40, 0x0, 0x0,
    0xe7, 0x5e, 0x1, 0xf4, 0xb, 0xb0, 0x2f, 0x40,
    0x0, 0x0, 0xe7, 0x2, 0x1, 0xf4, 0xc, 0x90,
    0x2f, 0x40, 0x0, 0x0, 0xe7, 0x0, 0x1, 0xf4,
    0x1f, 0x70, 0x2f, 0x40, 0x0, 0x0, 0xe7, 0x0,
    0x0, 0x10, 0x6f, 0x13, 0x0, 0x0, 0x0, 0x0,
    0xe7, 0x0, 0x0, 0x2, 0xfa, 0x5f, 0x70, 0x0,
    0x0, 0x0, 0xe7, 0x0, 0x0, 0x4e, 0xd1, 0x7,
    0xf9, 0x0, 0x3, 0x66, 0xf7, 0x0, 0x4b, 0xfa,
    0x10, 0x0, 0x6f, 0x90, 0x5, 0xff, 0xc2, 0x0,
    0x5b, 0x40, 0x0, 0x0, 0x7, 0x90, 0x0, 0x0,
    0x0, 0x0, 0x0, 0x0, 0x0, 0x0, 0x0, 0x0,

    /* U+9898 "题" */
    0x0, 0xcf, 0xff, 0xff, 0xf0, 0xdd, 0xdd, 0xdd,
    0xdd, 0xd1, 0x0, 0xd9, 0x22, 0x27, 0xf0, 0x55,
    0x5a, 0xf5, 0x55, 0x50, 0x0, 0xd9, 0x22, 0x27,
    0xf0, 0x0, 0xb, 0xb0, 0x0, 0x0, 0x0, 0xdf,
    0xee, 0xef, 0xf0, 0x17, 0x7f, 0xb7, 0x77, 0x0,
    0x0, 0xd8, 0x0, 0x6, 0xf0, 0x3f, 0x77, 0x77,
    0x8f, 0x10, 0x0, 0xdf, 0xff, 0xff, 0xf0, 0x3f,
    0x11, 0xc1, 0x2f, 0x10, 0x0, 0x12, 0x22, 0x22,
    0x20, 0x3f, 0x12, 0xf1, 0x2f, 0x10, 0x3, 0x33,
    0x33, 0x33, 0x33, 0x3f, 0x13, 0xf0, 0x2f, 0x10,
    0xf, 0xff, 0xff, 0xff, 0xff, 0x3f, 0x14, 0xf0,
    0x2f, 0x10, 0x0, 0x0, 0xf, 0x50, 0x0, 0x3f,
    0x18, 0xc0, 0x2f, 0x10, 0x0, 0x9b, 0xf, 0x50,
    0x0, 0x3f, 0x1c, 0x80, 0x2f, 0x10, 0x0, 0xba,
    0xf, 0xff, 0xfa, 0x2b, 0x3f, 0x46, 0x29, 0x10,
    0x0, 0xdb, 0xf, 0x73, 0x32, 0x0, 0xdc, 0x2d,
    0xc2, 0x0, 0x0, 0xff, 0x5f, 0x50, 0x0, 0x3c,
    0xe1, 0x0, 0xbe, 0x30, 0x3, 0xf4, 0xef, 0x50,
    0x8, 0xf9, 0x10, 0x0, 0x9, 0xb0, 0x9, 0xc0,
    0x3d, 0xfb, 0x76, 0x64, 0x33, 0x33, 0x33, 0x40,
    0x2f, 0x40, 0x0, 0x49, 0xbe, 0xef, 0xff, 0xff,
    0xff, 0xe0, 0x2, 0x0, 0x0, 0x0, 0x0, 0x0,
    0x0, 0x0, 0x0, 0x0,

    /* U+989C "颜" */
    0x0, 0x0, 0x3d, 0x0, 0x0, 0x0, 0x0, 0x0,
    0x0, 0x0, 0x0, 0x0, 0xe, 0x60, 0x0, 0x8b,
    0xbb, 0xbb, 0xbb, 0xa0, 0x9, 0xff, 0xff, 0xff,
    0xfe, 0x57, 0x78, 0xf9, 0x77, 0x70, 0x3, 0x5c,
    0x54, 0x47, 0xa4, 0x0, 0x4, 0xe0, 0x0, 0x0,
    0x0, 0xe, 0x70, 0xb, 0xa0, 0x15, 0x5c, 0xc5,
    0x55, 0x10, 0x0, 0x8, 0xb0, 0x3f, 0x20, 0x4f,
    0xbb, 0xbb, 0xbf, 0x40, 0x3, 0xef, 0xee, 0xff,
    0xec, 0x4e, 0x0, 0x50, 0xf, 0x40, 0x3, 0xf6,
    0x55, 0x56, 0x74, 0x4e, 0x0, 0xf1, 0xf, 0x40,
    0x3, 0xf1, 0x0, 0x5e, 0xb0, 0x4e, 0x1, 0xf1,
    0xf, 0x40, 0x3, 0xf3, 0x6d, 0xf6, 0x0, 0x4e,
    0x1, 0xf1, 0xf, 0x40, 0x3, 0xf9, 0xe7, 0x10,
    0x60, 0x4e, 0x2, 0xf0, 0xf, 0x40, 0x4, 0xf1,
    0x0, 0x2c, 0xd1, 0x4e, 0x3, 0xf0, 0xf, 0x40,
    0x5, 0xf0, 0x29, 0xfa, 0x10, 0x4e, 0x5, 0xd0,
    0xf, 0x40, 0x5, 0xf9, 0xfc, 0x40, 0x74, 0x4e,
    0x9, 0xa0, 0xf, 0x40, 0x7, 0xd4, 0x50, 0x9,
    0xf5, 0x13, 0xe, 0x62, 0x3, 0x0, 0xa, 0xb0,
    0x4, 0xcf, 0x50, 0x0, 0x8e, 0x1d, 0xb1, 0x0,
    0xe, 0x86, 0xdf, 0xa2, 0x0, 0x19, 0xf4, 0x1,
    0xcd, 0x10, 0x3f, 0x4d, 0x92, 0x0, 0x1a, 0xfc,
    0x30, 0x0, 0xb, 0xe0, 0x5, 0x0, 0x0, 0x0,
    0x7, 0x30, 0x0, 0x0, 0x0, 0x50,

    /* U+98DF "食" */
    0x0, 0x0, 0x0, 0x0, 0x4, 0xa1, 0x0, 0x0,
    0x0, 0x0, 0x0, 0x0, 0x0, 0x0, 0x2e, 0xf5,
    0x0, 0x0, 0x0, 0x0, 0x0, 0x0, 0x0, 0x3,
    0xed, 0x9f, 0x70, 0x0, 0x0, 0x0, 0x0, 0x0,
    0x0, 0x6f, 0xc3, 0x6, 0xfb, 0x20, 0x0, 0x0,
    0x0, 0x0, 0x3c, 0xf9, 0x2f, 0x80, 0x3d, 0xf9,
    0x20, 0x0, 0x0, 0x3a, 0xff, 0x84, 0x4a, 0xf5,
    0x44, 0xbf, 0xfb, 0x51, 0xc, 0xfe, 0xdf, 0xff,
    0xff, 0xff, 0xff, 0xff, 0x7d, 0xf6, 0x4, 0x60,
    0x8e, 0x0, 0x0, 0x0, 0x0, 0x9e, 0x0, 0x30,
    0x0, 0x0, 0x8f, 0x33, 0x33, 0x33, 0x33, 0xae,
    0x0, 0x0, 0x0, 0x0, 0x8f, 0xee, 0xee, 0xee,
    0xee, 0xfe, 0x0, 0x0, 0x0, 0x0, 0x8e, 0x0,
    0x0, 0x0, 0x0, 0x9e, 0x0, 0x0, 0x0, 0x0,
    0x8f, 0x44, 0x44, 0x44, 0x44, 0xbe, 0x0, 0x0,
    0x0, 0x0, 0x8f, 0xee, 0xee, 0xee, 0xee, 0xee,
    0x82, 0x0, 0x0, 0x0, 0x8e, 0x0, 0x6, 0x60,
    0x0, 0x4d, 0xd3, 0x0, 0x0, 0x0, 0x8e, 0x0,
    0x7, 0xfe, 0x79, 0xf9, 0x0, 0x0, 0x0, 0x0,
    0x8e, 0x0, 0x0, 0x18, 0xff, 0xa0, 0x0, 0x0,
    0x0, 0x0, 0xae, 0x36, 0x9c, 0xc0, 0x19, 0xfc,
    0x30, 0x0, 0x0, 0x1, 0xff, 0xff, 0xc8, 0x40,
    0x0, 0x3d, 0xf7, 0x0, 0x0, 0x0, 0x96, 0x20,
    0x0, 0x0, 0x0, 0x0, 0x82, 0x0,

    /* U+9910 "餐" */
    0x0, 0x0, 0xa, 0x70, 0x0, 0x0, 0x0, 0x0,
    0x0, 0x0, 0x0, 0x0, 0xc, 0xfe, 0xee, 0x3f,
    0xff, 0xff, 0xfc, 0x0, 0x0, 0x3, 0x7c, 0x91,
    0x11, 0x3, 0x22, 0x24, 0xf6, 0x0, 0x0, 0x1e,
    0xff, 0xfe, 0xe2, 0xd, 0xc4, 0x1d, 0xc0, 0x0,
    0x3, 0xea, 0x0, 0x1c, 0xb0, 0x1, 0x8f, 0xfd,
    0x10, 0x0, 0xd, 0x89, 0x92, 0xdd, 0x12, 0x43,
    0xaf, 0xdf, 0x80, 0x0, 0x0, 0x1, 0xdf, 0xb1,
    0x2e, 0xf8, 0xb3, 0x5, 0xfc, 0x0, 0x1, 0x7e,
    0xe6, 0x6, 0xfa, 0xbe, 0x50, 0x0, 0x27, 0x0,
    0x9, 0xd7, 0x14, 0xcf, 0x75, 0x16, 0xed, 0x50,
    0x0, 0x0, 0x0, 0x15, 0xcf, 0xa2, 0xa, 0xc0,
    0x7, 0xef, 0xa5, 0x10, 0xa, 0xff, 0xcf, 0xee,
    0xee, 0xee, 0xee, 0xfb, 0xbf, 0xe1, 0x5, 0x60,
    0x5f, 0x10, 0x0, 0x0, 0x0, 0xf7, 0x0, 0x20,
    0x0, 0x0, 0x5f, 0xdd, 0xdd, 0xdd, 0xdd, 0xf7,
    0x0, 0x0, 0x0, 0x0, 0x5f, 0x20, 0x0, 0x0,
    0x0, 0xf7, 0x0, 0x0, 0x0, 0x0, 0x5f, 0xee,
    0xee, 0xfe, 0xee, 0xe9, 0xb2, 0x0, 0x0, 0x0,
    0x5f, 0x10, 0x1, 0xec, 0x61, 0x4e, 0x80, 0x0,
    0x0, 0x0, 0x6f, 0x10, 0x35, 0x46, 0xcf, 0xf9,
    0x0, 0x0, 0x0, 0x1, 0xef, 0xef, 0xfc, 0x50,
    0x2, 0x9f, 0xd5, 0x0, 0x0, 0x0, 0x97, 0x41,
    0x0, 0x0, 0x0, 0x1, 0x83, 0x0,

    /* U+996A "饪" */
    0x0, 0xc, 0x70, 0x0, 0x0, 0x0, 0x0, 0x0,
    0x34, 0x0, 0x0, 0x1f, 0x70, 0x0, 0x0, 0x24,
    0x68, 0xbe, 0xff, 0x10, 0x0, 0x5f, 0x30, 0x0,
    0x6f, 0xff, 0xff, 0xc8, 0x40, 0x0, 0x0, 0x9f,
    0xee, 0xee, 0xc5, 0x42, 0x5f, 0x30, 0x0, 0x0,
    0x0, 0xdc, 0x77, 0x7f, 0x80, 0x0, 0x4f, 0x30,
    0x0, 0x0, 0x3, 0xf4, 0x0, 0x4f, 0x20, 0x0,
    0x4f, 0x30, 0x0, 0x0, 0xa, 0xe0, 0x0, 0xac,
    0x0, 0x0, 0x4f, 0x30, 0x0, 0x0, 0x3f, 0x71,
    0xe5, 0x74, 0x0, 0x0, 0x4f, 0x30, 0x0, 0x0,
    0x1a, 0x1, 0xf5, 0x0, 0x56, 0x66, 0x9f, 0x86,
    0x66, 0x60, 0x0, 0x1, 0xf5, 0x0, 0xef, 0xff,
    0xff, 0xff, 0xff, 0xf1, 0x0, 0x1, 0xf5, 0x0,
    0x0, 0x0, 0x4f, 0x30, 0x0, 0x0, 0x0, 0x1,
    0xf5, 0x0, 0x0, 0x0, 0x4f, 0x30, 0x0, 0x0,
    0x0, 0x1, 0xf5, 0x0, 0x0, 0x0, 0x4f, 0x30,
    0x0, 0x0, 0x0, 0x1, 0xf5, 0x1, 0x10, 0x0,
    0x4f, 0x30, 0x0, 0x0, 0x0, 0x1, 0xf5, 0x5e,
    0x60, 0x0, 0x4f, 0x30, 0x0, 0x0, 0x0, 0x2,
    0xfd, 0xf9, 0x0, 0x0, 0x4f, 0x30, 0x0, 0x0,
    0x0, 0x7, 0xfe, 0x40, 0x47, 0x77, 0x9f, 0x97,
    0x77, 0x50, 0x0, 0xe, 0xb1, 0x0, 0xaf, 0xff,
    0xff, 0xff, 0xff, 0xa0, 0x0, 0x3, 0x0, 0x0,
    0x0, 0x0, 0x0, 0x0, 0x0, 0x0,

    /* U+996D "饭" */
    0x0, 0x6, 0x30, 0x0, 0x0, 0x0, 0x0, 0x0,
    0x1, 0x0, 0x0, 0xf, 0x70, 0x0, 0x0, 0x0,
    0x12, 0x58, 0xcf, 0x60, 0x0, 0x4f, 0x40, 0x0,
    0xb, 0xdf, 0xff, 0xfe, 0xa6, 0x10, 0x0, 0x7f,
    0x76, 0x66, 0xf, 0xb6, 0x42, 0x0, 0x0, 0x0,
    0x0, 0xbf, 0xee, 0xff, 0xf, 0x70, 0x0, 0x0,
    0x0, 0x0, 0x1, 0xf7, 0x0, 0xba, 0xf, 0x70,
    0x0, 0x0, 0x0, 0x0, 0x8, 0xf1, 0x2, 0xf4,
    0xf, 0xff, 0xff, 0xff, 0xff, 0x40, 0x1f, 0x96,
    0xc2, 0x80, 0xf, 0xae, 0xa6, 0x66, 0x9f, 0x10,
    0x8, 0x17, 0xe0, 0x0, 0xf, 0x6a, 0xa0, 0x0,
    0x9c, 0x0, 0x0, 0x7, 0xe0, 0x0, 0xf, 0x65,
    0xf0, 0x0, 0xe8, 0x0, 0x0, 0x7, 0xe0, 0x0,
    0x2f, 0x40, 0xf5, 0x4, 0xf3, 0x0, 0x0, 0x7,
    0xe0, 0x0, 0x4f, 0x20, 0x9d, 0xc, 0xc0, 0x0,
    0x0, 0x7, 0xe0, 0x0, 0x6f, 0x0, 0x2f, 0xaf,
    0x30, 0x0, 0x0, 0x7, 0xe0, 0x21, 0xad, 0x0,
    0xa, 0xfa, 0x0, 0x0, 0x0, 0x7, 0xe4, 0xf5,
    0xe8, 0x0, 0x1d, 0xfb, 0x0, 0x0, 0x0, 0x9,
    0xff, 0x74, 0xf4, 0x2, 0xee, 0x7f, 0xb0, 0x0,
    0x0, 0x1e, 0xf4, 0xc, 0xd0, 0x7f, 0xe2, 0x5,
    0xfd, 0x30, 0x0, 0x5e, 0x30, 0x3f, 0x59, 0xfa,
    0x10, 0x0, 0x4e, 0xf3, 0x0, 0x1, 0x0, 0x4,
    0x1, 0x30, 0x0, 0x0, 0x1, 0x50,

    /* U+996E "饮" */
    0x0, 0xd, 0x50, 0x0, 0x0, 0xd, 0x60, 0x0,
    0x0, 0x0, 0x0, 0x3f, 0x40, 0x0, 0x0, 0x3f,
    0x50, 0x0, 0x0, 0x0, 0x0, 0x7f, 0x0, 0x0,
    0x0, 0x7f, 0x20, 0x0, 0x0, 0x0, 0x0, 0xbf,
    0xdd, 0xdd, 0x90, 0xaf, 0xff, 0xff, 0xff, 0xb0,
    0x0, 0xeb, 0x88, 0x8f, 0x70, 0xfb, 0x66, 0x66,
    0x6e, 0xa0, 0x5, 0xf2, 0x0, 0x4f, 0x26, 0xf2,
    0x0, 0x0, 0xf, 0x60, 0xc, 0xc0, 0x10, 0xab,
    0xe, 0xc0, 0x2f, 0x40, 0x4f, 0x20, 0x5f, 0x45,
    0xf0, 0x53, 0x4f, 0x30, 0x3f, 0x40, 0x4a, 0x0,
    0x7, 0x5, 0xf0, 0x0, 0x1, 0x0, 0x4f, 0x40,
    0x0, 0x0, 0x0, 0x5, 0xf0, 0x0, 0x0, 0x0,
    0x5f, 0x60, 0x0, 0x0, 0x0, 0x5, 0xf0, 0x0,
    0x0, 0x0, 0x9f, 0xb0, 0x0, 0x0, 0x0, 0x5,
    0xf0, 0x0, 0x0, 0x0, 0xdf, 0xf0, 0x0, 0x0,
    0x0, 0x5, 0xf0, 0x0, 0x0, 0x2, 0xf8, 0xf6,
    0x0, 0x0, 0x0, 0x5, 0xf0, 0x2, 0x0, 0xa,
    0xf1, 0xad, 0x0, 0x0, 0x0, 0x5, 0xf2, 0xaf,
    0x0, 0x4f, 0x70, 0x3f, 0x70, 0x0, 0x0, 0x8,
    0xff, 0xd3, 0x3, 0xfc, 0x0, 0x9, 0xf4, 0x0,
    0x0, 0x2e, 0xf8, 0x0, 0x4e, 0xd1, 0x0, 0x0,
    0xcf, 0x70, 0x0, 0x2d, 0x30, 0x4, 0xfc, 0x10,
    0x0, 0x0, 0x1b, 0xf4, 0x0, 0x0, 0x0, 0x0,
    0x50, 0x0, 0x0, 0x0, 0x0, 0x40,

    /* U+9996 "首" */
    0x0, 0x2, 0xb3, 0x0, 0x0, 0x0, 0x2b, 0x40,
    0x0, 0x0, 0x0, 0xce, 0x20, 0x0, 0x0, 0xbe,
    0x10, 0x0, 0x0, 0x0, 0x2f, 0x70, 0x0, 0x7,
    0xf5, 0x0, 0x0, 0xef, 0xff, 0xff, 0xff, 0xff,
    0xff, 0xff, 0xff, 0xff, 0x55, 0x55, 0x55, 0x55,
    0xfd, 0x55, 0x55, 0x55, 0x55, 0x0, 0x0, 0x0,
    0x3, 0xf7, 0x0, 0x0, 0x0, 0x0, 0x0, 0x9f,
    0xff, 0xff, 0xff, 0xff, 0xff, 0xfa, 0x0, 0x0,
    0xae, 0x66, 0x66, 0x66, 0x66, 0x66, 0xea, 0x0,
    0x0, 0xad, 0x0, 0x0, 0x0, 0x0, 0x0, 0xea,
    0x0, 0x0, 0xae, 0x44, 0x44, 0x44, 0x44, 0x44,
    0xea, 0x0, 0x0, 0xaf, 0xff, 0xff, 0xff, 0xff,
    0xff, 0xfa, 0x0, 0x0, 0xad, 0x0, 0x0, 0x0,
    0x0, 0x0, 0xea, 0x0, 0x0, 0xae, 0x33, 0x33,
    0x33, 0x33, 0x33, 0xea, 0x0, 0x0, 0xaf, 0xff,
    0xff, 0xff, 0xff, 0xff, 0xfa, 0x0, 0x0, 0xad,
    0x0, 0x0, 0x0, 0x0, 0x0, 0xea, 0x0, 0x0,
    0xad, 0x0, 0x0, 0x0, 0x0, 0x0, 0xea, 0x0,
    0x0, 0xaf, 0xff, 0xff, 0xff, 0xff, 0xff, 0xfa,
    0x0, 0x0, 0xae, 0x55, 0x55, 0x55, 0x55, 0x55,
    0xea, 0x0, 0x0, 0xad, 0x0, 0x0, 0x0, 0x0,
    0x0, 0xea, 0x0,

    /* U+9999 "香" */
    0x0, 0x0, 0x0, 0x0, 0x0, 0x0, 0x3, 0x68,
    0x0, 0x0, 0x0, 0x3, 0x45, 0x68, 0x9a, 0xce,
    0xff, 0xfc, 0x40, 0x0, 0x0, 0x1f, 0xff, 0xec,
    0xbe, 0xe6, 0x42, 0x0, 0x0, 0x0, 0x0, 0x1,
    0x0, 0x0, 0xc, 0xc0, 0x0, 0x0, 0x0, 0x0,
    0x2, 0x33, 0x33, 0x33, 0x3d, 0xd3, 0x33, 0x33,
    0x33, 0x20, 0xc, 0xff, 0xff, 0xff, 0xff, 0xff,
    0xff, 0xff, 0xff, 0xe0, 0x2, 0x22, 0x22, 0x3d,
    0xed, 0xdd, 0xd3, 0x22, 0x22, 0x20, 0x0, 0x0,
    0x1, 0xce, 0x2c, 0xc1, 0xdd, 0x20, 0x0, 0x0,
    0x0, 0x0, 0x4e, 0xd2, 0xc, 0xc0, 0x1b, 0xf7,
    0x0, 0x0, 0x0, 0x1a, 0xfb, 0x10, 0xc, 0xc0,
    0x0, 0x7f, 0xe6, 0x0, 0xa, 0xff, 0xa4, 0x44,
    0x46, 0x64, 0x44, 0x46, 0xcf, 0xe1, 0x7, 0x81,
    0xef, 0xff, 0xff, 0xff, 0xff, 0xff, 0x33, 0x50,
    0x0, 0x0, 0xe9, 0x0, 0x0, 0x0, 0x0, 0x4f,
    0x30, 0x0, 0x0, 0x0, 0xea, 0x22, 0x22, 0x22,
    0x22, 0x6f, 0x30, 0x0, 0x0, 0x0, 0xef, 0xff,
    0xff, 0xff, 0xff, 0xff, 0x30, 0x0, 0x0, 0x0,
    0xe9, 0x0, 0x0, 0x0, 0x0, 0x4f, 0x30, 0x0,
    0x0, 0x0, 0xeb, 0x33, 0x33, 0x33, 0x33, 0x7f,
    0x30, 0x0, 0x0, 0x0, 0xef, 0xff, 0xff, 0xff,
    0xff, 0xff, 0x30, 0x0, 0x0, 0x0, 0xe9, 0x0,
    0x0, 0x0, 0x0, 0x4f, 0x30, 0x0,

    /* U+9A8C "验" */
    0x0, 0x0, 0x0, 0x0, 0x0, 0x0, 0xa, 0x80,
    0x0, 0x0, 0xa, 0xff, 0xff, 0xf6, 0x0, 0x0,
    0x3f, 0x90, 0x0, 0x0, 0x4, 0x55, 0x55, 0xf5,
    0x0, 0x0, 0xde, 0xf3, 0x0, 0x0, 0x0, 0x0,
    0x0, 0xf3, 0x0, 0x9, 0xe1, 0x9e, 0x20, 0x0,
    0x0, 0xd5, 0x1, 0xf2, 0x0, 0x7f, 0x40, 0xc,
    0xd1, 0x0, 0x0, 0xf4, 0x3, 0xf1, 0x8, 0xf7,
    0x0, 0x1, 0xde, 0x20, 0x0, 0xf3, 0x4, 0xf1,
    0xbf, 0x76, 0x55, 0x55, 0x6d, 0xf4, 0x1, 0xf2,
    0x6, 0xe3, 0xe5, 0x1e, 0xee, 0xee, 0xc0, 0xc5,
    0x3, 0xf0, 0x7, 0xc0, 0x0, 0x0, 0x0, 0x0,
    0x0, 0x0, 0x5, 0xf4, 0x4a, 0xc4, 0x11, 0x30,
    0x8, 0x40, 0x3, 0x30, 0x6, 0xff, 0xff, 0xff,
    0x35, 0xf0, 0xa, 0x80, 0xb, 0xb0, 0x0, 0x0,
    0x0, 0x2f, 0x20, 0xf5, 0x7, 0xc0, 0x2f, 0x40,
    0x0, 0x0, 0x2, 0x4f, 0x10, 0xaa, 0x5, 0xe0,
    0x8d, 0x0, 0x3, 0x6a, 0xee, 0x5f, 0x0, 0x6e,
    0x2, 0xe1, 0xe5, 0x0, 0x3f, 0xc8, 0x30, 0x7d,
    0x0, 0x15, 0x0, 0x6, 0xd0, 0x0, 0x0, 0x0,
    0x0, 0xab, 0x0, 0x0, 0x0, 0xe, 0x50, 0x0,
    0x0, 0x3, 0x24, 0xf7, 0x3e, 0xee, 0xee, 0xff,
    0xee, 0xe1, 0x0, 0xd, 0xff, 0xb0, 0x16, 0x66,
    0x66, 0x66, 0x66, 0x60, 0x0, 0x0, 0x0, 0x0,
    0x0, 0x0, 0x0, 0x0, 0x0, 0x0,

    /* U+9AD8 "高" */
    0x0, 0x0, 0x0, 0x0, 0x0, 0x0, 0x0, 0x0,
    0x0, 0x0, 0x0, 0x0, 0x2, 0xe5, 0x0, 0x0,
    0x0, 0x0, 0x0, 0x0, 0x0, 0x0, 0xeb, 0x0,
    0x0, 0x0, 0x0, 0xde, 0xee, 0xee, 0xee, 0xff,
    0xee, 0xee, 0xee, 0xe9, 0x55, 0x55, 0x55, 0x55,
    0x55, 0x55, 0x55, 0x55, 0x53, 0x0, 0x2, 0x22,
    0x22, 0x22, 0x22, 0x22, 0x10, 0x0, 0x0, 0xe,
    0xff, 0xff, 0xff, 0xff, 0xff, 0xd0, 0x0, 0x0,
    0xe, 0x90, 0x0, 0x0, 0x0, 0xb, 0xd0, 0x0,
    0x0, 0xe, 0xa2, 0x22, 0x22, 0x22, 0x2c, 0xd0,
    0x0, 0x0, 0xd, 0xff, 0xff, 0xff, 0xff, 0xff,
    0xc0, 0x0, 0x0, 0x0, 0x0, 0x0, 0x0, 0x0,
    0x0, 0x0, 0x0, 0x2f, 0xff, 0xff, 0xff, 0xff,
    0xff, 0xff, 0xff, 0xf0, 0x2f, 0x40, 0x0, 0x0,
    0x0, 0x0, 0x0, 0x8, 0xf0, 0x2f, 0x30, 0x7e,
    0xee, 0xee, 0xee, 0xe0, 0x8, 0xf0, 0x2f, 0x30,
    0x7f, 0x33, 0x33, 0x37, 0xf0, 0x8, 0xf0, 0x2f,
    0x30, 0x7e, 0x0, 0x0, 0x5, 0xf0, 0x8, 0xf0,
    0x2f, 0x30, 0x7f, 0xee, 0xee, 0xef, 0xf0, 0x8,
    0xf0, 0x2f, 0x30, 0x7f, 0x33, 0x33, 0x33, 0x30,
    0x8, 0xf0, 0x2f, 0x30, 0x13, 0x0, 0x0, 0x0,
    0x3, 0x4b, 0xf0, 0x2f, 0x30, 0x0, 0x0, 0x0,
    0x0, 0x8, 0xdc, 0x70,

    /* U+9E21 "鸡" */
    0x0, 0x0, 0x0, 0x0, 0x0, 0x0, 0x79, 0x0,
    0x0, 0x0, 0x0, 0x0, 0x0, 0x0, 0x0, 0xe,
    0x90, 0x0, 0x0, 0x6, 0x66, 0x66, 0x65, 0xa,
    0xdd, 0xfd, 0xdd, 0xd5, 0x0, 0xff, 0xff, 0xff,
    0xf0, 0xdb, 0x55, 0x55, 0x6f, 0x50, 0x0, 0x0,
    0x0, 0x9c, 0xd, 0x91, 0x80, 0x1, 0xf4, 0x0,
    0x26, 0x0, 0xc, 0x90, 0xd9, 0xa, 0xd1, 0x2f,
    0x30, 0x4, 0xf4, 0x0, 0xf5, 0xd, 0x90, 0xa,
    0x54, 0xf1, 0x0, 0xa, 0xe1, 0x5f, 0x10, 0xd9,
    0x0, 0x23, 0xae, 0x0, 0x0, 0xe, 0xab, 0xb0,
    0xd, 0x90, 0x7, 0xfd, 0x50, 0x0, 0x0, 0x4f,
    0xf5, 0x0, 0xd9, 0x0, 0x0, 0x0, 0x0, 0x0,
    0x0, 0xbf, 0x20, 0xd, 0xff, 0xff, 0xff, 0xff,
    0x80, 0x0, 0x2f, 0xf8, 0x0, 0x33, 0x33, 0x33,
    0x33, 0xe8, 0x0, 0xb, 0xfa, 0xf1, 0x0, 0x0,
    0x0, 0x0, 0xf, 0x70, 0x5, 0xf6, 0x1f, 0x83,
    0x66, 0x66, 0x66, 0x60, 0xf6, 0x2, 0xfb, 0x0,
    0x95, 0x7e, 0xee, 0xee, 0xee, 0x2f, 0x52, 0xeb,
    0x0, 0x0, 0x0, 0x0, 0x0, 0x0, 0x3, 0xf3,
    0x6, 0x0, 0x0, 0x0, 0x0, 0x0, 0x1, 0x32,
    0x9f, 0x10, 0x0, 0x0, 0x0, 0x0, 0x0, 0x0,
    0x2f, 0xff, 0x80, 0x0, 0x0, 0x0, 0x0, 0x0,
    0x0, 0x0, 0x0, 0x0, 0x0,

    /* U+9EC4 "黄" */
    0x0, 0x0, 0xe, 0x90, 0x0, 0x8, 0xf0, 0x0,
    0x0, 0x0, 0x0, 0xe, 0x90, 0x0, 0x8, 0xf0,
    0x0, 0x0, 0x7, 0xff, 0xff, 0xff, 0xff, 0xff,
    0xff, 0xff, 0xa0, 0x2, 0x44, 0x4f, 0xb4, 0x44,
    0x4a, 0xf4, 0x44, 0x30, 0x0, 0x0, 0xe, 0x90,
    0x0, 0x8, 0xf0, 0x0, 0x0, 0xdf, 0xff, 0xff,
    0xff, 0xff, 0xff, 0xff, 0xff, 0xfe, 0x66, 0x66,
    0x66, 0x66, 0xed, 0x66, 0x66, 0x66, 0x66, 0x0,
    0x0, 0x0, 0x0, 0xcb, 0x0, 0x0, 0x0, 0x0,
    0x0, 0xbf, 0xff, 0xff, 0xff, 0xff, 0xff, 0xfd,
    0x0, 0x0, 0xbc, 0x22, 0x22, 0xdc, 0x22, 0x22,
    0xad, 0x0, 0x0, 0xbb, 0x0, 0x0, 0xcc, 0x0,
    0x0, 0xad, 0x0, 0x0, 0xbf, 0xff, 0xff, 0xff,
    0xff, 0xff, 0xfd, 0x0, 0x0, 0xbb, 0x0, 0x0,
    0xcc, 0x0, 0x0, 0xad, 0x0, 0x0, 0xbc, 0x22,
    0x22, 0xdc, 0x22, 0x22, 0xbd, 0x0, 0x0, 0xbf,
    0xff, 0xff, 0xff, 0xff, 0xff, 0xfd, 0x0, 0x0,
    0x0, 0x6, 0x60, 0x0, 0x6, 0x61, 0x0, 0x0,
    0x0, 0x27, 0xef, 0xa1, 0x0, 0x7, 0xdf, 0xb5,
    0x0, 0x5d, 0xfe, 0x82, 0x0, 0x0, 0x0, 0x3,
    0xaf, 0xe6, 0x18, 0x30, 0x0, 0x0, 0x0, 0x0,
    0x0, 0x1, 0x71,

    /* U+9ED1 "黑" */
    0x0, 0x0, 0x0, 0x0, 0x0, 0x0, 0x0, 0x0,
    0x0, 0x0, 0xe, 0xff, 0xff, 0xff, 0xff, 0xff,
    0xff, 0xd0, 0x0, 0x0, 0xea, 0x35, 0x33, 0xdc,
    0x33, 0x53, 0xcd, 0x0, 0x0, 0xe, 0x82, 0xf1,
    0xc, 0xb0, 0x2f, 0x1a, 0xd0, 0x0, 0x0, 0xe8,
    0xa, 0x80, 0xcb, 0x9, 0xa0, 0xad, 0x0, 0x0,
    0xe, 0x80, 0x4c, 0xc, 0xb2, 0xf2, 0xa, 0xd0,
    0x0, 0x0, 0xea, 0x45, 0x54, 0xdc, 0x58, 0x44,
    0xcd, 0x0, 0x0, 0xd, 0xff, 0xff, 0xff, 0xff,
    0xff, 0xff, 0xc0, 0x0, 0x0, 0x0, 0x0, 0x0,
    0xcb, 0x0, 0x0, 0x0, 0x0, 0x0, 0x14, 0x44,
    0x44, 0x4d, 0xc4, 0x44, 0x44, 0x41, 0x0, 0x3,
    0xee, 0xee, 0xee, 0xff, 0xee, 0xee, 0xee, 0x30,
    0x0, 0x0, 0x0, 0x0, 0xc, 0xb0, 0x0, 0x0,
    0x0, 0x0, 0x56, 0x66, 0x66, 0x66, 0xdd, 0x66,
    0x66, 0x66, 0x65, 0xd, 0xff, 0xff, 0xff, 0xff,
    0xff, 0xff, 0xff, 0xff, 0xe0, 0x0, 0x10, 0x0,
    0x0, 0x0, 0x0, 0x0, 0x1, 0x0, 0x0, 0x1f,
    0x90, 0x1c, 0x30, 0xb, 0x70, 0xb, 0xe1, 0x0,
    0x8, 0xf2, 0x0, 0xf6, 0x0, 0xae, 0x0, 0x1e,
    0xc0, 0x5, 0xf8, 0x0, 0xe, 0x80, 0x5, 0xf3,
    0x0, 0x4f, 0x80, 0x49, 0x0, 0x0, 0x74, 0x0,
    0x17, 0x10, 0x0, 0x65, 0x0,

    /* U+9F3B "鼻" */
    0x0, 0x0, 0x0, 0x0, 0x86, 0x0, 0x0, 0x0,
    0x0, 0x0, 0x1, 0x11, 0x15, 0xf8, 0x11, 0x11,
    0x10, 0x0, 0x0, 0xd, 0xfd, 0xdd, 0xdd, 0xdd,
    0xdf, 0xd0, 0x0, 0x0, 0xd, 0xb5, 0x55, 0x55,
    0x55, 0x5c, 0xd0, 0x0, 0x0, 0xd, 0xb5, 0x55,
    0x55, 0x55, 0x5c, 0xd0, 0x0, 0x0, 0xd, 0xeb,
    0xbb, 0xbb, 0xbb, 0xbe, 0xd0, 0x0, 0x0, 0xd,
    0x90, 0x0, 0x0, 0x0, 0xa, 0xd0, 0x0, 0x0,
    0xc, 0xee, 0xee, 0xee, 0xee, 0xee, 0xc0, 0x0,
    0x3, 0x55, 0x55, 0x55, 0x55, 0x55, 0x55, 0x55,
    0x20, 0x8, 0xe7, 0x77, 0x77, 0xdd, 0x77, 0x77,
    0x7f, 0x80, 0x8, 0xfc, 0xcc, 0xcc, 0xfe, 0xcc,
    0xcc, 0xcf, 0x80, 0x8, 0xd0, 0x0, 0x0, 0xca,
    0x0, 0x0, 0xf, 0x80, 0x8, 0xee, 0xee, 0xee,
    0xee, 0xee, 0xee, 0xee, 0x70, 0x0, 0x0, 0x0,
    0x0, 0x0, 0x0, 0x0, 0x0, 0x0, 0xef, 0xff,
    0xff, 0xff, 0xff, 0xff, 0xff, 0xff, 0xfe, 0x23,
    0x33, 0x9f, 0x43, 0x33, 0x38, 0xf4, 0x33, 0x32,
    0x0, 0x4, 0xea, 0x0, 0x0, 0x5, 0xf1, 0x0,
    0x0, 0x48, 0xcf, 0xb0, 0x0, 0x0, 0x5, 0xf1,
    0x0, 0x0, 0x8d, 0x93, 0x0, 0x0, 0x0, 0x5,
    0xf1, 0x0, 0x0,

    /* U+FF01 "！" */
    0x2f, 0xf0, 0x1f, 0xf0, 0x1f, 0xf0, 0xf, 0xf0,
    0xf, 0xe0, 0xf, 0xd0, 0xe, 0xc0, 0xd, 0xb0,
    0xc, 0xb0, 0xb, 0xa0, 0x1, 0x10, 0x0, 0x0,
    0x5, 0x50, 0x3f, 0xf1, 0x1e, 0xd0, 0x0, 0x0,

    /* U+FF08 "（" */
    0x0, 0x0, 0x0, 0x0, 0x0, 0xa, 0xb0, 0x0,
    0x7, 0xf4, 0x0, 0x2, 0xf7, 0x0, 0x0, 0xae,
    0x0, 0x0, 0x2f, 0x60, 0x0, 0x7, 0xf1, 0x0,
    0x0, 0xcb, 0x0, 0x0, 0xe, 0x80, 0x0, 0x0,
    0xf7, 0x0, 0x0, 0x1f, 0x60, 0x0, 0x0, 0xf7,
    0x0, 0x0, 0xe, 0x90, 0x0, 0x0, 0xbc, 0x0,
    0x0, 0x6, 0xf1, 0x0, 0x0, 0x1f, 0x70, 0x0,
    0x0, 0x9f, 0x10, 0x0, 0x1, 0xea, 0x0, 0x0,
    0x4, 0xf6, 0x0, 0x0, 0x7, 0x90,

    /* U+FF09 "）" */
    0x0, 0x0, 0x0, 0x0, 0xba, 0x0, 0x0, 0x4,
    0xf7, 0x0, 0x0, 0x7, 0xf2, 0x0, 0x0, 0xe,
    0xa0, 0x0, 0x0, 0x6f, 0x20, 0x0, 0x1, 0xf7,
    0x0, 0x0, 0xb, 0xc0, 0x0, 0x0, 0x8e, 0x0,
    0x0, 0x7, 0xf0, 0x0, 0x0, 0x6f, 0x10, 0x0,
    0x7, 0xf0, 0x0, 0x0, 0x9e, 0x0, 0x0, 0xc,
    0xb0, 0x0, 0x1, 0xf6, 0x0, 0x0, 0x7f, 0x10,
    0x0, 0x1f, 0x80, 0x0, 0xa, 0xe1, 0x0, 0x6,
    0xf4, 0x0, 0x0, 0x97, 0x0, 0x0,

    /* U+FF0C "，" */
    0x2, 0x97, 0x0, 0xaf, 0xf2, 0x6, 0xff, 0x60,
    0x1, 0xf4, 0x0, 0x6e, 0x0, 0x7f, 0x50, 0x4d,
    0x40, 0x0, 0x0, 0x0,

    /* U+FF1A "：" */
    0x2b, 0x80, 0x9f, 0xf2, 0x5f, 0xd0, 0x0, 0x0,
    0x0, 0x0, 0x0, 0x0, 0x0, 0x0, 0x0, 0x0,
    0x0, 0x0, 0x0, 0x0, 0x3c, 0x90, 0xaf, 0xf3,
    0x4e, 0xc0, 0x0, 0x0,

    /* U+FF1B "；" */
    0x2, 0xb8, 0x0, 0x9f, 0xf2, 0x5, 0xfd, 0x0,
    0x0, 0x0, 0x0, 0x0, 0x0, 0x0, 0x0, 0x0,
    0x0, 0x0, 0x0, 0x0, 0x0, 0x0, 0x0, 0x3e,
    0xd1, 0x8, 0xff, 0x70, 0x2b, 0xf9, 0x0, 0xe,
    0x70, 0x4, 0xf2, 0x4, 0xf8, 0x2, 0xf7, 0x0,
    0x0, 0x0, 0x0,

    /* U+FF1F "？" */
    0x0, 0x0, 0x1, 0x0, 0x0, 0x0, 0x6d, 0xff,
    0xe7, 0x0, 0xa, 0xfb, 0x77, 0xcf, 0x90, 0xb,
    0x60, 0x0, 0xd, 0xf0, 0x0, 0x0, 0x0, 0x9,
    0xf2, 0x0, 0x0, 0x0, 0xc, 0xf0, 0x0, 0x0,
    0x0, 0x8f, 0x70, 0x0, 0x0, 0x8, 0xf8, 0x0,
    0x0, 0x0, 0x5f, 0xa0, 0x0, 0x0, 0x0, 0xed,
    0x0, 0x0, 0x0, 0x2, 0xf8, 0x0, 0x0, 0x0,
    0x0, 0x32, 0x0, 0x0, 0x0, 0x0, 0x0, 0x0,
    0x0, 0x0, 0x0, 0x63, 0x0, 0x0, 0x0, 0x6,
    0xfe, 0x0, 0x0, 0x0, 0x3, 0xfa, 0x0, 0x0,
    0x0, 0x0, 0x0, 0x0, 0x0
};


/*---------------------
 *  GLYPH DESCRIPTION
 *--------------------*/

static const lv_font_fmt_txt_glyph_dsc_t glyph_dsc[] = {
    {.bitmap_index = 0, .adv_w = 0, .box_w = 0, .box_h = 0, .ofs_x = 0, .ofs_y = 0} /* id = 0 reserved */,
    {.bitmap_index = 0, .adv_w = 72, .box_w = 0, .box_h = 0, .ofs_x = 0, .ofs_y = 0},
    {.bitmap_index = 0, .adv_w = 103, .box_w = 4, .box_h = 14, .ofs_x = 1, .ofs_y = 0},
    {.bitmap_index = 28, .adv_w = 152, .box_w = 7, .box_h = 6, .ofs_x = 1, .ofs_y = 10},
    {.bitmap_index = 49, .adv_w = 178, .box_w = 11, .box_h = 14, .ofs_x = 0, .ofs_y = 0},
    {.bitmap_index = 126, .adv_w = 178, .box_w = 9, .box_h = 19, .ofs_x = 1, .ofs_y = -2},
    {.bitmap_index = 212, .adv_w = 295, .box_w = 18, .box_h = 14, .ofs_x = 0, .ofs_y = 0},
    {.bitmap_index = 338, .adv_w = 218, .box_w = 14, .box_h = 14, .ofs_x = 0, .ofs_y = 0},
    {.bitmap_index = 436, .adv_w = 89, .box_w = 3, .box_h = 6, .ofs_x = 1, .ofs_y = 10},
    {.bitmap_index = 445, .adv_w = 108, .box_w = 5, .box_h = 21, .ofs_x = 1, .ofs_y = -4},
    {.bitmap_index = 498, .adv_w = 108, .box_w = 5, .box_h = 21, .ofs_x = 0, .ofs_y = -4},
    {.bitmap_index = 551, .adv_w = 149, .box_w = 8, .box_h = 7, .ofs_x = 1, .ofs_y = 9},
    {.bitmap_index = 579, .adv_w = 178, .box_w = 11, .box_h = 10, .ofs_x = 0, .ofs_y = 2},
    {.bitmap_index = 634, .adv_w = 89, .box_w = 4, .box_h = 7, .ofs_x = 1, .ofs_y = -4},
    {.bitmap_index = 648, .adv_w = 111, .box_w = 7, .box_h = 3, .ofs_x = 0, .ofs_y = 4},
    {.bitmap_index = 659, .adv_w = 89, .box_w = 4, .box_h = 3, .ofs_x = 1, .ofs_y = 0},
    {.bitmap_index = 665, .adv_w = 125, .box_w = 8, .box_h = 19, .ofs_x = 0, .ofs_y = -3},
    {.bitmap_index = 741, .adv_w = 178, .box_w = 10, .box_h = 14, .ofs_x = 1, .ofs_y = 0},
    {.bitmap_index = 811, .adv_w = 178, .box_w = 9, .box_h = 14, .ofs_x = 1, .ofs_y = 0},
    {.bitmap_index = 874, .adv_w = 178, .box_w = 11, .box_h = 14, .ofs_x = 0, .ofs_y = 0},
    {.bitmap_index = 951, .adv_w = 178, .box_w = 10, .box_h = 14, .ofs_x = 0, .ofs_y = 0},
    {.bitmap_index = 1021, .adv_w = 178, .box_w = 11, .box_h = 14, .ofs_x = 0, .ofs_y = 0},
    {.bitmap_index = 1098, .adv_w = 178, .box_w = 11, .box_h = 14, .ofs_x = 0, .ofs_y = 0},
    {.bitmap_index = 1175, .adv_w = 178, .box_w = 10, .box_h = 14, .ofs_x = 1, .ofs_y = 0},
    {.bitmap_index = 1245, .adv_w = 178, .box_w = 11, .box_h = 14, .ofs_x = 0, .ofs_y = 0},
    {.bitmap_index = 1322, .adv_w = 178, .box_w = 11, .box_h = 14, .ofs_x = 0, .ofs_y = 0},
    {.bitmap_index = 1399, .adv_w = 178, .box_w = 11, .box_h = 14, .ofs_x = 0, .ofs_y = 0},
    {.bitmap_index = 1476, .adv_w = 89, .box_w = 4, .box_h = 11, .ofs_x = 1, .ofs_y = 0},
    {.bitmap_index = 1498, .adv_w = 89, .box_w = 4, .box_h = 15, .ofs_x = 1, .ofs_y = -4},
    {.bitmap_index = 1528, .adv_w = 178, .box_w = 11, .box_h = 10, .ofs_x = 0, .ofs_y = 2},
    {.bitmap_index = 1583, .adv_w = 178, .box_w = 11, .box_h = 7, .ofs_x = 0, .ofs_y = 4},
    {.bitmap_index = 1622, .adv_w = 178, .box_w = 11, .box_h = 10, .ofs_x = 0, .ofs_y = 2},
    {.bitmap_index = 1677, .adv_w = 152, .box_w = 9, .box_h = 14, .ofs_x = 0, .ofs_y = 0},
    {.bitmap_index = 1740, .adv_w = 303, .box_w = 17, .box_h = 18, .ofs_x = 1, .ofs_y = -4},
    {.bitmap_index = 1893, .adv_w = 195, .box_w = 13, .box_h = 14, .ofs_x = 0, .ofs_y = 0},
    {.bitmap_index = 1984, .adv_w = 210, .box_w = 11, .box_h = 14, .ofs_x = 2, .ofs_y = 0},
    {.bitmap_index = 2061, .adv_w = 204, .box_w = 12, .box_h = 14, .ofs_x = 1, .ofs_y = 0},
    {.bitmap_index = 2145, .adv_w = 220, .box_w = 11, .box_h = 14, .ofs_x = 2, .ofs_y = 0},
    {.bitmap_index = 2222, .adv_w = 188, .box_w = 9, .box_h = 14, .ofs_x = 2, .ofs_y = 0},
    {.bitmap_index = 2285, .adv_w = 177, .box_w = 9, .box_h = 14, .ofs_x = 2, .ofs_y = 0},
    {.bitmap_index = 2348, .adv_w = 220, .box_w = 12, .box_h = 14, .ofs_x = 1, .ofs_y = 0},
    {.bitmap_index = 2432, .adv_w = 233, .box_w = 11, .box_h = 14, .ofs_x = 2, .ofs_y = 0},
    {.bitmap_index = 2509, .adv_w = 94, .box_w = 2, .box_h = 14, .ofs_x = 2, .ofs_y = 0},
    {.bitmap_index = 2523, .adv_w = 171, .box_w = 9, .box_h = 14, .ofs_x = 0, .ofs_y = 0},
    {.bitmap_index = 2586, .adv_w = 207, .box_w = 11, .box_h = 14, .ofs_x = 2, .ofs_y = 0},
    {.bitmap_index = 2663, .adv_w = 174, .box_w = 9, .box_h = 14, .ofs_x = 2, .ofs_y = 0},
    {.bitmap_index = 2726, .adv_w = 260, .box_w = 13, .box_h = 14, .ofs_x = 2, .ofs_y = 0},
    {.bitmap_index = 2817, .adv_w = 231, .box_w = 11, .box_h = 14, .ofs_x = 2, .ofs_y = 0},
    {.bitmap_index = 2894, .adv_w = 237, .box_w = 13, .box_h = 14, .ofs_x = 1, .ofs_y = 0},
    {.bitmap_index = 2985, .adv_w = 203, .box_w = 10, .box_h = 14, .ofs_x = 2, .ofs_y = 0},
    {.bitmap_index = 3055, .adv_w = 237, .box_w = 13, .box_h = 19, .ofs_x = 1, .ofs_y = -5},
    {.bitmap_index = 3179, .adv_w = 203, .box_w = 11, .box_h = 14, .ofs_x = 2, .ofs_y = 0},
    {.bitmap_index = 3256, .adv_w = 191, .box_w = 12, .box_h = 14, .ofs_x = 0, .ofs_y = 0},
    {.bitmap_index = 3340, .adv_w = 192, .box_w = 12, .box_h = 14, .ofs_x = 0, .ofs_y = 0},
    {.bitmap_index = 3424, .adv_w = 231, .box_w = 12, .box_h = 14, .ofs_x = 1, .ofs_y = 0},
    {.bitmap_index = 3508, .adv_w = 184, .box_w = 12, .box_h = 14, .ofs_x = 0, .ofs_y = 0},
    {.bitmap_index = 3592, .adv_w = 281, .box_w = 18, .box_h = 14, .ofs_x = 0, .ofs_y = 0},
    {.bitmap_index = 3718, .adv_w = 183, .box_w = 12, .box_h = 14, .ofs_x = 0, .ofs_y = 0},
    {.bitmap_index = 3802, .adv_w = 170, .box_w = 12, .box_h = 14, .ofs_x = -1, .ofs_y = 0},
    {.bitmap_index = 3886, .adv_w = 193, .box_w = 11, .box_h = 14, .ofs_x = 1, .ofs_y = 0},
    {.bitmap_index = 3963, .adv_w = 108, .box_w = 5, .box_h = 20, .ofs_x = 2, .ofs_y = -4},
    {.bitmap_index = 4013, .adv_w = 125, .box_w = 8, .box_h = 19, .ofs_x = 0, .ofs_y = -3},
    {.bitmap_index = 4089, .adv_w = 108, .box_w = 5, .box_h = 20, .ofs_x = 0, .ofs_y = -4},
    {.bitmap_index = 4139, .adv_w = 178, .box_w = 9, .box_h = 9, .ofs_x = 1, .ofs_y = 6},
    {.bitmap_index = 4180, .adv_w = 179, .box_w = 11, .box_h = 2, .ofs_x = 0, .ofs_y = -4},
    {.bitmap_index = 4191, .adv_w = 194, .box_w = 6, .box_h = 4, .ofs_x = 2, .ofs_y = 13},
    {.bitmap_index = 4203, .adv_w = 180, .box_w = 9, .box_h = 11, .ofs_x = 1, .ofs_y = 0},
    {.bitmap_index = 4253, .adv_w = 198, .box_w = 11, .box_h = 16, .ofs_x = 1, .ofs_y = 0},
    {.bitmap_index = 4341, .adv_w = 163, .box_w = 9, .box_h = 11, .ofs_x = 1, .ofs_y = 0},
    {.bitmap_index = 4391, .adv_w = 198, .box_w = 10, .box_h = 16, .ofs_x = 1, .ofs_y = 0},
    {.bitmap_index = 4471, .adv_w = 177, .box_w = 10, .box_h = 11, .ofs_x = 1, .ofs_y = 0},
    {.bitmap_index = 4526, .adv_w = 104, .box_w = 8, .box_h = 16, .ofs_x = 0, .ofs_y = 0},
    {.bitmap_index = 4590, .adv_w = 180, .box_w = 10, .box_h = 16, .ofs_x = 1, .ofs_y = -5},
    {.bitmap_index = 4670, .adv_w = 194, .box_w = 10, .box_h = 16, .ofs_x = 1, .ofs_y = 0},
    {.bitmap_index = 4750, .adv_w = 88, .box_w = 3, .box_h = 16, .ofs_x = 1, .ofs_y = 0},
    {.bitmap_index = 4774, .adv_w = 88, .box_w = 5, .box_h = 21, .ofs_x = -1, .ofs_y = -5},
    {.bitmap_index = 4827, .adv_w = 177, .box_w = 10, .box_h = 16, .ofs_x = 1, .ofs_y = 0},
    {.bitmap_index = 4907, .adv_w = 91, .box_w = 4, .box_h = 16, .ofs_x = 1, .ofs_y = 0},
    {.bitmap_index = 4939, .adv_w = 296, .box_w = 16, .box_h = 11, .ofs_x = 1, .ofs_y = 0},
    {.bitmap_index = 5027, .adv_w = 195, .box_w = 10, .box_h = 11, .ofs_x = 1, .ofs_y = 0},
    {.bitmap_index = 5082, .adv_w = 194, .box_w = 11, .box_h = 11, .ofs_x = 1, .ofs_y = 0},
    {.bitmap_index = 5143, .adv_w = 198, .box_w = 11, .box_h = 16, .ofs_x = 1, .ofs_y = -5},
    {.bitmap_index = 5231, .adv_w = 198, .box_w = 10, .box_h = 16, .ofs_x = 1, .ofs_y = -5},
    {.bitmap_index = 5311, .adv_w = 124, .box_w = 7, .box_h = 11, .ofs_x = 1, .ofs_y = 0},
    {.bitmap_index = 5350, .adv_w = 150, .box_w = 9, .box_h = 11, .ofs_x = 0, .ofs_y = 0},
    {.bitmap_index = 5400, .adv_w = 121, .box_w = 8, .box_h = 14, .ofs_x = 0, .ofs_y = 0},
    {.bitmap_index = 5456, .adv_w = 194, .box_w = 10, .box_h = 11, .ofs_x = 1, .ofs_y = 0},
    {.bitmap_index = 5511, .adv_w = 167, .box_w = 11, .box_h = 11, .ofs_x = 0, .ofs_y = 0},
    {.bitmap_index = 5572, .adv_w = 257, .box_w = 16, .box_h = 11, .ofs_x = 0, .ofs_y = 0},
    {.bitmap_index = 5660, .adv_w = 159, .box_w = 10, .box_h = 11, .ofs_x = 0, .ofs_y = 0},
    {.bitmap_index = 5715, .adv_w = 167, .box_w = 11, .box_h = 16, .ofs_x = 0, .ofs_y = -5},
    {.bitmap_index = 5803, .adv_w = 152, .box_w = 9, .box_h = 11, .ofs_x = 0, .ofs_y = 0},
    {.bitmap_index = 5853, .adv_w = 108, .box_w = 7, .box_h = 20, .ofs_x = 0, .ofs_y = -4},
    {.bitmap_index = 5923, .adv_w = 86, .box_w = 2, .box_h = 22, .ofs_x = 2, .ofs_y = -6},
    {.bitmap_index = 5945, .adv_w = 108, .box_w = 6, .box_h = 20, .ofs_x = 0, .ofs_y = -4},
    {.bitmap_index = 6005, .adv_w = 178, .box_w = 11, .box_h = 5, .ofs_x = 0, .ofs_y = 5},
    {.bitmap_index = 6033, .adv_w = 320, .box_w = 6, .box_h = 5, .ofs_x = 7, .ofs_y = 5},
    {.bitmap_index = 6048, .adv_w = 320, .box_w = 14, .box_h = 13, .ofs_x = 3, .ofs_y = 1},
    {.bitmap_index = 6139, .adv_w = 320, .box_w = 20, .box_h = 17, .ofs_x = 0, .ofs_y = 0},
    {.bitmap_index = 6309, .adv_w = 320, .box_w = 20, .box_h = 17, .ofs_x = 0, .ofs_y = -2},
    {.bitmap_index = 6479, .adv_w = 320, .box_w = 18, .box_h = 18, .ofs_x = 1, .ofs_y = -1},
    {.bitmap_index = 6641, .adv_w = 320, .box_w = 11, .box_h = 19, .ofs_x = 4, .ofs_y = -2},
    {.bitmap_index = 6746, .adv_w = 219, .box_w = 14, .box_h = 17, .ofs_x = 0, .ofs_y = -1},
    {.bitmap_index = 6865, .adv_w = 320, .box_w = 7, .box_h = 6, .ofs_x = 0, .ofs_y = -1},
    {.bitmap_index = 6886, .adv_w = 320, .box_w = 7, .box_h = 13, .ofs_x = 13, .ofs_y = 4},
    {.bitmap_index = 6932, .adv_w = 320, .box_w = 7, .box_h = 13, .ofs_x = 0, .ofs_y = -2},
    {.bitmap_index = 6978, .adv_w = 320, .box_w = 20, .box_h = 3, .ofs_x = 0, .ofs_y = 6},
    {.bitmap_index = 7008, .adv_w = 320, .box_w = 19, .box_h = 18, .ofs_x = 1, .ofs_y = -1},
    {.bitmap_index = 7179, .adv_w = 320, .box_w = 18, .box_h = 16, .ofs_x = 1, .ofs_y = -1},
    {.bitmap_index = 7323, .adv_w = 320, .box_w = 18, .box_h = 18, .ofs_x = 1, .ofs_y = -1},
    {.bitmap_index = 7485, .adv_w = 320, .box_w = 18, .box_h = 18, .ofs_x = 1, .ofs_y = -2},
    {.bitmap_index = 7647, .adv_w = 320, .box_w = 19, .box_h = 18, .ofs_x = 0, .ofs_y = -2},
    {.bitmap_index = 7818, .adv_w = 320, .box_w = 17, .box_h = 19, .ofs_x = 1, .ofs_y = -2},
    {.bitmap_index = 7980, .adv_w = 320, .box_w = 18, .box_h = 18, .ofs_x = 1, .ofs_y = -1},
    {.bitmap_index = 8142, .adv_w = 320, .box_w = 18, .box_h = 18, .ofs_x = 1, .ofs_y = -1},
    {.bitmap_index = 8304, .adv_w = 320, .box_w = 18, .box_h = 18, .ofs_x = 1, .ofs_y = -2},
    {.bitmap_index = 8466, .adv_w = 320, .box_w = 20, .box_h = 19, .ofs_x = 0, .ofs_y = -2},
    {.bitmap_index = 8656, .adv_w = 320, .box_w = 17, .box_h = 19, .ofs_x = 1, .ofs_y = -2},
    {.bitmap_index = 8818, .adv_w = 320, .box_w = 18, .box_h = 19, .ofs_x = 0, .ofs_y = -2},
    {.bitmap_index = 8989, .adv_w = 320, .box_w = 18, .box_h = 19, .ofs_x = 1, .ofs_y = -2},
    {.bitmap_index = 9160, .adv_w = 320, .box_w = 20, .box_h = 20, .ofs_x = 0, .ofs_y = -2},
    {.bitmap_index = 9360, .adv_w = 320, .box_w = 18, .box_h = 20, .ofs_x = 1, .ofs_y = -2},
    {.bitmap_index = 9540, .adv_w = 320, .box_w = 20, .box_h = 19, .ofs_x = 0, .ofs_y = -2},
    {.bitmap_index = 9730, .adv_w = 320, .box_w = 20, .box_h = 19, .ofs_x = 0, .ofs_y = -2},
    {.bitmap_index = 9920, .adv_w = 320, .box_w = 16, .box_h = 18, .ofs_x = 2, .ofs_y = -2},
    {.bitmap_index = 10064, .adv_w = 320, .box_w = 19, .box_h = 19, .ofs_x = 1, .ofs_y = -2},
    {.bitmap_index = 10245, .adv_w = 320, .box_w = 16, .box_h = 18, .ofs_x = 2, .ofs_y = -2},
    {.bitmap_index = 10389, .adv_w = 320, .box_w = 18, .box_h = 14, .ofs_x = 1, .ofs_y = 0},
    {.bitmap_index = 10515, .adv_w = 320, .box_w = 18, .box_h = 18, .ofs_x = 1, .ofs_y = -2},
    {.bitmap_index = 10677, .adv_w = 320, .box_w = 18, .box_h = 16, .ofs_x = 1, .ofs_y = -1},
    {.bitmap_index = 10821, .adv_w = 320, .box_w = 19, .box_h = 19, .ofs_x = 0, .ofs_y = -2},
    {.bitmap_index = 11002, .adv_w = 320, .box_w = 18, .box_h = 19, .ofs_x = 1, .ofs_y = -2},
    {.bitmap_index = 11173, .adv_w = 320, .box_w = 18, .box_h = 19, .ofs_x = 1, .ofs_y = -2},
    {.bitmap_index = 11344, .adv_w = 320, .box_w = 20, .box_h = 19, .ofs_x = 0, .ofs_y = -2},
    {.bitmap_index = 11534, .adv_w = 320, .box_w = 20, .box_h = 20, .ofs_x = 0, .ofs_y = -3},
    {.bitmap_index = 11734, .adv_w = 320, .box_w = 20, .box_h = 19, .ofs_x = 0, .ofs_y = -2},
    {.bitmap_index = 11924, .adv_w = 320, .box_w = 20, .box_h = 19, .ofs_x = 0, .ofs_y = -2},
    {.bitmap_index = 12114, .adv_w = 320, .box_w = 19, .box_h = 19, .ofs_x = 0, .ofs_y = -2},
    {.bitmap_index = 12295, .adv_w = 320, .box_w = 20, .box_h = 19, .ofs_x = 0, .ofs_y = -2},
    {.bitmap_index = 12485, .adv_w = 320, .box_w = 20, .box_h = 19, .ofs_x = 0, .ofs_y = -2},
    {.bitmap_index = 12675, .adv_w = 320, .box_w = 20, .box_h = 19, .ofs_x = 0, .ofs_y = -2},
    {.bitmap_index = 12865, .adv_w = 320, .box_w = 20, .box_h = 19, .ofs_x = 0, .ofs_y = -2},
    {.bitmap_index = 13055, .adv_w = 320, .box_w = 20, .box_h = 19, .ofs_x = 0, .ofs_y = -2},
    {.bitmap_index = 13245, .adv_w = 320, .box_w = 20, .box_h = 19, .ofs_x = 0, .ofs_y = -2},
    {.bitmap_index = 13435, .adv_w = 320, .box_w = 20, .box_h = 19, .ofs_x = 0, .ofs_y = -2},
    {.bitmap_index = 13625, .adv_w = 320, .box_w = 20, .box_h = 19, .ofs_x = 0, .ofs_y = -2},
    {.bitmap_index = 13815, .adv_w = 320, .box_w = 20, .box_h = 20, .ofs_x = 0, .ofs_y = -3},
    {.bitmap_index = 14015, .adv_w = 320, .box_w = 19, .box_h = 19, .ofs_x = 0, .ofs_y = -2},
    {.bitmap_index = 14196, .adv_w = 320, .box_w = 20, .box_h = 20, .ofs_x = 0, .ofs_y = -3},
    {.bitmap_index = 14396, .adv_w = 320, .box_w = 20, .box_h = 20, .ofs_x = 0, .ofs_y = -3},
    {.bitmap_index = 14596, .adv_w = 320, .box_w = 20, .box_h = 21, .ofs_x = 0, .ofs_y = -3},
    {.bitmap_index = 14806, .adv_w = 320, .box_w = 19, .box_h = 20, .ofs_x = 0, .ofs_y = -2},
    {.bitmap_index = 14996, .adv_w = 320, .box_w = 20, .box_h = 20, .ofs_x = 0, .ofs_y = -3},
    {.bitmap_index = 15196, .adv_w = 320, .box_w = 19, .box_h = 21, .ofs_x = 0, .ofs_y = -3},
    {.bitmap_index = 15396, .adv_w = 320, .box_w = 20, .box_h = 19, .ofs_x = 0, .ofs_y = -2},
    {.bitmap_index = 15586, .adv_w = 320, .box_w = 20, .box_h = 20, .ofs_x = 0, .ofs_y = -3},
    {.bitmap_index = 15786, .adv_w = 320, .box_w = 20, .box_h = 19, .ofs_x = 0, .ofs_y = -2},
    {.bitmap_index = 15976, .adv_w = 320, .box_w = 19, .box_h = 18, .ofs_x = 1, .ofs_y = -2},
    {.bitmap_index = 16147, .adv_w = 320, .box_w = 19, .box_h = 19, .ofs_x = 1, .ofs_y = -2},
    {.bitmap_index = 16328, .adv_w = 320, .box_w = 20, .box_h = 19, .ofs_x = 0, .ofs_y = -2},
    {.bitmap_index = 16518, .adv_w = 320, .box_w = 20, .box_h = 18, .ofs_x = 0, .ofs_y = -1},
    {.bitmap_index = 16698, .adv_w = 320, .box_w = 20, .box_h = 18, .ofs_x = 0, .ofs_y = -2},
    {.bitmap_index = 16878, .adv_w = 320, .box_w = 19, .box_h = 19, .ofs_x = 1, .ofs_y = -2},
    {.bitmap_index = 17059, .adv_w = 320, .box_w = 20, .box_h = 19, .ofs_x = 0, .ofs_y = -2},
    {.bitmap_index = 17249, .adv_w = 320, .box_w = 19, .box_h = 19, .ofs_x = 1, .ofs_y = -2},
    {.bitmap_index = 17430, .adv_w = 320, .box_w = 19, .box_h = 19, .ofs_x = 0, .ofs_y = -2},
    {.bitmap_index = 17611, .adv_w = 320, .box_w = 20, .box_h = 18, .ofs_x = 0, .ofs_y = -2},
    {.bitmap_index = 17791, .adv_w = 320, .box_w = 20, .box_h = 18, .ofs_x = 0, .ofs_y = -2},
    {.bitmap_index = 17971, .adv_w = 320, .box_w = 16, .box_h = 19, .ofs_x = 2, .ofs_y = -2},
    {.bitmap_index = 18123, .adv_w = 320, .box_w = 19, .box_h = 19, .ofs_x = 0, .ofs_y = -2},
    {.bitmap_index = 18304, .adv_w = 320, .box_w = 19, .box_h = 19, .ofs_x = 0, .ofs_y = -2},
    {.bitmap_index = 18485, .adv_w = 320, .box_w = 19, .box_h = 20, .ofs_x = 0, .ofs_y = -3},
    {.bitmap_index = 18675, .adv_w = 320, .box_w = 18, .box_h = 19, .ofs_x = 1, .ofs_y = -2},
    {.bitmap_index = 18846, .adv_w = 320, .box_w = 19, .box_h = 19, .ofs_x = 0, .ofs_y = -2},
    {.bitmap_index = 19027, .adv_w = 320, .box_w = 19, .box_h = 19, .ofs_x = 0, .ofs_y = -2},
    {.bitmap_index = 19208, .adv_w = 320, .box_w = 20, .box_h = 20, .ofs_x = 0, .ofs_y = -2},
    {.bitmap_index = 19408, .adv_w = 320, .box_w = 18, .box_h = 19, .ofs_x = 1, .ofs_y = -2},
    {.bitmap_index = 19579, .adv_w = 320, .box_w = 19, .box_h = 19, .ofs_x = 0, .ofs_y = -2},
    {.bitmap_index = 19760, .adv_w = 320, .box_w = 20, .box_h = 18, .ofs_x = 0, .ofs_y = -1},
    {.bitmap_index = 19940, .adv_w = 320, .box_w = 20, .box_h = 19, .ofs_x = 0, .ofs_y = -2},
    {.bitmap_index = 20130, .adv_w = 320, .box_w = 19, .box_h = 17, .ofs_x = 1, .ofs_y = -1},
    {.bitmap_index = 20292, .adv_w = 320, .box_w = 19, .box_h = 19, .ofs_x = 1, .ofs_y = -2},
    {.bitmap_index = 20473, .adv_w = 320, .box_w = 18, .box_h = 19, .ofs_x = 1, .ofs_y = -2},
    {.bitmap_index = 20644, .adv_w = 320, .box_w = 18, .box_h = 19, .ofs_x = 1, .ofs_y = -2},
    {.bitmap_index = 20815, .adv_w = 320, .box_w = 18, .box_h = 19, .ofs_x = 1, .ofs_y = -2},
    {.bitmap_index = 20986, .adv_w = 320, .box_w = 11, .box_h = 19, .ofs_x = 7, .ofs_y = -2},
    {.bitmap_index = 21091, .adv_w = 320, .box_w = 18, .box_h = 19, .ofs_x = 1, .ofs_y = -2},
    {.bitmap_index = 21262, .adv_w = 320, .box_w = 20, .box_h = 19, .ofs_x = 0, .ofs_y = -2},
    {.bitmap_index = 21452, .adv_w = 320, .box_w = 20, .box_h = 18, .ofs_x = 0, .ofs_y = -2},
    {.bitmap_index = 21632, .adv_w = 320, .box_w = 19, .box_h = 19, .ofs_x = 1, .ofs_y = -2},
    {.bitmap_index = 21813, .adv_w = 320, .box_w = 20, .box_h = 19, .ofs_x = 0, .ofs_y = -2},
    {.bitmap_index = 22003, .adv_w = 320, .box_w = 20, .box_h = 18, .ofs_x = 0, .ofs_y = -2},
    {.bitmap_index = 22183, .adv_w = 320, .box_w = 20, .box_h = 19, .ofs_x = 0, .ofs_y = -2},
    {.bitmap_index = 22373, .adv_w = 320, .box_w = 20, .box_h = 19, .ofs_x = 0, .ofs_y = -3},
    {.bitmap_index = 22563, .adv_w = 320, .box_w = 16, .box_h = 16, .ofs_x = 2, .ofs_y = -1},
    {.bitmap_index = 22691, .adv_w = 320, .box_w = 17, .box_h = 19, .ofs_x = 1, .ofs_y = -2},
    {.bitmap_index = 22853, .adv_w = 320, .box_w = 18, .box_h = 18, .ofs_x = 1, .ofs_y = -2},
    {.bitmap_index = 23015, .adv_w = 320, .box_w = 17, .box_h = 17, .ofs_x = 1, .ofs_y = -1},
    {.bitmap_index = 23160, .adv_w = 320, .box_w = 19, .box_h = 19, .ofs_x = 1, .ofs_y = -1},
    {.bitmap_index = 23341, .adv_w = 320, .box_w = 20, .box_h = 19, .ofs_x = 0, .ofs_y = -2},
    {.bitmap_index = 23531, .adv_w = 320, .box_w = 17, .box_h = 20, .ofs_x = 0, .ofs_y = -2},
    {.bitmap_index = 23701, .adv_w = 320, .box_w = 18, .box_h = 19, .ofs_x = 1, .ofs_y = -2},
    {.bitmap_index = 23872, .adv_w = 320, .box_w = 18, .box_h = 18, .ofs_x = 1, .ofs_y = -2},
    {.bitmap_index = 24034, .adv_w = 320, .box_w = 19, .box_h = 17, .ofs_x = 1, .ofs_y = -1},
    {.bitmap_index = 24196, .adv_w = 320, .box_w = 18, .box_h = 19, .ofs_x = 1, .ofs_y = -2},
    {.bitmap_index = 24367, .adv_w = 320, .box_w = 19, .box_h = 19, .ofs_x = 1, .ofs_y = -3},
    {.bitmap_index = 24548, .adv_w = 320, .box_w = 19, .box_h = 19, .ofs_x = 1, .ofs_y = -2},
    {.bitmap_index = 24729, .adv_w = 320, .box_w = 18, .box_h = 18, .ofs_x = 1, .ofs_y = -2},
    {.bitmap_index = 24891, .adv_w = 320, .box_w = 19, .box_h = 19, .ofs_x = 1, .ofs_y = -2},
    {.bitmap_index = 25072, .adv_w = 320, .box_w = 18, .box_h = 19, .ofs_x = 1, .ofs_y = -2},
    {.bitmap_index = 25243, .adv_w = 320, .box_w = 18, .box_h = 18, .ofs_x = 1, .ofs_y = -2},
    {.bitmap_index = 25405, .adv_w = 320, .box_w = 19, .box_h = 18, .ofs_x = 1, .ofs_y = -1},
    {.bitmap_index = 25576, .adv_w = 320, .box_w = 19, .box_h = 19, .ofs_x = 1, .ofs_y = -2},
    {.bitmap_index = 25757, .adv_w = 320, .box_w = 18, .box_h = 18, .ofs_x = 1, .ofs_y = -2},
    {.bitmap_index = 25919, .adv_w = 320, .box_w = 19, .box_h = 20, .ofs_x = 1, .ofs_y = -3},
    {.bitmap_index = 26109, .adv_w = 320, .box_w = 19, .box_h = 19, .ofs_x = 1, .ofs_y = -3},
    {.bitmap_index = 26290, .adv_w = 320, .box_w = 20, .box_h = 19, .ofs_x = 0, .ofs_y = -3},
    {.bitmap_index = 26480, .adv_w = 320, .box_w = 19, .box_h = 19, .ofs_x = 1, .ofs_y = -2},
    {.bitmap_index = 26661, .adv_w = 320, .box_w = 19, .box_h = 20, .ofs_x = 1, .ofs_y = -3},
    {.bitmap_index = 26851, .adv_w = 320, .box_w = 19, .box_h = 20, .ofs_x = 1, .ofs_y = -2},
    {.bitmap_index = 27041, .adv_w = 320, .box_w = 19, .box_h = 20, .ofs_x = 1, .ofs_y = -3},
    {.bitmap_index = 27231, .adv_w = 320, .box_w = 20, .box_h = 19, .ofs_x = 0, .ofs_y = -2},
    {.bitmap_index = 27421, .adv_w = 320, .box_w = 18, .box_h = 19, .ofs_x = 1, .ofs_y = -3},
    {.bitmap_index = 27592, .adv_w = 320, .box_w = 19, .box_h = 19, .ofs_x = 1, .ofs_y = -2},
    {.bitmap_index = 27773, .adv_w = 320, .box_w = 19, .box_h = 18, .ofs_x = 1, .ofs_y = -2},
    {.bitmap_index = 27944, .adv_w = 320, .box_w = 19, .box_h = 19, .ofs_x = 1, .ofs_y = -2},
    {.bitmap_index = 28125, .adv_w = 320, .box_w = 19, .box_h = 20, .ofs_x = 1, .ofs_y = -3},
    {.bitmap_index = 28315, .adv_w = 320, .box_w = 18, .box_h = 17, .ofs_x = 1, .ofs_y = -1},
    {.bitmap_index = 28468, .adv_w = 320, .box_w = 18, .box_h = 18, .ofs_x = 1, .ofs_y = -2},
    {.bitmap_index = 28630, .adv_w = 320, .box_w = 18, .box_h = 18, .ofs_x = 1, .ofs_y = -2},
    {.bitmap_index = 28792, .adv_w = 320, .box_w = 18, .box_h = 18, .ofs_x = 1, .ofs_y = -2},
    {.bitmap_index = 28954, .adv_w = 320, .box_w = 18, .box_h = 19, .ofs_x = 1, .ofs_y = -2},
    {.bitmap_index = 29125, .adv_w = 320, .box_w = 18, .box_h = 18, .ofs_x = 1, .ofs_y = -1},
    {.bitmap_index = 29287, .adv_w = 320, .box_w = 19, .box_h = 18, .ofs_x = 0, .ofs_y = -1},
    {.bitmap_index = 29458, .adv_w = 320, .box_w = 20, .box_h = 18, .ofs_x = 0, .ofs_y = -1},
    {.bitmap_index = 29638, .adv_w = 320, .box_w = 19, .box_h = 19, .ofs_x = 0, .ofs_y = -2},
    {.bitmap_index = 29819, .adv_w = 320, .box_w = 20, .box_h = 19, .ofs_x = 0, .ofs_y = -2},
    {.bitmap_index = 30009, .adv_w = 320, .box_w = 20, .box_h = 20, .ofs_x = 0, .ofs_y = -2},
    {.bitmap_index = 30209, .adv_w = 320, .box_w = 20, .box_h = 18, .ofs_x = 0, .ofs_y = -1},
    {.bitmap_index = 30389, .adv_w = 320, .box_w = 19, .box_h = 19, .ofs_x = 0, .ofs_y = -2},
    {.bitmap_index = 30570, .adv_w = 320, .box_w = 20, .box_h = 19, .ofs_x = 0, .ofs_y = -2},
    {.bitmap_index = 30760, .adv_w = 320, .box_w = 20, .box_h = 19, .ofs_x = 0, .ofs_y = -2},
    {.bitmap_index = 30950, .adv_w = 320, .box_w = 20, .box_h = 19, .ofs_x = 0, .ofs_y = -2},
    {.bitmap_index = 31140, .adv_w = 320, .box_w = 18, .box_h = 19, .ofs_x = 1, .ofs_y = -2},
    {.bitmap_index = 31311, .adv_w = 320, .box_w = 20, .box_h = 20, .ofs_x = 0, .ofs_y = -3},
    {.bitmap_index = 31511, .adv_w = 320, .box_w = 20, .box_h = 19, .ofs_x = 0, .ofs_y = -2},
    {.bitmap_index = 31701, .adv_w = 320, .box_w = 19, .box_h = 18, .ofs_x = 1, .ofs_y = -2},
    {.bitmap_index = 31872, .adv_w = 320, .box_w = 20, .box_h = 19, .ofs_x = 0, .ofs_y = -2},
    {.bitmap_index = 32062, .adv_w = 320, .box_w = 18, .box_h = 19, .ofs_x = 1, .ofs_y = -2},
    {.bitmap_index = 32233, .adv_w = 320, .box_w = 19, .box_h = 20, .ofs_x = 0, .ofs_y = -2},
    {.bitmap_index = 32423, .adv_w = 320, .box_w = 19, .box_h = 20, .ofs_x = 0, .ofs_y = -2},
    {.bitmap_index = 32613, .adv_w = 320, .box_w = 20, .box_h = 20, .ofs_x = 0, .ofs_y = -3},
    {.bitmap_index = 32813, .adv_w = 320, .box_w = 20, .box_h = 19, .ofs_x = 0, .ofs_y = -2},
    {.bitmap_index = 33003, .adv_w = 320, .box_w = 19, .box_h = 19, .ofs_x = 1, .ofs_y = -2},
    {.bitmap_index = 33184, .adv_w = 320, .box_w = 20, .box_h = 20, .ofs_x = 0, .ofs_y = -3},
    {.bitmap_index = 33384, .adv_w = 320, .box_w = 18, .box_h = 19, .ofs_x = 1, .ofs_y = -2},
    {.bitmap_index = 33555, .adv_w = 320, .box_w = 19, .box_h = 19, .ofs_x = 1, .ofs_y = -3},
    {.bitmap_index = 33736, .adv_w = 320, .box_w = 18, .box_h = 19, .ofs_x = 1, .ofs_y = -2},
    {.bitmap_index = 33907, .adv_w = 320, .box_w = 20, .box_h = 19, .ofs_x = 0, .ofs_y = -2},
    {.bitmap_index = 34097, .adv_w = 320, .box_w = 18, .box_h = 19, .ofs_x = 1, .ofs_y = -2},
    {.bitmap_index = 34268, .adv_w = 320, .box_w = 20, .box_h = 20, .ofs_x = 0, .ofs_y = -3},
    {.bitmap_index = 34468, .adv_w = 320, .box_w = 18, .box_h = 19, .ofs_x = 1, .ofs_y = -2},
    {.bitmap_index = 34639, .adv_w = 320, .box_w = 20, .box_h = 19, .ofs_x = 0, .ofs_y = -2},
    {.bitmap_index = 34829, .adv_w = 320, .box_w = 18, .box_h = 18, .ofs_x = 1, .ofs_y = -1},
    {.bitmap_index = 34991, .adv_w = 320, .box_w = 19, .box_h = 20, .ofs_x = 1, .ofs_y = -3},
    {.bitmap_index = 35181, .adv_w = 320, .box_w = 20, .box_h = 19, .ofs_x = 0, .ofs_y = -2},
    {.bitmap_index = 35371, .adv_w = 320, .box_w = 20, .box_h = 20, .ofs_x = 0, .ofs_y = -3},
    {.bitmap_index = 35571, .adv_w = 320, .box_w = 20, .box_h = 20, .ofs_x = 0, .ofs_y = -3},
    {.bitmap_index = 35771, .adv_w = 320, .box_w = 20, .box_h = 19, .ofs_x = 0, .ofs_y = -2},
    {.bitmap_index = 35961, .adv_w = 320, .box_w = 20, .box_h = 19, .ofs_x = 0, .ofs_y = -2},
    {.bitmap_index = 36151, .adv_w = 320, .box_w = 19, .box_h = 19, .ofs_x = 1, .ofs_y = -2},
    {.bitmap_index = 36332, .adv_w = 320, .box_w = 19, .box_h = 18, .ofs_x = 0, .ofs_y = -2},
    {.bitmap_index = 36503, .adv_w = 320, .box_w = 18, .box_h = 17, .ofs_x = 2, .ofs_y = -1},
    {.bitmap_index = 36656, .adv_w = 320, .box_w = 19, .box_h = 17, .ofs_x = 1, .ofs_y = -1},
    {.bitmap_index = 36818, .adv_w = 320, .box_w = 19, .box_h = 20, .ofs_x = 1, .ofs_y = -2},
    {.bitmap_index = 37008, .adv_w = 320, .box_w = 18, .box_h = 20, .ofs_x = 1, .ofs_y = -3},
    {.bitmap_index = 37188, .adv_w = 320, .box_w = 18, .box_h = 19, .ofs_x = 1, .ofs_y = -2},
    {.bitmap_index = 37359, .adv_w = 320, .box_w = 18, .box_h = 20, .ofs_x = 1, .ofs_y = -2},
    {.bitmap_index = 37539, .adv_w = 320, .box_w = 18, .box_h = 19, .ofs_x = 1, .ofs_y = -2},
    {.bitmap_index = 37710, .adv_w = 320, .box_w = 18, .box_h = 18, .ofs_x = 1, .ofs_y = -2},
    {.bitmap_index = 37872, .adv_w = 320, .box_w = 20, .box_h = 19, .ofs_x = 0, .ofs_y = -2},
    {.bitmap_index = 38062, .adv_w = 320, .box_w = 20, .box_h = 19, .ofs_x = 0, .ofs_y = -2},
    {.bitmap_index = 38252, .adv_w = 320, .box_w = 19, .box_h = 19, .ofs_x = 0, .ofs_y = -2},
    {.bitmap_index = 38433, .adv_w = 320, .box_w = 20, .box_h = 20, .ofs_x = 0, .ofs_y = -2},
    {.bitmap_index = 38633, .adv_w = 320, .box_w = 20, .box_h = 19, .ofs_x = 0, .ofs_y = -2},
    {.bitmap_index = 38823, .adv_w = 320, .box_w = 18, .box_h = 19, .ofs_x = 1, .ofs_y = -3},
    {.bitmap_index = 38994, .adv_w = 320, .box_w = 18, .box_h = 20, .ofs_x = 1, .ofs_y = -2},
    {.bitmap_index = 39174, .adv_w = 320, .box_w = 19, .box_h = 19, .ofs_x = 1, .ofs_y = -2},
    {.bitmap_index = 39355, .adv_w = 320, .box_w = 19, .box_h = 19, .ofs_x = 1, .ofs_y = -2},
    {.bitmap_index = 39536, .adv_w = 320, .box_w = 20, .box_h = 18, .ofs_x = 0, .ofs_y = -2},
    {.bitmap_index = 39716, .adv_w = 320, .box_w = 20, .box_h = 20, .ofs_x = 0, .ofs_y = -3},
    {.bitmap_index = 39916, .adv_w = 320, .box_w = 20, .box_h = 19, .ofs_x = 0, .ofs_y = -2},
    {.bitmap_index = 40106, .adv_w = 320, .box_w = 20, .box_h = 19, .ofs_x = 0, .ofs_y = -2},
    {.bitmap_index = 40296, .adv_w = 320, .box_w = 19, .box_h = 18, .ofs_x = 1, .ofs_y = -1},
    {.bitmap_index = 40467, .adv_w = 320, .box_w = 20, .box_h = 17, .ofs_x = 0, .ofs_y = -1},
    {.bitmap_index = 40637, .adv_w = 320, .box_w = 20, .box_h = 18, .ofs_x = 0, .ofs_y = -1},
    {.bitmap_index = 40817, .adv_w = 320, .box_w = 18, .box_h = 18, .ofs_x = 1, .ofs_y = -1},
    {.bitmap_index = 40979, .adv_w = 320, .box_w = 20, .box_h = 20, .ofs_x = 0, .ofs_y = -3},
    {.bitmap_index = 41179, .adv_w = 320, .box_w = 20, .box_h = 19, .ofs_x = 0, .ofs_y = -2},
    {.bitmap_index = 41369, .adv_w = 320, .box_w = 20, .box_h = 20, .ofs_x = 0, .ofs_y = -3},
    {.bitmap_index = 41569, .adv_w = 320, .box_w = 17, .box_h = 19, .ofs_x = 0, .ofs_y = -2},
    {.bitmap_index = 41731, .adv_w = 320, .box_w = 19, .box_h = 19, .ofs_x = 0, .ofs_y = -2},
    {.bitmap_index = 41912, .adv_w = 320, .box_w = 19, .box_h = 19, .ofs_x = 1, .ofs_y = -2},
    {.bitmap_index = 42093, .adv_w = 320, .box_w = 20, .box_h = 19, .ofs_x = 0, .ofs_y = -2},
    {.bitmap_index = 42283, .adv_w = 320, .box_w = 20, .box_h = 18, .ofs_x = 0, .ofs_y = -1},
    {.bitmap_index = 42463, .adv_w = 320, .box_w = 20, .box_h = 19, .ofs_x = 0, .ofs_y = -2},
    {.bitmap_index = 42653, .adv_w = 320, .box_w = 20, .box_h = 20, .ofs_x = 0, .ofs_y = -3},
    {.bitmap_index = 42853, .adv_w = 320, .box_w = 20, .box_h = 20, .ofs_x = 0, .ofs_y = -3},
    {.bitmap_index = 43053, .adv_w = 320, .box_w = 20, .box_h = 20, .ofs_x = 0, .ofs_y = -2},
    {.bitmap_index = 43253, .adv_w = 320, .box_w = 20, .box_h = 20, .ofs_x = 0, .ofs_y = -3},
    {.bitmap_index = 43453, .adv_w = 320, .box_w = 20, .box_h = 20, .ofs_x = 0, .ofs_y = -3},
    {.bitmap_index = 43653, .adv_w = 320, .box_w = 20, .box_h = 20, .ofs_x = 0, .ofs_y = -3},
    {.bitmap_index = 43853, .adv_w = 320, .box_w = 18, .box_h = 19, .ofs_x = 1, .ofs_y = -2},
    {.bitmap_index = 44024, .adv_w = 320, .box_w = 20, .box_h = 19, .ofs_x = 0, .ofs_y = -2},
    {.bitmap_index = 44214, .adv_w = 320, .box_w = 20, .box_h = 20, .ofs_x = 0, .ofs_y = -3},
    {.bitmap_index = 44414, .adv_w = 320, .box_w = 20, .box_h = 19, .ofs_x = 0, .ofs_y = -2},
    {.bitmap_index = 44604, .adv_w = 320, .box_w = 20, .box_h = 20, .ofs_x = 0, .ofs_y = -3},
    {.bitmap_index = 44804, .adv_w = 320, .box_w = 20, .box_h = 19, .ofs_x = 0, .ofs_y = -2},
    {.bitmap_index = 44994, .adv_w = 320, .box_w = 19, .box_h = 19, .ofs_x = 1, .ofs_y = -2},
    {.bitmap_index = 45175, .adv_w = 320, .box_w = 20, .box_h = 19, .ofs_x = 0, .ofs_y = -2},
    {.bitmap_index = 45365, .adv_w = 320, .box_w = 20, .box_h = 19, .ofs_x = 0, .ofs_y = -2},
    {.bitmap_index = 45555, .adv_w = 320, .box_w = 20, .box_h = 18, .ofs_x = 0, .ofs_y = -2},
    {.bitmap_index = 45735, .adv_w = 320, .box_w = 14, .box_h = 17, .ofs_x = 3, .ofs_y = -1},
    {.bitmap_index = 45854, .adv_w = 320, .box_w = 20, .box_h = 18, .ofs_x = 0, .ofs_y = -2},
    {.bitmap_index = 46034, .adv_w = 320, .box_w = 19, .box_h = 18, .ofs_x = 1, .ofs_y = -1},
    {.bitmap_index = 46205, .adv_w = 320, .box_w = 18, .box_h = 19, .ofs_x = 1, .ofs_y = -3},
    {.bitmap_index = 46376, .adv_w = 320, .box_w = 18, .box_h = 17, .ofs_x = 1, .ofs_y = -1},
    {.bitmap_index = 46529, .adv_w = 320, .box_w = 19, .box_h = 19, .ofs_x = 1, .ofs_y = -2},
    {.bitmap_index = 46710, .adv_w = 320, .box_w = 20, .box_h = 18, .ofs_x = 0, .ofs_y = -2},
    {.bitmap_index = 46890, .adv_w = 320, .box_w = 19, .box_h = 19, .ofs_x = 1, .ofs_y = -2},
    {.bitmap_index = 47071, .adv_w = 320, .box_w = 20, .box_h = 18, .ofs_x = 0, .ofs_y = -2},
    {.bitmap_index = 47251, .adv_w = 320, .box_w = 20, .box_h = 18, .ofs_x = 0, .ofs_y = -2},
    {.bitmap_index = 47431, .adv_w = 320, .box_w = 19, .box_h = 19, .ofs_x = 0, .ofs_y = -2},
    {.bitmap_index = 47612, .adv_w = 320, .box_w = 19, .box_h = 18, .ofs_x = 0, .ofs_y = -2},
    {.bitmap_index = 47783, .adv_w = 320, .box_w = 20, .box_h = 20, .ofs_x = 0, .ofs_y = -3},
    {.bitmap_index = 47983, .adv_w = 320, .box_w = 19, .box_h = 19, .ofs_x = 0, .ofs_y = -2},
    {.bitmap_index = 48164, .adv_w = 320, .box_w = 20, .box_h = 19, .ofs_x = 0, .ofs_y = -2},
    {.bitmap_index = 48354, .adv_w = 320, .box_w = 20, .box_h = 19, .ofs_x = 0, .ofs_y = -2},
    {.bitmap_index = 48544, .adv_w = 320, .box_w = 20, .box_h = 19, .ofs_x = 0, .ofs_y = -2},
    {.bitmap_index = 48734, .adv_w = 320, .box_w = 20, .box_h = 20, .ofs_x = 0, .ofs_y = -3},
    {.bitmap_index = 48934, .adv_w = 320, .box_w = 20, .box_h = 18, .ofs_x = 0, .ofs_y = -1},
    {.bitmap_index = 49114, .adv_w = 320, .box_w = 20, .box_h = 19, .ofs_x = 0, .ofs_y = -2},
    {.bitmap_index = 49304, .adv_w = 320, .box_w = 20, .box_h = 18, .ofs_x = 0, .ofs_y = -2},
    {.bitmap_index = 49484, .adv_w = 320, .box_w = 19, .box_h = 19, .ofs_x = 0, .ofs_y = -2},
    {.bitmap_index = 49665, .adv_w = 320, .box_w = 20, .box_h = 20, .ofs_x = 0, .ofs_y = -3},
    {.bitmap_index = 49865, .adv_w = 320, .box_w = 19, .box_h = 19, .ofs_x = 0, .ofs_y = -2},
    {.bitmap_index = 50046, .adv_w = 320, .box_w = 20, .box_h = 20, .ofs_x = 0, .ofs_y = -2},
    {.bitmap_index = 50246, .adv_w = 320, .box_w = 20, .box_h = 19, .ofs_x = 0, .ofs_y = -2},
    {.bitmap_index = 50436, .adv_w = 320, .box_w = 20, .box_h = 19, .ofs_x = 0, .ofs_y = -2},
    {.bitmap_index = 50626, .adv_w = 320, .box_w = 19, .box_h = 20, .ofs_x = 0, .ofs_y = -3},
    {.bitmap_index = 50816, .adv_w = 320, .box_w = 19, .box_h = 19, .ofs_x = 0, .ofs_y = -2},
    {.bitmap_index = 50997, .adv_w = 320, .box_w = 20, .box_h = 19, .ofs_x = 0, .ofs_y = -2},
    {.bitmap_index = 51187, .adv_w = 320, .box_w = 20, .box_h = 19, .ofs_x = 0, .ofs_y = -2},
    {.bitmap_index = 51377, .adv_w = 320, .box_w = 20, .box_h = 19, .ofs_x = 0, .ofs_y = -2},
    {.bitmap_index = 51567, .adv_w = 320, .box_w = 20, .box_h = 20, .ofs_x = 0, .ofs_y = -2},
    {.bitmap_index = 51767, .adv_w = 320, .box_w = 20, .box_h = 20, .ofs_x = 0, .ofs_y = -3},
    {.bitmap_index = 51967, .adv_w = 320, .box_w = 20, .box_h = 21, .ofs_x = 0, .ofs_y = -3},
    {.bitmap_index = 52177, .adv_w = 320, .box_w = 18, .box_h = 17, .ofs_x = 1, .ofs_y = -1},
    {.bitmap_index = 52330, .adv_w = 320, .box_w = 20, .box_h = 17, .ofs_x = 0, .ofs_y = -1},
    {.bitmap_index = 52500, .adv_w = 320, .box_w = 18, .box_h = 19, .ofs_x = 1, .ofs_y = -3},
    {.bitmap_index = 52671, .adv_w = 320, .box_w = 20, .box_h = 21, .ofs_x = 0, .ofs_y = -3},
    {.bitmap_index = 52881, .adv_w = 320, .box_w = 20, .box_h = 19, .ofs_x = 0, .ofs_y = -2},
    {.bitmap_index = 53071, .adv_w = 320, .box_w = 20, .box_h = 20, .ofs_x = 0, .ofs_y = -3},
    {.bitmap_index = 53271, .adv_w = 320, .box_w = 19, .box_h = 20, .ofs_x = 1, .ofs_y = -3},
    {.bitmap_index = 53461, .adv_w = 320, .box_w = 20, .box_h = 19, .ofs_x = 0, .ofs_y = -2},
    {.bitmap_index = 53651, .adv_w = 320, .box_w = 20, .box_h = 19, .ofs_x = 0, .ofs_y = -2},
    {.bitmap_index = 53841, .adv_w = 320, .box_w = 20, .box_h = 19, .ofs_x = 0, .ofs_y = -2},
    {.bitmap_index = 54031, .adv_w = 320, .box_w = 19, .box_h = 20, .ofs_x = 0, .ofs_y = -3},
    {.bitmap_index = 54221, .adv_w = 320, .box_w = 20, .box_h = 19, .ofs_x = 0, .ofs_y = -2},
    {.bitmap_index = 54411, .adv_w = 320, .box_w = 18, .box_h = 19, .ofs_x = 1, .ofs_y = -2},
    {.bitmap_index = 54582, .adv_w = 320, .box_w = 19, .box_h = 19, .ofs_x = 0, .ofs_y = -2},
    {.bitmap_index = 54763, .adv_w = 320, .box_w = 20, .box_h = 18, .ofs_x = 0, .ofs_y = -1},
    {.bitmap_index = 54943, .adv_w = 320, .box_w = 20, .box_h = 19, .ofs_x = 0, .ofs_y = -2},
    {.bitmap_index = 55133, .adv_w = 320, .box_w = 20, .box_h = 19, .ofs_x = 0, .ofs_y = -2},
    {.bitmap_index = 55323, .adv_w = 320, .box_w = 20, .box_h = 19, .ofs_x = 0, .ofs_y = -2},
    {.bitmap_index = 55513, .adv_w = 320, .box_w = 19, .box_h = 19, .ofs_x = 0, .ofs_y = -2},
    {.bitmap_index = 55694, .adv_w = 320, .box_w = 20, .box_h = 19, .ofs_x = 0, .ofs_y = -2},
    {.bitmap_index = 55884, .adv_w = 320, .box_w = 19, .box_h = 19, .ofs_x = 0, .ofs_y = -2},
    {.bitmap_index = 56065, .adv_w = 320, .box_w = 20, .box_h = 19, .ofs_x = 0, .ofs_y = -2},
    {.bitmap_index = 56255, .adv_w = 320, .box_w = 20, .box_h = 20, .ofs_x = 0, .ofs_y = -3},
    {.bitmap_index = 56455, .adv_w = 320, .box_w = 20, .box_h = 19, .ofs_x = 0, .ofs_y = -2},
    {.bitmap_index = 56645, .adv_w = 320, .box_w = 19, .box_h = 19, .ofs_x = 0, .ofs_y = -2},
    {.bitmap_index = 56826, .adv_w = 320, .box_w = 20, .box_h = 19, .ofs_x = 0, .ofs_y = -2},
    {.bitmap_index = 57016, .adv_w = 320, .box_w = 20, .box_h = 20, .ofs_x = 0, .ofs_y = -3},
    {.bitmap_index = 57216, .adv_w = 320, .box_w = 18, .box_h = 20, .ofs_x = 1, .ofs_y = -2},
    {.bitmap_index = 57396, .adv_w = 320, .box_w = 20, .box_h = 20, .ofs_x = 0, .ofs_y = -3},
    {.bitmap_index = 57596, .adv_w = 320, .box_w = 19, .box_h = 19, .ofs_x = 1, .ofs_y = -2},
    {.bitmap_index = 57777, .adv_w = 320, .box_w = 19, .box_h = 19, .ofs_x = 0, .ofs_y = -2},
    {.bitmap_index = 57958, .adv_w = 320, .box_w = 20, .box_h = 19, .ofs_x = 0, .ofs_y = -2},
    {.bitmap_index = 58148, .adv_w = 320, .box_w = 20, .box_h = 19, .ofs_x = 0, .ofs_y = -2},
    {.bitmap_index = 58338, .adv_w = 320, .box_w = 19, .box_h = 20, .ofs_x = 0, .ofs_y = -3},
    {.bitmap_index = 58528, .adv_w = 320, .box_w = 18, .box_h = 19, .ofs_x = 1, .ofs_y = -2},
    {.bitmap_index = 58699, .adv_w = 320, .box_w = 20, .box_h = 19, .ofs_x = 0, .ofs_y = -2},
    {.bitmap_index = 58889, .adv_w = 320, .box_w = 19, .box_h = 20, .ofs_x = 0, .ofs_y = -3},
    {.bitmap_index = 59079, .adv_w = 320, .box_w = 19, .box_h = 20, .ofs_x = 0, .ofs_y = -3},
    {.bitmap_index = 59269, .adv_w = 320, .box_w = 20, .box_h = 18, .ofs_x = 0, .ofs_y = -2},
    {.bitmap_index = 59449, .adv_w = 320, .box_w = 20, .box_h = 19, .ofs_x = 0, .ofs_y = -2},
    {.bitmap_index = 59639, .adv_w = 320, .box_w = 20, .box_h = 20, .ofs_x = 0, .ofs_y = -3},
    {.bitmap_index = 59839, .adv_w = 320, .box_w = 20, .box_h = 19, .ofs_x = 0, .ofs_y = -2},
    {.bitmap_index = 60029, .adv_w = 320, .box_w = 20, .box_h = 19, .ofs_x = 0, .ofs_y = -2},
    {.bitmap_index = 60219, .adv_w = 320, .box_w = 18, .box_h = 18, .ofs_x = 1, .ofs_y = -1},
    {.bitmap_index = 60381, .adv_w = 320, .box_w = 18, .box_h = 18, .ofs_x = 0, .ofs_y = -2},
    {.bitmap_index = 60543, .adv_w = 320, .box_w = 18, .box_h = 19, .ofs_x = 2, .ofs_y = -1},
    {.bitmap_index = 60714, .adv_w = 320, .box_w = 18, .box_h = 18, .ofs_x = 0, .ofs_y = -2},
    {.bitmap_index = 60876, .adv_w = 320, .box_w = 20, .box_h = 20, .ofs_x = 0, .ofs_y = -3},
    {.bitmap_index = 61076, .adv_w = 320, .box_w = 20, .box_h = 19, .ofs_x = 0, .ofs_y = -2},
    {.bitmap_index = 61266, .adv_w = 320, .box_w = 20, .box_h = 19, .ofs_x = 0, .ofs_y = -2},
    {.bitmap_index = 61456, .adv_w = 320, .box_w = 20, .box_h = 19, .ofs_x = 0, .ofs_y = -2},
    {.bitmap_index = 61646, .adv_w = 320, .box_w = 20, .box_h = 19, .ofs_x = 0, .ofs_y = -2},
    {.bitmap_index = 61836, .adv_w = 320, .box_w = 16, .box_h = 19, .ofs_x = 2, .ofs_y = -2},
    {.bitmap_index = 61988, .adv_w = 320, .box_w = 18, .box_h = 19, .ofs_x = 1, .ofs_y = -2},
    {.bitmap_index = 62159, .adv_w = 320, .box_w = 19, .box_h = 19, .ofs_x = 0, .ofs_y = -2},
    {.bitmap_index = 62340, .adv_w = 320, .box_w = 19, .box_h = 18, .ofs_x = 1, .ofs_y = -2},
    {.bitmap_index = 62511, .adv_w = 320, .box_w = 19, .box_h = 19, .ofs_x = 1, .ofs_y = -2},
    {.bitmap_index = 62692, .adv_w = 320, .box_w = 20, .box_h = 19, .ofs_x = 0, .ofs_y = -2},
    {.bitmap_index = 62882, .adv_w = 320, .box_w = 19, .box_h = 19, .ofs_x = 0, .ofs_y = -2},
    {.bitmap_index = 63063, .adv_w = 320, .box_w = 19, .box_h = 18, .ofs_x = 0, .ofs_y = -2},
    {.bitmap_index = 63234, .adv_w = 320, .box_w = 20, .box_h = 19, .ofs_x = 0, .ofs_y = -2},
    {.bitmap_index = 63424, .adv_w = 320, .box_w = 20, .box_h = 19, .ofs_x = 0, .ofs_y = -2},
    {.bitmap_index = 63614, .adv_w = 320, .box_w = 20, .box_h = 19, .ofs_x = 0, .ofs_y = -2},
    {.bitmap_index = 63804, .adv_w = 320, .box_w = 20, .box_h = 19, .ofs_x = 0, .ofs_y = -2},
    {.bitmap_index = 63994, .adv_w = 320, .box_w = 20, .box_h = 20, .ofs_x = 0, .ofs_y = -3},
    {.bitmap_index = 64194, .adv_w = 320, .box_w = 18, .box_h = 18, .ofs_x = 1, .ofs_y = -1},
    {.bitmap_index = 64356, .adv_w = 320, .box_w = 18, .box_h = 19, .ofs_x = 1, .ofs_y = -2},
    {.bitmap_index = 64527, .adv_w = 320, .box_w = 20, .box_h = 19, .ofs_x = 0, .ofs_y = -2},
    {.bitmap_index = 64717, .adv_w = 320, .box_w = 19, .box_h = 18, .ofs_x = 0, .ofs_y = -1},
    {.bitmap_index = 64888, .adv_w = 320, .box_w = 19, .box_h = 20, .ofs_x = 0, .ofs_y = -3},
    {.bitmap_index = 65078, .adv_w = 320, .box_w = 20, .box_h = 19, .ofs_x = 0, .ofs_y = -2},
    {.bitmap_index = 65268, .adv_w = 320, .box_w = 20, .box_h = 19, .ofs_x = 0, .ofs_y = -2},
    {.bitmap_index = 65458, .adv_w = 320, .box_w = 20, .box_h = 19, .ofs_x = 0, .ofs_y = -2},
    {.bitmap_index = 65648, .adv_w = 320, .box_w = 20, .box_h = 20, .ofs_x = 0, .ofs_y = -3},
    {.bitmap_index = 65848, .adv_w = 320, .box_w = 18, .box_h = 18, .ofs_x = 1, .ofs_y = -1},
    {.bitmap_index = 66010, .adv_w = 320, .box_w = 18, .box_h = 19, .ofs_x = 1, .ofs_y = -2},
    {.bitmap_index = 66181, .adv_w = 320, .box_w = 20, .box_h = 19, .ofs_x = 0, .ofs_y = -2},
    {.bitmap_index = 66371, .adv_w = 320, .box_w = 18, .box_h = 19, .ofs_x = 1, .ofs_y = -2},
    {.bitmap_index = 66542, .adv_w = 320, .box_w = 20, .box_h = 18, .ofs_x = 0, .ofs_y = -1},
    {.bitmap_index = 66722, .adv_w = 320, .box_w = 19, .box_h = 19, .ofs_x = 0, .ofs_y = -2},
    {.bitmap_index = 66903, .adv_w = 320, .box_w = 20, .box_h = 19, .ofs_x = 0, .ofs_y = -2},
    {.bitmap_index = 67093, .adv_w = 320, .box_w = 19, .box_h = 19, .ofs_x = 0, .ofs_y = -2},
    {.bitmap_index = 67274, .adv_w = 320, .box_w = 20, .box_h = 19, .ofs_x = 0, .ofs_y = -2},
    {.bitmap_index = 67464, .adv_w = 320, .box_w = 19, .box_h = 18, .ofs_x = 0, .ofs_y = -1},
    {.bitmap_index = 67635, .adv_w = 320, .box_w = 20, .box_h = 18, .ofs_x = 0, .ofs_y = -1},
    {.bitmap_index = 67815, .adv_w = 320, .box_w = 20, .box_h = 19, .ofs_x = 0, .ofs_y = -2},
    {.bitmap_index = 68005, .adv_w = 320, .box_w = 20, .box_h = 20, .ofs_x = 0, .ofs_y = -3},
    {.bitmap_index = 68205, .adv_w = 320, .box_w = 18, .box_h = 18, .ofs_x = 1, .ofs_y = -1},
    {.bitmap_index = 68367, .adv_w = 320, .box_w = 19, .box_h = 19, .ofs_x = 0, .ofs_y = -2},
    {.bitmap_index = 68548, .adv_w = 320, .box_w = 19, .box_h = 18, .ofs_x = 0, .ofs_y = -1},
    {.bitmap_index = 68719, .adv_w = 320, .box_w = 19, .box_h = 18, .ofs_x = 0, .ofs_y = -2},
    {.bitmap_index = 68890, .adv_w = 320, .box_w = 20, .box_h = 18, .ofs_x = 0, .ofs_y = -2},
    {.bitmap_index = 69070, .adv_w = 320, .box_w = 18, .box_h = 20, .ofs_x = 1, .ofs_y = -3},
    {.bitmap_index = 69250, .adv_w = 320, .box_w = 18, .box_h = 19, .ofs_x = 1, .ofs_y = -2},
    {.bitmap_index = 69421, .adv_w = 320, .box_w = 19, .box_h = 20, .ofs_x = 0, .ofs_y = -3},
    {.bitmap_index = 69611, .adv_w = 320, .box_w = 19, .box_h = 19, .ofs_x = 0, .ofs_y = -2},
    {.bitmap_index = 69792, .adv_w = 320, .box_w = 20, .box_h = 19, .ofs_x = 0, .ofs_y = -2},
    {.bitmap_index = 69982, .adv_w = 320, .box_w = 20, .box_h = 19, .ofs_x = 0, .ofs_y = -2},
    {.bitmap_index = 70172, .adv_w = 320, .box_w = 15, .box_h = 19, .ofs_x = 3, .ofs_y = -2},
    {.bitmap_index = 70315, .adv_w = 320, .box_w = 18, .box_h = 19, .ofs_x = 1, .ofs_y = -2},
    {.bitmap_index = 70486, .adv_w = 320, .box_w = 20, .box_h = 19, .ofs_x = 0, .ofs_y = -2},
    {.bitmap_index = 70676, .adv_w = 320, .box_w = 20, .box_h = 18, .ofs_x = 0, .ofs_y = -1},
    {.bitmap_index = 70856, .adv_w = 320, .box_w = 18, .box_h = 19, .ofs_x = 1, .ofs_y = -2},
    {.bitmap_index = 71027, .adv_w = 320, .box_w = 19, .box_h = 19, .ofs_x = 0, .ofs_y = -2},
    {.bitmap_index = 71208, .adv_w = 320, .box_w = 20, .box_h = 19, .ofs_x = 0, .ofs_y = -2},
    {.bitmap_index = 71398, .adv_w = 320, .box_w = 18, .box_h = 19, .ofs_x = 1, .ofs_y = -2},
    {.bitmap_index = 71569, .adv_w = 320, .box_w = 18, .box_h = 19, .ofs_x = 1, .ofs_y = -2},
    {.bitmap_index = 71740, .adv_w = 320, .box_w = 19, .box_h = 18, .ofs_x = 0, .ofs_y = -1},
    {.bitmap_index = 71911, .adv_w = 320, .box_w = 20, .box_h = 19, .ofs_x = 0, .ofs_y = -2},
    {.bitmap_index = 72101, .adv_w = 320, .box_w = 19, .box_h = 19, .ofs_x = 0, .ofs_y = -2},
    {.bitmap_index = 72282, .adv_w = 320, .box_w = 18, .box_h = 19, .ofs_x = 1, .ofs_y = -2},
    {.bitmap_index = 72453, .adv_w = 320, .box_w = 19, .box_h = 20, .ofs_x = 0, .ofs_y = -3},
    {.bitmap_index = 72643, .adv_w = 320, .box_w = 19, .box_h = 18, .ofs_x = 0, .ofs_y = -1},
    {.bitmap_index = 72814, .adv_w = 320, .box_w = 20, .box_h = 18, .ofs_x = 0, .ofs_y = -1},
    {.bitmap_index = 72994, .adv_w = 320, .box_w = 20, .box_h = 19, .ofs_x = 0, .ofs_y = -2},
    {.bitmap_index = 73184, .adv_w = 320, .box_w = 19, .box_h = 19, .ofs_x = 1, .ofs_y = -2},
    {.bitmap_index = 73365, .adv_w = 320, .box_w = 20, .box_h = 20, .ofs_x = 0, .ofs_y = -3},
    {.bitmap_index = 73565, .adv_w = 320, .box_w = 20, .box_h = 20, .ofs_x = 0, .ofs_y = -3},
    {.bitmap_index = 73765, .adv_w = 320, .box_w = 20, .box_h = 19, .ofs_x = 0, .ofs_y = -2},
    {.bitmap_index = 73955, .adv_w = 320, .box_w = 20, .box_h = 19, .ofs_x = 0, .ofs_y = -2},
    {.bitmap_index = 74145, .adv_w = 320, .box_w = 20, .box_h = 19, .ofs_x = 0, .ofs_y = -2},
    {.bitmap_index = 74335, .adv_w = 320, .box_w = 20, .box_h = 20, .ofs_x = 0, .ofs_y = -3},
    {.bitmap_index = 74535, .adv_w = 320, .box_w = 18, .box_h = 17, .ofs_x = 1, .ofs_y = -1},
    {.bitmap_index = 74688, .adv_w = 320, .box_w = 18, .box_h = 18, .ofs_x = 1, .ofs_y = -2},
    {.bitmap_index = 74850, .adv_w = 320, .box_w = 20, .box_h = 18, .ofs_x = 0, .ofs_y = -2},
    {.bitmap_index = 75030, .adv_w = 320, .box_w = 17, .box_h = 20, .ofs_x = 1, .ofs_y = -3},
    {.bitmap_index = 75200, .adv_w = 320, .box_w = 20, .box_h = 19, .ofs_x = 0, .ofs_y = -2},
    {.bitmap_index = 75390, .adv_w = 320, .box_w = 19, .box_h = 19, .ofs_x = 1, .ofs_y = -2},
    {.bitmap_index = 75571, .adv_w = 320, .box_w = 20, .box_h = 18, .ofs_x = 0, .ofs_y = -1},
    {.bitmap_index = 75751, .adv_w = 320, .box_w = 19, .box_h = 19, .ofs_x = 0, .ofs_y = -2},
    {.bitmap_index = 75932, .adv_w = 320, .box_w = 20, .box_h = 19, .ofs_x = 0, .ofs_y = -2},
    {.bitmap_index = 76122, .adv_w = 320, .box_w = 19, .box_h = 19, .ofs_x = 0, .ofs_y = -2},
    {.bitmap_index = 76303, .adv_w = 320, .box_w = 20, .box_h = 19, .ofs_x = 0, .ofs_y = -2},
    {.bitmap_index = 76493, .adv_w = 320, .box_w = 20, .box_h = 19, .ofs_x = 0, .ofs_y = -2},
    {.bitmap_index = 76683, .adv_w = 320, .box_w = 19, .box_h = 19, .ofs_x = 1, .ofs_y = -2},
    {.bitmap_index = 76864, .adv_w = 320, .box_w = 20, .box_h = 19, .ofs_x = 0, .ofs_y = -2},
    {.bitmap_index = 77054, .adv_w = 320, .box_w = 20, .box_h = 19, .ofs_x = 0, .ofs_y = -2},
    {.bitmap_index = 77244, .adv_w = 320, .box_w = 20, .box_h = 19, .ofs_x = 0, .ofs_y = -2},
    {.bitmap_index = 77434, .adv_w = 320, .box_w = 20, .box_h = 19, .ofs_x = 0, .ofs_y = -2},
    {.bitmap_index = 77624, .adv_w = 320, .box_w = 20, .box_h = 19, .ofs_x = 0, .ofs_y = -2},
    {.bitmap_index = 77814, .adv_w = 320, .box_w = 20, .box_h = 20, .ofs_x = 0, .ofs_y = -2},
    {.bitmap_index = 78014, .adv_w = 320, .box_w = 18, .box_h = 17, .ofs_x = 1, .ofs_y = -1},
    {.bitmap_index = 78167, .adv_w = 320, .box_w = 20, .box_h = 20, .ofs_x = 0, .ofs_y = -3},
    {.bitmap_index = 78367, .adv_w = 320, .box_w = 20, .box_h = 19, .ofs_x = 0, .ofs_y = -2},
    {.bitmap_index = 78557, .adv_w = 320, .box_w = 19, .box_h = 20, .ofs_x = 0, .ofs_y = -3},
    {.bitmap_index = 78747, .adv_w = 320, .box_w = 18, .box_h = 19, .ofs_x = 1, .ofs_y = -2},
    {.bitmap_index = 78918, .adv_w = 320, .box_w = 20, .box_h = 20, .ofs_x = 0, .ofs_y = -2},
    {.bitmap_index = 79118, .adv_w = 320, .box_w = 20, .box_h = 19, .ofs_x = 0, .ofs_y = -2},
    {.bitmap_index = 79308, .adv_w = 320, .box_w = 20, .box_h = 19, .ofs_x = 0, .ofs_y = -2},
    {.bitmap_index = 79498, .adv_w = 320, .box_w = 19, .box_h = 19, .ofs_x = 0, .ofs_y = -2},
    {.bitmap_index = 79679, .adv_w = 320, .box_w = 18, .box_h = 19, .ofs_x = 1, .ofs_y = -2},
    {.bitmap_index = 79850, .adv_w = 320, .box_w = 20, .box_h = 18, .ofs_x = 0, .ofs_y = -1},
    {.bitmap_index = 80030, .adv_w = 320, .box_w = 20, .box_h = 18, .ofs_x = 0, .ofs_y = -1},
    {.bitmap_index = 80210, .adv_w = 320, .box_w = 20, .box_h = 19, .ofs_x = 0, .ofs_y = -2},
    {.bitmap_index = 80400, .adv_w = 320, .box_w = 20, .box_h = 19, .ofs_x = 0, .ofs_y = -2},
    {.bitmap_index = 80590, .adv_w = 320, .box_w = 19, .box_h = 19, .ofs_x = 0, .ofs_y = -2},
    {.bitmap_index = 80771, .adv_w = 320, .box_w = 20, .box_h = 19, .ofs_x = 0, .ofs_y = -2},
    {.bitmap_index = 80961, .adv_w = 320, .box_w = 20, .box_h = 19, .ofs_x = 0, .ofs_y = -2},
    {.bitmap_index = 81151, .adv_w = 320, .box_w = 20, .box_h = 19, .ofs_x = 0, .ofs_y = -2},
    {.bitmap_index = 81341, .adv_w = 320, .box_w = 20, .box_h = 19, .ofs_x = 0, .ofs_y = -2},
    {.bitmap_index = 81531, .adv_w = 320, .box_w = 20, .box_h = 19, .ofs_x = 0, .ofs_y = -2},
    {.bitmap_index = 81721, .adv_w = 320, .box_w = 20, .box_h = 19, .ofs_x = 0, .ofs_y = -2},
    {.bitmap_index = 81911, .adv_w = 320, .box_w = 20, .box_h = 18, .ofs_x = 0, .ofs_y = -2},
    {.bitmap_index = 82091, .adv_w = 320, .box_w = 20, .box_h = 19, .ofs_x = 0, .ofs_y = -2},
    {.bitmap_index = 82281, .adv_w = 320, .box_w = 20, .box_h = 19, .ofs_x = 0, .ofs_y = -2},
    {.bitmap_index = 82471, .adv_w = 320, .box_w = 20, .box_h = 19, .ofs_x = 0, .ofs_y = -2},
    {.bitmap_index = 82661, .adv_w = 320, .box_w = 20, .box_h = 19, .ofs_x = 0, .ofs_y = -2},
    {.bitmap_index = 82851, .adv_w = 320, .box_w = 20, .box_h = 19, .ofs_x = 0, .ofs_y = -2},
    {.bitmap_index = 83041, .adv_w = 320, .box_w = 20, .box_h = 18, .ofs_x = 0, .ofs_y = -2},
    {.bitmap_index = 83221, .adv_w = 320, .box_w = 20, .box_h = 19, .ofs_x = 0, .ofs_y = -2},
    {.bitmap_index = 83411, .adv_w = 320, .box_w = 18, .box_h = 19, .ofs_x = 1, .ofs_y = -2},
    {.bitmap_index = 83582, .adv_w = 320, .box_w = 20, .box_h = 19, .ofs_x = 0, .ofs_y = -2},
    {.bitmap_index = 83772, .adv_w = 320, .box_w = 19, .box_h = 19, .ofs_x = 1, .ofs_y = -2},
    {.bitmap_index = 83953, .adv_w = 320, .box_w = 18, .box_h = 17, .ofs_x = 1, .ofs_y = -1},
    {.bitmap_index = 84106, .adv_w = 320, .box_w = 19, .box_h = 18, .ofs_x = 1, .ofs_y = -1},
    {.bitmap_index = 84277, .adv_w = 320, .box_w = 20, .box_h = 17, .ofs_x = 0, .ofs_y = -1},
    {.bitmap_index = 84447, .adv_w = 320, .box_w = 19, .box_h = 19, .ofs_x = 0, .ofs_y = -2},
    {.bitmap_index = 84628, .adv_w = 320, .box_w = 19, .box_h = 19, .ofs_x = 0, .ofs_y = -2},
    {.bitmap_index = 84809, .adv_w = 320, .box_w = 19, .box_h = 18, .ofs_x = 0, .ofs_y = -1},
    {.bitmap_index = 84980, .adv_w = 320, .box_w = 20, .box_h = 19, .ofs_x = 0, .ofs_y = -2},
    {.bitmap_index = 85170, .adv_w = 320, .box_w = 20, .box_h = 19, .ofs_x = 0, .ofs_y = -2},
    {.bitmap_index = 85360, .adv_w = 320, .box_w = 20, .box_h = 19, .ofs_x = 0, .ofs_y = -2},
    {.bitmap_index = 85550, .adv_w = 320, .box_w = 20, .box_h = 19, .ofs_x = 0, .ofs_y = -2},
    {.bitmap_index = 85740, .adv_w = 320, .box_w = 20, .box_h = 19, .ofs_x = 0, .ofs_y = -2},
    {.bitmap_index = 85930, .adv_w = 320, .box_w = 19, .box_h = 19, .ofs_x = 1, .ofs_y = -2},
    {.bitmap_index = 86111, .adv_w = 320, .box_w = 18, .box_h = 19, .ofs_x = 1, .ofs_y = -2},
    {.bitmap_index = 86282, .adv_w = 320, .box_w = 18, .box_h = 19, .ofs_x = 1, .ofs_y = -2},
    {.bitmap_index = 86453, .adv_w = 320, .box_w = 18, .box_h = 19, .ofs_x = 1, .ofs_y = -2},
    {.bitmap_index = 86624, .adv_w = 320, .box_w = 19, .box_h = 19, .ofs_x = 1, .ofs_y = -2},
    {.bitmap_index = 86805, .adv_w = 320, .box_w = 19, .box_h = 20, .ofs_x = 1, .ofs_y = -3},
    {.bitmap_index = 86995, .adv_w = 320, .box_w = 18, .box_h = 18, .ofs_x = 1, .ofs_y = -2},
    {.bitmap_index = 87157, .adv_w = 320, .box_w = 18, .box_h = 20, .ofs_x = 1, .ofs_y = -3},
    {.bitmap_index = 87337, .adv_w = 320, .box_w = 18, .box_h = 18, .ofs_x = 1, .ofs_y = -2},
    {.bitmap_index = 87499, .adv_w = 320, .box_w = 20, .box_h = 19, .ofs_x = 0, .ofs_y = -2},
    {.bitmap_index = 87689, .adv_w = 320, .box_w = 20, .box_h = 20, .ofs_x = 0, .ofs_y = -3},
    {.bitmap_index = 87889, .adv_w = 320, .box_w = 18, .box_h = 19, .ofs_x = 1, .ofs_y = -2},
    {.bitmap_index = 88060, .adv_w = 320, .box_w = 20, .box_h = 20, .ofs_x = 0, .ofs_y = -3},
    {.bitmap_index = 88260, .adv_w = 320, .box_w = 20, .box_h = 18, .ofs_x = 0, .ofs_y = -2},
    {.bitmap_index = 88440, .adv_w = 320, .box_w = 20, .box_h = 19, .ofs_x = 0, .ofs_y = -2},
    {.bitmap_index = 88630, .adv_w = 320, .box_w = 20, .box_h = 19, .ofs_x = 0, .ofs_y = -2},
    {.bitmap_index = 88820, .adv_w = 320, .box_w = 20, .box_h = 19, .ofs_x = 0, .ofs_y = -2},
    {.bitmap_index = 89010, .adv_w = 320, .box_w = 20, .box_h = 19, .ofs_x = 0, .ofs_y = -2},
    {.bitmap_index = 89200, .adv_w = 320, .box_w = 20, .box_h = 19, .ofs_x = 0, .ofs_y = -2},
    {.bitmap_index = 89390, .adv_w = 320, .box_w = 20, .box_h = 19, .ofs_x = 0, .ofs_y = -2},
    {.bitmap_index = 89580, .adv_w = 320, .box_w = 18, .box_h = 19, .ofs_x = 1, .ofs_y = -2},
    {.bitmap_index = 89751, .adv_w = 320, .box_w = 20, .box_h = 19, .ofs_x = 0, .ofs_y = -2},
    {.bitmap_index = 89941, .adv_w = 320, .box_w = 20, .box_h = 19, .ofs_x = 0, .ofs_y = -2},
    {.bitmap_index = 90131, .adv_w = 320, .box_w = 18, .box_h = 20, .ofs_x = 1, .ofs_y = -2},
    {.bitmap_index = 90311, .adv_w = 320, .box_w = 19, .box_h = 19, .ofs_x = 0, .ofs_y = -2},
    {.bitmap_index = 90492, .adv_w = 320, .box_w = 18, .box_h = 19, .ofs_x = 1, .ofs_y = -2},
    {.bitmap_index = 90663, .adv_w = 320, .box_w = 19, .box_h = 19, .ofs_x = 1, .ofs_y = -2},
    {.bitmap_index = 90844, .adv_w = 320, .box_w = 18, .box_h = 19, .ofs_x = 1, .ofs_y = -2},
    {.bitmap_index = 91015, .adv_w = 320, .box_w = 4, .box_h = 16, .ofs_x = 3, .ofs_y = -1},
    {.bitmap_index = 91047, .adv_w = 320, .box_w = 7, .box_h = 20, .ofs_x = 13, .ofs_y = -2},
    {.bitmap_index = 91117, .adv_w = 320, .box_w = 7, .box_h = 20, .ofs_x = 0, .ofs_y = -2},
    {.bitmap_index = 91187, .adv_w = 320, .box_w = 5, .box_h = 8, .ofs_x = 2, .ofs_y = -3},
    {.bitmap_index = 91207, .adv_w = 320, .box_w = 4, .box_h = 14, .ofs_x = 3, .ofs_y = -1},
    {.bitmap_index = 91235, .adv_w = 320, .box_w = 5, .box_h = 17, .ofs_x = 2, .ofs_y = -4},
    {.bitmap_index = 91278, .adv_w = 320, .box_w = 10, .box_h = 17, .ofs_x = 0, .ofs_y = -1}
};

/*---------------------
 *  CHARACTER MAPPING
 *--------------------*/

static const uint16_t unicode_list_1[] = {
    0x0, 0x20, 0x24fb, 0x2505, 0x2518, 0x25b3, 0x265c, 0x2f4b,
    0x2f55, 0x2f56, 0x4d49, 0x4d4c, 0x4d52, 0x4d53, 0x4d54, 0x4d56,
    0x4d57, 0x4d5f, 0x4d66, 0x4d6d, 0x4d73, 0x4d76, 0x4d83, 0x4d91,
    0x4d94, 0x4d95, 0x4d99, 0x4da6, 0x4da9, 0x4daf, 0x4dcf, 0x4dd5,
    0x4dd7, 0x4ddd, 0x4ded, 0x4df7, 0x4dfb, 0x4e03, 0x4e09, 0x4e13,
    0x4e14, 0x4e21, 0x4e61, 0x4e63, 0x4e67, 0x4e85, 0x4e8f, 0x4e96,
    0x4e98, 0x4e9c, 0x4ea9, 0x4ed4, 0x4f08, 0x4f62, 0x4fa3, 0x4fa5,
    0x4fae, 0x4fd6, 0x4ff1, 0x5018, 0x5088, 0x508c, 0x5091, 0x50ae,
    0x50b1, 0x50b4, 0x50b5, 0x50b6, 0x50bc, 0x50bd, 0x50d6, 0x5129,
    0x5143, 0x5150, 0x5166, 0x5172, 0x5179, 0x51e4, 0x51e9, 0x51ea,
    0x51f1, 0x51f2, 0x524e, 0x5262, 0x5284, 0x528a, 0x5291, 0x5293,
    0x529e, 0x52a5, 0x52aa, 0x52ba, 0x52ce, 0x5304, 0x5314, 0x5315,
    0x531a, 0x531f, 0x532c, 0x5334, 0x5338, 0x5341, 0x534c, 0x5351,
    0x5356, 0x535a, 0x5360, 0x5370, 0x5375, 0x5389, 0x538c, 0x53a1,
    0x53c5, 0x53df, 0x540a, 0x5410, 0x5428, 0x542e, 0x542f, 0x5433,
    0x5450, 0x5493, 0x54aa, 0x54ad, 0x54d2, 0x54e5, 0x54e6, 0x551b,
    0x5557, 0x557d, 0x557f, 0x5624, 0x5627, 0x5643, 0x5646, 0x564f,
    0x5668, 0x5671, 0x5679, 0x5683, 0x56aa, 0x5717, 0x5743, 0x5839,
    0x584d, 0x5856, 0x585f, 0x5863, 0x5865, 0x5870, 0x5872, 0x5873,
    0x587d, 0x58bc, 0x58bf, 0x58c6, 0x5902, 0x5919, 0x594a, 0x59bd,
    0x5a99, 0x5aa0, 0x5aa1, 0x5aaf, 0x5ab2, 0x5ad2, 0x5ad5, 0x5ae5,
    0x5aff, 0x5b02, 0x5b42, 0x5b58, 0x5b5a, 0x5b5f, 0x5b7a, 0x5b87,
    0x5d3a, 0x5d3b, 0x5d4b, 0x5d51, 0x5d77, 0x5d81, 0x5d86, 0x5dbc,
    0x5dbd, 0x5ddd, 0x5de0, 0x5def, 0x5e00, 0x5e49, 0x5e68, 0x5e69,
    0x5e82, 0x5e83, 0x5eab, 0x5ed1, 0x5ee0, 0x5f57, 0x5f66, 0x603c,
    0x6058, 0x60ab, 0x6159, 0x615a, 0x6180, 0x6188, 0x6194, 0x619c,
    0x61b9, 0x61fa, 0x6212, 0x6215, 0x6245, 0x6250, 0x6252, 0x62ab,
    0x62d5, 0x632a, 0x63b2, 0x63c1, 0x63f6, 0x642f, 0x647f, 0x64b9,
    0x64d0, 0x6529, 0x652e, 0x6532, 0x653f, 0x6557, 0x6568, 0x6571,
    0x6578, 0x65a3, 0x65b1, 0x663d, 0x6652, 0x6654, 0x6656, 0x6668,
    0x6673, 0x6675, 0x667e, 0x6683, 0x66aa, 0x66ae, 0x66e5, 0x675a,
    0x676a, 0x6780, 0x67ef, 0x67f1, 0x681b, 0x684e, 0x69a1, 0x69a2,
    0x6a6a, 0x6a6b, 0x6a81, 0x6a87, 0x6a92, 0x6aac, 0x6ab3, 0x6b16,
    0x6b18, 0x6b5d, 0x6b7d, 0x6b8b, 0x6b90, 0x6b92, 0x6bcc, 0x6be8,
    0x6bea, 0x6c02, 0x6c1e, 0x6c2a, 0x6c2b, 0x6c54, 0x6c60, 0x6c94,
    0x6cc0, 0x6d4e, 0x6d6c, 0x6e1a, 0x6e4b, 0x6fb9, 0x6fdb, 0x7001,
    0x7002, 0x702d, 0x7042, 0x717a, 0x717f, 0x7180, 0x7190, 0x71a4,
    0x71b2, 0x71c2, 0x7220, 0x72f9, 0x7304, 0x734c, 0x73cc, 0x7425,
    0x7468, 0x7471, 0x747e, 0x7480, 0x7495, 0x74b3, 0x74da, 0x7505,
    0x750e, 0x75c6, 0x75cd, 0x7654, 0x7685, 0x76a4, 0x7736, 0x77b7,
    0x7883, 0x7885, 0x791a, 0x7928, 0x7939, 0x7944, 0x79c3, 0x79e0,
    0x7a22, 0x7a5d, 0x7a75, 0x7a9d, 0x7bbc, 0x7bd2, 0x7c1e, 0x7c44,
    0x7c70, 0x7c74, 0x7c78, 0x7deb, 0x7def, 0x7e0c, 0x7e1c, 0x7e22,
    0x7e30, 0x7e33, 0x7e36, 0x7e48, 0x7eb7, 0x7f44, 0x7f4a, 0x7f7c,
    0x7f7f, 0x7fd2, 0x802a, 0x805a, 0x8063, 0x8081, 0x80c8, 0x8133,
    0x8155, 0x815b, 0x81bb, 0x8242, 0x824d, 0x827f, 0x8292, 0x82b8,
    0x82dc, 0x8325, 0x834d, 0x8366, 0x83aa, 0x83ba, 0x8426, 0x8475,
    0x8492, 0x8614, 0x8795, 0x87ac, 0x87b1, 0x880e, 0x8822, 0x88c8,
    0x88ca, 0x890a, 0x891b, 0x8aea, 0x8aed, 0x8af9, 0x8b00, 0x8b07,
    0x8b16, 0x8b26, 0x8b36, 0x8b3d, 0x8b3f, 0x8b40, 0x8b44, 0x8b4a,
    0x8b51, 0x8b6b, 0x8b8f, 0x8bd5, 0x8c6f, 0x8c76, 0x8c7e, 0x8cb9,
    0x8cc0, 0x8d38, 0x8df4, 0x8eaf, 0x8eb7, 0x8ec4, 0x8ecc, 0x8ece,
    0x8ecf, 0x8f02, 0x8f10, 0x8f1a, 0x8f1d, 0x8f22, 0x8f24, 0x8f25,
    0x8f40, 0x8f4a, 0x8f52, 0x8f63, 0x8f96, 0x8fec, 0x901a, 0x9031,
    0x909b, 0x90ba, 0x9115, 0x9116, 0x9118, 0x93e8, 0x93ee, 0x93fa,
    0x940a, 0x940e, 0x943f, 0x9462, 0x94a5, 0x94c8, 0x9531, 0x9537,
    0x953d, 0x95ab, 0x95ad, 0x9631, 0x9649, 0x96ab, 0x96d4, 0x9732,
    0x973c, 0x97cd, 0x97e1, 0x97e5, 0x9828, 0x9859, 0x98b3, 0x98b6,
    0x98b7, 0x98df, 0x98e2, 0x99d5, 0x9a21, 0x9d6a, 0x9e0d, 0x9e1a,
    0x9e84, 0xfe4a, 0xfe51, 0xfe52, 0xfe55, 0xfe63, 0xfe64, 0xfe68
};

/*Collect the unicode lists and glyph_id offsets*/
static const lv_font_fmt_txt_cmap_t cmaps[] =
{
    {
        .range_start = 32, .range_length = 95, .glyph_id_start = 1,
        .unicode_list = NULL, .glyph_id_ofs_list = NULL, .list_length = 0, .type = LV_FONT_FMT_TXT_CMAP_FORMAT0_TINY
    },
    {
        .range_start = 183, .range_length = 65129, .glyph_id_start = 96,
        .unicode_list = unicode_list_1, .glyph_id_ofs_list = NULL, .list_length = 480, .type = LV_FONT_FMT_TXT_CMAP_SPARSE_TINY
    }
};



/*--------------------
 *  ALL CUSTOM DATA
 *--------------------*/

#if LVGL_VERSION_MAJOR == 8
/*Store all the custom data of the font*/
static  lv_font_fmt_txt_glyph_cache_t cache;
#endif

#if LVGL_VERSION_MAJOR >= 8
static const lv_font_fmt_txt_dsc_t font_dsc = {
#else
static lv_font_fmt_txt_dsc_t font_dsc = {
#endif
    .glyph_bitmap = glyph_bitmap,
    .glyph_dsc = glyph_dsc,
    .cmaps = cmaps,
    .kern_dsc = NULL,
    .kern_scale = 0,
    .cmap_num = 2,
    .bpp = 4,
    .kern_classes = 0,
    .bitmap_format = 0,
#if LVGL_VERSION_MAJOR == 8
    .cache = &cache
#endif
};



/*-----------------
 *  PUBLIC FONT
 *----------------*/

/*Initialize a public general font descriptor*/
#if LVGL_VERSION_MAJOR >= 8
const lv_font_t ko_zh20 = {
#else
lv_font_t ko_zh20 = {
#endif
    .get_glyph_dsc = lv_font_get_glyph_dsc_fmt_txt,    /*Function pointer to get glyph's data*/
    .get_glyph_bitmap = lv_font_get_bitmap_fmt_txt,    /*Function pointer to get glyph's bitmap*/
    .line_height = 24,          /*The maximum line height required by the font*/
    .base_line = 6,             /*Baseline measured from the bottom of the line*/
#if !(LVGL_VERSION_MAJOR == 6 && LVGL_VERSION_MINOR == 0)
    .subpx = LV_FONT_SUBPX_NONE,
#endif
#if LV_VERSION_CHECK(7, 4, 0) || LVGL_VERSION_MAJOR >= 8
    .underline_position = -2,
    .underline_thickness = 1,
#endif
    .dsc = &font_dsc,          /*The custom font data. Will be accessed by `get_glyph_bitmap/dsc` */
#if LV_VERSION_CHECK(8, 2, 0) || LVGL_VERSION_MAJOR >= 9
    .fallback = NULL,
#endif
    .user_data = NULL,
};



#endif /*#if KO_ZH20*/

