/*******************************************************************************
 * Size: 14 px
 * Bpp: 4
 * Opts: --font SourceHanSansSC-Regular.otf --range 0x20-0x7E,0xB7,0xD7,0x25B2,0x25BC,0x25CF,0x266A,0x2713,0x3002,0x300C-0x300D,0x4E00,0x4E03,0x4E09-0x4E0B,0x4E0D-0x4E0E,0x4E16,0x4E1D,0x4E24,0x4E2A,0x4E2D,0x4E3A,0x4E48,0x4E4B-0x4E4C,0x4E50,0x4E5D,0x4E60,0x4E66,0x4E86,0x4E8C,0x4E8E,0x4E94,0x4EA4,0x4EAE,0x4EB2,0x4EBA,0x4EC0,0x4ECA-0x4ECB,0x4ED8,0x4F18,0x4F1A,0x4F1E,0x4F3C,0x4F46,0x4F4D,0x4F4F,0x4F53,0x4F60,0x4F8B,0x4FBF,0x5019,0x505A,0x505C,0x5065,0x508D,0x50A8,0x50CF,0x513F,0x5143,0x5148,0x5165,0x5168,0x516B-0x516D,0x5173-0x5174,0x518D,0x51E0,0x51FA,0x5207,0x521D,0x5229,0x5230,0x529B,0x52A0-0x52A1,0x52A8-0x52A9,0x5305,0x5319,0x533B,0x5341,0x5348,0x534A,0x5355,0x535C,0x5361,0x5371,0x5385,0x53BB,0x53CB-0x53CC,0x53D1,0x53D6,0x53E3,0x53EB,0x53EF,0x53F8,0x5403,0x5408,0x540D,0x5411,0x5417,0x5427,0x542C,0x5440,0x5443,0x5458,0x547C,0x5496,0x54C1,0x54C7,0x54DF,0x54E5-0x54E6,0x54EA,0x5507,0x554A,0x5561,0x5564,0x5589,0x559C-0x559D,0x55D2,0x560E,0x5634,0x5636,0x56DB,0x56DE,0x56FA,0x56FD,0x5706,0x571F,0x5728,0x5730,0x573A,0x5761,0x57CE,0x57FA,0x58F0,0x5904,0x590D,0x5916,0x591A,0x591C,0x5927,0x5929-0x592A,0x5934,0x5973,0x5976,0x597D,0x59B9,0x59D0,0x5A01,0x5A74,0x5B50,0x5B57-0x5B58,0x5B66,0x5B69,0x5B89,0x5B8C,0x5B9C,0x5BB6,0x5BB9,0x5BF9,0x5C0F,0x5C11,0x5C16,0x5C31,0x5C3E,0x5DF1-0x5DF2,0x5E02,0x5E08,0x5E2E,0x5E38,0x5E3D,0x5E73-0x5E74,0x5E94,0x5E97,0x5EA6,0x5EB7,0x5F00,0x5F1F-0x5F20,0x5F39-0x5F3A,0x5F62,0x5F88,0x5F97,0x600E,0x601D,0x60F3,0x610F,0x6162,0x6210-0x6211,0x6237,0x623F,0x624B,0x6253,0x6270,0x62B1,0x62C9,0x62CC,0x62FC,0x6307,0x6309,0x6362,0x638C,0x63E1,0x6469,0x6478,0x64AD,0x64E6,0x6536,0x6570,0x6587,0x65E0,0x65E5,0x65E9,0x65F6,0x660E,0x661F,0x6628,0x662F,0x665A,0x6668,0x66F4,0x6709,0x670B,0x670D,0x671F,0x672A,0x672C,0x6735,0x673A,0x6761,0x6765,0x679C,0x6811,0x6821,0x6837,0x68A6,0x68A8,0x68D2,0x6905,0x6A58-0x6A59,0x6B21-0x6B22,0x6B38,0x6B3E,0x6B49,0x6B63,0x6B6A,0x6BCD,0x6BCF,0x6C14,0x6C34,0x6C42,0x6C47,0x6C49,0x6C83,0x6C9F,0x6CA1,0x6CB9,0x6CD5,0x6CE1-0x6CE2,0x6D0B,0x6D17,0x6D4B,0x6D77,0x6E05,0x6E23,0x6ED1,0x6F02,0x7070,0x7092,0x70B8-0x70B9,0x70E4,0x70F9,0x7231,0x7236-0x7237,0x7247,0x725B,0x7269,0x7279,0x72D7,0x73B0,0x73BB,0x7403,0x7483,0x74DC,0x751F,0x7528,0x7535,0x7537,0x754C,0x756A,0x7591,0x75BC,0x75C5,0x767D,0x7684,0x770B,0x773C,0x775B,0x77ED,0x786E,0x793A,0x793C,0x79D1,0x79DF,0x79F0,0x79FB,0x7A7A,0x7A97,0x7AD9,0x7B14,0x7B2C,0x7B54,0x7C73,0x7C89,0x7CD5,0x7CFB,0x7D27,0x7D2B,0x7D2F,0x7EA2,0x7EA6,0x7EC3,0x7ED3,0x7ED9,0x7EE7,0x7EEA,0x7EED,0x7EFF,0x7F6E,0x7FFB,0x8001,0x8033,0x8036,0x8089,0x80E1,0x8111,0x811A,0x8138,0x817F,0x81EA,0x820C,0x8212,0x8272,0x82F9,0x8304,0x8336,0x8349,0x836F,0x8393,0x83DC,0x8404,0x841D,0x8461,0x8471,0x84DD,0x852C,0x8549,0x86CB,0x884C,0x8863,0x8868,0x88C5,0x88D9,0x897F,0x8981,0x89C1,0x89D2,0x8BA1,0x8BA4,0x8BB0,0x8BB7,0x8BBE,0x8BCD,0x8BDD,0x8BED,0x8BF4,0x8BF6-0x8BF7,0x8BFB,0x8C01,0x8C08,0x8C22,0x8C46,0x8C8C,0x8D26,0x8D2D,0x8D35,0x8D70,0x8D77,0x8DEF,0x8EAB,0x8F66,0x8F6E,0x8F7B,0x8F83,0x8F85-0x8F86,0x8FB9,0x8FC7,0x8FD1,0x8FD4,0x8FD9,0x8FDB-0x8FDC,0x8FF7,0x9001,0x9009,0x901A,0x904D,0x90A3,0x90D1,0x90E8,0x9152,0x9171,0x91CC-0x91CD,0x91CF,0x949F,0x94A5,0x94B1,0x94C1,0x94C5,0x94F6,0x9519,0x955C,0x957F,0x95E8,0x95EE,0x95F4,0x9662,0x9664,0x96E8,0x9700,0x9762,0x978B,0x97E9,0x97F3,0x9884,0x9898,0x989C,0x98DF,0x9910,0x996A,0x996D-0x996E,0x9996,0x9999,0x9A8C,0x9AD8,0x9E21,0x9EC4,0x9ED1,0x9F3B,0xFF01,0xFF08-0xFF09,0xFF0C,0xFF1A-0xFF1B,0xFF1F --size 14 --bpp 4 --format lvgl --lv-font-name ko_zh14 --lv-include lvgl.h --no-compress --no-kerning --output assets/fonts/ko_zh14.c
 ******************************************************************************/

#ifdef LV_LVGL_H_INCLUDE_SIMPLE
#include "lvgl.h"
#else
#include "lvgl.h"
#endif

#ifndef KO_ZH14
#define KO_ZH14 1
#endif

#if KO_ZH14

/*-----------------
 *    BITMAPS
 *----------------*/

/*Store the image of the glyphs*/
static LV_ATTRIBUTE_LARGE_CONST const uint8_t glyph_bitmap[] = {
    /* U+0020 " " */

    /* U+0021 "!" */
    0x6e, 0x5, 0xd0, 0x5d, 0x4, 0xd0, 0x4c, 0x3,
    0xc0, 0x3b, 0x1, 0x60, 0x0, 0x6, 0xd0, 0x6d,
    0x0,

    /* U+0022 "\"" */
    0xb9, 0xf, 0x5b, 0x90, 0xf5, 0x97, 0xd, 0x38,
    0x60, 0xc1, 0x10, 0x1, 0x0,

    /* U+0023 "#" */
    0x0, 0x66, 0x7, 0x50, 0x0, 0x84, 0x9, 0x30,
    0x0, 0xa2, 0xb, 0x10, 0x1e, 0xfe, 0xef, 0xe4,
    0x0, 0xd0, 0xd, 0x0, 0x0, 0xd0, 0xc, 0x0,
    0x0, 0xc0, 0x2b, 0x0, 0x6e, 0xfd, 0xef, 0xd0,
    0x4, 0x80, 0x57, 0x0, 0x6, 0x60, 0x75, 0x0,
    0x8, 0x40, 0x93, 0x0,

    /* U+0024 "$" */
    0x0, 0x8, 0x60, 0x0, 0x1, 0xa9, 0x10, 0x2,
    0xed, 0xce, 0x40, 0xab, 0x0, 0x31, 0xb, 0x90,
    0x0, 0x0, 0x4f, 0x70, 0x0, 0x0, 0x3d, 0xd2,
    0x0, 0x0, 0x9, 0xf3, 0x0, 0x0, 0xa, 0xb0,
    0x0, 0x0, 0x8c, 0xd, 0x61, 0x4e, 0x70, 0x4c,
    0xff, 0x90, 0x0, 0x8, 0x60, 0x0, 0x0, 0x43,
    0x0,

    /* U+0025 "%" */
    0x6, 0xdc, 0x30, 0x0, 0x67, 0x0, 0x1, 0xd0,
    0x2d, 0x0, 0xc, 0x0, 0x0, 0x59, 0x0, 0xd1,
    0x7, 0x60, 0x0, 0x6, 0x80, 0xc, 0x20, 0xc0,
    0x0, 0x0, 0x5a, 0x0, 0xe1, 0x76, 0x3c, 0xc3,
    0x1, 0xe1, 0x4c, 0x1c, 0xd, 0x22, 0xd0, 0x4,
    0xcb, 0x28, 0x52, 0xc0, 0xb, 0x30, 0x0, 0x1,
    0xc0, 0x4a, 0x0, 0xa5, 0x0, 0x0, 0x85, 0x3,
    0xb0, 0xb, 0x30, 0x0, 0x1c, 0x0, 0xd, 0x11,
    0xe0, 0x0, 0x9, 0x40, 0x0, 0x4d, 0xd4, 0x0,

    /* U+0026 "&" */
    0x0, 0x3d, 0xe8, 0x0, 0x0, 0x0, 0xe6, 0x1f,
    0x20, 0x0, 0x1, 0xf0, 0xe, 0x20, 0x0, 0x0,
    0xf3, 0x9b, 0x0, 0x0, 0x0, 0xae, 0xb0, 0x0,
    0x0, 0x2, 0xef, 0x20, 0x2, 0xd0, 0x1e, 0x78,
    0xd0, 0x8, 0xa0, 0x6e, 0x0, 0xcc, 0x2f, 0x30,
    0x6d, 0x0, 0xc, 0xf9, 0x0, 0x2f, 0x81, 0x3b,
    0xee, 0x60, 0x3, 0xcf, 0xd8, 0x5, 0xd1,

    /* U+0027 "'" */
    0xb9, 0xb9, 0x97, 0x86, 0x10,

    /* U+0028 "(" */
    0x0, 0x80, 0x3, 0xc0, 0xa, 0x50, 0x1e, 0x0,
    0x5b, 0x0, 0x89, 0x0, 0xa7, 0x0, 0xb6, 0x0,
    0xa7, 0x0, 0x99, 0x0, 0x5b, 0x0, 0x1e, 0x0,
    0xb, 0x50, 0x3, 0xb0, 0x0, 0x90,

    /* U+0029 ")" */
    0x26, 0x0, 0x1e, 0x0, 0xa, 0x60, 0x3, 0xd0,
    0x0, 0xf1, 0x0, 0xd4, 0x0, 0xb5, 0x0, 0xa6,
    0x0, 0xb5, 0x0, 0xd4, 0x0, 0xf1, 0x3, 0xd0,
    0x9, 0x60, 0xe, 0x0, 0x26, 0x0,

    /* U+002A "*" */
    0x0, 0x2a, 0x0, 0x8, 0x7d, 0x74, 0x5, 0xdf,
    0x91, 0x1, 0xea, 0x80, 0x2, 0x40, 0x60,

    /* U+002B "+" */
    0x0, 0x2, 0x10, 0x0, 0x0, 0x9, 0x60, 0x0,
    0x0, 0x9, 0x60, 0x0, 0x0, 0x9, 0x60, 0x0,
    0x7f, 0xff, 0xff, 0xf3, 0x0, 0x9, 0x60, 0x0,
    0x0, 0x9, 0x60, 0x0, 0x0, 0x9, 0x60, 0x0,

    /* U+002C "," */
    0x8, 0x80, 0xb, 0xf0, 0x0, 0xe0, 0xa, 0x70,
    0x15, 0x0,

    /* U+002D "-" */
    0x5e, 0xee, 0x30, 0x11, 0x10,

    /* U+002E "." */
    0xb9, 0xb9,

    /* U+002F "/" */
    0x0, 0x0, 0xc2, 0x0, 0x1, 0xd0, 0x0, 0x6,
    0x80, 0x0, 0xb, 0x30, 0x0, 0xe, 0x0, 0x0,
    0x4a, 0x0, 0x0, 0x95, 0x0, 0x0, 0xd0, 0x0,
    0x3, 0xb0, 0x0, 0x7, 0x60, 0x0, 0xc, 0x20,
    0x0, 0x1d, 0x0, 0x0, 0x68, 0x0, 0x0, 0xb3,
    0x0, 0x0,

    /* U+0030 "0" */
    0x0, 0x8e, 0xd5, 0x0, 0x7, 0xd2, 0x4f, 0x30,
    0xd, 0x50, 0x9, 0xa0, 0x1f, 0x10, 0x4, 0xe0,
    0x3f, 0x0, 0x3, 0xf0, 0x4f, 0x0, 0x2, 0xf0,
    0x3f, 0x0, 0x3, 0xf0, 0x1f, 0x10, 0x5, 0xe0,
    0xd, 0x60, 0x9, 0xa0, 0x7, 0xe3, 0x4f, 0x30,
    0x0, 0x8e, 0xd5, 0x0,

    /* U+0031 "1" */
    0x17, 0xdc, 0x0, 0x3a, 0xdc, 0x0, 0x0, 0x7c,
    0x0, 0x0, 0x7c, 0x0, 0x0, 0x7c, 0x0, 0x0,
    0x7c, 0x0, 0x0, 0x7c, 0x0, 0x0, 0x7c, 0x0,
    0x0, 0x7c, 0x0, 0x11, 0x8d, 0x11, 0xcf, 0xff,
    0xfd,

    /* U+0032 "2" */
    0x3, 0xbf, 0xd4, 0x0, 0x2e, 0x51, 0x7f, 0x20,
    0x1, 0x0, 0xe, 0x70, 0x0, 0x0, 0xc, 0x80,
    0x0, 0x0, 0xe, 0x50, 0x0, 0x0, 0x6e, 0x0,
    0x0, 0x1, 0xe6, 0x0, 0x0, 0xc, 0xa0, 0x0,
    0x0, 0xac, 0x0, 0x0, 0xb, 0xd2, 0x22, 0x20,
    0x6f, 0xff, 0xff, 0xf0,

    /* U+0033 "3" */
    0x4, 0xbf, 0xd6, 0x0, 0xd6, 0x26, 0xf4, 0x0,
    0x0, 0xc, 0x90, 0x0, 0x0, 0xc8, 0x0, 0x2,
    0x8d, 0x10, 0x8, 0xff, 0x30, 0x0, 0x1, 0x5e,
    0x60, 0x0, 0x0, 0x6e, 0x0, 0x0, 0x6, 0xe5,
    0xd5, 0x24, 0xe8, 0x6, 0xbf, 0xd8, 0x0,

    /* U+0034 "4" */
    0x0, 0x0, 0xbf, 0x0, 0x0, 0x5, 0xef, 0x0,
    0x0, 0xe, 0x8f, 0x0, 0x0, 0x8c, 0x3f, 0x0,
    0x2, 0xf3, 0x3f, 0x0, 0xa, 0x90, 0x3f, 0x0,
    0x4e, 0x0, 0x3f, 0x0, 0xbf, 0xee, 0xff, 0xe5,
    0x11, 0x11, 0x5f, 0x10, 0x0, 0x0, 0x3f, 0x0,
    0x0, 0x0, 0x3f, 0x0,

    /* U+0035 "5" */
    0x7, 0xff, 0xff, 0x80, 0x8, 0xa1, 0x11, 0x10,
    0x9, 0x80, 0x0, 0x0, 0xb, 0x70, 0x0, 0x0,
    0xc, 0xce, 0xe9, 0x0, 0x5, 0x40, 0x3e, 0x80,
    0x0, 0x0, 0x7, 0xe0, 0x0, 0x0, 0x5, 0xf0,
    0x0, 0x0, 0x8, 0xd0, 0x6d, 0x52, 0x6f, 0x50,
    0x6, 0xbf, 0xd6, 0x0,

    /* U+0036 "6" */
    0x0, 0x3c, 0xfc, 0x40, 0x2, 0xf7, 0x25, 0x80,
    0xa, 0x90, 0x0, 0x0, 0xf, 0x30, 0x0, 0x0,
    0x1f, 0x4c, 0xeb, 0x10, 0x2f, 0xc2, 0x1b, 0xb0,
    0x2f, 0x10, 0x2, 0xf0, 0xf, 0x20, 0x1, 0xf2,
    0xc, 0x70, 0x3, 0xf0, 0x4, 0xe4, 0x1c, 0x90,
    0x0, 0x5d, 0xe9, 0x0,

    /* U+0037 "7" */
    0x4f, 0xff, 0xff, 0xf1, 0x1, 0x11, 0x1a, 0xa0,
    0x0, 0x0, 0x2e, 0x10, 0x0, 0x0, 0xa8, 0x0,
    0x0, 0x1, 0xf2, 0x0, 0x0, 0x6, 0xc0, 0x0,
    0x0, 0xa, 0x90, 0x0, 0x0, 0xd, 0x60, 0x0,
    0x0, 0xf, 0x40, 0x0, 0x0, 0x1f, 0x30, 0x0,
    0x0, 0x3f, 0x20, 0x0,

    /* U+0038 "8" */
    0x0, 0x9e, 0xe8, 0x0, 0x8, 0xc2, 0x2d, 0x60,
    0xc, 0x60, 0x7, 0xb0, 0xa, 0x90, 0x7, 0x80,
    0x2, 0xea, 0x3d, 0x20, 0x0, 0xcd, 0xfa, 0x0,
    0xc, 0x60, 0x5e, 0x80, 0x3e, 0x0, 0x4, 0xf0,
    0x4e, 0x0, 0x2, 0xf1, 0xe, 0x80, 0x2b, 0xb0,
    0x2, 0xbe, 0xe9, 0x10,

    /* U+0039 "9" */
    0x1, 0xbf, 0xc3, 0x0, 0xc, 0x91, 0x5f, 0x20,
    0x3f, 0x0, 0xa, 0x90, 0x5d, 0x0, 0x5, 0xd0,
    0x4f, 0x10, 0x5, 0xf0, 0xe, 0x80, 0x4e, 0xf0,
    0x3, 0xce, 0xa6, 0xd0, 0x0, 0x0, 0x6, 0xb0,
    0x0, 0x0, 0xc, 0x60, 0xa, 0x42, 0x9d, 0x0,
    0x6, 0xde, 0xa1, 0x0,

    /* U+003A ":" */
    0xb9, 0xb9, 0x0, 0x0, 0x0, 0x0, 0xb9, 0xb9,

    /* U+003B ";" */
    0xb, 0x90, 0xb, 0x90, 0x0, 0x0, 0x0, 0x0,
    0x0, 0x0, 0x0, 0x0, 0x8, 0x80, 0xb, 0xf0,
    0x0, 0xe0, 0xa, 0x70, 0x15, 0x0,

    /* U+003C "<" */
    0x0, 0x0, 0x0, 0x42, 0x0, 0x1, 0x7d, 0xd2,
    0x3, 0xae, 0xa3, 0x0, 0x7f, 0x70, 0x0, 0x0,
    0x29, 0xea, 0x40, 0x0, 0x0, 0x6, 0xce, 0x81,
    0x0, 0x0, 0x3, 0x93,

    /* U+003D "=" */
    0x7f, 0xff, 0xff, 0xf3, 0x0, 0x0, 0x0, 0x0,
    0x0, 0x0, 0x0, 0x0, 0x7f, 0xff, 0xff, 0xf3,

    /* U+003E ">" */
    0x32, 0x0, 0x0, 0x0, 0x5e, 0xc5, 0x0, 0x0,
    0x0, 0x5b, 0xe8, 0x20, 0x0, 0x0, 0x19, 0xf3,
    0x0, 0x5, 0xbe, 0x70, 0x29, 0xfb, 0x40, 0x0,
    0x68, 0x10, 0x0, 0x0,

    /* U+003F "?" */
    0x6, 0xcf, 0xb1, 0x2c, 0x43, 0xda, 0x0, 0x0,
    0x7d, 0x0, 0x0, 0xa9, 0x0, 0x4, 0xe1, 0x0,
    0xe, 0x50, 0x0, 0x5d, 0x0, 0x0, 0x57, 0x0,
    0x0, 0x0, 0x0, 0x0, 0x8c, 0x0, 0x0, 0x9c,
    0x0,

    /* U+0040 "@" */
    0x0, 0x0, 0x4b, 0xee, 0xc8, 0x0, 0x0, 0x0,
    0x9c, 0x40, 0x2, 0x8d, 0x10, 0x0, 0x99, 0x0,
    0x0, 0x0, 0x6a, 0x0, 0x3d, 0x0, 0x5b, 0xbb,
    0x10, 0xd1, 0xc, 0x40, 0x4c, 0x14, 0xf0, 0x9,
    0x40, 0xf0, 0xc, 0x40, 0x3c, 0x0, 0x76, 0x2d,
    0x0, 0xf0, 0x5, 0xa0, 0x9, 0x42, 0xc0, 0x1e,
    0x0, 0x78, 0x0, 0xc1, 0xe, 0x0, 0xe3, 0x2d,
    0x90, 0x78, 0x0, 0xc4, 0x4, 0xc9, 0x1a, 0xc7,
    0x0, 0x3, 0xd0, 0x0, 0x0, 0x0, 0x0, 0x0,
    0x7, 0xd5, 0x10, 0x16, 0x0, 0x0, 0x0, 0x2,
    0xac, 0xdc, 0x70, 0x0, 0x0,

    /* U+0041 "A" */
    0x0, 0xa, 0xf2, 0x0, 0x0, 0x0, 0xec, 0x70,
    0x0, 0x0, 0x4e, 0x6c, 0x0, 0x0, 0x9, 0x92,
    0xf1, 0x0, 0x0, 0xe5, 0xe, 0x60, 0x0, 0x3f,
    0x10, 0xab, 0x0, 0x8, 0xd0, 0x5, 0xf0, 0x0,
    0xdf, 0xee, 0xff, 0x50, 0x2f, 0x41, 0x11, 0xca,
    0x7, 0xd0, 0x0, 0x6, 0xf0, 0xc8, 0x0, 0x0,
    0x1f, 0x40,

    /* U+0042 "B" */
    0x9f, 0xff, 0xe8, 0x0, 0x9b, 0x1, 0x4d, 0x90,
    0x9b, 0x0, 0x6, 0xe0, 0x9b, 0x0, 0x5, 0xd0,
    0x9b, 0x0, 0x2d, 0x70, 0x9f, 0xef, 0xfc, 0x0,
    0x9b, 0x11, 0x39, 0xe2, 0x9b, 0x0, 0x0, 0xd7,
    0x9b, 0x0, 0x0, 0xd7, 0x9b, 0x1, 0x29, 0xf2,
    0x9f, 0xff, 0xeb, 0x30,

    /* U+0043 "C" */
    0x0, 0x8, 0xdf, 0xb3, 0x0, 0xc, 0xd5, 0x37,
    0xd0, 0x7, 0xe1, 0x0, 0x0, 0x0, 0xe7, 0x0,
    0x0, 0x0, 0xf, 0x40, 0x0, 0x0, 0x2, 0xf2,
    0x0, 0x0, 0x0, 0xf, 0x40, 0x0, 0x0, 0x0,
    0xe7, 0x0, 0x0, 0x0, 0x7, 0xe1, 0x0, 0x1,
    0x0, 0xc, 0xd5, 0x37, 0xe2, 0x0, 0x8, 0xdf,
    0xb4, 0x0,

    /* U+0044 "D" */
    0x9f, 0xfe, 0xb5, 0x0, 0x9b, 0x13, 0x7f, 0x80,
    0x9b, 0x0, 0x4, 0xf2, 0x9b, 0x0, 0x0, 0xd8,
    0x9b, 0x0, 0x0, 0xaa, 0x9b, 0x0, 0x0, 0x9c,
    0x9b, 0x0, 0x0, 0xaa, 0x9b, 0x0, 0x0, 0xd8,
    0x9b, 0x0, 0x5, 0xf2, 0x9b, 0x13, 0x7f, 0x80,
    0x9f, 0xfe, 0xb5, 0x0,

    /* U+0045 "E" */
    0x9f, 0xff, 0xff, 0x59, 0xb1, 0x11, 0x10, 0x9b,
    0x0, 0x0, 0x9, 0xb0, 0x0, 0x0, 0x9b, 0x0,
    0x0, 0x9, 0xff, 0xff, 0x90, 0x9b, 0x22, 0x21,
    0x9, 0xb0, 0x0, 0x0, 0x9b, 0x0, 0x0, 0x9,
    0xb2, 0x22, 0x21, 0x9f, 0xff, 0xff, 0x70,

    /* U+0046 "F" */
    0x9f, 0xff, 0xff, 0x59, 0xb1, 0x11, 0x10, 0x9b,
    0x0, 0x0, 0x9, 0xb0, 0x0, 0x0, 0x9b, 0x0,
    0x0, 0x9, 0xff, 0xff, 0x90, 0x9b, 0x22, 0x21,
    0x9, 0xb0, 0x0, 0x0, 0x9b, 0x0, 0x0, 0x9,
    0xb0, 0x0, 0x0, 0x9b, 0x0, 0x0, 0x0,

    /* U+0047 "G" */
    0x0, 0x7, 0xcf, 0xc6, 0x0, 0xc, 0xe6, 0x35,
    0xd3, 0x7, 0xe1, 0x0, 0x0, 0x0, 0xd7, 0x0,
    0x0, 0x0, 0xf, 0x40, 0x0, 0x0, 0x2, 0xf2,
    0x0, 0xbf, 0xf9, 0xf, 0x40, 0x1, 0x2a, 0x90,
    0xe7, 0x0, 0x0, 0x99, 0x7, 0xe1, 0x0, 0x9,
    0x90, 0xc, 0xe6, 0x35, 0xe9, 0x0, 0x8, 0xcf,
    0xc7, 0x0,

    /* U+0048 "H" */
    0x9b, 0x0, 0x0, 0x8c, 0x9b, 0x0, 0x0, 0x8c,
    0x9b, 0x0, 0x0, 0x8c, 0x9b, 0x0, 0x0, 0x8c,
    0x9b, 0x0, 0x0, 0x8c, 0x9f, 0xff, 0xff, 0xfc,
    0x9c, 0x22, 0x22, 0x9c, 0x9b, 0x0, 0x0, 0x8c,
    0x9b, 0x0, 0x0, 0x8c, 0x9b, 0x0, 0x0, 0x8c,
    0x9b, 0x0, 0x0, 0x8c,

    /* U+0049 "I" */
    0x9b, 0x9b, 0x9b, 0x9b, 0x9b, 0x9b, 0x9b, 0x9b,
    0x9b, 0x9b, 0x9b,

    /* U+004A "J" */
    0x0, 0x0, 0x2f, 0x20, 0x0, 0x2, 0xf2, 0x0,
    0x0, 0x2f, 0x20, 0x0, 0x2, 0xf2, 0x0, 0x0,
    0x2f, 0x20, 0x0, 0x2, 0xf2, 0x0, 0x0, 0x2f,
    0x20, 0x0, 0x2, 0xf2, 0x1, 0x0, 0x4f, 0x3,
    0xe5, 0x3c, 0xb0, 0x5, 0xce, 0xb1, 0x0,

    /* U+004B "K" */
    0x9b, 0x0, 0x5, 0xf2, 0x9b, 0x0, 0x2f, 0x50,
    0x9b, 0x0, 0xd9, 0x0, 0x9b, 0xb, 0xc0, 0x0,
    0x9b, 0x7f, 0x70, 0x0, 0x9e, 0xfa, 0xe1, 0x0,
    0x9f, 0x70, 0xd8, 0x0, 0x9c, 0x0, 0x5f, 0x10,
    0x9b, 0x0, 0xc, 0xa0, 0x9b, 0x0, 0x4, 0xf2,
    0x9b, 0x0, 0x0, 0xbb,

    /* U+004C "L" */
    0x9b, 0x0, 0x0, 0x9, 0xb0, 0x0, 0x0, 0x9b,
    0x0, 0x0, 0x9, 0xb0, 0x0, 0x0, 0x9b, 0x0,
    0x0, 0x9, 0xb0, 0x0, 0x0, 0x9b, 0x0, 0x0,
    0x9, 0xb0, 0x0, 0x0, 0x9b, 0x0, 0x0, 0x9,
    0xb2, 0x22, 0x20, 0x9f, 0xff, 0xff, 0x30,

    /* U+004D "M" */
    0x9f, 0x20, 0x0, 0xc, 0xf9, 0xf7, 0x0, 0x1,
    0xff, 0x9b, 0xc0, 0x0, 0x6b, 0xf9, 0x8e, 0x20,
    0xc, 0x7f, 0x98, 0x97, 0x1, 0xe3, 0xf9, 0x94,
    0xc0, 0x69, 0x3f, 0x99, 0xe, 0x1c, 0x33, 0xf9,
    0x90, 0x98, 0xe0, 0x3f, 0x99, 0x3, 0xf9, 0x3,
    0xf9, 0x90, 0xc, 0x30, 0x3f, 0x99, 0x0, 0x0,
    0x3, 0xf0,

    /* U+004E "N" */
    0x9e, 0x10, 0x0, 0x8b, 0x9f, 0x80, 0x0, 0x8b,
    0x9a, 0xf1, 0x0, 0x8b, 0x98, 0xa9, 0x0, 0x8b,
    0x99, 0x2f, 0x20, 0x8b, 0x99, 0x9, 0xb0, 0x8b,
    0x99, 0x1, 0xf3, 0x7b, 0x99, 0x0, 0x8c, 0x7b,
    0x99, 0x0, 0xe, 0xab, 0x99, 0x0, 0x6, 0xfb,
    0x99, 0x0, 0x0, 0xdb,

    /* U+004F "O" */
    0x0, 0x9, 0xde, 0xb3, 0x0, 0x0, 0xdc, 0x54,
    0x9f, 0x50, 0x8, 0xe0, 0x0, 0x8, 0xd0, 0xe,
    0x70, 0x0, 0x1, 0xf4, 0xf, 0x40, 0x0, 0x0,
    0xd7, 0x2f, 0x20, 0x0, 0x0, 0xc8, 0xf, 0x40,
    0x0, 0x0, 0xe6, 0xe, 0x70, 0x0, 0x1, 0xf4,
    0x7, 0xe0, 0x0, 0x8, 0xd0, 0x0, 0xdd, 0x54,
    0x9f, 0x40, 0x0, 0x9, 0xde, 0xb3, 0x0,

    /* U+0050 "P" */
    0x9f, 0xff, 0xd8, 0x0, 0x9b, 0x11, 0x4d, 0xa0,
    0x9b, 0x0, 0x4, 0xf0, 0x9b, 0x0, 0x2, 0xf2,
    0x9b, 0x0, 0x4, 0xf0, 0x9b, 0x0, 0x2d, 0x90,
    0x9f, 0xef, 0xf9, 0x0, 0x9b, 0x11, 0x0, 0x0,
    0x9b, 0x0, 0x0, 0x0, 0x9b, 0x0, 0x0, 0x0,
    0x9b, 0x0, 0x0, 0x0,

    /* U+0051 "Q" */
    0x0, 0x19, 0xde, 0xb3, 0x0, 0x1, 0xdc, 0x54,
    0x9f, 0x50, 0x8, 0xd0, 0x0, 0x8, 0xe0, 0xe,
    0x60, 0x0, 0x1, 0xf4, 0x1f, 0x30, 0x0, 0x0,
    0xd7, 0x2f, 0x20, 0x0, 0x0, 0xc8, 0xf, 0x40,
    0x0, 0x0, 0xe6, 0xd, 0x80, 0x0, 0x2, 0xf3,
    0x6, 0xe2, 0x0, 0xa, 0xc0, 0x0, 0xae, 0x87,
    0xce, 0x20, 0x0, 0x4, 0xbf, 0x71, 0x0, 0x0,
    0x0, 0xe, 0xb2, 0x0, 0x0, 0x0, 0x1, 0xbf,
    0xfa, 0x0, 0x0, 0x0, 0x0, 0x10,

    /* U+0052 "R" */
    0x9f, 0xff, 0xea, 0x10, 0x9b, 0x11, 0x3b, 0xc0,
    0x9b, 0x0, 0x2, 0xf1, 0x9b, 0x0, 0x2, 0xf1,
    0x9b, 0x0, 0x1b, 0xd0, 0x9f, 0xef, 0xf9, 0x10,
    0x9b, 0x15, 0xf2, 0x0, 0x9b, 0x0, 0xba, 0x0,
    0x9b, 0x0, 0x3f, 0x30, 0x9b, 0x0, 0xb, 0xb0,
    0x9b, 0x0, 0x3, 0xf3,

    /* U+0053 "S" */
    0x0, 0x7d, 0xfc, 0x50, 0x7, 0xe6, 0x36, 0xe2,
    0xc, 0x80, 0x0, 0x0, 0xb, 0xc0, 0x0, 0x0,
    0x3, 0xfd, 0x50, 0x0, 0x0, 0x1a, 0xfe, 0x40,
    0x0, 0x0, 0x2a, 0xf4, 0x0, 0x0, 0x0, 0xda,
    0x3, 0x0, 0x0, 0xaa, 0x1e, 0xa5, 0x48, 0xf4,
    0x1, 0x9d, 0xfc, 0x40,

    /* U+0054 "T" */
    0x8f, 0xff, 0xff, 0xff, 0x11, 0x18, 0xd1, 0x11,
    0x0, 0x7, 0xd0, 0x0, 0x0, 0x7, 0xd0, 0x0,
    0x0, 0x7, 0xd0, 0x0, 0x0, 0x7, 0xd0, 0x0,
    0x0, 0x7, 0xd0, 0x0, 0x0, 0x7, 0xd0, 0x0,
    0x0, 0x7, 0xd0, 0x0, 0x0, 0x7, 0xd0, 0x0,
    0x0, 0x7, 0xd0, 0x0,

    /* U+0055 "U" */
    0x9a, 0x0, 0x0, 0x8b, 0x9a, 0x0, 0x0, 0x8b,
    0x9a, 0x0, 0x0, 0x8b, 0x9a, 0x0, 0x0, 0x8b,
    0x9a, 0x0, 0x0, 0x8b, 0x9a, 0x0, 0x0, 0x8b,
    0x9a, 0x0, 0x0, 0x8b, 0x7c, 0x0, 0x0, 0xa9,
    0x5f, 0x10, 0x0, 0xe6, 0xd, 0xc4, 0x3b, 0xe0,
    0x1, 0xae, 0xeb, 0x20,

    /* U+0056 "V" */
    0xd8, 0x0, 0x0, 0x6e, 0x8, 0xc0, 0x0, 0xb,
    0x90, 0x4f, 0x0, 0x0, 0xf4, 0x0, 0xf4, 0x0,
    0x4f, 0x0, 0xa, 0x90, 0x9, 0xa0, 0x0, 0x6d,
    0x0, 0xd6, 0x0, 0x1, 0xf1, 0x2f, 0x10, 0x0,
    0xc, 0x66, 0xc0, 0x0, 0x0, 0x8a, 0xa7, 0x0,
    0x0, 0x3, 0xee, 0x20, 0x0, 0x0, 0xe, 0xd0,
    0x0, 0x0,

    /* U+0057 "W" */
    0x8c, 0x0, 0x8, 0xe0, 0x0, 0x6c, 0x5f, 0x0,
    0xc, 0xf2, 0x0, 0x99, 0x2f, 0x20, 0xf, 0xb5,
    0x0, 0xc6, 0xf, 0x40, 0x4c, 0x89, 0x0, 0xf3,
    0xc, 0x70, 0x88, 0x4d, 0x2, 0xf0, 0x9, 0xa0,
    0xc5, 0x1f, 0x15, 0xd0, 0x6, 0xd0, 0xf1, 0xd,
    0x48, 0xa0, 0x2, 0xf3, 0xd0, 0x9, 0x7b, 0x70,
    0x0, 0xf8, 0x90, 0x6, 0xad, 0x30, 0x0, 0xce,
    0x60, 0x2, 0xef, 0x0, 0x0, 0x9f, 0x20, 0x0,
    0xed, 0x0,

    /* U+0058 "X" */
    0x4f, 0x20, 0x1, 0xf5, 0xc, 0x90, 0x8, 0xc0,
    0x3, 0xf2, 0xe, 0x40, 0x0, 0xb9, 0x7c, 0x0,
    0x0, 0x3f, 0xe3, 0x0, 0x0, 0xe, 0xe0, 0x0,
    0x0, 0x6c, 0xe5, 0x0, 0x0, 0xe5, 0x6e, 0x0,
    0x7, 0xd0, 0xe, 0x70, 0xe, 0x50, 0x6, 0xe0,
    0x8d, 0x0, 0x0, 0xd8,

    /* U+0059 "Y" */
    0xc, 0x90, 0x0, 0x1f, 0x30, 0x5f, 0x0, 0x8,
    0xc0, 0x0, 0xd6, 0x0, 0xe4, 0x0, 0x6, 0xd0,
    0x6d, 0x0, 0x0, 0xe, 0x4d, 0x60, 0x0, 0x0,
    0x8d, 0xe0, 0x0, 0x0, 0x1, 0xf7, 0x0, 0x0,
    0x0, 0xe, 0x50, 0x0, 0x0, 0x0, 0xe5, 0x0,
    0x0, 0x0, 0xe, 0x50, 0x0, 0x0, 0x0, 0xe5,
    0x0, 0x0,

    /* U+005A "Z" */
    0xc, 0xff, 0xff, 0xfb, 0x1, 0x11, 0x14, 0xf4,
    0x0, 0x0, 0xb, 0xb0, 0x0, 0x0, 0x4f, 0x20,
    0x0, 0x0, 0xd8, 0x0, 0x0, 0x7, 0xd0, 0x0,
    0x0, 0x2f, 0x40, 0x0, 0x0, 0xbb, 0x0, 0x0,
    0x4, 0xf2, 0x0, 0x0, 0xd, 0x92, 0x22, 0x21,
    0x4f, 0xff, 0xff, 0xfc,

    /* U+005B "[" */
    0x8d, 0xc3, 0x86, 0x0, 0x86, 0x0, 0x86, 0x0,
    0x86, 0x0, 0x86, 0x0, 0x86, 0x0, 0x86, 0x0,
    0x86, 0x0, 0x86, 0x0, 0x86, 0x0, 0x86, 0x0,
    0x86, 0x0, 0x7c, 0xb2,

    /* U+005C "\\" */
    0xa4, 0x0, 0x0, 0x59, 0x0, 0x0, 0x1d, 0x0,
    0x0, 0xc, 0x20, 0x0, 0x7, 0x70, 0x0, 0x2,
    0xc0, 0x0, 0x0, 0xd1, 0x0, 0x0, 0x85, 0x0,
    0x0, 0x4a, 0x0, 0x0, 0xe, 0x0, 0x0, 0xa,
    0x40, 0x0, 0x5, 0x90, 0x0, 0x1, 0xd0, 0x0,
    0x0, 0xc2,

    /* U+005D "]" */
    0x6c, 0xe4, 0x0, 0xb4, 0x0, 0xb4, 0x0, 0xb4,
    0x0, 0xb4, 0x0, 0xb4, 0x0, 0xb4, 0x0, 0xb4,
    0x0, 0xb4, 0x0, 0xb4, 0x0, 0xb4, 0x0, 0xb4,
    0x0, 0xb4, 0x6b, 0xd3,

    /* U+005E "^" */
    0x0, 0xe, 0xa0, 0x0, 0x4, 0xce, 0x10, 0x0,
    0xa5, 0x97, 0x0, 0x1e, 0x3, 0xd0, 0x7, 0x90,
    0xd, 0x30, 0xd3, 0x0, 0x7a,

    /* U+005F "_" */
    0xbd, 0xdd, 0xdd, 0xd8,

    /* U+0060 "`" */
    0x7, 0x50, 0x0, 0x3e, 0x40, 0x0, 0x3d, 0x20,

    /* U+0061 "a" */
    0x2, 0xad, 0xe9, 0x0, 0x87, 0x23, 0xe6, 0x0,
    0x0, 0xa, 0xa0, 0x4, 0xad, 0xec, 0x9, 0xc4,
    0x8, 0xc1, 0xf2, 0x0, 0x8c, 0xf, 0x72, 0x6e,
    0xc0, 0x6e, 0xe8, 0x6c,

    /* U+0062 "b" */
    0xb9, 0x0, 0x0, 0xb, 0x90, 0x0, 0x0, 0xb9,
    0x0, 0x0, 0xb, 0x98, 0xed, 0x70, 0xbf, 0x72,
    0x6f, 0x5b, 0x90, 0x0, 0x9b, 0xb9, 0x0, 0x6,
    0xeb, 0x90, 0x0, 0x7d, 0xb9, 0x0, 0xb, 0xab,
    0xe5, 0x28, 0xf2, 0xb7, 0xae, 0xc4, 0x0,

    /* U+0063 "c" */
    0x0, 0x6d, 0xfb, 0x20, 0x7f, 0x62, 0x62, 0xf,
    0x60, 0x0, 0x2, 0xf1, 0x0, 0x0, 0x3f, 0x10,
    0x0, 0x0, 0xf6, 0x0, 0x0, 0x8, 0xe5, 0x26,
    0x50, 0x7, 0xdf, 0xb2,

    /* U+0064 "d" */
    0x0, 0x0, 0x0, 0xe6, 0x0, 0x0, 0x0, 0xe6,
    0x0, 0x0, 0x0, 0xe6, 0x0, 0x7e, 0xe8, 0xe6,
    0x8, 0xe5, 0x28, 0xf6, 0xf, 0x60, 0x0, 0xe6,
    0x2f, 0x20, 0x0, 0xe6, 0x3f, 0x10, 0x0, 0xe6,
    0x1f, 0x50, 0x0, 0xe6, 0xa, 0xe4, 0x3a, 0xf6,
    0x0, 0x9e, 0xd6, 0xb6,

    /* U+0065 "e" */
    0x0, 0x7d, 0xea, 0x10, 0x7, 0xc4, 0x1a, 0xb0,
    0xf, 0x20, 0x2, 0xf0, 0x2f, 0xee, 0xee, 0xf2,
    0x2f, 0x10, 0x0, 0x0, 0xf, 0x50, 0x0, 0x0,
    0x7, 0xe5, 0x13, 0x50, 0x0, 0x6d, 0xfc, 0x50,

    /* U+0066 "f" */
    0x0, 0xbf, 0xb0, 0x6f, 0x21, 0x7, 0xc0, 0x9,
    0xff, 0xf5, 0x8, 0xc0, 0x0, 0x7c, 0x0, 0x7,
    0xc0, 0x0, 0x7c, 0x0, 0x7, 0xc0, 0x0, 0x7c,
    0x0, 0x7, 0xc0, 0x0,

    /* U+0067 "g" */
    0x1, 0xad, 0xff, 0xf8, 0xb, 0x90, 0xe, 0x50,
    0xe, 0x50, 0xa, 0x90, 0xa, 0xb1, 0x3f, 0x50,
    0x3, 0xed, 0xd7, 0x0, 0xb, 0x60, 0x0, 0x0,
    0xc, 0x91, 0x10, 0x0, 0x6, 0xff, 0xff, 0xd3,
    0x1e, 0x10, 0x1, 0xca, 0x2f, 0x30, 0x4, 0xe5,
    0x6, 0xdf, 0xeb, 0x50,

    /* U+0068 "h" */
    0xb9, 0x0, 0x0, 0xb, 0x90, 0x0, 0x0, 0xb9,
    0x0, 0x0, 0xb, 0x87, 0xde, 0x60, 0xbf, 0x93,
    0x8f, 0x1b, 0xa0, 0x0, 0xf4, 0xb9, 0x0, 0xe,
    0x5b, 0x90, 0x0, 0xe5, 0xb9, 0x0, 0xe, 0x5b,
    0x90, 0x0, 0xe5, 0xb9, 0x0, 0xe, 0x50,

    /* U+0069 "i" */
    0xb8, 0x75, 0x0, 0xb9, 0xb9, 0xb9, 0xb9, 0xb9,
    0xb9, 0xb9, 0xb9,

    /* U+006A "j" */
    0x0, 0xb9, 0x0, 0x75, 0x0, 0x0, 0x0, 0xb9,
    0x0, 0xb9, 0x0, 0xb9, 0x0, 0xb9, 0x0, 0xb9,
    0x0, 0xb9, 0x0, 0xb9, 0x0, 0xb9, 0x0, 0xb9,
    0x2, 0xe6, 0x6f, 0xb0,

    /* U+006B "k" */
    0xb8, 0x0, 0x0, 0xb, 0x80, 0x0, 0x0, 0xb8,
    0x0, 0x0, 0xb, 0x80, 0x8, 0xd0, 0xb8, 0x5,
    0xe2, 0xb, 0x82, 0xe4, 0x0, 0xb9, 0xce, 0x0,
    0xb, 0xfa, 0xd7, 0x0, 0xbd, 0x3, 0xf2, 0xb,
    0x80, 0xa, 0xb0, 0xb8, 0x0, 0x1f, 0x40,

    /* U+006C "l" */
    0xb9, 0xb, 0x90, 0xb9, 0xb, 0x90, 0xb9, 0xb,
    0x90, 0xb9, 0xb, 0x90, 0xb9, 0xa, 0xa0, 0x4e,
    0x40,

    /* U+006D "m" */
    0xb6, 0x7e, 0xc4, 0x1a, 0xeb, 0x1b, 0xe8, 0x3a,
    0xec, 0x53, 0xe8, 0xba, 0x0, 0x3f, 0x30, 0x9,
    0xbb, 0x90, 0x1, 0xf2, 0x0, 0x8c, 0xb9, 0x0,
    0x1f, 0x20, 0x7, 0xcb, 0x90, 0x1, 0xf2, 0x0,
    0x7c, 0xb9, 0x0, 0x1f, 0x20, 0x7, 0xcb, 0x90,
    0x1, 0xf2, 0x0, 0x7c,

    /* U+006E "n" */
    0xb6, 0x7d, 0xe6, 0xb, 0xe9, 0x38, 0xf1, 0xba,
    0x0, 0xf, 0x4b, 0x90, 0x0, 0xe5, 0xb9, 0x0,
    0xe, 0x5b, 0x90, 0x0, 0xe5, 0xb9, 0x0, 0xe,
    0x5b, 0x90, 0x0, 0xe5,

    /* U+006F "o" */
    0x0, 0x7d, 0xeb, 0x20, 0x7, 0xe5, 0x2a, 0xe0,
    0xf, 0x50, 0x0, 0xd7, 0x2f, 0x10, 0x0, 0x9a,
    0x2f, 0x10, 0x0, 0x9a, 0xf, 0x50, 0x0, 0xd7,
    0x7, 0xe4, 0x29, 0xe1, 0x0, 0x7d, 0xfb, 0x20,

    /* U+0070 "p" */
    0xb7, 0x8e, 0xd7, 0xb, 0xf7, 0x26, 0xf5, 0xb9,
    0x0, 0x9, 0xbb, 0x90, 0x0, 0x6e, 0xb9, 0x0,
    0x7, 0xdb, 0x90, 0x0, 0xba, 0xbe, 0x52, 0x8f,
    0x2b, 0xaa, 0xfc, 0x40, 0xb9, 0x0, 0x0, 0xb,
    0x90, 0x0, 0x0, 0xb9, 0x0, 0x0, 0x0,

    /* U+0071 "q" */
    0x0, 0x7e, 0xea, 0xc6, 0x8, 0xd2, 0x5, 0xf6,
    0xf, 0x50, 0x0, 0xe6, 0x2f, 0x10, 0x0, 0xe6,
    0x3f, 0x20, 0x0, 0xe6, 0x1f, 0x50, 0x0, 0xe6,
    0xa, 0xe4, 0x3a, 0xf6, 0x0, 0x9e, 0xd6, 0xd6,
    0x0, 0x0, 0x0, 0xe6, 0x0, 0x0, 0x0, 0xe6,
    0x0, 0x0, 0x0, 0xe6,

    /* U+0072 "r" */
    0xb6, 0x7e, 0x4b, 0xda, 0x30, 0xbd, 0x0, 0xb,
    0x90, 0x0, 0xb9, 0x0, 0xb, 0x90, 0x0, 0xb9,
    0x0, 0xb, 0x90, 0x0,

    /* U+0073 "s" */
    0x4, 0xdf, 0xc4, 0x0, 0xf7, 0x14, 0x40, 0xf,
    0x50, 0x0, 0x0, 0x6f, 0xa2, 0x0, 0x0, 0x18,
    0xf8, 0x0, 0x0, 0x5, 0xf0, 0x39, 0x21, 0x9d,
    0x0, 0x8d, 0xfc, 0x20,

    /* U+0074 "t" */
    0x4, 0xc0, 0x0, 0x5, 0xc0, 0x0, 0x6, 0xc0,
    0x0, 0x9f, 0xff, 0xd0, 0x8, 0xc0, 0x0, 0x7,
    0xc0, 0x0, 0x7, 0xc0, 0x0, 0x7, 0xc0, 0x0,
    0x7, 0xd0, 0x0, 0x5, 0xf4, 0x20, 0x0, 0xaf,
    0xc0,

    /* U+0075 "u" */
    0xd7, 0x0, 0xf, 0x3d, 0x70, 0x0, 0xf3, 0xd7,
    0x0, 0xf, 0x3d, 0x70, 0x0, 0xf3, 0xd7, 0x0,
    0xf, 0x3c, 0x80, 0x2, 0xf3, 0x9e, 0x35, 0xcf,
    0x31, 0xbf, 0xb2, 0xe3,

    /* U+0076 "v" */
    0xaa, 0x0, 0x4, 0xe0, 0x4f, 0x0, 0x9, 0x90,
    0xe, 0x40, 0xe, 0x40, 0x9, 0x90, 0x4e, 0x0,
    0x4, 0xe0, 0x99, 0x0, 0x0, 0xe3, 0xe4, 0x0,
    0x0, 0x9b, 0xe0, 0x0, 0x0, 0x3f, 0x90, 0x0,

    /* U+0077 "w" */
    0x7c, 0x0, 0x1f, 0x60, 0x7, 0xb3, 0xf0, 0x5,
    0xda, 0x0, 0xb7, 0xf, 0x40, 0x96, 0xe0, 0xf,
    0x30, 0xb8, 0xd, 0x1e, 0x23, 0xf0, 0x7, 0xc2,
    0xd0, 0xa6, 0x7b, 0x0, 0x2f, 0x69, 0x6, 0xaa,
    0x70, 0x0, 0xec, 0x50, 0x2e, 0xd3, 0x0, 0xa,
    0xf1, 0x0, 0xee, 0x0,

    /* U+0078 "x" */
    0x4f, 0x10, 0x1f, 0x40, 0xba, 0x9, 0xa0, 0x1,
    0xf5, 0xf2, 0x0, 0x7, 0xf8, 0x0, 0x0, 0xae,
    0x90, 0x0, 0x4e, 0x2f, 0x30, 0xd, 0x50, 0x8d,
    0x7, 0xd0, 0x0, 0xe7,

    /* U+0079 "y" */
    0x9b, 0x0, 0x4, 0xe0, 0x3f, 0x10, 0x9, 0x90,
    0xd, 0x60, 0xe, 0x30, 0x6, 0xc0, 0x4e, 0x0,
    0x1, 0xf2, 0x98, 0x0, 0x0, 0xa7, 0xd3, 0x0,
    0x0, 0x3e, 0xd0, 0x0, 0x0, 0xd, 0x80, 0x0,
    0x0, 0x1f, 0x20, 0x0, 0x2, 0xb9, 0x0, 0x0,
    0x5f, 0xb1, 0x0, 0x0,

    /* U+007A "z" */
    0x1f, 0xff, 0xff, 0x10, 0x0, 0x1c, 0x90, 0x0,
    0x6, 0xe1, 0x0, 0x1, 0xf5, 0x0, 0x0, 0xba,
    0x0, 0x0, 0x5e, 0x10, 0x0, 0x1e, 0x60, 0x0,
    0x7, 0xff, 0xff, 0xf3,

    /* U+007B "{" */
    0x0, 0xbd, 0x30, 0x3e, 0x0, 0x3, 0xc0, 0x0,
    0x3d, 0x0, 0x2, 0xd0, 0x0, 0x5c, 0x0, 0x6f,
    0x30, 0x0, 0x6b, 0x0, 0x2, 0xd0, 0x0, 0x2d,
    0x0, 0x3, 0xc0, 0x0, 0x4c, 0x0, 0x2, 0xf1,
    0x0, 0x9, 0xd2,

    /* U+007C "|" */
    0x85, 0x85, 0x85, 0x85, 0x85, 0x85, 0x85, 0x85,
    0x85, 0x85, 0x85, 0x85, 0x85, 0x85, 0x85, 0x85,

    /* U+007D "}" */
    0x6e, 0x70, 0x0, 0x3f, 0x0, 0x0, 0xf0, 0x0,
    0x1f, 0x0, 0x1, 0xe0, 0x0, 0xf, 0x20, 0x0,
    0x7f, 0x20, 0xf, 0x20, 0x1, 0xe0, 0x0, 0x1e,
    0x0, 0x1, 0xf0, 0x0, 0x1f, 0x0, 0x4, 0xe0,
    0x6, 0xd5, 0x0,

    /* U+007E "~" */
    0xa, 0xea, 0x51, 0x60, 0x15, 0x16, 0xbe, 0x80,

    /* U+00B7 "·" */
    0x0, 0x0, 0x1d, 0xd1, 0x6f, 0xf6, 0x1c, 0xc1,

    /* U+00D7 "×" */
    0x0, 0x0, 0x0, 0x0, 0x0, 0x4a, 0x0, 0x0,
    0x0, 0xa4, 0xa, 0xa0, 0x0, 0xa, 0xa0, 0x0,
    0xb9, 0x0, 0x9b, 0x0, 0x0, 0xb, 0x99, 0xb0,
    0x0, 0x0, 0x0, 0xee, 0x0, 0x0, 0x0, 0x8,
    0xcb, 0x90, 0x0, 0x0, 0x8c, 0x0, 0xc8, 0x0,
    0x8, 0xc0, 0x0, 0xc, 0x80, 0x4c, 0x10, 0x0,
    0x0, 0xc4, 0x0, 0x0, 0x0, 0x0, 0x0,

    /* U+25B2 "▲" */
    0x0, 0x0, 0x0, 0x11, 0x0, 0x0, 0x0, 0x0,
    0x0, 0x0, 0x99, 0x0, 0x0, 0x0, 0x0, 0x0,
    0x3, 0xff, 0x30, 0x0, 0x0, 0x0, 0x0, 0xc,
    0xff, 0xc0, 0x0, 0x0, 0x0, 0x0, 0x5f, 0xff,
    0xf5, 0x0, 0x0, 0x0, 0x0, 0xef, 0xff, 0xfe,
    0x0, 0x0, 0x0, 0x8, 0xff, 0xff, 0xff, 0x70,
    0x0, 0x0, 0x1f, 0xff, 0xff, 0xff, 0xf1, 0x0,
    0x0, 0xaf, 0xff, 0xff, 0xff, 0xfa, 0x0, 0x3,
    0xff, 0xff, 0xff, 0xff, 0xff, 0x30, 0xc, 0xff,
    0xff, 0xff, 0xff, 0xff, 0xc0, 0x4d, 0xdd, 0xdd,
    0xdd, 0xdd, 0xdd, 0xd4,

    /* U+25BC "▼" */
    0x37, 0x77, 0x77, 0x77, 0x77, 0x77, 0x73, 0x1e,
    0xff, 0xff, 0xff, 0xff, 0xff, 0xe1, 0x7, 0xff,
    0xff, 0xff, 0xff, 0xff, 0x70, 0x0, 0xdf, 0xff,
    0xff, 0xff, 0xfd, 0x0, 0x0, 0x4f, 0xff, 0xff,
    0xff, 0xf4, 0x0, 0x0, 0xb, 0xff, 0xff, 0xff,
    0xb0, 0x0, 0x0, 0x2, 0xff, 0xff, 0xff, 0x20,
    0x0, 0x0, 0x0, 0x8f, 0xff, 0xf8, 0x0, 0x0,
    0x0, 0x0, 0xe, 0xff, 0xe0, 0x0, 0x0, 0x0,
    0x0, 0x6, 0xff, 0x60, 0x0, 0x0, 0x0, 0x0,
    0x0, 0xcc, 0x0, 0x0, 0x0, 0x0, 0x0, 0x0,
    0x33, 0x0, 0x0, 0x0,

    /* U+25CF "●" */
    0x0, 0x0, 0x6c, 0xff, 0xc7, 0x0, 0x0, 0x0,
    0x1b, 0xff, 0xff, 0xff, 0xc2, 0x0, 0x0, 0xcf,
    0xff, 0xff, 0xff, 0xfd, 0x0, 0x6, 0xff, 0xff,
    0xff, 0xff, 0xff, 0x80, 0xd, 0xff, 0xff, 0xff,
    0xff, 0xff, 0xf0, 0xf, 0xff, 0xff, 0xff, 0xff,
    0xff, 0xf2, 0x2f, 0xff, 0xff, 0xff, 0xff, 0xff,
    0xf4, 0xf, 0xff, 0xff, 0xff, 0xff, 0xff, 0xf2,
    0xd, 0xff, 0xff, 0xff, 0xff, 0xff, 0xf0, 0x7,
    0xff, 0xff, 0xff, 0xff, 0xff, 0x80, 0x0, 0xcf,
    0xff, 0xff, 0xff, 0xfd, 0x0, 0x0, 0x1b, 0xff,
    0xff, 0xff, 0xc2, 0x0, 0x0, 0x0, 0x6c, 0xff,
    0xc7, 0x0, 0x0,

    /* U+266A "♪" */
    0x0, 0x5, 0x10, 0x0, 0x0, 0x5, 0x60, 0x0,
    0x0, 0x5, 0xf3, 0x0, 0x0, 0x5, 0xbe, 0x20,
    0x0, 0x5, 0x32, 0xc1, 0x0, 0x5, 0x30, 0x57,
    0x0, 0x5, 0x30, 0x19, 0x0, 0x5, 0x30, 0x26,
    0x0, 0x5, 0x30, 0x61, 0x0, 0x5, 0x30, 0x50,
    0x9, 0xee, 0x20, 0x0, 0x8f, 0xfe, 0x0, 0x0,
    0x5e, 0xd3, 0x0, 0x0,

    /* U+2713 "✓" */
    0x0, 0x0, 0x0, 0x0, 0x52, 0x0, 0x0, 0x0,
    0x4, 0xf4, 0x0, 0x0, 0x0, 0x2e, 0x50, 0x0,
    0x0, 0x0, 0xb8, 0x0, 0x0, 0x0, 0x6, 0xc0,
    0x0, 0x0, 0x0, 0xe, 0x20, 0x0, 0x92, 0x0,
    0x79, 0x0, 0x0, 0x8a, 0x0, 0xe2, 0x0, 0x0,
    0xe, 0x35, 0xa0, 0x0, 0x0, 0x6, 0x9b, 0x40,
    0x0, 0x0, 0x0, 0xee, 0x0, 0x0, 0x0, 0x0,
    0x32, 0x0, 0x0, 0x0,

    /* U+3002 "。" */
    0x4, 0x95, 0x4, 0xa3, 0xa5, 0x92, 0x1, 0xa7,
    0x60, 0x58, 0xa, 0xcb, 0x0,

    /* U+300C "「" */
    0xef, 0xff, 0x7e, 0x10, 0x0, 0xe1, 0x0, 0xe,
    0x10, 0x0, 0xe1, 0x0, 0xe, 0x10, 0x0, 0xe1,
    0x0, 0xe, 0x10, 0x0, 0xe1, 0x0, 0x0, 0x0,
    0x0,

    /* U+300D "」" */
    0x0, 0x0, 0x0, 0x0, 0x1e, 0x0, 0x1, 0xe0,
    0x0, 0x1e, 0x0, 0x1, 0xe0, 0x0, 0x1e, 0x0,
    0x1, 0xe0, 0x0, 0x1e, 0x0, 0x1, 0xe7, 0xff,
    0xfe,

    /* U+4E00 "一" */
    0x0, 0x0, 0x0, 0x0, 0x0, 0x0, 0x0, 0x2f,
    0xff, 0xff, 0xff, 0xff, 0xff, 0xfa, 0x1, 0x11,
    0x11, 0x11, 0x11, 0x11, 0x11,

    /* U+4E03 "七" */
    0x0, 0x0, 0x2e, 0x0, 0x0, 0x0, 0x0, 0x0,
    0x0, 0x2e, 0x0, 0x0, 0x0, 0x0, 0x0, 0x0,
    0x2e, 0x0, 0x0, 0x0, 0x0, 0x0, 0x0, 0x2e,
    0x0, 0x0, 0x2, 0x52, 0x0, 0x0, 0x3f, 0x57,
    0xad, 0xff, 0xd4, 0x17, 0xac, 0xff, 0xda, 0x75,
    0x20, 0x0, 0x1a, 0x85, 0x5e, 0x0, 0x0, 0x0,
    0x0, 0x0, 0x0, 0x2e, 0x0, 0x0, 0x0, 0x0,
    0x0, 0x0, 0x2e, 0x0, 0x0, 0x0, 0x0, 0x0,
    0x0, 0x2e, 0x0, 0x0, 0x1, 0xa0, 0x0, 0x0,
    0x2e, 0x0, 0x0, 0x3, 0xe0, 0x0, 0x0, 0x1f,
    0x53, 0x33, 0x3a, 0xa0, 0x0, 0x0, 0x6, 0xcd,
    0xdd, 0xdb, 0x20,

    /* U+4E09 "三" */
    0x0, 0x22, 0x22, 0x22, 0x22, 0x22, 0x0, 0x3,
    0xdd, 0xdd, 0xdd, 0xdd, 0xdd, 0x40, 0x0, 0x0,
    0x0, 0x0, 0x0, 0x0, 0x0, 0x0, 0x0, 0x0,
    0x0, 0x0, 0x0, 0x0, 0x0, 0x0, 0x0, 0x0,
    0x0, 0x0, 0x0, 0x0, 0x5f, 0xff, 0xff, 0xff,
    0xf3, 0x0, 0x0, 0x1, 0x11, 0x11, 0x11, 0x10,
    0x0, 0x0, 0x0, 0x0, 0x0, 0x0, 0x0, 0x0,
    0x0, 0x0, 0x0, 0x0, 0x0, 0x0, 0x0, 0x0,
    0x0, 0x0, 0x0, 0x0, 0x0, 0x0, 0x1f, 0xff,
    0xff, 0xff, 0xff, 0xff, 0xf1, 0x1, 0x11, 0x11,
    0x11, 0x11, 0x11, 0x10,

    /* U+4E0A "上" */
    0x0, 0x0, 0x0, 0xe2, 0x0, 0x0, 0x0, 0x0,
    0x0, 0x0, 0xe2, 0x0, 0x0, 0x0, 0x0, 0x0,
    0x0, 0xe2, 0x0, 0x0, 0x0, 0x0, 0x0, 0x0,
    0xe2, 0x0, 0x0, 0x0, 0x0, 0x0, 0x0, 0xe3,
    0x11, 0x11, 0x0, 0x0, 0x0, 0x0, 0xef, 0xff,
    0xff, 0x50, 0x0, 0x0, 0x0, 0xe2, 0x0, 0x0,
    0x0, 0x0, 0x0, 0x0, 0xe2, 0x0, 0x0, 0x0,
    0x0, 0x0, 0x0, 0xe2, 0x0, 0x0, 0x0, 0x0,
    0x0, 0x0, 0xe2, 0x0, 0x0, 0x0, 0x0, 0x0,
    0x0, 0xe2, 0x0, 0x0, 0x0, 0x1d, 0xdd, 0xdd,
    0xfd, 0xdd, 0xdd, 0xd6, 0x3, 0x33, 0x33, 0x33,
    0x33, 0x33, 0x31,

    /* U+4E0B "下" */
    0x3e, 0xee, 0xee, 0xee, 0xee, 0xee, 0xe3, 0x1,
    0x11, 0x11, 0xd5, 0x11, 0x11, 0x10, 0x0, 0x0,
    0x0, 0xd4, 0x0, 0x0, 0x0, 0x0, 0x0, 0x0,
    0xd9, 0x10, 0x0, 0x0, 0x0, 0x0, 0x0, 0xdc,
    0xe7, 0x0, 0x0, 0x0, 0x0, 0x0, 0xd4, 0x3c,
    0xe4, 0x0, 0x0, 0x0, 0x0, 0xd4, 0x0, 0x7f,
    0x30, 0x0, 0x0, 0x0, 0xd4, 0x0, 0x2, 0x0,
    0x0, 0x0, 0x0, 0xd4, 0x0, 0x0, 0x0, 0x0,
    0x0, 0x0, 0xd4, 0x0, 0x0, 0x0, 0x0, 0x0,
    0x0, 0xd4, 0x0, 0x0, 0x0, 0x0, 0x0, 0x0,
    0xd4, 0x0, 0x0, 0x0,

    /* U+4E0D "不" */
    0xf, 0xff, 0xff, 0xff, 0xff, 0xff, 0xf0, 0x1,
    0x11, 0x11, 0x3f, 0x51, 0x11, 0x10, 0x0, 0x0,
    0x0, 0xbb, 0x0, 0x0, 0x0, 0x0, 0x0, 0x8,
    0xf8, 0x40, 0x0, 0x0, 0x0, 0x0, 0x7e, 0xb9,
    0xad, 0x30, 0x0, 0x0, 0xa, 0xd1, 0x98, 0x6,
    0xf7, 0x0, 0x3, 0xdc, 0x10, 0x98, 0x0, 0x3e,
    0xa0, 0x2f, 0x70, 0x0, 0x98, 0x0, 0x1, 0xc2,
    0x0, 0x0, 0x0, 0x98, 0x0, 0x0, 0x0, 0x0,
    0x0, 0x0, 0x98, 0x0, 0x0, 0x0, 0x0, 0x0,
    0x0, 0x98, 0x0, 0x0, 0x0, 0x0, 0x0, 0x0,
    0x98, 0x0, 0x0, 0x0,

    /* U+4E0E "与" */
    0x0, 0x2, 0x60, 0x0, 0x0, 0x0, 0x0, 0x0,
    0x6a, 0x0, 0x0, 0x0, 0x0, 0x0, 0x9, 0xff,
    0xff, 0xff, 0xff, 0x50, 0x0, 0xd4, 0x0, 0x0,
    0x0, 0x0, 0x0, 0xf, 0x0, 0x0, 0x0, 0x0,
    0x0, 0x3, 0xe1, 0x11, 0x11, 0x11, 0x10, 0x0,
    0x6e, 0xee, 0xee, 0xee, 0xef, 0x80, 0x0, 0x0,
    0x0, 0x0, 0x0, 0xa6, 0x1, 0x11, 0x11, 0x11,
    0x11, 0xc, 0x41, 0xee, 0xee, 0xee, 0xee, 0x90,
    0xe2, 0x0, 0x0, 0x0, 0x0, 0x0, 0x2f, 0x0,
    0x0, 0x0, 0x0, 0x0, 0x9, 0xa0, 0x0, 0x0,
    0x0, 0xd, 0xff, 0xd2, 0x0, 0x0, 0x0, 0x0,
    0x0, 0x0, 0x0,

    /* U+4E16 "世" */
    0x0, 0x0, 0x0, 0x78, 0x0, 0x20, 0x0, 0x0,
    0xf, 0x0, 0x78, 0x0, 0xd3, 0x0, 0x0, 0xf,
    0x0, 0x78, 0x0, 0xd3, 0x0, 0x1, 0x2f, 0x11,
    0x89, 0x11, 0xd4, 0x10, 0x1f, 0xff, 0xff, 0xff,
    0xff, 0xff, 0xf7, 0x0, 0xf, 0x0, 0x78, 0x0,
    0xd3, 0x0, 0x0, 0xf, 0x0, 0x78, 0x0, 0xd3,
    0x0, 0x0, 0xf, 0x0, 0x78, 0x0, 0xd3, 0x0,
    0x0, 0xf, 0x0, 0x7f, 0xee, 0xf3, 0x0, 0x0,
    0xf, 0x0, 0x0, 0x0, 0x0, 0x0, 0x0, 0xf,
    0x0, 0x0, 0x0, 0x0, 0x0, 0x0, 0xf, 0xff,
    0xff, 0xff, 0xff, 0xd0, 0x0, 0x0, 0x0, 0x0,
    0x0, 0x0, 0x0,

    /* U+4E1D "丝" */
    0x0, 0x2, 0x90, 0x0, 0x5, 0x60, 0x0, 0x0,
    0xa, 0x70, 0x0, 0xd, 0x40, 0x0, 0x0, 0x2e,
    0x0, 0x0, 0x5c, 0x0, 0x0, 0x0, 0xa6, 0x8,
    0xa0, 0xd3, 0x9, 0x80, 0x4, 0xc0, 0x2e, 0x18,
    0x80, 0x4e, 0x10, 0xd, 0xfe, 0xf7, 0x1f, 0xfe,
    0xf5, 0x0, 0x1, 0x8, 0xc0, 0x0, 0xb, 0x90,
    0x0, 0x0, 0x4e, 0x10, 0x0, 0x7c, 0x0, 0x0,
    0x3, 0xe3, 0x1, 0x16, 0xe2, 0x22, 0x20, 0xb,
    0xff, 0xed, 0x5e, 0xfe, 0xdc, 0x70, 0x0, 0x0,
    0x0, 0x0, 0x0, 0x0, 0x0, 0x6e, 0xee, 0xee,
    0xee, 0xee, 0xee, 0xe1, 0x1, 0x11, 0x11, 0x11,
    0x11, 0x11, 0x10,

    /* U+4E24 "两" */
    0x2f, 0xff, 0xff, 0xff, 0xff, 0xff, 0xf2, 0x0,
    0x0, 0x5b, 0x0, 0xc4, 0x0, 0x0, 0x0, 0x0,
    0x5a, 0x0, 0xb4, 0x0, 0x0, 0x8, 0xee, 0xff,
    0xee, 0xff, 0xee, 0x90, 0x9, 0x70, 0x7a, 0x0,
    0xd3, 0x7, 0x90, 0x9, 0x70, 0x9a, 0x0, 0xf3,
    0x6, 0x90, 0x9, 0x70, 0xce, 0x52, 0xed, 0x16,
    0x90, 0x9, 0x72, 0xe3, 0xc9, 0x86, 0xb7, 0x90,
    0x9, 0x7b, 0x70, 0x4e, 0x10, 0xba, 0x90, 0x9,
    0x9a, 0x0, 0x75, 0x0, 0x6, 0x90, 0x9, 0x70,
    0x0, 0x0, 0x1, 0x8, 0x90, 0x9, 0x70, 0x0,
    0x0, 0xd, 0xfe, 0x40,

    /* U+4E2A "个" */
    0x0, 0x0, 0x0, 0x67, 0x0, 0x0, 0x0, 0x0,
    0x0, 0x3, 0xfb, 0x0, 0x0, 0x0, 0x0, 0x0,
    0x2e, 0x5b, 0xa0, 0x0, 0x0, 0x0, 0x4, 0xe5,
    0x0, 0xbc, 0x10, 0x0, 0x0, 0x9f, 0x50, 0x93,
    0x9, 0xe6, 0x0, 0x5e, 0xb1, 0x0, 0xc4, 0x0,
    0x4e, 0xd1, 0x15, 0x0, 0x0, 0xc4, 0x0, 0x0,
    0x60, 0x0, 0x0, 0x0, 0xc4, 0x0, 0x0, 0x0,
    0x0, 0x0, 0x0, 0xc4, 0x0, 0x0, 0x0, 0x0,
    0x0, 0x0, 0xc4, 0x0, 0x0, 0x0, 0x0, 0x0,
    0x0, 0xc4, 0x0, 0x0, 0x0, 0x0, 0x0, 0x0,
    0xc4, 0x0, 0x0, 0x0, 0x0, 0x0, 0x0, 0xc4,
    0x0, 0x0, 0x0,

    /* U+4E2D "中" */
    0x0, 0x0, 0xe, 0x20, 0x0, 0x0, 0x0, 0x0,
    0xe, 0x20, 0x0, 0x0, 0x0, 0x0, 0xe, 0x30,
    0x0, 0x0, 0xdf, 0xff, 0xff, 0xff, 0xff, 0xf1,
    0xd2, 0x0, 0xe, 0x20, 0x0, 0xf1, 0xd2, 0x0,
    0xe, 0x20, 0x0, 0xf1, 0xd2, 0x0, 0xe, 0x20,
    0x0, 0xf1, 0xd6, 0x44, 0x4f, 0x64, 0x44, 0xf1,
    0xdc, 0xbb, 0xbf, 0xcb, 0xbb, 0xf1, 0x81, 0x0,
    0xe, 0x20, 0x0, 0x70, 0x0, 0x0, 0xe, 0x20,
    0x0, 0x0, 0x0, 0x0, 0xe, 0x20, 0x0, 0x0,
    0x0, 0x0, 0xe, 0x20, 0x0, 0x0,

    /* U+4E3A "为" */
    0x1, 0x40, 0x1e, 0x0, 0x0, 0x0, 0x2, 0xe2,
    0x2e, 0x0, 0x0, 0x0, 0x0, 0x7a, 0x2e, 0x0,
    0x0, 0x0, 0x12, 0x33, 0x5e, 0x22, 0x22, 0x22,
    0x8d, 0xdd, 0xef, 0xdd, 0xdd, 0xed, 0x0, 0x0,
    0x7a, 0x0, 0x0, 0x4d, 0x0, 0x0, 0xa7, 0x31,
    0x0, 0x4c, 0x0, 0x1, 0xf2, 0x7c, 0x0, 0x5b,
    0x0, 0x8, 0xb0, 0xa, 0x90, 0x7a, 0x0, 0x3f,
    0x30, 0x1, 0x60, 0x89, 0x1, 0xd7, 0x0, 0x0,
    0x0, 0xa7, 0x3e, 0x80, 0x0, 0x1, 0x2, 0xe4,
    0x96, 0x0, 0x0, 0xb, 0xff, 0xb0, 0x0, 0x0,
    0x0, 0x0, 0x0, 0x0,

    /* U+4E48 "么" */
    0x0, 0x0, 0x0, 0x70, 0x0, 0x0, 0x0, 0x0,
    0x0, 0x8, 0xb0, 0x0, 0x0, 0x0, 0x0, 0x0,
    0x5e, 0x10, 0x0, 0x0, 0x0, 0x0, 0x3, 0xe3,
    0x0, 0x1a, 0x10, 0x0, 0x0, 0x3e, 0x50, 0x0,
    0xba, 0x0, 0x0, 0x5, 0xe4, 0x0, 0x8, 0xd0,
    0x0, 0x0, 0xb, 0x30, 0x0, 0x6e, 0x20, 0x0,
    0x0, 0x0, 0x0, 0x4, 0xf3, 0x6, 0x0, 0x0,
    0x0, 0x0, 0x3e, 0x40, 0xa, 0xa0, 0x0, 0x0,
    0x4, 0xe4, 0x0, 0x0, 0xd6, 0x0, 0x0, 0x5e,
    0x41, 0x23, 0x56, 0xaf, 0x20, 0x6, 0xff, 0xff,
    0xec, 0xba, 0x8b, 0xb0, 0x1, 0x42, 0x0, 0x0,
    0x0, 0x0, 0xb1,

    /* U+4E4B "之" */
    0x0, 0x0, 0x0, 0xa1, 0x0, 0x0, 0x0, 0x0,
    0x0, 0x0, 0x9a, 0x0, 0x0, 0x0, 0x0, 0x0,
    0x0, 0x1c, 0x10, 0x0, 0x0, 0x9, 0xff, 0xff,
    0xff, 0xff, 0xfd, 0x0, 0x0, 0x0, 0x0, 0x0,
    0x2, 0xe6, 0x0, 0x0, 0x0, 0x0, 0x0, 0xc,
    0x90, 0x0, 0x0, 0x0, 0x0, 0x0, 0xba, 0x0,
    0x0, 0x0, 0x0, 0x0, 0x1c, 0xb0, 0x0, 0x0,
    0x0, 0x0, 0x2, 0xd9, 0x0, 0x0, 0x0, 0x0,
    0x0, 0x5e, 0x70, 0x0, 0x0, 0x0, 0x0, 0x6c,
    0xd3, 0x0, 0x0, 0x0, 0x0, 0x9, 0xc8, 0xd8,
    0x32, 0x11, 0x23, 0x42, 0x1c, 0x10, 0x28, 0xce,
    0xee, 0xed, 0xd3, 0x0, 0x0, 0x0, 0x0, 0x0,
    0x0, 0x0,

    /* U+4E4C "乌" */
    0x0, 0x0, 0x0, 0x81, 0x0, 0x0, 0x0, 0x0,
    0x1, 0x15, 0xd1, 0x11, 0x10, 0x0, 0x0, 0x2f,
    0xdd, 0xdd, 0xdd, 0xe8, 0x0, 0x0, 0x2c, 0x0,
    0x0, 0x0, 0x96, 0x0, 0x0, 0x2c, 0x0, 0x0,
    0x0, 0xc3, 0x0, 0x0, 0x2c, 0x0, 0x0, 0xcd,
    0xa0, 0x0, 0x0, 0x2d, 0x0, 0x0, 0x0, 0x0,
    0x0, 0x0, 0x2e, 0xee, 0xee, 0xee, 0xee, 0xf0,
    0x0, 0x0, 0x0, 0x0, 0x0, 0x1, 0xf0, 0x1e,
    0xee, 0xee, 0xee, 0xee, 0xa2, 0xd0, 0x0, 0x0,
    0x0, 0x0, 0x0, 0x4, 0xc0, 0x0, 0x0, 0x0,
    0x0, 0x0, 0x8, 0x90, 0x0, 0x0, 0x0, 0x0,
    0x1f, 0xfd, 0x30, 0x0, 0x0, 0x0, 0x0, 0x0,
    0x0, 0x0,

    /* U+4E50 "乐" */
    0x0, 0x0, 0x0, 0x1, 0x35, 0x8a, 0x0, 0x0,
    0x7e, 0xff, 0xed, 0xca, 0x85, 0x10, 0x0, 0x98,
    0x0, 0x0, 0x0, 0x0, 0x0, 0x0, 0xb5, 0x0,
    0x2e, 0x0, 0x0, 0x0, 0x0, 0xd3, 0x0, 0x2e,
    0x0, 0x0, 0x0, 0x1, 0xf2, 0x11, 0x3e, 0x11,
    0x11, 0x10, 0x4, 0xff, 0xff, 0xff, 0xff, 0xff,
    0xf0, 0x0, 0x0, 0x0, 0x2e, 0x0, 0x0, 0x0,
    0x0, 0xb, 0x20, 0x2e, 0x0, 0xb2, 0x0, 0x0,
    0x8b, 0x0, 0x2e, 0x0, 0x6d, 0x10, 0x6, 0xe1,
    0x0, 0x2e, 0x0, 0x9, 0xb0, 0x1e, 0x20, 0x0,
    0x3e, 0x0, 0x0, 0xd4, 0x0, 0x0, 0x3f, 0xf9,
    0x0, 0x0, 0x0,

    /* U+4E5D "九" */
    0x0, 0x0, 0x1f, 0x10, 0x0, 0x0, 0x0, 0x0,
    0x0, 0x1f, 0x0, 0x0, 0x0, 0x0, 0x0, 0x0,
    0x1f, 0x0, 0x0, 0x0, 0x0, 0x1, 0x11, 0x3f,
    0x11, 0x11, 0x0, 0x0, 0xe, 0xff, 0xff, 0xff,
    0xff, 0x20, 0x0, 0x0, 0x0, 0x4d, 0x0, 0xe,
    0x20, 0x0, 0x0, 0x0, 0x6b, 0x0, 0xe, 0x20,
    0x0, 0x0, 0x0, 0x98, 0x0, 0xe, 0x20, 0x0,
    0x0, 0x0, 0xf3, 0x0, 0xe, 0x20, 0x0, 0x0,
    0x7, 0xd0, 0x0, 0xe, 0x20, 0x0, 0x0, 0x3f,
    0x30, 0x0, 0xe, 0x20, 0x39, 0x5, 0xe7, 0x0,
    0x0, 0xe, 0x30, 0x5a, 0x4e, 0x40, 0x0, 0x0,
    0x9, 0xff, 0xf4, 0x0, 0x0, 0x0, 0x0, 0x0,
    0x0, 0x0,

    /* U+4E60 "习" */
    0x5e, 0xee, 0xee, 0xee, 0xee, 0xe6, 0x0, 0x0,
    0x0, 0x0, 0x0, 0xa6, 0x0, 0x55, 0x0, 0x0,
    0x0, 0xa6, 0x0, 0x3d, 0x90, 0x0, 0x0, 0xa6,
    0x0, 0x0, 0xac, 0x10, 0x0, 0xb5, 0x0, 0x0,
    0x8, 0x50, 0x0, 0xb5, 0x0, 0x0, 0x0, 0x4,
    0x90, 0xc4, 0x0, 0x0, 0x49, 0xec, 0x60, 0xc4,
    0x4, 0x9e, 0xd8, 0x20, 0x0, 0xd3, 0x6e, 0x93,
    0x0, 0x0, 0x0, 0xf2, 0x0, 0x0, 0x0, 0x0,
    0x3, 0xf0, 0x0, 0x0, 0x0, 0xd, 0xff, 0x70,
    0x0, 0x0, 0x0, 0x0, 0x0, 0x0,

    /* U+4E66 "书" */
    0x0, 0x0, 0x2, 0xe0, 0x0, 0x20, 0x0, 0x0,
    0x0, 0x2, 0xe0, 0x0, 0xbb, 0x10, 0x0, 0x11,
    0x13, 0xe1, 0x11, 0x19, 0xd0, 0x4, 0xee, 0xef,
    0xfe, 0xee, 0xf2, 0x40, 0x0, 0x0, 0x2, 0xe0,
    0x0, 0xe1, 0x0, 0x0, 0x0, 0x2, 0xe0, 0x0,
    0xe1, 0x0, 0x2b, 0xbb, 0xbc, 0xfb, 0xbb, 0xfc,
    0xb1, 0x4, 0x44, 0x45, 0xf4, 0x44, 0x44, 0xf0,
    0x0, 0x0, 0x2, 0xe0, 0x0, 0x1, 0xf0, 0x0,
    0x0, 0x2, 0xe0, 0x0, 0x3, 0xd0, 0x0, 0x0,
    0x2, 0xe0, 0x0, 0x7, 0xa0, 0x0, 0x0, 0x2,
    0xe0, 0x1e, 0xfe, 0x30, 0x0, 0x0, 0x2, 0xe0,
    0x0, 0x0, 0x0,

    /* U+4E86 "了" */
    0x6e, 0xee, 0xee, 0xee, 0xee, 0xe5, 0x12, 0x22,
    0x22, 0x22, 0x3d, 0xb0, 0x0, 0x0, 0x0, 0x2,
    0xda, 0x0, 0x0, 0x0, 0x0, 0x8e, 0x50, 0x0,
    0x0, 0x0, 0x4, 0xe1, 0x0, 0x0, 0x0, 0x0,
    0x4, 0xd0, 0x0, 0x0, 0x0, 0x0, 0x4, 0xd0,
    0x0, 0x0, 0x0, 0x0, 0x4, 0xd0, 0x0, 0x0,
    0x0, 0x0, 0x4, 0xd0, 0x0, 0x0, 0x0, 0x0,
    0x4, 0xd0, 0x0, 0x0, 0x0, 0x0, 0x6, 0xd0,
    0x0, 0x0, 0x0, 0xf, 0xfe, 0x70, 0x0, 0x0,

    /* U+4E8C "二" */
    0x0, 0xff, 0xff, 0xff, 0xff, 0xff, 0x0, 0x0,
    0x22, 0x22, 0x22, 0x22, 0x22, 0x0, 0x0, 0x0,
    0x0, 0x0, 0x0, 0x0, 0x0, 0x0, 0x0, 0x0,
    0x0, 0x0, 0x0, 0x0, 0x0, 0x0, 0x0, 0x0,
    0x0, 0x0, 0x0, 0x0, 0x0, 0x0, 0x0, 0x0,
    0x0, 0x0, 0x0, 0x0, 0x0, 0x0, 0x0, 0x0,
    0x0, 0x0, 0x0, 0x0, 0x0, 0x0, 0x0, 0x0,
    0x3, 0x33, 0x33, 0x33, 0x33, 0x33, 0x30, 0x3e,
    0xee, 0xee, 0xee, 0xee, 0xee, 0xe3,

    /* U+4E8E "于" */
    0x4, 0xff, 0xff, 0xff, 0xff, 0xff, 0x40, 0x0,
    0x11, 0x11, 0x7b, 0x11, 0x11, 0x0, 0x0, 0x0,
    0x0, 0x6a, 0x0, 0x0, 0x0, 0x0, 0x0, 0x0,
    0x6a, 0x0, 0x0, 0x0, 0x1, 0x11, 0x11, 0x7b,
    0x11, 0x11, 0x10, 0x3f, 0xff, 0xff, 0xff, 0xff,
    0xff, 0xf3, 0x0, 0x0, 0x0, 0x6a, 0x0, 0x0,
    0x0, 0x0, 0x0, 0x0, 0x6a, 0x0, 0x0, 0x0,
    0x0, 0x0, 0x0, 0x6a, 0x0, 0x0, 0x0, 0x0,
    0x0, 0x0, 0x6a, 0x0, 0x0, 0x0, 0x0, 0x0,
    0x11, 0x8a, 0x0, 0x0, 0x0, 0x0, 0x2, 0xff,
    0xe5, 0x0, 0x0, 0x0, 0x0, 0x0, 0x0, 0x0,
    0x0, 0x0, 0x0,

    /* U+4E94 "五" */
    0x0, 0x22, 0x22, 0x22, 0x22, 0x22, 0x0, 0x4,
    0xdd, 0xde, 0xfd, 0xdd, 0xdd, 0x30, 0x0, 0x0,
    0x6, 0xb0, 0x0, 0x0, 0x0, 0x0, 0x0, 0x8,
    0x90, 0x0, 0x0, 0x0, 0x0, 0x1, 0x1b, 0x71,
    0x11, 0x10, 0x0, 0x0, 0x8e, 0xef, 0xee, 0xef,
    0xd0, 0x0, 0x0, 0x0, 0xf, 0x10, 0x5, 0xc0,
    0x0, 0x0, 0x0, 0x3e, 0x0, 0x6, 0xa0, 0x0,
    0x0, 0x0, 0x6b, 0x0, 0x8, 0x90, 0x0, 0x0,
    0x0, 0x97, 0x0, 0xa, 0x70, 0x0, 0x3e, 0xee,
    0xff, 0xee, 0xef, 0xfe, 0xe3, 0x1, 0x11, 0x11,
    0x11, 0x11, 0x11, 0x10,

    /* U+4EA4 "交" */
    0x0, 0x0, 0x0, 0x0, 0x0, 0x0, 0x0, 0x0,
    0x0, 0x0, 0xd2, 0x0, 0x0, 0x0, 0x0, 0x0,
    0x0, 0x89, 0x0, 0x0, 0x0, 0xf, 0xff, 0xff,
    0xff, 0xff, 0xff, 0xf0, 0x0, 0x1, 0x62, 0x0,
    0x16, 0x10, 0x0, 0x0, 0x8, 0xc1, 0x0, 0x1b,
    0xb1, 0x0, 0x1, 0xac, 0x10, 0x0, 0x0, 0x8d,
    0x20, 0xb, 0x90, 0xc3, 0x0, 0x3e, 0x7, 0xc0,
    0x0, 0x0, 0x5c, 0x0, 0xb7, 0x0, 0x0, 0x0,
    0x0, 0xb, 0x87, 0xd0, 0x0, 0x0, 0x0, 0x0,
    0x1, 0xef, 0x20, 0x0, 0x0, 0x0, 0x0, 0x4d,
    0xcb, 0xd5, 0x0, 0x0, 0x3, 0x7c, 0xe5, 0x0,
    0x4d, 0xd9, 0x50, 0x1d, 0x94, 0x0, 0x0, 0x0,
    0x38, 0xc1,

    /* U+4EAE "亮" */
    0x0, 0x0, 0x0, 0x84, 0x0, 0x0, 0x0, 0x16,
    0x66, 0x66, 0xad, 0x66, 0x66, 0x60, 0x17, 0x77,
    0x77, 0x77, 0x77, 0x77, 0x70, 0x0, 0x2b, 0xbb,
    0xbb, 0xbb, 0xb3, 0x0, 0x0, 0x2d, 0x0, 0x0,
    0x0, 0xd4, 0x0, 0x0, 0x2f, 0xcc, 0xcc, 0xcc,
    0xe4, 0x0, 0x0, 0x0, 0x0, 0x0, 0x0, 0x0,
    0x0, 0xe, 0xdd, 0xdd, 0xdd, 0xdd, 0xdd, 0xd0,
    0xe, 0x10, 0x12, 0x22, 0x21, 0x2, 0xd0, 0x4,
    0x0, 0xdc, 0xbb, 0xdb, 0x0, 0x40, 0x0, 0x1,
    0xf1, 0x0, 0x6b, 0x0, 0x20, 0x0, 0x1b, 0xa0,
    0x0, 0x6b, 0x0, 0xe0, 0xc, 0xe8, 0x0, 0x0,
    0x2e, 0xee, 0xa0, 0x1, 0x0, 0x0, 0x0, 0x0,
    0x0, 0x0,

    /* U+4EB2 "亲" */
    0x0, 0x0, 0x9, 0x10, 0x0, 0x0, 0x0, 0x0,
    0x0, 0xa8, 0x0, 0x0, 0x0, 0x2e, 0xee, 0xee,
    0xee, 0xee, 0xe4, 0x0, 0x3, 0xb0, 0x0, 0xb,
    0x30, 0x0, 0x0, 0xd, 0x40, 0x5, 0xb0, 0x0,
    0xe, 0xee, 0xff, 0xee, 0xff, 0xee, 0xe0, 0x0,
    0x0, 0x7, 0x90, 0x0, 0x0, 0x1, 0x11, 0x11,
    0x89, 0x11, 0x11, 0x10, 0x9d, 0xdd, 0xde, 0xed,
    0xdd, 0xda, 0x0, 0x5, 0x50, 0x79, 0x8, 0x30,
    0x0, 0x3, 0xe2, 0x7, 0x90, 0x4e, 0x40, 0x4,
    0xe4, 0x0, 0x89, 0x0, 0x3e, 0x30, 0x13, 0x4,
    0xee, 0x50, 0x0, 0x30, 0x0,

    /* U+4EBA "人" */
    0x0, 0x0, 0x0, 0xc6, 0x0, 0x0, 0x0, 0x0,
    0x0, 0x0, 0xd5, 0x0, 0x0, 0x0, 0x0, 0x0,
    0x0, 0xe5, 0x0, 0x0, 0x0, 0x0, 0x0, 0x1,
    0xf8, 0x0, 0x0, 0x0, 0x0, 0x0, 0x4, 0xfc,
    0x0, 0x0, 0x0, 0x0, 0x0, 0x7, 0xbe, 0x20,
    0x0, 0x0, 0x0, 0x0, 0xc, 0x6a, 0x70, 0x0,
    0x0, 0x0, 0x0, 0x3f, 0x13, 0xe0, 0x0, 0x0,
    0x0, 0x0, 0xc8, 0x0, 0xb8, 0x0, 0x0, 0x0,
    0x8, 0xd0, 0x0, 0x2e, 0x40, 0x0, 0x0, 0x7f,
    0x20, 0x0, 0x4, 0xf5, 0x0, 0x1b, 0xd3, 0x0,
    0x0, 0x0, 0x5e, 0xa1, 0x19, 0x0, 0x0, 0x0,
    0x0, 0x1, 0x80,

    /* U+4EC0 "什" */
    0x0, 0x0, 0x0, 0x0, 0x0, 0x0, 0x0, 0x0,
    0x0, 0xe1, 0x0, 0x2e, 0x0, 0x0, 0x0, 0x7,
    0xb0, 0x0, 0x2e, 0x0, 0x0, 0x0, 0xe, 0x40,
    0x0, 0x2e, 0x0, 0x0, 0x0, 0x7e, 0x0, 0x0,
    0x2e, 0x0, 0x0, 0x3, 0xfe, 0x0, 0x0, 0x2e,
    0x0, 0x0, 0x1e, 0xae, 0x2f, 0xff, 0xff, 0xff,
    0xfa, 0x9, 0x2e, 0x1, 0x11, 0x3e, 0x11, 0x11,
    0x0, 0x2e, 0x0, 0x0, 0x2e, 0x0, 0x0, 0x0,
    0x2e, 0x0, 0x0, 0x2e, 0x0, 0x0, 0x0, 0x2e,
    0x0, 0x0, 0x2e, 0x0, 0x0, 0x0, 0x2e, 0x0,
    0x0, 0x2e, 0x0, 0x0, 0x0, 0x2e, 0x0, 0x0,
    0x2e, 0x0, 0x0, 0x0, 0x2e, 0x0, 0x0, 0x2e,
    0x0, 0x0, 0x0, 0x0, 0x0, 0x0, 0x0, 0x0,
    0x0,

    /* U+4ECA "今" */
    0x0, 0x0, 0x0, 0x69, 0x0, 0x0, 0x0, 0x0,
    0x0, 0x4, 0xfe, 0x40, 0x0, 0x0, 0x0, 0x0,
    0x4e, 0x43, 0xe5, 0x0, 0x0, 0x0, 0x8, 0xe3,
    0x0, 0x2e, 0x90, 0x0, 0x4, 0xcc, 0x24, 0xd3,
    0x1, 0xbe, 0x50, 0x3f, 0x60, 0x0, 0x4e, 0x40,
    0x5, 0xe3, 0x0, 0x0, 0x0, 0x3, 0x60, 0x0,
    0x0, 0x0, 0xbf, 0xff, 0xff, 0xff, 0xfb, 0x0,
    0x0, 0x11, 0x11, 0x11, 0x15, 0xf3, 0x0, 0x0,
    0x0, 0x0, 0x0, 0x1e, 0x60, 0x0, 0x0, 0x0,
    0x0, 0x0, 0xc9, 0x0, 0x0, 0x0, 0x0, 0x0,
    0xa, 0xc0, 0x0, 0x0, 0x0, 0x0, 0x0, 0x3d,
    0x10, 0x0, 0x0, 0x0, 0x0, 0x0, 0x0, 0x0,
    0x0, 0x0,

    /* U+4ECB "介" */
    0x0, 0x0, 0x0, 0x68, 0x0, 0x0, 0x0, 0x0,
    0x0, 0x3, 0xee, 0x20, 0x0, 0x0, 0x0, 0x0,
    0x3e, 0x34, 0xd3, 0x0, 0x0, 0x0, 0x7, 0xe3,
    0x0, 0x3e, 0x70, 0x0, 0x4, 0xcd, 0x20, 0x0,
    0x3, 0xdd, 0x60, 0x5e, 0x71, 0x50, 0x0, 0x5,
    0x16, 0xd4, 0x0, 0x1, 0xf0, 0x0, 0xe, 0x20,
    0x0, 0x0, 0x2, 0xf0, 0x0, 0xe, 0x20, 0x0,
    0x0, 0x3, 0xe0, 0x0, 0xe, 0x20, 0x0, 0x0,
    0x7, 0xb0, 0x0, 0xe, 0x20, 0x0, 0x0, 0x1e,
    0x50, 0x0, 0xe, 0x20, 0x0, 0x2, 0xda, 0x0,
    0x0, 0xe, 0x20, 0x0, 0xa, 0x70, 0x0, 0x0,
    0xe, 0x20, 0x0,

    /* U+4ED8 "付" */
    0x0, 0x0, 0x0, 0x0, 0x0, 0x0, 0x0, 0x0,
    0x0, 0xd2, 0x0, 0x0, 0x2e, 0x0, 0x0, 0x6,
    0xc0, 0x0, 0x0, 0x2e, 0x0, 0x0, 0xe, 0x50,
    0x0, 0x0, 0x2e, 0x0, 0x0, 0x7e, 0xd, 0xdd,
    0xdd, 0xef, 0xd9, 0x3, 0xfd, 0x2, 0x22, 0x22,
    0x5e, 0x22, 0x1e, 0xbd, 0x0, 0x20, 0x0, 0x2e,
    0x0, 0x8, 0x2d, 0x0, 0xc6, 0x0, 0x2e, 0x0,
    0x0, 0x2d, 0x0, 0x3e, 0x10, 0x2e, 0x0, 0x0,
    0x2d, 0x0, 0x9, 0xa0, 0x2e, 0x0, 0x0, 0x2d,
    0x0, 0x1, 0x60, 0x2e, 0x0, 0x0, 0x2d, 0x0,
    0x0, 0x0, 0x2e, 0x0, 0x0, 0x2d, 0x0, 0x0,
    0x0, 0x3e, 0x0, 0x0, 0x2d, 0x0, 0x1, 0xff,
    0xe8, 0x0,

    /* U+4F18 "优" */
    0x0, 0x0, 0x0, 0x0, 0x0, 0x0, 0x0, 0x0,
    0xb, 0x60, 0xe, 0x11, 0x50, 0x0, 0x0, 0x2f,
    0x10, 0xf, 0x10, 0xd5, 0x0, 0x0, 0x8a, 0x0,
    0xf, 0x10, 0x2e, 0x0, 0x1, 0xf5, 0x33, 0x3f,
    0x43, 0x36, 0x30, 0x9, 0xf3, 0xcc, 0xcf, 0xcc,
    0xcc, 0xc0, 0x5f, 0xf1, 0x0, 0x1e, 0x0, 0x0,
    0x0, 0x76, 0xe1, 0x0, 0x3c, 0x4b, 0x0, 0x0,
    0x0, 0xe1, 0x0, 0x6a, 0x4b, 0x0, 0x0, 0x0,
    0xe1, 0x0, 0xb5, 0x4b, 0x0, 0x0, 0x0, 0xe1,
    0x1, 0xe1, 0x4b, 0x0, 0x0, 0x0, 0xe1, 0x9,
    0x80, 0x4b, 0x0, 0xc1, 0x0, 0xe1, 0x5d, 0x0,
    0x4c, 0x0, 0xe0, 0x0, 0xe3, 0xc1, 0x0, 0x1e,
    0xff, 0xa0,

    /* U+4F1A "会" */
    0x0, 0x0, 0x0, 0x15, 0x0, 0x0, 0x0, 0x0,
    0x0, 0x0, 0xbe, 0x0, 0x0, 0x0, 0x0, 0x0,
    0x1b, 0xa8, 0xc1, 0x0, 0x0, 0x0, 0x5, 0xd8,
    0x0, 0x6e, 0x60, 0x0, 0x3, 0xcf, 0x83, 0x33,
    0x35, 0xde, 0x60, 0x1e, 0x84, 0xcc, 0xcc, 0xcc,
    0x54, 0xc3, 0x0, 0x0, 0x0, 0x0, 0x0, 0x0,
    0x0, 0xa, 0xee, 0xee, 0xee, 0xee, 0xee, 0xd0,
    0x0, 0x11, 0x3e, 0x61, 0x14, 0x11, 0x10, 0x0,
    0x0, 0xc7, 0x0, 0x1d, 0x60, 0x0, 0x0, 0xb,
    0x90, 0x0, 0x14, 0xf5, 0x0, 0x0, 0xdf, 0xcd,
    0xef, 0xed, 0xce, 0x20, 0x0, 0x66, 0x42, 0x10,
    0x0, 0x6, 0x50,

    /* U+4F1E "伞" */
    0x0, 0x0, 0x0, 0x78, 0x0, 0x0, 0x0, 0x0,
    0x0, 0x9, 0xde, 0x40, 0x0, 0x0, 0x0, 0x4,
    0xd9, 0x3, 0xda, 0x10, 0x0, 0x5, 0xce, 0x50,
    0x42, 0x9, 0xf9, 0x30, 0x7e, 0x71, 0x0, 0xb5,
    0x0, 0x28, 0xf3, 0x0, 0x2d, 0x0, 0xb5, 0x2,
    0xe0, 0x0, 0x0, 0xb, 0x60, 0xb5, 0xa, 0x70,
    0x0, 0x0, 0x4, 0xd0, 0xb5, 0x3d, 0x0, 0x0,
    0x0, 0x1, 0x20, 0xc6, 0x12, 0x0, 0x0, 0x7f,
    0xff, 0xff, 0xff, 0xff, 0xff, 0xf1, 0x0, 0x0,
    0x0, 0xb5, 0x0, 0x0, 0x0, 0x0, 0x0, 0x0,
    0xb5, 0x0, 0x0, 0x0, 0x0, 0x0, 0x0, 0xb5,
    0x0, 0x0, 0x0,

    /* U+4F3C "似" */
    0x0, 0x2, 0x0, 0x0, 0x0, 0x0, 0x0, 0x0,
    0x2e, 0x7, 0x0, 0x0, 0xf, 0x10, 0x0, 0x88,
    0xf, 0x1e, 0x0, 0xf, 0x0, 0x0, 0xf2, 0xf,
    0x9, 0x70, 0x1f, 0x0, 0xa, 0xf1, 0xf, 0x2,
    0xe0, 0x2e, 0x0, 0x5e, 0xf1, 0xf, 0x0, 0xc4,
    0x4b, 0x0, 0x94, 0xe1, 0xf, 0x0, 0x21, 0x79,
    0x0, 0x0, 0xe1, 0xf, 0x0, 0x0, 0xa7, 0x0,
    0x0, 0xe1, 0xf, 0x3, 0x81, 0xfe, 0x0, 0x0,
    0xe1, 0xf, 0x9d, 0x47, 0xbb, 0x60, 0x0, 0xe1,
    0x4f, 0xa0, 0x2e, 0x34, 0xd0, 0x0, 0xe1, 0x15,
    0x2, 0xe8, 0x0, 0xd4, 0x0, 0xe1, 0x0, 0x5,
    0x80, 0x0, 0x41,

    /* U+4F46 "但" */
    0x0, 0x7, 0x60, 0x0, 0x0, 0x0, 0x0, 0x0,
    0x1f, 0x2b, 0xff, 0xff, 0xff, 0x10, 0x0, 0x7b,
    0xb, 0x50, 0x0, 0x1f, 0x10, 0x1, 0xe4, 0xb,
    0x50, 0x0, 0xf, 0x10, 0xc, 0xf3, 0xb, 0x50,
    0x0, 0xf, 0x10, 0x8e, 0xe3, 0xb, 0xff, 0xff,
    0xff, 0x10, 0x73, 0xc3, 0xb, 0x50, 0x0, 0xf,
    0x10, 0x0, 0xc3, 0xb, 0x50, 0x0, 0xf, 0x10,
    0x0, 0xc3, 0xb, 0x50, 0x0, 0x1f, 0x10, 0x0,
    0xc3, 0xb, 0xee, 0xee, 0xee, 0x10, 0x0, 0xc3,
    0x0, 0x0, 0x0, 0x0, 0x0, 0x0, 0xc3, 0x33,
    0x33, 0x33, 0x33, 0x31, 0x0, 0xc3, 0xbb, 0xbb,
    0xbb, 0xbb, 0xb3,

    /* U+4F4D "位" */
    0x0, 0x0, 0x60, 0x0, 0x63, 0x0, 0x0, 0x0,
    0x4, 0xd0, 0x0, 0x89, 0x0, 0x0, 0x0, 0xc,
    0x50, 0x11, 0x49, 0x11, 0x10, 0x0, 0x5e, 0x9,
    0xff, 0xff, 0xff, 0xf0, 0x1, 0xec, 0x0, 0x0,
    0x0, 0x3, 0x0, 0xc, 0xdc, 0x0, 0x96, 0x0,
    0x1f, 0x0, 0x1b, 0x4c, 0x0, 0x69, 0x0, 0x3d,
    0x0, 0x0, 0x4c, 0x0, 0x3c, 0x0, 0x5a, 0x0,
    0x0, 0x4c, 0x0, 0xf, 0x0, 0x87, 0x0, 0x0,
    0x4c, 0x0, 0xe, 0x20, 0xb3, 0x0, 0x0, 0x4c,
    0x0, 0xc, 0x30, 0xe0, 0x0, 0x0, 0x4c, 0x3,
    0x34, 0x36, 0xd3, 0x32, 0x0, 0x4c, 0x2b, 0xbb,
    0xbb, 0xbb, 0xb7,

    /* U+4F4F "住" */
    0x0, 0x0, 0x90, 0x0, 0xa1, 0x0, 0x0, 0x0,
    0x6, 0xc0, 0x0, 0x99, 0x0, 0x0, 0x0, 0xd,
    0x50, 0x0, 0x2a, 0x0, 0x0, 0x0, 0x7d, 0xf,
    0xff, 0xff, 0xff, 0xf7, 0x3, 0xfc, 0x0, 0x0,
    0x4b, 0x0, 0x0, 0x1e, 0xcc, 0x0, 0x0, 0x4b,
    0x0, 0x0, 0x8, 0x4c, 0x0, 0x0, 0x4b, 0x0,
    0x0, 0x0, 0x4c, 0x8, 0xee, 0xff, 0xee, 0xe1,
    0x0, 0x4c, 0x0, 0x0, 0x5b, 0x0, 0x0, 0x0,
    0x4c, 0x0, 0x0, 0x4b, 0x0, 0x0, 0x0, 0x4c,
    0x0, 0x0, 0x4b, 0x0, 0x0, 0x0, 0x4c, 0x2,
    0x22, 0x6c, 0x22, 0x21, 0x0, 0x4c, 0x5d, 0xdd,
    0xdd, 0xdd, 0xd9,

    /* U+4F53 "体" */
    0x0, 0xc, 0x20, 0x0, 0xf0, 0x0, 0x0, 0x0,
    0x4e, 0x0, 0x0, 0xf0, 0x0, 0x0, 0x0, 0xa7,
    0x0, 0x0, 0xf0, 0x0, 0x0, 0x2, 0xf2, 0xff,
    0xff, 0xff, 0xff, 0xf3, 0xc, 0xf1, 0x0, 0x1d,
    0xfd, 0x10, 0x0, 0x7e, 0xf1, 0x0, 0x5a, 0xfa,
    0x50, 0x0, 0x64, 0xe1, 0x0, 0xc3, 0xf3, 0xc0,
    0x0, 0x0, 0xe1, 0x4, 0xb0, 0xf0, 0xb4, 0x0,
    0x0, 0xe1, 0x1d, 0x30, 0xf0, 0x3e, 0x10, 0x0,
    0xe1, 0xb9, 0x33, 0xf3, 0x3a, 0xb0, 0x0, 0xe5,
    0xa4, 0xbb, 0xfb, 0xb3, 0xb2, 0x0, 0xe1, 0x0,
    0x0, 0xf0, 0x0, 0x0, 0x0, 0xe1, 0x0, 0x0,
    0xe0, 0x0, 0x0,

    /* U+4F60 "你" */
    0x0, 0x6, 0x20, 0x81, 0x0, 0x0, 0x0, 0x0,
    0x1e, 0x12, 0xe0, 0x0, 0x0, 0x0, 0x0, 0x99,
    0x7, 0xa0, 0x0, 0x0, 0x0, 0x2, 0xf2, 0xd,
    0xfe, 0xff, 0xef, 0xf0, 0xd, 0xf1, 0x5d, 0x0,
    0xc3, 0x3, 0xc0, 0xac, 0xf1, 0xc4, 0x0, 0xc3,
    0x5, 0x80, 0x71, 0xe1, 0x11, 0xa0, 0xc3, 0x75,
    0x0, 0x0, 0xe1, 0x6, 0xa0, 0xc3, 0x4d, 0x0,
    0x0, 0xe1, 0xb, 0x50, 0xc3, 0xd, 0x30, 0x0,
    0xe1, 0x4d, 0x0, 0xc3, 0x8, 0x90, 0x0, 0xe1,
    0x95, 0x0, 0xc3, 0x3, 0xb0, 0x0, 0xe1, 0x0,
    0x0, 0xd3, 0x0, 0x0, 0x0, 0xe1, 0x0, 0x4f,
    0xd1, 0x0, 0x0, 0x0, 0x0, 0x0, 0x0, 0x0,
    0x0, 0x0,

    /* U+4F8B "例" */
    0x0, 0x0, 0x0, 0x0, 0x0, 0x0, 0x0, 0x3,
    0xb0, 0x0, 0x0, 0x0, 0xe, 0x0, 0x88, 0xdf,
    0xff, 0xf0, 0x0, 0xe0, 0xe, 0x30, 0x78, 0x0,
    0x59, 0xe, 0x5, 0xf0, 0xc, 0x40, 0x5, 0x90,
    0xe0, 0xdf, 0x0, 0xfe, 0xe9, 0x59, 0xe, 0x6d,
    0xf0, 0x5b, 0x17, 0x85, 0x90, 0xe2, 0x3f, 0xd,
    0x50, 0xa5, 0x59, 0xe, 0x0, 0xf5, 0xd7, 0x1e,
    0x25, 0x90, 0xe0, 0xf, 0x2, 0x6e, 0xc0, 0x59,
    0xe, 0x0, 0xf0, 0x0, 0xa6, 0x4, 0x70, 0xe0,
    0xf, 0x0, 0x3d, 0x0, 0x0, 0xe, 0x0, 0xf0,
    0x2e, 0x40, 0x0, 0x1, 0xe0, 0xf, 0xb, 0x50,
    0x0, 0xf, 0xf9, 0x0, 0x10, 0x0, 0x0, 0x0,
    0x0, 0x0,

    /* U+4FBF "便" */
    0x0, 0x7, 0x20, 0x0, 0x0, 0x0, 0x0, 0x0,
    0x1e, 0x9f, 0xff, 0xff, 0xff, 0xf1, 0x0, 0x89,
    0x0, 0x0, 0xc4, 0x0, 0x0, 0x1, 0xe3, 0x2d,
    0xcc, 0xfd, 0xcd, 0x70, 0xb, 0xf1, 0x3c, 0x0,
    0xc4, 0x6, 0x90, 0x6d, 0xf1, 0x3f, 0xcc, 0xfd,
    0xce, 0x90, 0x43, 0xe1, 0x3c, 0x0, 0xc4, 0x6,
    0x90, 0x0, 0xe1, 0x3c, 0x11, 0xc5, 0x17, 0x90,
    0x0, 0xe1, 0x2b, 0xbb, 0xfb, 0xbb, 0x60, 0x0,
    0xe1, 0x3a, 0x2, 0xe0, 0x0, 0x0, 0x0, 0xe1,
    0x6, 0xcc, 0x60, 0x0, 0x0, 0x0, 0xe1, 0x5,
    0xec, 0xd9, 0x52, 0x0, 0x0, 0xe3, 0xea, 0x30,
    0x16, 0x9c, 0xd1, 0x0, 0x0, 0x0, 0x0, 0x0,
    0x0, 0x0,

    /* U+5019 "候" */
    0x0, 0x7, 0x0, 0x0, 0x0, 0x0, 0x0, 0x0,
    0x3d, 0x0, 0x9e, 0xee, 0xef, 0x0, 0x0, 0x97,
    0x0, 0x0, 0x0, 0x2c, 0x0, 0x1, 0xf1, 0xe5,
    0xbb, 0xbb, 0xce, 0xb2, 0xa, 0xf0, 0xe1, 0x3c,
    0x42, 0x22, 0x20, 0x4e, 0xf0, 0xe0, 0x4f, 0x66,
    0x66, 0x50, 0x34, 0xf0, 0xe0, 0xc9, 0x7f, 0x77,
    0x60, 0x0, 0xf0, 0xe4, 0xa0, 0xf, 0x0, 0x0,
    0x0, 0xf0, 0xe4, 0xaa, 0xaf, 0xaa, 0xa2, 0x0,
    0xf0, 0xe1, 0x33, 0x7f, 0x73, 0x30, 0x0, 0xf0,
    0x20, 0x1, 0xd8, 0xd1, 0x0, 0x0, 0xf0, 0x0,
    0x5e, 0x70, 0x6e, 0x50, 0x0, 0xf0, 0x8, 0xb3,
    0x0, 0x4, 0xb2,

    /* U+505A "做" */
    0x0, 0x0, 0x0, 0x0, 0x0, 0x0, 0x0, 0x0,
    0xe, 0x15, 0x90, 0x8, 0x70, 0x0, 0x0, 0x5b,
    0x5, 0x90, 0xc, 0x40, 0x0, 0x0, 0xc6, 0x5,
    0x90, 0xf, 0x20, 0x0, 0x2, 0xf4, 0xef, 0xfe,
    0x8f, 0xde, 0xf6, 0xb, 0xf1, 0x5, 0x90, 0x8b,
    0x5, 0xa0, 0x5e, 0xf1, 0x5, 0x90, 0xee, 0x7,
    0x70, 0x94, 0xe1, 0x27, 0xa5, 0xbd, 0xa, 0x40,
    0x0, 0xe1, 0xdc, 0xbf, 0x19, 0x5e, 0x10, 0x0,
    0xe1, 0xd1, 0xd, 0x15, 0xdb, 0x0, 0x0, 0xe1,
    0xd1, 0xd, 0x10, 0xf5, 0x0, 0x0, 0xe1, 0xd3,
    0x2e, 0x15, 0xf9, 0x0, 0x0, 0xe1, 0xdc, 0xcc,
    0x5d, 0x2c, 0x60, 0x0, 0xe1, 0x90, 0x4, 0xa1,
    0x1, 0xa4, 0x0, 0x0, 0x0, 0x0, 0x0, 0x0,
    0x0,

    /* U+505C "停" */
    0x0, 0x6, 0x30, 0x2, 0xa0, 0x0, 0x0, 0x0,
    0x1e, 0x77, 0x78, 0xf9, 0x77, 0x71, 0x0, 0x7a,
    0x46, 0x66, 0x66, 0x66, 0x61, 0x0, 0xe3, 0x9,
    0xcb, 0xbb, 0xbd, 0x0, 0x9, 0xf1, 0xa, 0x40,
    0x0, 0xf, 0x0, 0x4e, 0xe1, 0x9, 0xcc, 0xcc,
    0xcd, 0x0, 0x65, 0xe1, 0x0, 0x0, 0x0, 0x0,
    0x0, 0x0, 0xe1, 0xec, 0xcc, 0xcc, 0xcc, 0xf3,
    0x0, 0xe1, 0xe1, 0x22, 0x22, 0x22, 0xb3, 0x0,
    0xe1, 0x37, 0xbb, 0xfc, 0xba, 0x20, 0x0, 0xe1,
    0x0, 0x0, 0xe1, 0x0, 0x0, 0x0, 0xe1, 0x0,
    0x0, 0xe1, 0x0, 0x0, 0x0, 0xe1, 0x0, 0xce,
    0xd0, 0x0, 0x0, 0x0, 0x0, 0x0, 0x0, 0x0,
    0x0, 0x0,

    /* U+5065 "健" */
    0x0, 0x0, 0x0, 0x0, 0x0, 0x0, 0x0, 0x0,
    0x3b, 0x0, 0x0, 0xb, 0x20, 0x0, 0x0, 0x88,
    0xee, 0xe6, 0xcf, 0xdc, 0x60, 0x0, 0xd3, 0x6,
    0x90, 0xb, 0x25, 0x80, 0x4, 0xf0, 0xd, 0x3c,
    0xcf, 0xde, 0xe6, 0xd, 0xf0, 0x5a, 0x0, 0xb,
    0x25, 0x80, 0x6d, 0xf2, 0xec, 0x96, 0xcf, 0xdd,
    0x80, 0x23, 0xe0, 0x43, 0xd0, 0xb, 0x20, 0x0,
    0x0, 0xe1, 0x33, 0xa9, 0xdf, 0xdd, 0x90, 0x0,
    0xe1, 0xd6, 0x70, 0xb, 0x20, 0x0, 0x0, 0xe0,
    0x9e, 0x3d, 0xdf, 0xed, 0xd2, 0x0, 0xe0, 0x4f,
    0x40, 0xb, 0x20, 0x0, 0x0, 0xe1, 0xd4, 0xba,
    0x56, 0x21, 0x10, 0x0, 0xe8, 0x60, 0x4, 0x8a,
    0xcd, 0xd4, 0x0, 0x0, 0x0, 0x0, 0x0, 0x0,
    0x0,

    /* U+508D "傍" */
    0x0, 0x0, 0x0, 0x0, 0x10, 0x0, 0x0, 0x0,
    0x94, 0x0, 0x1f, 0x10, 0x0, 0x0, 0x2f, 0x7a,
    0xaa, 0xfb, 0xaa, 0x60, 0x9, 0x91, 0x3c, 0x33,
    0x3c, 0x62, 0x2, 0xf3, 0x0, 0xd4, 0x1, 0xf0,
    0x0, 0xcf, 0x1c, 0xdf, 0xed, 0xef, 0xdd, 0x7e,
    0xf1, 0xe1, 0x1, 0x60, 0x0, 0xf5, 0x3e, 0x17,
    0x0, 0xf, 0x10, 0x7, 0x0, 0xe1, 0xae, 0xff,
    0xee, 0xee, 0xa0, 0xe, 0x10, 0x7, 0x90, 0x0,
    0x0, 0x0, 0xe1, 0x0, 0xaf, 0xdd, 0xdd, 0x0,
    0xe, 0x10, 0x1e, 0x10, 0x2, 0xe0, 0x0, 0xe1,
    0x2c, 0x60, 0x0, 0x6b, 0x0, 0xe, 0x2d, 0x60,
    0x6, 0xde, 0x50, 0x0, 0x0, 0x0, 0x0, 0x0,
    0x0, 0x0,

    /* U+50A8 "储" */
    0x0, 0x0, 0x0, 0x0, 0x0, 0x0, 0x0, 0x0,
    0x1c, 0x0, 0x0, 0x1d, 0x0, 0x30, 0x0, 0x69,
    0x74, 0x0, 0x1d, 0x0, 0xe1, 0x0, 0xc4, 0x1d,
    0x1d, 0xef, 0xed, 0x70, 0x3, 0xf0, 0x4, 0x20,
    0x1d, 0x1d, 0x0, 0xc, 0xe0, 0x11, 0x14, 0x5e,
    0xba, 0x42, 0x5e, 0xe5, 0xee, 0x3a, 0xaf, 0xca,
    0xa4, 0x54, 0xe0, 0xe, 0x1, 0xba, 0x0, 0x0,
    0x0, 0xe0, 0xe, 0x3e, 0xfd, 0xdd, 0xd0, 0x0,
    0xe0, 0xe, 0x35, 0xd0, 0x1, 0xd0, 0x0, 0xe0,
    0xe, 0x0, 0xfc, 0xcd, 0xd0, 0x0, 0xe0, 0xe,
    0x94, 0xd0, 0x1, 0xd0, 0x0, 0xe0, 0x5e, 0x50,
    0xfb, 0xbc, 0xd0, 0x0, 0xe0, 0x1, 0x0, 0xe1,
    0x13, 0xd0, 0x0, 0x0, 0x0, 0x0, 0x0, 0x0,
    0x0,

    /* U+50CF "像" */
    0x0, 0x7, 0x30, 0x66, 0x0, 0x0, 0x0, 0x0,
    0x1f, 0x12, 0xfe, 0xdd, 0x30, 0x0, 0x0, 0x8a,
    0x1d, 0x50, 0x2d, 0x0, 0x0, 0x2, 0xf5, 0xdf,
    0xcc, 0xee, 0xcc, 0x20, 0xd, 0xf3, 0x6d, 0x0,
    0xd1, 0xc, 0x30, 0x8c, 0xf1, 0x1f, 0xcd, 0xfc,
    0xcf, 0x30, 0x31, 0xe1, 0x0, 0x9f, 0x30, 0x2,
    0x0, 0x0, 0xe1, 0x8d, 0x75, 0xc0, 0x8c, 0x10,
    0x0, 0xe1, 0x20, 0x7b, 0x9d, 0xd1, 0x0, 0x0,
    0xe1, 0x7d, 0x71, 0xca, 0x68, 0x0, 0x0, 0xe1,
    0x31, 0x6c, 0x4b, 0xd, 0x40, 0x0, 0xe1, 0x8e,
    0x80, 0x4b, 0x2, 0xd0, 0x0, 0xe1, 0x50, 0xd,
    0xe3, 0x0, 0x0, 0x0, 0x0, 0x0, 0x0, 0x0,
    0x0, 0x0,

    /* U+513F "儿" */
    0x0, 0x0, 0x0, 0x0, 0x0, 0x0, 0x0, 0x0,
    0x2, 0xe0, 0x0, 0xf, 0x10, 0x0, 0x0, 0x2,
    0xe0, 0x0, 0xf, 0x10, 0x0, 0x0, 0x2, 0xe0,
    0x0, 0xf, 0x10, 0x0, 0x0, 0x2, 0xe0, 0x0,
    0xf, 0x10, 0x0, 0x0, 0x2, 0xe0, 0x0, 0xf,
    0x10, 0x0, 0x0, 0x3, 0xd0, 0x0, 0xf, 0x10,
    0x0, 0x0, 0x4, 0xc0, 0x0, 0xf, 0x10, 0x0,
    0x0, 0x8, 0x90, 0x0, 0xf, 0x10, 0x0, 0x0,
    0xd, 0x50, 0x0, 0xf, 0x10, 0x27, 0x0, 0x7d,
    0x0, 0x0, 0xf, 0x10, 0x4b, 0x6, 0xf3, 0x0,
    0x0, 0xf, 0x30, 0x69, 0x1e, 0x30, 0x0, 0x0,
    0xa, 0xff, 0xe3, 0x0, 0x0, 0x0, 0x0, 0x0,
    0x0, 0x0,

    /* U+5143 "元" */
    0x0, 0xde, 0xee, 0xee, 0xee, 0xee, 0x0, 0x0,
    0x11, 0x11, 0x11, 0x11, 0x11, 0x0, 0x0, 0x0,
    0x0, 0x0, 0x0, 0x0, 0x0, 0x0, 0x0, 0x0,
    0x0, 0x0, 0x0, 0x0, 0x2f, 0xff, 0xff, 0xff,
    0xff, 0xff, 0xf2, 0x1, 0x11, 0xb7, 0x11, 0xd4,
    0x11, 0x10, 0x0, 0x0, 0xc5, 0x0, 0xd3, 0x0,
    0x0, 0x0, 0x0, 0xf2, 0x0, 0xd3, 0x0, 0x0,
    0x0, 0x5, 0xd0, 0x0, 0xd3, 0x0, 0x51, 0x0,
    0x1e, 0x60, 0x0, 0xd3, 0x0, 0xa5, 0x2, 0xca,
    0x0, 0x0, 0xd4, 0x0, 0xc3, 0x1e, 0x70, 0x0,
    0x0, 0x8f, 0xff, 0xc0, 0x0, 0x0, 0x0, 0x0,
    0x0, 0x0, 0x0,

    /* U+5148 "先" */
    0x0, 0x6, 0x30, 0x88, 0x0, 0x0, 0x0, 0x0,
    0xe, 0x30, 0x88, 0x0, 0x0, 0x0, 0x0, 0x4f,
    0xcc, 0xee, 0xcc, 0xcc, 0x10, 0x0, 0xc8, 0x33,
    0xaa, 0x33, 0x33, 0x0, 0x5, 0xd0, 0x0, 0x88,
    0x0, 0x0, 0x0, 0x0, 0x20, 0x0, 0x88, 0x0,
    0x0, 0x0, 0x2f, 0xff, 0xff, 0xff, 0xff, 0xff,
    0xf2, 0x0, 0x0, 0x98, 0x0, 0xb5, 0x0, 0x0,
    0x0, 0x0, 0xb5, 0x0, 0xb5, 0x0, 0x0, 0x0,
    0x1, 0xf1, 0x0, 0xb5, 0x0, 0x10, 0x0, 0x9,
    0xa0, 0x0, 0xb5, 0x0, 0xa4, 0x0, 0x9d, 0x10,
    0x0, 0xb6, 0x0, 0xc3, 0x1e, 0xa1, 0x0, 0x0,
    0x6f, 0xff, 0xc0, 0x1, 0x0, 0x0, 0x0, 0x0,
    0x0, 0x0,

    /* U+5165 "入" */
    0x0, 0x0, 0x20, 0x0, 0x0, 0x0, 0x0, 0x0,
    0x0, 0x9c, 0x10, 0x0, 0x0, 0x0, 0x0, 0x0,
    0xa, 0xc0, 0x0, 0x0, 0x0, 0x0, 0x0, 0x0,
    0xd8, 0x0, 0x0, 0x0, 0x0, 0x0, 0x0, 0xdf,
    0x10, 0x0, 0x0, 0x0, 0x0, 0x2, 0xfa, 0x90,
    0x0, 0x0, 0x0, 0x0, 0x7, 0xb1, 0xf2, 0x0,
    0x0, 0x0, 0x0, 0xe, 0x50, 0x8b, 0x0, 0x0,
    0x0, 0x0, 0x8c, 0x0, 0x1f, 0x50, 0x0, 0x0,
    0x4, 0xf3, 0x0, 0x7, 0xe1, 0x0, 0x0, 0x3f,
    0x70, 0x0, 0x0, 0xbc, 0x10, 0x7, 0xf8, 0x0,
    0x0, 0x0, 0x1c, 0xe2, 0x2d, 0x50, 0x0, 0x0,
    0x0, 0x0, 0x92, 0x0, 0x0, 0x0, 0x0, 0x0,
    0x0, 0x0,

    /* U+5168 "全" */
    0x0, 0x0, 0x0, 0x0, 0x0, 0x0, 0x0, 0x0,
    0x0, 0x0, 0x9a, 0x0, 0x0, 0x0, 0x0, 0x0,
    0x6, 0xdd, 0x70, 0x0, 0x0, 0x0, 0x0, 0x6d,
    0x11, 0xd8, 0x0, 0x0, 0x0, 0x9, 0xd2, 0x0,
    0x1c, 0xa1, 0x0, 0x4, 0xda, 0x0, 0x0, 0x0,
    0x9e, 0x60, 0x5e, 0x8d, 0xcc, 0xcc, 0xcc, 0xc9,
    0xe6, 0x0, 0x1, 0x11, 0x99, 0x11, 0x10, 0x0,
    0x0, 0x0, 0x0, 0x88, 0x0, 0x0, 0x0, 0x0,
    0x1a, 0xaa, 0xdd, 0xaa, 0xa3, 0x0, 0x0, 0x3,
    0x33, 0xaa, 0x33, 0x31, 0x0, 0x0, 0x0, 0x0,
    0x88, 0x0, 0x0, 0x0, 0x0, 0x0, 0x0, 0x88,
    0x0, 0x0, 0x0, 0xe, 0xff, 0xff, 0xff, 0xff,
    0xff, 0xf0,

    /* U+516B "八" */
    0x0, 0x0, 0x50, 0x0, 0xa0, 0x0, 0x0, 0x0,
    0x0, 0xf1, 0x0, 0xe1, 0x0, 0x0, 0x0, 0x2,
    0xf0, 0x0, 0xc4, 0x0, 0x0, 0x0, 0x4, 0xd0,
    0x0, 0xa7, 0x0, 0x0, 0x0, 0x7, 0xa0, 0x0,
    0x6a, 0x0, 0x0, 0x0, 0xa, 0x70, 0x0, 0x3e,
    0x0, 0x0, 0x0, 0xe, 0x30, 0x0, 0xd, 0x40,
    0x0, 0x0, 0x4d, 0x0, 0x0, 0x7, 0xa0, 0x0,
    0x0, 0xb7, 0x0, 0x0, 0x1, 0xf2, 0x0, 0x4,
    0xf1, 0x0, 0x0, 0x0, 0x9b, 0x0, 0x2e, 0x50,
    0x0, 0x0, 0x0, 0xd, 0x90, 0x77, 0x0, 0x0,
    0x0, 0x0, 0x2, 0xd2, 0x0, 0x0, 0x0, 0x0,
    0x0, 0x0, 0x0,

    /* U+516C "公" */
    0x0, 0x0, 0x0, 0x0, 0x1, 0x0, 0x0, 0x0,
    0x0, 0xc6, 0x0, 0x7c, 0x0, 0x0, 0x0, 0x5,
    0xe0, 0x0, 0xd, 0x60, 0x0, 0x0, 0xd, 0x60,
    0x0, 0x4, 0xf2, 0x0, 0x0, 0xac, 0x0, 0x10,
    0x0, 0x9d, 0x0, 0x9, 0xd1, 0x0, 0xe6, 0x0,
    0xc, 0xc1, 0x1b, 0x20, 0x8, 0xd0, 0x0, 0x1,
    0xb2, 0x0, 0x0, 0x1f, 0x40, 0x0, 0x0, 0x0,
    0x0, 0x0, 0xba, 0x0, 0x2d, 0x10, 0x0, 0x0,
    0x6, 0xd0, 0x0, 0x9, 0xb0, 0x0, 0x0, 0x3e,
    0x20, 0x12, 0x34, 0xf7, 0x0, 0x0, 0xff, 0xff,
    0xfe, 0xdc, 0xbf, 0x20, 0x0, 0x43, 0x10, 0x0,
    0x0, 0x9, 0xa0, 0x0, 0x0, 0x0, 0x0, 0x0,
    0x0, 0x0,

    /* U+516D "六" */
    0x0, 0x0, 0x1, 0x80, 0x0, 0x0, 0x0, 0x0,
    0x0, 0x0, 0xe5, 0x0, 0x0, 0x0, 0x0, 0x0,
    0x0, 0x7d, 0x0, 0x0, 0x0, 0x0, 0x0, 0x0,
    0x27, 0x10, 0x0, 0x0, 0x3f, 0xff, 0xff, 0xff,
    0xff, 0xff, 0xf3, 0x0, 0x0, 0x0, 0x0, 0x0,
    0x0, 0x0, 0x0, 0x0, 0x30, 0x0, 0x13, 0x0,
    0x0, 0x0, 0x2, 0xf3, 0x0, 0x3f, 0x20, 0x0,
    0x0, 0xb, 0xa0, 0x0, 0x8, 0xc0, 0x0, 0x0,
    0x4f, 0x10, 0x0, 0x0, 0xd7, 0x0, 0x1, 0xe7,
    0x0, 0x0, 0x0, 0x3f, 0x20, 0xb, 0xc0, 0x0,
    0x0, 0x0, 0x9, 0xc0, 0x2c, 0x10, 0x0, 0x0,
    0x0, 0x1, 0xb1, 0x0, 0x0, 0x0, 0x0, 0x0,
    0x0, 0x0,

    /* U+5173 "关" */
    0x0, 0x7, 0x30, 0x0, 0x3, 0xa0, 0x0, 0x0,
    0x4, 0xe0, 0x0, 0xb, 0x70, 0x0, 0x0, 0x0,
    0xb3, 0x0, 0x4d, 0x0, 0x0, 0x2, 0xff, 0xff,
    0xff, 0xff, 0xff, 0x50, 0x0, 0x11, 0x11, 0x9a,
    0x11, 0x11, 0x0, 0x0, 0x0, 0x0, 0x8a, 0x0,
    0x0, 0x0, 0x1, 0x11, 0x11, 0x9a, 0x11, 0x11,
    0x10, 0xf, 0xff, 0xff, 0xff, 0xff, 0xff, 0xf1,
    0x0, 0x0, 0x1, 0xff, 0x40, 0x0, 0x0, 0x0,
    0x0, 0xa, 0xc4, 0xe1, 0x0, 0x0, 0x0, 0x1,
    0xae, 0x20, 0x8d, 0x20, 0x0, 0x0, 0x6e, 0xc2,
    0x0, 0x7, 0xf8, 0x20, 0x1e, 0xc5, 0x0, 0x0,
    0x0, 0x3b, 0xf2, 0x1, 0x0, 0x0, 0x0, 0x0,
    0x0, 0x0,

    /* U+5174 "兴" */
    0x0, 0x0, 0x4, 0x20, 0x0, 0x0, 0x0, 0x5,
    0x0, 0x8, 0xa0, 0x0, 0x4, 0xf1, 0xa, 0x80,
    0x1, 0xf1, 0x0, 0xc, 0x80, 0x1, 0xe2, 0x0,
    0xb6, 0x0, 0x4f, 0x10, 0x0, 0x8a, 0x0, 0x69,
    0x0, 0xd6, 0x0, 0x0, 0x1c, 0x0, 0x0, 0x7,
    0xc0, 0x0, 0x0, 0x0, 0x0, 0x0, 0x5, 0x20,
    0x0, 0x1f, 0xff, 0xff, 0xff, 0xff, 0xff, 0xf7,
    0x0, 0x0, 0x20, 0x0, 0x1, 0x0, 0x0, 0x0,
    0x3, 0xf3, 0x0, 0xd, 0x70, 0x0, 0x0, 0x2e,
    0x60, 0x0, 0x1, 0xd8, 0x0, 0x4, 0xe7, 0x0,
    0x0, 0x0, 0x1d, 0x80, 0xc, 0x50, 0x0, 0x0,
    0x0, 0x2, 0xd2, 0x0, 0x0, 0x0, 0x0, 0x0,
    0x0, 0x0,

    /* U+518D "再" */
    0xb, 0xff, 0xff, 0xff, 0xff, 0xff, 0xf2, 0x0,
    0x0, 0x0, 0x5b, 0x0, 0x0, 0x0, 0x0, 0x6c,
    0xcc, 0xde, 0xcc, 0xcc, 0x0, 0x0, 0x89, 0x22,
    0x7c, 0x22, 0x3f, 0x0, 0x0, 0x87, 0x0, 0x5b,
    0x0, 0xf, 0x0, 0x0, 0x8f, 0xee, 0xff, 0xee,
    0xef, 0x0, 0x0, 0x87, 0x0, 0x5b, 0x0, 0xf,
    0x0, 0x0, 0x97, 0x0, 0x6b, 0x0, 0x1f, 0x0,
    0x3e, 0xff, 0xee, 0xee, 0xee, 0xff, 0xea, 0x0,
    0x87, 0x0, 0x0, 0x0, 0xf, 0x0, 0x0, 0x87,
    0x0, 0x0, 0x0, 0x1f, 0x0, 0x0, 0x87, 0x0,
    0x0, 0x4f, 0xfa, 0x0,

    /* U+51E0 "几" */
    0x0, 0x3, 0xff, 0xff, 0xff, 0x20, 0x0, 0x0,
    0x3, 0xd0, 0x0, 0xe, 0x20, 0x0, 0x0, 0x3,
    0xd0, 0x0, 0xe, 0x20, 0x0, 0x0, 0x3, 0xd0,
    0x0, 0xe, 0x20, 0x0, 0x0, 0x3, 0xd0, 0x0,
    0xe, 0x20, 0x0, 0x0, 0x4, 0xc0, 0x0, 0xe,
    0x20, 0x0, 0x0, 0x5, 0xb0, 0x0, 0xe, 0x20,
    0x0, 0x0, 0x9, 0x80, 0x0, 0xe, 0x20, 0x0,
    0x0, 0xd, 0x40, 0x0, 0xe, 0x20, 0x25, 0x0,
    0x6d, 0x0, 0x0, 0xe, 0x20, 0x4b, 0x3, 0xe4,
    0x0, 0x0, 0xe, 0x40, 0x69, 0xe, 0x60, 0x0,
    0x0, 0x9, 0xff, 0xe3, 0x1, 0x0, 0x0, 0x0,
    0x0, 0x0, 0x0,

    /* U+51FA "出" */
    0x0, 0x0, 0x3, 0xe0, 0x0, 0x0, 0x7, 0x40,
    0x3, 0xe0, 0x0, 0xa2, 0xa, 0x60, 0x3, 0xe0,
    0x0, 0xe2, 0xa, 0x60, 0x3, 0xe0, 0x0, 0xe2,
    0xa, 0x60, 0x3, 0xe0, 0x0, 0xe2, 0xa, 0xfe,
    0xee, 0xfe, 0xee, 0xf2, 0x1, 0x11, 0x15, 0xe1,
    0x11, 0x10, 0x4b, 0x0, 0x3, 0xe0, 0x0, 0x5a,
    0x5d, 0x0, 0x3, 0xe0, 0x0, 0x5b, 0x5d, 0x0,
    0x3, 0xe0, 0x0, 0x5b, 0x5d, 0x0, 0x3, 0xe0,
    0x0, 0x5b, 0x5f, 0xff, 0xff, 0xff, 0xff, 0xfb,
    0x1, 0x11, 0x11, 0x11, 0x11, 0x6b,

    /* U+5207 "切" */
    0x0, 0xe1, 0x3, 0xbb, 0xbb, 0xbb, 0xb0, 0x0,
    0xe1, 0x1, 0x44, 0xf4, 0x45, 0xf0, 0x0, 0xe4,
    0x67, 0x0, 0xf0, 0x1, 0xf0, 0x6c, 0xfd, 0x95,
    0x1, 0xe0, 0x2, 0xe0, 0x43, 0xe1, 0x0, 0x2,
    0xd0, 0x2, 0xe0, 0x0, 0xe1, 0x0, 0x5, 0xb0,
    0x3, 0xd0, 0x0, 0xe1, 0x0, 0x8, 0x80, 0x4,
    0xc0, 0x0, 0xe1, 0x5b, 0xc, 0x50, 0x5, 0xc0,
    0x1, 0xfe, 0xb4, 0x4e, 0x0, 0x6, 0xa0, 0x5,
    0xb3, 0x0, 0xc7, 0x0, 0x8, 0x90, 0x0, 0x0,
    0xa, 0xc0, 0x0, 0x1d, 0x60, 0x0, 0x0, 0x7c,
    0x10, 0x2f, 0xfc, 0x0, 0x0, 0x0, 0x0, 0x0,
    0x0, 0x0, 0x0,

    /* U+521D "初" */
    0x0, 0x32, 0x0, 0x0, 0x0, 0x0, 0x0, 0x5,
    0xd0, 0x5, 0x55, 0x55, 0x55, 0x0, 0x1a, 0x21,
    0xaa, 0xfb, 0xab, 0xf2, 0xee, 0xef, 0x70, 0xe,
    0x20, 0x1e, 0x0, 0x1, 0xd1, 0x0, 0xf1, 0x1,
    0xe0, 0x0, 0xb6, 0x20, 0xf, 0x0, 0x2d, 0x0,
    0x7f, 0x6c, 0x3, 0xe0, 0x3, 0xd0, 0x7f, 0xff,
    0x20, 0x6a, 0x0, 0x3c, 0x4e, 0x5e, 0x5c, 0xa,
    0x70, 0x4, 0xb0, 0x22, 0xe0, 0x21, 0xf2, 0x0,
    0x6a, 0x0, 0x2e, 0x0, 0x8a, 0x0, 0x8, 0x80,
    0x2, 0xe0, 0x5f, 0x20, 0x0, 0xc5, 0x0, 0x2e,
    0xc, 0x40, 0x3f, 0xfc, 0x0, 0x0, 0x10, 0x0,
    0x0, 0x0, 0x0,

    /* U+5229 "利" */
    0x0, 0x0, 0x0, 0x0, 0x0, 0x0, 0x0, 0x0,
    0x4, 0xaf, 0x20, 0x0, 0xf, 0x8, 0xcf, 0xfa,
    0x30, 0x0, 0x0, 0xf0, 0x75, 0x5d, 0x0, 0x7,
    0x80, 0xf, 0x0, 0x2, 0xd0, 0x0, 0x78, 0x0,
    0xf0, 0x77, 0x9e, 0x77, 0x47, 0x80, 0xf, 0x7,
    0x7b, 0xe7, 0x74, 0x78, 0x0, 0xf0, 0x0, 0xee,
    0x10, 0x7, 0x80, 0xf, 0x0, 0x6c, 0xfd, 0x30,
    0x78, 0x0, 0xf0, 0x1d, 0x4d, 0x3e, 0x37, 0x80,
    0xf, 0xc, 0x72, 0xd0, 0x31, 0x56, 0x0, 0xf3,
    0xa0, 0x2d, 0x0, 0x0, 0x0, 0xf, 0x0, 0x2,
    0xd0, 0x0, 0x0, 0x2, 0xf0, 0x0, 0x2d, 0x0,
    0x0, 0x5f, 0xf9, 0x0, 0x0, 0x0, 0x0, 0x0,
    0x0, 0x0,

    /* U+5230 "到" */
    0x0, 0x0, 0x0, 0x0, 0x0, 0x1, 0xe0, 0xee,
    0xff, 0xee, 0xe2, 0x80, 0x1e, 0x0, 0x1e, 0x13,
    0x20, 0xf, 0x1, 0xe0, 0x9, 0x70, 0x3d, 0x0,
    0xf0, 0x1e, 0x5, 0xf7, 0x89, 0xe9, 0xf, 0x1,
    0xe0, 0x59, 0x76, 0x43, 0xc0, 0xf0, 0x1e, 0x0,
    0x0, 0xd1, 0x0, 0xf, 0x1, 0xe0, 0x47, 0x7e,
    0x87, 0x70, 0xf0, 0x1e, 0x4, 0x77, 0xe8, 0x77,
    0xf, 0x1, 0xe0, 0x0, 0xd, 0x10, 0x0, 0xf0,
    0x1e, 0x0, 0x0, 0xe6, 0x7b, 0x0, 0x1, 0xe0,
    0x8b, 0xee, 0xb8, 0x40, 0x0, 0x2e, 0x7, 0x51,
    0x0, 0x0, 0x2, 0xff, 0x80, 0x0, 0x0, 0x0,
    0x0, 0x0, 0x0,

    /* U+529B "力" */
    0x0, 0x0, 0x2, 0xe0, 0x0, 0x0, 0x0, 0x0,
    0x0, 0x2e, 0x0, 0x0, 0x0, 0x0, 0x0, 0x2,
    0xe0, 0x0, 0x0, 0x0, 0x8e, 0xee, 0xef, 0xee,
    0xee, 0xed, 0x1, 0x22, 0x26, 0xd2, 0x22, 0x24,
    0xe0, 0x0, 0x0, 0x6a, 0x0, 0x0, 0x3d, 0x0,
    0x0, 0xa, 0x80, 0x0, 0x4, 0xc0, 0x0, 0x0,
    0xf3, 0x0, 0x0, 0x6a, 0x0, 0x0, 0x6d, 0x0,
    0x0, 0x8, 0x90, 0x0, 0x2f, 0x40, 0x0, 0x0,
    0x97, 0x0, 0x1c, 0x90, 0x0, 0x0, 0xc, 0x40,
    0x2d, 0xc0, 0x0, 0x1, 0x3, 0xf1, 0xb, 0xa0,
    0x0, 0x0, 0xff, 0xf7, 0x0, 0x0, 0x0, 0x0,
    0x0, 0x0, 0x0,

    /* U+52A0 "加" */
    0x0, 0x3c, 0x0, 0x0, 0x0, 0x0, 0x0, 0x3,
    0xc0, 0x0, 0x2, 0x22, 0x22, 0x0, 0x4c, 0x0,
    0x0, 0xef, 0xff, 0xe3, 0xff, 0xff, 0xfe, 0xe,
    0x10, 0x2e, 0x0, 0x4b, 0x2, 0xe0, 0xe0, 0x1,
    0xe0, 0x5, 0xa0, 0x2d, 0xe, 0x0, 0x1e, 0x0,
    0x69, 0x2, 0xd0, 0xe0, 0x1, 0xe0, 0x9, 0x70,
    0x3d, 0xe, 0x0, 0x1e, 0x0, 0xb4, 0x4, 0xc0,
    0xe0, 0x1, 0xe0, 0xf, 0x10, 0x4b, 0xe, 0x0,
    0x1e, 0x5, 0xb0, 0x6, 0xa0, 0xe1, 0x2, 0xe0,
    0xd5, 0x0, 0x98, 0xe, 0xff, 0xfe, 0x5b, 0x7,
    0xfe, 0x20, 0xe0, 0x1, 0xd0, 0x0, 0x0, 0x0,
    0x0, 0x0, 0x0,

    /* U+52A1 "务" */
    0x0, 0x0, 0x6, 0x20, 0x0, 0x0, 0x0, 0x0,
    0x0, 0x7d, 0x11, 0x11, 0x11, 0x0, 0x0, 0x7,
    0xec, 0xcc, 0xcc, 0xfc, 0x0, 0x2, 0xcc, 0xd3,
    0x0, 0x8, 0xc1, 0x0, 0x5, 0x60, 0x2c, 0x96,
    0xd8, 0x0, 0x0, 0x0, 0x14, 0x7c, 0xdc, 0xd9,
    0x53, 0x20, 0x2e, 0xca, 0x62, 0x31, 0x15, 0x8a,
    0xc2, 0x0, 0x0, 0x0, 0xe2, 0x0, 0x0, 0x0,
    0x3, 0xee, 0xee, 0xfe, 0xee, 0xef, 0x10, 0x0,
    0x0, 0xa, 0x70, 0x0, 0xf, 0x0, 0x0, 0x0,
    0x7d, 0x0, 0x0, 0x3d, 0x0, 0x0, 0x4b, 0xd1,
    0x0, 0x0, 0x89, 0x0, 0xd, 0xc6, 0x0, 0x5,
    0xee, 0xc2, 0x0, 0x0, 0x0, 0x0, 0x0, 0x0,
    0x0, 0x0,

    /* U+52A8 "动" */
    0x0, 0x0, 0x0, 0x0, 0xd, 0x20, 0x0, 0xa,
    0xdd, 0xdd, 0x80, 0xe, 0x20, 0x0, 0x1, 0x11,
    0x11, 0x10, 0xe, 0x20, 0x0, 0x0, 0x0, 0x0,
    0x7, 0x8f, 0x98, 0x81, 0x0, 0x0, 0x0, 0x9,
    0xaf, 0xaa, 0xf3, 0x3e, 0xef, 0xee, 0xd0, 0xf,
    0x0, 0xd2, 0x0, 0x78, 0x0, 0x0, 0x1e, 0x0,
    0xe2, 0x0, 0xc3, 0xb, 0x0, 0x4c, 0x0, 0xe1,
    0x1, 0xd0, 0xa, 0x40, 0x78, 0x0, 0xf0, 0x7,
    0x82, 0x5b, 0xa0, 0xc5, 0x0, 0xf0, 0xe, 0xfc,
    0x95, 0xe4, 0xe0, 0x2, 0xd0, 0x4, 0x0, 0x0,
    0x1d, 0x70, 0x7, 0xb0, 0x0, 0x0, 0x0, 0x5b,
    0xb, 0xfe, 0x40, 0x0, 0x0, 0x0, 0x0, 0x0,
    0x0, 0x0,

    /* U+52A9 "助" */
    0x0, 0x0, 0x0, 0x0, 0x3c, 0x0, 0x0, 0xbf,
    0xff, 0xe0, 0x3, 0xc0, 0x0, 0xb, 0x30, 0x1e,
    0x0, 0x3c, 0x0, 0x0, 0xb3, 0x1, 0xe5, 0x8a,
    0xe8, 0x87, 0xb, 0xfe, 0xfe, 0x47, 0xad, 0x78,
    0xd0, 0xb3, 0x1, 0xe0, 0x6, 0x90, 0x2d, 0xb,
    0x30, 0x1e, 0x0, 0x87, 0x3, 0xc0, 0xbf, 0xef,
    0xe0, 0xb, 0x40, 0x4c, 0xb, 0x30, 0x1e, 0x0,
    0xf0, 0x4, 0xb0, 0xb3, 0x3, 0xf6, 0x6b, 0x0,
    0x5a, 0x4d, 0xdf, 0xd9, 0x6e, 0x30, 0x7, 0x96,
    0x84, 0x10, 0x1d, 0x80, 0x0, 0xa6, 0x0, 0x0,
    0xa, 0x80, 0xe, 0xfd, 0x10, 0x0, 0x0, 0x0,
    0x0, 0x0, 0x0,

    /* U+5305 "包" */
    0x0, 0x0, 0xb4, 0x0, 0x0, 0x0, 0x0, 0x0,
    0x5, 0xe0, 0x0, 0x0, 0x0, 0x0, 0x0, 0xe,
    0xff, 0xff, 0xff, 0xff, 0x50, 0x0, 0xa9, 0x0,
    0x0, 0x0, 0xb, 0x50, 0xa, 0xd3, 0x33, 0x33,
    0x20, 0xc, 0x40, 0x1c, 0x3f, 0xbb, 0xbc, 0xd0,
    0xc, 0x30, 0x0, 0x1e, 0x0, 0x2, 0xd0, 0xd,
    0x20, 0x0, 0x1e, 0x11, 0x14, 0xd0, 0xf, 0x10,
    0x0, 0x1f, 0xbb, 0xbb, 0xa0, 0x2f, 0x0, 0x0,
    0x1e, 0x0, 0x0, 0xb, 0xe8, 0x0, 0x0, 0x1e,
    0x0, 0x0, 0x0, 0x0, 0x65, 0x0, 0xf, 0x30,
    0x0, 0x0, 0x1, 0xc6, 0x0, 0x8, 0xef, 0xff,
    0xff, 0xff, 0xb0,

    /* U+5319 "匙" */
    0x0, 0x0, 0x0, 0x0, 0x78, 0x0, 0x0, 0x7,
    0xec, 0xcc, 0xf2, 0x78, 0x0, 0x0, 0x7, 0xc9,
    0x99, 0xe2, 0x78, 0x0, 0x40, 0x7, 0x81, 0x11,
    0xc2, 0x78, 0x2b, 0xd2, 0x7, 0xdb, 0xbb, 0xe2,
    0x7e, 0xd6, 0x0, 0x0, 0x11, 0x11, 0x10, 0x7a,
    0x0, 0x0, 0x2e, 0xee, 0xee, 0xed, 0x78, 0x0,
    0x0, 0x0, 0x20, 0xf0, 0x0, 0x78, 0x0, 0x0,
    0x4, 0xb0, 0xf3, 0x31, 0x78, 0x0, 0x38, 0x5,
    0xa0, 0xfb, 0xb5, 0x6b, 0x21, 0x79, 0x8, 0xf3,
    0xf0, 0x0, 0x1b, 0xcc, 0xc2, 0xd, 0x4d, 0xf2,
    0x0, 0x0, 0x0, 0x0, 0x3c, 0x0, 0x7b, 0xee,
    0xee, 0xee, 0xf9, 0x1, 0x0, 0x0, 0x0, 0x0,
    0x0, 0x0,

    /* U+533B "医" */
    0xef, 0xff, 0xff, 0xff, 0xff, 0xfc, 0xe, 0x20,
    0x8, 0x0, 0x0, 0x0, 0x0, 0xe2, 0x8, 0xc1,
    0x11, 0x11, 0x10, 0xe, 0x23, 0xec, 0xcf, 0xdc,
    0xca, 0x0, 0xe2, 0xb4, 0x0, 0xd3, 0x0, 0x0,
    0xe, 0x23, 0x33, 0x3e, 0x63, 0x33, 0x10, 0xe2,
    0xbb, 0xbc, 0xfc, 0xbb, 0xb5, 0xe, 0x20, 0x0,
    0x6e, 0xc2, 0x0, 0x0, 0xe2, 0x0, 0x5e, 0x34,
    0xe5, 0x0, 0xe, 0x26, 0xcc, 0x20, 0x2, 0xd6,
    0x0, 0xe5, 0x87, 0x33, 0x33, 0x35, 0x83, 0xb,
    0xcc, 0xcc, 0xcc, 0xcc, 0xcc, 0xc1,

    /* U+5341 "十" */
    0x0, 0x0, 0x0, 0x6b, 0x0, 0x0, 0x0, 0x0,
    0x0, 0x0, 0x6b, 0x0, 0x0, 0x0, 0x0, 0x0,
    0x0, 0x6b, 0x0, 0x0, 0x0, 0x0, 0x0, 0x0,
    0x6b, 0x0, 0x0, 0x0, 0x0, 0x0, 0x0, 0x6b,
    0x0, 0x0, 0x0, 0x4, 0x44, 0x44, 0x9d, 0x44,
    0x44, 0x42, 0xc, 0xcc, 0xcc, 0xdf, 0xcc, 0xcc,
    0xc5, 0x0, 0x0, 0x0, 0x6b, 0x0, 0x0, 0x0,
    0x0, 0x0, 0x0, 0x6b, 0x0, 0x0, 0x0, 0x0,
    0x0, 0x0, 0x6b, 0x0, 0x0, 0x0, 0x0, 0x0,
    0x0, 0x6b, 0x0, 0x0, 0x0, 0x0, 0x0, 0x0,
    0x6b, 0x0, 0x0, 0x0, 0x0, 0x0, 0x0, 0x6b,
    0x0, 0x0, 0x0,

    /* U+5348 "午" */
    0x0, 0x6, 0x70, 0x0, 0x0, 0x0, 0x0, 0x0,
    0xd, 0x60, 0x0, 0x0, 0x0, 0x0, 0x0, 0x3f,
    0xff, 0xff, 0xff, 0xff, 0x50, 0x0, 0xc8, 0x11,
    0x6b, 0x11, 0x11, 0x0, 0x8, 0xe0, 0x0, 0x5b,
    0x0, 0x0, 0x0, 0xa, 0x30, 0x0, 0x5b, 0x0,
    0x0, 0x0, 0x1, 0x11, 0x11, 0x6b, 0x11, 0x11,
    0x10, 0x1f, 0xff, 0xff, 0xff, 0xff, 0xff, 0xf6,
    0x0, 0x0, 0x0, 0x5b, 0x0, 0x0, 0x0, 0x0,
    0x0, 0x0, 0x5b, 0x0, 0x0, 0x0, 0x0, 0x0,
    0x0, 0x5b, 0x0, 0x0, 0x0, 0x0, 0x0, 0x0,
    0x5b, 0x0, 0x0, 0x0, 0x0, 0x0, 0x0, 0x5b,
    0x0, 0x0, 0x0,

    /* U+534A "半" */
    0x0, 0x33, 0x0, 0x6a, 0x0, 0x7, 0x0, 0x0,
    0x6c, 0x0, 0x6a, 0x0, 0x6d, 0x0, 0x0, 0xd,
    0x50, 0x6a, 0x0, 0xd4, 0x0, 0x0, 0x7, 0xa0,
    0x6a, 0x6, 0xb0, 0x0, 0x0, 0x11, 0x11, 0x7b,
    0x11, 0x21, 0x0, 0x2, 0xff, 0xff, 0xff, 0xff,
    0xff, 0x90, 0x0, 0x0, 0x0, 0x6a, 0x0, 0x0,
    0x0, 0x0, 0x0, 0x0, 0x6a, 0x0, 0x0, 0x0,
    0x1f, 0xff, 0xff, 0xff, 0xff, 0xff, 0xf6, 0x1,
    0x11, 0x11, 0x7b, 0x11, 0x11, 0x10, 0x0, 0x0,
    0x0, 0x6a, 0x0, 0x0, 0x0, 0x0, 0x0, 0x0,
    0x6a, 0x0, 0x0, 0x0, 0x0, 0x0, 0x0, 0x6a,
    0x0, 0x0, 0x0,

    /* U+5355 "单" */
    0x0, 0x1, 0x30, 0x0, 0x0, 0x50, 0x0, 0x0,
    0x2, 0xe2, 0x0, 0x7, 0xc0, 0x0, 0x0, 0x11,
    0x8a, 0x11, 0x3f, 0x41, 0x0, 0x0, 0xcd, 0xcc,
    0xde, 0xcc, 0xcf, 0x30, 0x0, 0xc4, 0x0, 0x6a,
    0x0, 0xd, 0x30, 0x0, 0xcd, 0xdd, 0xef, 0xdd,
    0xdf, 0x30, 0x0, 0xc4, 0x0, 0x6a, 0x0, 0xd,
    0x30, 0x0, 0xcd, 0xdd, 0xef, 0xdd, 0xdf, 0x30,
    0x0, 0x1, 0x11, 0x7b, 0x11, 0x11, 0x0, 0x2,
    0x22, 0x22, 0x7b, 0x22, 0x22, 0x21, 0x1c, 0xcc,
    0xcc, 0xef, 0xcc, 0xcc, 0xc5, 0x0, 0x0, 0x0,
    0x6a, 0x0, 0x0, 0x0, 0x0, 0x0, 0x0, 0x6a,
    0x0, 0x0, 0x0,

    /* U+535C "卜" */
    0xe3, 0x0, 0x0, 0x0, 0xe3, 0x0, 0x0, 0x0,
    0xe3, 0x0, 0x0, 0x0, 0xe3, 0x0, 0x0, 0x0,
    0xe9, 0x30, 0x0, 0x0, 0xea, 0xfb, 0x30, 0x0,
    0xe3, 0x18, 0xfb, 0x30, 0xe3, 0x0, 0x1a, 0xf3,
    0xe3, 0x0, 0x0, 0x30, 0xe3, 0x0, 0x0, 0x0,
    0xe3, 0x0, 0x0, 0x0, 0xe3, 0x0, 0x0, 0x0,
    0xe3, 0x0, 0x0, 0x0,

    /* U+5361 "卡" */
    0x0, 0x0, 0x0, 0xb4, 0x0, 0x0, 0x0, 0x0,
    0x0, 0x0, 0xb4, 0x0, 0x0, 0x0, 0x0, 0x0,
    0x0, 0xbf, 0xff, 0xfd, 0x0, 0x0, 0x0, 0x0,
    0xb5, 0x0, 0x0, 0x0, 0x0, 0x0, 0x0, 0xb4,
    0x0, 0x0, 0x0, 0x1d, 0xdd, 0xdd, 0xfe, 0xdd,
    0xdd, 0xd6, 0x3, 0x33, 0x33, 0xc7, 0x33, 0x33,
    0x31, 0x0, 0x0, 0x0, 0xb5, 0x10, 0x0, 0x0,
    0x0, 0x0, 0x0, 0xb8, 0xea, 0x40, 0x0, 0x0,
    0x0, 0x0, 0xb5, 0x6, 0xdd, 0x50, 0x0, 0x0,
    0x0, 0xb5, 0x0, 0x5, 0x30, 0x0, 0x0, 0x0,
    0xb5, 0x0, 0x0, 0x0, 0x0, 0x0, 0x0, 0xb5,
    0x0, 0x0, 0x0,

    /* U+5371 "危" */
    0x0, 0x0, 0xc4, 0x0, 0x0, 0x0, 0x0, 0x0,
    0x8, 0xfe, 0xee, 0xe6, 0x0, 0x0, 0x0, 0x2f,
    0x30, 0x1, 0xf2, 0x0, 0x0, 0x2, 0xea, 0x33,
    0x39, 0xb3, 0x33, 0x30, 0x3e, 0xfc, 0xbb, 0xbb,
    0xbb, 0xbb, 0xb2, 0x46, 0xd2, 0x0, 0x0, 0x0,
    0x0, 0x0, 0x0, 0xe2, 0x2f, 0xee, 0xee, 0xf4,
    0x0, 0x0, 0xf1, 0x2d, 0x0, 0x0, 0xd3, 0x0,
    0x1, 0xf0, 0x2d, 0x0, 0x0, 0xf1, 0x0, 0x3,
    0xd0, 0x2d, 0x0, 0xcd, 0xb0, 0x0, 0x8, 0x80,
    0x2d, 0x0, 0x11, 0x0, 0x94, 0x2e, 0x20, 0x1f,
    0x10, 0x0, 0x0, 0xd3, 0x88, 0x0, 0xa, 0xff,
    0xff, 0xff, 0xa0, 0x0, 0x0, 0x0, 0x0, 0x0,
    0x0, 0x0,

    /* U+5385 "厅" */
    0x0, 0xff, 0xff, 0xff, 0xff, 0xff, 0xf8, 0x0,
    0xf0, 0x0, 0x0, 0x0, 0x0, 0x0, 0x0, 0xf0,
    0x0, 0x0, 0x0, 0x0, 0x0, 0x0, 0xf3, 0xee,
    0xee, 0xee, 0xee, 0xe3, 0x0, 0xf0, 0x11, 0x11,
    0xe4, 0x11, 0x10, 0x1, 0xf0, 0x0, 0x0, 0xe2,
    0x0, 0x0, 0x2, 0xe0, 0x0, 0x0, 0xe2, 0x0,
    0x0, 0x3, 0xd0, 0x0, 0x0, 0xe2, 0x0, 0x0,
    0x5, 0xb0, 0x0, 0x0, 0xe2, 0x0, 0x0, 0x9,
    0x80, 0x0, 0x0, 0xe2, 0x0, 0x0, 0xe, 0x30,
    0x0, 0x0, 0xe2, 0x0, 0x0, 0x2a, 0x0, 0x3,
    0xff, 0xc0, 0x0, 0x0,

    /* U+53BB "去" */
    0x0, 0x0, 0x0, 0x5b, 0x0, 0x0, 0x0, 0x0,
    0x0, 0x0, 0x5b, 0x0, 0x0, 0x0, 0x0, 0xcc,
    0xcc, 0xdf, 0xcc, 0xcc, 0x50, 0x0, 0x44, 0x44,
    0x8c, 0x44, 0x44, 0x10, 0x0, 0x0, 0x0, 0x5b,
    0x0, 0x0, 0x0, 0x0, 0x0, 0x0, 0x5b, 0x0,
    0x0, 0x0, 0x1f, 0xff, 0xff, 0xff, 0xff, 0xff,
    0xf7, 0x1, 0x11, 0x2e, 0x61, 0x11, 0x11, 0x10,
    0x0, 0x0, 0x8b, 0x0, 0x1e, 0x20, 0x0, 0x0,
    0x4, 0xe1, 0x0, 0x6, 0xd1, 0x0, 0x0, 0x1e,
    0x30, 0x0, 0x13, 0xca, 0x0, 0x0, 0xee, 0xde,
    0xff, 0xed, 0xbe, 0x50, 0x0, 0x65, 0x32, 0x0,
    0x0, 0x5, 0x70,

    /* U+53CB "友" */
    0x0, 0x0, 0x4c, 0x0, 0x0, 0x0, 0x0, 0x0,
    0x0, 0x5b, 0x0, 0x0, 0x0, 0x0, 0x3, 0x33,
    0x8b, 0x33, 0x33, 0x33, 0x30, 0xc, 0xcc, 0xee,
    0xcc, 0xcc, 0xcc, 0xc1, 0x0, 0x0, 0xb5, 0x0,
    0x0, 0x0, 0x0, 0x0, 0x0, 0xec, 0xcc, 0xcc,
    0xc4, 0x0, 0x0, 0x3, 0xfc, 0x33, 0x34, 0xf2,
    0x0, 0x0, 0x9, 0x7d, 0x30, 0x7, 0xb0, 0x0,
    0x0, 0x1e, 0x14, 0xd1, 0x2e, 0x30, 0x0, 0x0,
    0x9a, 0x0, 0x7d, 0xe5, 0x0, 0x0, 0x5, 0xe1,
    0x0, 0x6f, 0xf7, 0x0, 0x0, 0x3f, 0x31, 0x7d,
    0xc2, 0x2b, 0xe9, 0x40, 0x3, 0x7, 0x94, 0x0,
    0x0, 0x38, 0xc1,

    /* U+53CC "双" */
    0x1e, 0xee, 0xee, 0x4e, 0xee, 0xee, 0xb0, 0x1,
    0x11, 0x1e, 0x1b, 0x61, 0x17, 0xa0, 0x2, 0x0,
    0x1f, 0x7, 0x80, 0xa, 0x70, 0xb, 0x80, 0x5c,
    0x4, 0xb0, 0xd, 0x30, 0x1, 0xe5, 0x98, 0x1,
    0xf0, 0x2e, 0x0, 0x0, 0x3e, 0xe3, 0x0, 0xb5,
    0x98, 0x0, 0x0, 0x8, 0xf0, 0x0, 0x6b, 0xf1,
    0x0, 0x0, 0xc, 0xf7, 0x0, 0xf, 0x90, 0x0,
    0x0, 0x5e, 0x4f, 0x10, 0x6f, 0xc0, 0x0, 0x1,
    0xe5, 0xa, 0x45, 0xf4, 0xd8, 0x0, 0x1d, 0x90,
    0x0, 0x9f, 0x40, 0x2e, 0xa0, 0x29, 0x0, 0x1,
    0xa2, 0x0, 0x1, 0xa2,

    /* U+53D1 "发" */
    0x0, 0x0, 0x0, 0x0, 0x0, 0x0, 0x0, 0x0,
    0x7, 0x10, 0xb6, 0x3, 0x70, 0x0, 0x0, 0x3e,
    0x0, 0xe4, 0x0, 0xd6, 0x0, 0x0, 0x97, 0x1,
    0xf1, 0x0, 0x18, 0x0, 0x2, 0xfd, 0xcd, 0xfc,
    0xcc, 0xcc, 0xc0, 0x0, 0x53, 0x3c, 0xa3, 0x33,
    0x33, 0x30, 0x0, 0x0, 0xf, 0x50, 0x0, 0x10,
    0x0, 0x0, 0x0, 0x7f, 0xff, 0xff, 0xf9, 0x0,
    0x0, 0x1, 0xef, 0x50, 0x0, 0xe3, 0x0, 0x0,
    0xa, 0xc2, 0xd1, 0x9, 0xb0, 0x0, 0x0, 0x8e,
    0x10, 0x4d, 0x8d, 0x10, 0x0, 0xa, 0xe3, 0x0,
    0x1d, 0xf7, 0x0, 0x0, 0x4b, 0x10, 0x27, 0xe9,
    0x5d, 0xc5, 0x10, 0x0, 0x5, 0xe9, 0x20, 0x0,
    0x6b, 0xf3, 0x0, 0x0, 0x0, 0x0, 0x0, 0x0,
    0x0,

    /* U+53D6 "取" */
    0x7f, 0xff, 0xff, 0xd0, 0x0, 0x0, 0x0, 0x8,
    0x70, 0x2d, 0xf, 0xff, 0xff, 0xc0, 0x8, 0x70,
    0x2d, 0x3, 0xb0, 0x5, 0x80, 0x8, 0xfe, 0xed,
    0x0, 0xe0, 0x9, 0x50, 0x8, 0x70, 0x2d, 0x0,
    0xd1, 0xd, 0x20, 0x8, 0x70, 0x2d, 0x0, 0x96,
    0x2d, 0x0, 0x8, 0xfe, 0xed, 0x0, 0x3c, 0x97,
    0x0, 0x8, 0x70, 0x2d, 0x0, 0xd, 0xe1, 0x0,
    0x8, 0x82, 0x6e, 0x90, 0xb, 0xc0, 0x0, 0x6e,
    0xeb, 0xae, 0x30, 0x6d, 0xc7, 0x0, 0x11, 0x0,
    0x2d, 0x7, 0xe1, 0x1e, 0x80, 0x0, 0x0, 0x2d,
    0x2c, 0x10, 0x1, 0xb2, 0x0, 0x0, 0x0, 0x0,
    0x0, 0x0, 0x0,

    /* U+53E3 "口" */
    0x1, 0x11, 0x11, 0x11, 0x11, 0x10, 0x2f, 0xff,
    0xff, 0xff, 0xff, 0xf3, 0x2e, 0x0, 0x0, 0x0,
    0x0, 0xe3, 0x2e, 0x0, 0x0, 0x0, 0x0, 0xe3,
    0x2e, 0x0, 0x0, 0x0, 0x0, 0xe3, 0x2e, 0x0,
    0x0, 0x0, 0x0, 0xe3, 0x2e, 0x0, 0x0, 0x0,
    0x0, 0xe3, 0x2e, 0x0, 0x0, 0x0, 0x0, 0xe3,
    0x2e, 0x0, 0x0, 0x0, 0x0, 0xe3, 0x2f, 0x44,
    0x44, 0x44, 0x44, 0xf3, 0x2f, 0xcc, 0xcc, 0xcc,
    0xcc, 0xf3, 0x2e, 0x0, 0x0, 0x0, 0x0, 0xe3,

    /* U+53EB "叫" */
    0x0, 0x0, 0x0, 0x0, 0x0, 0xe2, 0x34, 0x44,
    0x30, 0x30, 0x0, 0xe2, 0xeb, 0xbc, 0xb0, 0xe2,
    0x0, 0xe2, 0xe1, 0x3, 0xb0, 0xe2, 0x0, 0xe2,
    0xe1, 0x3, 0xb0, 0xe2, 0x0, 0xe2, 0xe1, 0x3,
    0xb0, 0xe2, 0x0, 0xe2, 0xe1, 0x3, 0xb0, 0xe2,
    0x0, 0xe2, 0xe1, 0x3, 0xb0, 0xe2, 0x0, 0xe2,
    0xe4, 0x26, 0xb0, 0xe2, 0x26, 0xf2, 0xed, 0xdd,
    0x94, 0xff, 0xd9, 0xf2, 0xe1, 0x0, 0x4, 0x72,
    0x0, 0xe2, 0x10, 0x0, 0x0, 0x0, 0x0, 0xe2,
    0x0, 0x0, 0x0, 0x0, 0x0, 0xe2,

    /* U+53EF "可" */
    0x3f, 0xff, 0xff, 0xff, 0xff, 0xff, 0xf4, 0x1,
    0x11, 0x11, 0x11, 0x11, 0x99, 0x10, 0x0, 0x0,
    0x0, 0x0, 0x0, 0x88, 0x0, 0x0, 0xbd, 0xdd,
    0xdd, 0x0, 0x88, 0x0, 0x0, 0xc5, 0x11, 0x3f,
    0x0, 0x88, 0x0, 0x0, 0xc3, 0x0, 0x1f, 0x0,
    0x88, 0x0, 0x0, 0xc3, 0x0, 0x1f, 0x0, 0x88,
    0x0, 0x0, 0xc6, 0x33, 0x4f, 0x0, 0x88, 0x0,
    0x0, 0xcd, 0xcc, 0xcc, 0x0, 0x88, 0x0, 0x0,
    0x61, 0x0, 0x0, 0x0, 0x88, 0x0, 0x0, 0x0,
    0x0, 0x1, 0x11, 0xa8, 0x0, 0x0, 0x0, 0x0,
    0x5, 0xff, 0xd3, 0x0,

    /* U+53F8 "司" */
    0x9f, 0xff, 0xff, 0xff, 0xff, 0xfc, 0x0, 0x0,
    0x0, 0x0, 0x0, 0x3c, 0x12, 0x22, 0x22, 0x22,
    0x20, 0x3c, 0x6c, 0xcc, 0xcc, 0xcc, 0xb0, 0x3c,
    0x0, 0x0, 0x0, 0x0, 0x0, 0x3c, 0x9, 0xee,
    0xee, 0xee, 0x0, 0x3c, 0x9, 0x60, 0x0, 0x1e,
    0x0, 0x3c, 0x9, 0x60, 0x0, 0x1e, 0x0, 0x3c,
    0x9, 0x72, 0x22, 0x3e, 0x0, 0x3c, 0x9, 0xdc,
    0xcc, 0xcb, 0x0, 0x3c, 0x5, 0x30, 0x0, 0x0,
    0x21, 0x6c, 0x0, 0x0, 0x0, 0x0, 0xdf, 0xe6,

    /* U+5403 "吃" */
    0x0, 0x0, 0x0, 0xb4, 0x0, 0x0, 0xa, 0xaa,
    0x90, 0x2f, 0x0, 0x0, 0x0, 0xe5, 0x5e, 0x8,
    0xfd, 0xdd, 0xdd, 0xe, 0x1, 0xe2, 0xe3, 0x22,
    0x22, 0x20, 0xe0, 0x1e, 0xa7, 0x0, 0x0, 0x0,
    0xe, 0x1, 0xe1, 0x6e, 0xee, 0xee, 0x10, 0xe0,
    0x1e, 0x0, 0x0, 0x6f, 0x40, 0xe, 0x1, 0xe0,
    0x0, 0x6e, 0x30, 0x0, 0xe2, 0x3e, 0x0, 0x6e,
    0x30, 0x0, 0xe, 0xee, 0xc0, 0x4e, 0x20, 0x0,
    0x0, 0xb0, 0x0, 0xe, 0x40, 0x0, 0xa, 0x30,
    0x0, 0x3, 0xe1, 0x0, 0x0, 0xd2, 0x0, 0x0,
    0xb, 0xff, 0xff, 0xfb, 0x0,

    /* U+5408 "合" */
    0x0, 0x0, 0x0, 0x7, 0x0, 0x0, 0x0, 0x0,
    0x0, 0x0, 0xbe, 0x0, 0x0, 0x0, 0x0, 0x0,
    0xa, 0xb9, 0xd2, 0x0, 0x0, 0x0, 0x2, 0xc9,
    0x0, 0x8e, 0x40, 0x0, 0x0, 0x7f, 0x80, 0x0,
    0x5, 0xfb, 0x30, 0x1e, 0xc9, 0xee, 0xee, 0xee,
    0x78, 0xf2, 0x1, 0x0, 0x0, 0x0, 0x0, 0x0,
    0x0, 0x0, 0x1b, 0xbb, 0xbb, 0xbb, 0xb3, 0x0,
    0x0, 0x2f, 0x33, 0x33, 0x33, 0xd5, 0x0, 0x0,
    0x2e, 0x0, 0x0, 0x0, 0xc5, 0x0, 0x0, 0x2e,
    0x0, 0x0, 0x0, 0xc5, 0x0, 0x0, 0x2f, 0xee,
    0xee, 0xee, 0xf5, 0x0, 0x0, 0x2e, 0x11, 0x11,
    0x11, 0xc4, 0x0,

    /* U+540D "名" */
    0x0, 0x0, 0x2, 0x70, 0x0, 0x0, 0x0, 0x0,
    0x1, 0xd9, 0x22, 0x22, 0x10, 0x0, 0x2, 0xdd,
    0xdd, 0xdd, 0xec, 0x0, 0x7, 0xe6, 0x0, 0x0,
    0x3e, 0x30, 0x7, 0xb2, 0xa5, 0x0, 0x4e, 0x40,
    0x0, 0x0, 0x2, 0xca, 0x9c, 0x20, 0x0, 0x0,
    0x0, 0x18, 0xf7, 0x0, 0x0, 0x0, 0x26, 0xbf,
    0xff, 0xee, 0xee, 0xe1, 0xc, 0xa8, 0xc0, 0x0,
    0x0, 0xf, 0x10, 0x0, 0x3c, 0x0, 0x0, 0x0,
    0xf1, 0x0, 0x3, 0xc0, 0x0, 0x0, 0xf, 0x10,
    0x0, 0x3f, 0xcc, 0xcc, 0xcc, 0xf1, 0x0, 0x3,
    0xd2, 0x22, 0x22, 0x2f, 0x10,

    /* U+5411 "向" */
    0x0, 0x0, 0x17, 0x10, 0x0, 0x0, 0x0, 0x0,
    0x7e, 0x0, 0x0, 0x0, 0x11, 0x11, 0xd8, 0x11,
    0x11, 0x10, 0xde, 0xee, 0xee, 0xee, 0xee, 0xf4,
    0xd3, 0x0, 0x0, 0x0, 0x0, 0xc4, 0xd3, 0x3,
    0x33, 0x33, 0x20, 0xc4, 0xd3, 0xf, 0xbb, 0xbc,
    0xb0, 0xc4, 0xd3, 0xf, 0x0, 0x3, 0xb0, 0xc4,
    0xd3, 0xf, 0x0, 0x3, 0xb0, 0xc4, 0xd3, 0xf,
    0xff, 0xff, 0xb0, 0xc4, 0xd3, 0xf, 0x0, 0x0,
    0x0, 0xc4, 0xd3, 0x6, 0x0, 0x0, 0x11, 0xd4,
    0xd3, 0x0, 0x0, 0x0, 0xcf, 0xd1,

    /* U+5417 "吗" */
    0x0, 0x0, 0x0, 0x0, 0x0, 0x0, 0x3, 0x33,
    0x30, 0xff, 0xff, 0xff, 0x10, 0xfc, 0xce, 0x0,
    0x0, 0x0, 0xf0, 0xf, 0x1, 0xe0, 0x58, 0x0,
    0x2e, 0x0, 0xf0, 0x1e, 0x7, 0x70, 0x3, 0xc0,
    0xf, 0x1, 0xe0, 0x95, 0x0, 0x5a, 0x0, 0xf0,
    0x1e, 0xb, 0xed, 0xde, 0xed, 0x3f, 0x1, 0xe0,
    0x11, 0x11, 0x11, 0xd2, 0xfb, 0xbe, 0x0, 0x0,
    0x0, 0xe, 0x1f, 0x54, 0x47, 0xff, 0xff, 0xf3,
    0xf0, 0xe0, 0x0, 0x0, 0x0, 0x0, 0x3c, 0x0,
    0x0, 0x0, 0x0, 0x0, 0x8, 0x90, 0x0, 0x0,
    0x0, 0x0, 0x9e, 0xd2, 0x0, 0x0, 0x0, 0x0,
    0x0, 0x0, 0x0,

    /* U+5427 "吧" */
    0x33, 0x33, 0xe, 0xff, 0xff, 0xff, 0xe, 0xcc,
    0xe0, 0xe1, 0xf, 0x0, 0xf0, 0xe0, 0x1e, 0xe,
    0x10, 0xf0, 0xf, 0xe, 0x1, 0xe0, 0xe1, 0xf,
    0x0, 0xf0, 0xe0, 0x1e, 0xe, 0x10, 0xf0, 0xf,
    0xe, 0x1, 0xe0, 0xe7, 0x6f, 0x67, 0xf0, 0xe0,
    0x1e, 0xe, 0x77, 0x77, 0x7f, 0xe, 0xcd, 0xe0,
    0xe1, 0x0, 0x0, 0x50, 0xe3, 0x22, 0xe, 0x10,
    0x0, 0x0, 0xd, 0x0, 0x0, 0xe1, 0x0, 0x0,
    0x86, 0x0, 0x0, 0xe, 0x40, 0x0, 0xb, 0x50,
    0x0, 0x0, 0x7f, 0xff, 0xff, 0xc0,

    /* U+542C "听" */
    0x0, 0x0, 0x0, 0x0, 0x1, 0x50, 0x3, 0x33,
    0x30, 0x3, 0x7b, 0xfb, 0x20, 0xec, 0xcf, 0x2,
    0xf8, 0x41, 0x0, 0xe, 0x11, 0xf0, 0x2e, 0x0,
    0x0, 0x0, 0xe1, 0x1f, 0x2, 0xf1, 0x11, 0x11,
    0xe, 0x11, 0xf0, 0x2f, 0xff, 0xff, 0xf7, 0xe1,
    0x1f, 0x3, 0xd0, 0xc, 0x40, 0xe, 0x11, 0xf0,
    0x5c, 0x0, 0xc4, 0x0, 0xe3, 0x3f, 0x6, 0xa0,
    0xc, 0x40, 0xe, 0xee, 0xd0, 0x98, 0x0, 0xc4,
    0x0, 0xe1, 0x0, 0xe, 0x30, 0xc, 0x40, 0x0,
    0x0, 0x7, 0xd0, 0x0, 0xc4, 0x0, 0x0, 0x0,
    0xa4, 0x0, 0xc, 0x40, 0x0,

    /* U+5440 "呀" */
    0x33, 0x33, 0x7f, 0xff, 0xff, 0xff, 0x3f, 0xcc,
    0xe0, 0x21, 0x0, 0x3c, 0x0, 0xf0, 0x1e, 0xb,
    0x50, 0x3, 0xc0, 0xf, 0x1, 0xe0, 0xd2, 0x0,
    0x3c, 0x0, 0xf0, 0x1e, 0xf, 0x22, 0x25, 0xd2,
    0x1f, 0x1, 0xe3, 0xdd, 0xde, 0xff, 0xd7, 0xf0,
    0x1e, 0x0, 0x0, 0xad, 0xc0, 0xf, 0x23, 0xe0,
    0x0, 0xab, 0x3c, 0x0, 0xfe, 0xec, 0x0, 0xbb,
    0x3, 0xc0, 0xf, 0x0, 0x4, 0xd8, 0x0, 0x3c,
    0x0, 0x0, 0x3, 0xc3, 0x0, 0x5, 0xc0, 0x0,
    0x0, 0x0, 0x0, 0x8f, 0xe7, 0x0, 0x0, 0x0,
    0x0, 0x0, 0x0, 0x0, 0x0,

    /* U+5443 "呃" */
    0x33, 0x33, 0x1f, 0xff, 0xff, 0xff, 0x7f, 0x89,
    0xd1, 0xd0, 0x0, 0x0, 0x0, 0xe0, 0x1d, 0x1d,
    0xc, 0xcc, 0xca, 0xe, 0x1, 0xd1, 0xd1, 0xe2,
    0x23, 0xd0, 0xe0, 0x1d, 0x1d, 0x1d, 0x0, 0x1d,
    0xe, 0x1, 0xd2, 0xc1, 0xd0, 0x1, 0xd0, 0xe0,
    0x1d, 0x3b, 0x1d, 0x2, 0x5d, 0xf, 0xcd, 0xd4,
    0xa1, 0xd0, 0x6a, 0x50, 0xf2, 0x22, 0x68, 0x1d,
    0x0, 0x1, 0x1b, 0x0, 0xa, 0x41, 0xd0, 0x0,
    0x4a, 0x0, 0x1, 0xe0, 0xe, 0x0, 0x6, 0x80,
    0x0, 0x88, 0x0, 0xbf, 0xee, 0xe2, 0x0, 0x0,
    0x0, 0x0, 0x0, 0x0, 0x0,

    /* U+5458 "员" */
    0x0, 0x6f, 0xee, 0xee, 0xee, 0xf3, 0x0, 0x6,
    0x90, 0x0, 0x0, 0xe, 0x30, 0x0, 0x6f, 0xdd,
    0xdd, 0xdd, 0xf3, 0x0, 0x0, 0x0, 0x0, 0x0,
    0x0, 0x0, 0x0, 0x33, 0x33, 0x33, 0x33, 0x32,
    0x0, 0xe, 0xcb, 0xbb, 0xbb, 0xbd, 0xc0, 0x0,
    0xe2, 0x0, 0x51, 0x0, 0x5c, 0x0, 0xe, 0x20,
    0xe, 0x30, 0x5, 0xc0, 0x0, 0xe2, 0x0, 0xf1,
    0x0, 0x5c, 0x0, 0xd, 0x20, 0x8c, 0x32, 0x4,
    0xa0, 0x0, 0x3, 0xbd, 0x16, 0xdd, 0x71, 0x0,
    0x9e, 0xc6, 0x0, 0x0, 0x39, 0xe8, 0x3, 0x10,
    0x0, 0x0, 0x0, 0x0, 0x20,

    /* U+547C "呼" */
    0x0, 0x0, 0x0, 0x0, 0x0, 0x11, 0x1, 0x11,
    0x4, 0x67, 0x9b, 0xee, 0x90, 0xfe, 0xf3, 0x88,
    0x77, 0xe1, 0x0, 0xe, 0xb, 0x33, 0x80, 0x2e,
    0x2, 0xd0, 0xe0, 0xb3, 0xe, 0x22, 0xe0, 0x78,
    0xe, 0xb, 0x30, 0xa7, 0x2e, 0xd, 0x10, 0xe0,
    0xb3, 0x3, 0x42, 0xe1, 0x50, 0xe, 0xb, 0x5e,
    0xee, 0xef, 0xee, 0xe8, 0xfe, 0xf3, 0x0, 0x2,
    0xe0, 0x0, 0xf, 0x0, 0x0, 0x0, 0x2e, 0x0,
    0x0, 0xb0, 0x0, 0x0, 0x2, 0xe0, 0x0, 0x0,
    0x0, 0x0, 0x0, 0x3e, 0x0, 0x0, 0x0, 0x0,
    0x6, 0xff, 0x80, 0x0, 0x0, 0x0, 0x0, 0x0,
    0x0, 0x0, 0x0,

    /* U+5496 "咖" */
    0x0, 0x0, 0x1c, 0x0, 0x0, 0x0, 0xde, 0xe0,
    0x1c, 0x0, 0x23, 0x33, 0xd0, 0xd0, 0x1c, 0x0,
    0x8d, 0xcf, 0xd0, 0xd4, 0xff, 0xed, 0x85, 0xe,
    0xd0, 0xd0, 0x2b, 0xe, 0x85, 0xe, 0xd0, 0xd0,
    0x3a, 0xd, 0x85, 0xe, 0xd0, 0xd0, 0x4a, 0x1d,
    0x85, 0xe, 0xd0, 0xd0, 0x67, 0x2c, 0x85, 0xe,
    0xe6, 0xe0, 0x95, 0x3b, 0x85, 0xe, 0xe6, 0x60,
    0xd2, 0x4a, 0x85, 0xe, 0xd0, 0x3, 0xc0, 0x59,
    0x8d, 0xbf, 0x0, 0xc, 0x60, 0x97, 0x87, 0x3e,
    0x0, 0x6b, 0xe, 0xe2, 0x53, 0x7, 0x0, 0x0,
    0x0, 0x0, 0x0, 0x0,

    /* U+54C1 "品" */
    0x0, 0xef, 0xff, 0xff, 0xfe, 0x0, 0x0, 0xe1,
    0x0, 0x0, 0x1e, 0x0, 0x0, 0xe1, 0x0, 0x0,
    0x1e, 0x0, 0x0, 0xe5, 0x44, 0x44, 0x5e, 0x0,
    0x0, 0xab, 0xbb, 0xbb, 0xba, 0x0, 0x0, 0x0,
    0x0, 0x0, 0x0, 0x0, 0xef, 0xff, 0xf2, 0x2f,
    0xff, 0xfe, 0xe1, 0x0, 0xf2, 0x2d, 0x0, 0x2e,
    0xe1, 0x0, 0xf2, 0x2d, 0x0, 0x2e, 0xe1, 0x0,
    0xf2, 0x2d, 0x0, 0x2e, 0xee, 0xdd, 0xf2, 0x2f,
    0xdd, 0xee, 0xe3, 0x22, 0xd2, 0x2d, 0x22, 0x3d,

    /* U+54C7 "哇" */
    0x0, 0x0, 0x0, 0x3, 0xd0, 0x0, 0x9, 0x99,
    0x80, 0x0, 0x3d, 0x0, 0x0, 0xf7, 0x8d, 0x1e,
    0xef, 0xfe, 0xe9, 0xf, 0x1, 0xd0, 0x0, 0x3e,
    0x0, 0x0, 0xf0, 0x1d, 0x0, 0x3, 0xd0, 0x0,
    0xf, 0x1, 0xd8, 0xff, 0xff, 0xff, 0xf5, 0xf0,
    0x1d, 0x0, 0x1, 0x10, 0x0, 0xf, 0x1, 0xd0,
    0x0, 0x3d, 0x0, 0x0, 0xfc, 0xdd, 0x4d, 0xde,
    0xfd, 0xdb, 0xf, 0x22, 0x20, 0x22, 0x5e, 0x22,
    0x10, 0xb0, 0x0, 0x0, 0x3, 0xd0, 0x0, 0x0,
    0x0, 0x12, 0x22, 0x5e, 0x22, 0x21, 0x0, 0x4,
    0xcc, 0xcc, 0xcc, 0xcc, 0x70,

    /* U+54DF "哟" */
    0x0, 0x0, 0x3, 0x10, 0x32, 0x0, 0x9, 0x99,
    0x0, 0xc4, 0x9, 0x50, 0x0, 0xe4, 0xe0, 0x1e,
    0x0, 0xd2, 0x0, 0xd, 0xd, 0x8, 0x70, 0x1f,
    0xee, 0xf2, 0xd0, 0xd1, 0xd1, 0xd8, 0x90, 0xd,
    0x2d, 0xd, 0x7f, 0xf9, 0x73, 0x0, 0xd1, 0xd0,
    0xd0, 0xc, 0x10, 0xb3, 0xe, 0x1d, 0xd, 0x7,
    0x70, 0x5, 0xb0, 0xf0, 0xd0, 0xe3, 0xfc, 0xd7,
    0xe, 0x2f, 0xf, 0xcc, 0x26, 0x30, 0x0, 0x42,
    0xe0, 0xd0, 0x0, 0x3, 0x87, 0x0, 0x2d, 0x0,
    0x0, 0x6d, 0x94, 0x0, 0x6, 0xa0, 0x0, 0x0,
    0x0, 0x0, 0x1e, 0xe4, 0x0, 0x0, 0x0, 0x0,
    0x0, 0x0, 0x0,

    /* U+54E5 "哥" */
    0xa, 0xee, 0xee, 0xee, 0xee, 0xff, 0xe1, 0x0,
    0x1, 0x11, 0x11, 0x10, 0x79, 0x0, 0x0, 0x4e,
    0xaa, 0xaa, 0xf0, 0x79, 0x0, 0x0, 0x4a, 0x0,
    0x0, 0xf0, 0x79, 0x0, 0x0, 0x3b, 0xbb, 0xbb,
    0xb0, 0x79, 0x0, 0x7, 0x77, 0x77, 0x77, 0x77,
    0xbc, 0x73, 0x4, 0x44, 0x44, 0x44, 0x44, 0x8d,
    0x42, 0x0, 0x4c, 0xcc, 0xcc, 0x90, 0x5b, 0x0,
    0x0, 0x5b, 0x0, 0x4, 0xc0, 0x5b, 0x0, 0x0,
    0x5b, 0x11, 0x14, 0xc0, 0x5b, 0x0, 0x0, 0x5d,
    0xbb, 0xbb, 0x90, 0x5b, 0x0, 0x0, 0x0, 0x0,
    0x0, 0x3f, 0xe7, 0x0,

    /* U+54E6 "哦" */
    0x0, 0x0, 0x0, 0x59, 0x6a, 0x41, 0xd, 0xdd,
    0x49, 0xeb, 0x55, 0xa4, 0xc0, 0xe0, 0xc4, 0x4c,
    0x30, 0x4a, 0xa, 0x5e, 0xc, 0x0, 0xb3, 0x4,
    0xa0, 0x0, 0xe0, 0xc9, 0xdf, 0xdd, 0xdf, 0xdd,
    0x6e, 0xc, 0x21, 0xc5, 0x14, 0xc1, 0x41, 0xe0,
    0xc0, 0xb, 0x30, 0x1d, 0x1d, 0xe, 0xc, 0x0,
    0xb8, 0x94, 0xe7, 0x70, 0xe0, 0xd8, 0xdf, 0xc7,
    0x1e, 0xc0, 0xf, 0xcc, 0x43, 0xc3, 0x0, 0xd8,
    0x0, 0xc0, 0x0, 0xb, 0x30, 0x8f, 0x61, 0x60,
    0x0, 0x0, 0xc4, 0xab, 0x3c, 0x48, 0x0, 0x7,
    0xfd, 0x38, 0x0, 0x9f, 0x30, 0x0, 0x0, 0x0,
    0x0, 0x0, 0x0,

    /* U+54EA "哪" */
    0x0, 0x0, 0x0, 0x0, 0x0, 0x0, 0x3, 0x33,
    0x4f, 0xfe, 0xe4, 0xfe, 0xf2, 0xec, 0xf0, 0x3a,
    0xd, 0x49, 0xd, 0xc, 0xd, 0x3, 0xa0, 0xe4,
    0x93, 0x90, 0xc0, 0xd4, 0xef, 0xee, 0x49, 0x74,
    0xc, 0xd, 0x4, 0xa0, 0xd4, 0x9b, 0x10, 0xc0,
    0xd0, 0x49, 0xd, 0x49, 0x68, 0xc, 0xd, 0x7,
    0xa3, 0xd4, 0x90, 0xd0, 0xd5, 0xe3, 0xdd, 0xbd,
    0x49, 0xc, 0xe, 0x88, 0xb, 0x21, 0xd4, 0x90,
    0xc1, 0xc0, 0x1, 0xd0, 0x1c, 0x49, 0xbc, 0x0,
    0x0, 0xa6, 0x4, 0xb4, 0x91, 0x0, 0x0, 0x1b,
    0xd, 0xe5, 0x49, 0x0, 0x0, 0x0, 0x0, 0x0,
    0x0, 0x0, 0x0,

    /* U+5507 "唇" */
    0x0, 0xff, 0xee, 0xee, 0xee, 0xee, 0xb0, 0x0,
    0xf1, 0x44, 0x44, 0x44, 0x43, 0x0, 0x0, 0xf2,
    0x66, 0x66, 0x66, 0x65, 0x0, 0x0, 0xfb, 0xbb,
    0xbb, 0xbb, 0xbb, 0xb1, 0x0, 0xf1, 0x87, 0x1a,
    0x81, 0x2a, 0x20, 0x0, 0xe0, 0x86, 0x14, 0xd9,
    0xc4, 0x0, 0x2, 0xd0, 0xce, 0xd6, 0xa, 0xe8,
    0x51, 0x3, 0xb0, 0x42, 0x0, 0x0, 0x16, 0xa1,
    0x6, 0x90, 0xed, 0xdd, 0xdd, 0xdd, 0x0, 0xa,
    0x50, 0xe1, 0x0, 0x0, 0x1e, 0x0, 0x1e, 0x10,
    0xe2, 0x11, 0x11, 0x3e, 0x0, 0x49, 0x0, 0xec,
    0xcc, 0xcc, 0xce, 0x0, 0x0, 0x0, 0x0, 0x0,
    0x0, 0x0, 0x0,

    /* U+554A "啊" */
    0x0, 0x0, 0x0, 0x0, 0x0, 0x0, 0x7, 0x77,
    0x2f, 0xec, 0xcf, 0xff, 0xf6, 0xe5, 0xe2, 0xa4,
    0x80, 0x0, 0x2b, 0xd, 0xd, 0x2a, 0x84, 0x6b,
    0xb2, 0xb0, 0xd0, 0xd2, 0xac, 0x9, 0x5d, 0x2b,
    0xd, 0xd, 0x2a, 0xa3, 0x92, 0xc2, 0xb0, 0xd0,
    0xd2, 0xa3, 0xa9, 0x2c, 0x2b, 0xd, 0xd, 0x2a,
    0xd, 0x92, 0xc2, 0xb0, 0xfd, 0xf2, 0xa0, 0xd9,
    0xcf, 0x2b, 0xd, 0x22, 0x2a, 0xd9, 0x94, 0x22,
    0xb0, 0xa0, 0x2, 0xa0, 0x1, 0x0, 0x2b, 0x0,
    0x0, 0x2a, 0x0, 0x0, 0x14, 0xb0, 0x0, 0x2,
    0xa0, 0x0, 0xd, 0xd5, 0x0,

    /* U+5561 "啡" */
    0x0, 0x0, 0x0, 0xb4, 0xf, 0x0, 0x6, 0x66,
    0x10, 0xb, 0x40, 0xf0, 0x0, 0xfc, 0xe3, 0x22,
    0xc4, 0xf, 0x22, 0xf, 0xa, 0x3b, 0xcf, 0x40,
    0xfc, 0xc4, 0xf0, 0xa3, 0x0, 0xb4, 0xf, 0x0,
    0xf, 0xa, 0x32, 0x3c, 0x40, 0xf3, 0x30, 0xf0,
    0xa3, 0xab, 0xe4, 0xf, 0xbb, 0x2f, 0xa, 0x30,
    0xb, 0x40, 0xf0, 0x0, 0xf6, 0xc4, 0x11, 0xc4,
    0xf, 0x33, 0x1f, 0x99, 0x5d, 0xdf, 0x40, 0xfc,
    0xc5, 0xb0, 0x0, 0x0, 0xb4, 0xf, 0x0, 0x0,
    0x0, 0x0, 0xb, 0x40, 0xf0, 0x0, 0x0, 0x0,
    0x0, 0xb4, 0xf, 0x0, 0x0, 0x0, 0x0, 0x0,
    0x0, 0x0, 0x0,

    /* U+5564 "啤" */
    0x0, 0x0, 0x0, 0x2, 0x60, 0x0, 0x1, 0x11,
    0x10, 0x0, 0x89, 0x0, 0x0, 0xfd, 0xed, 0x2f,
    0xde, 0xfd, 0xde, 0xe, 0x1, 0xd2, 0xd0, 0x3b,
    0x1, 0xe0, 0xe0, 0x1d, 0x2f, 0xcd, 0xfc, 0xde,
    0xe, 0x1, 0xd2, 0xd0, 0x4a, 0x1, 0xe0, 0xe0,
    0x1d, 0x2f, 0xde, 0xed, 0xde, 0xe, 0x1, 0xd0,
    0x7, 0xb3, 0xd0, 0x0, 0xfe, 0xed, 0xc, 0x80,
    0x2d, 0x0, 0xf, 0x0, 0xe, 0xee, 0xee, 0xfe,
    0xe8, 0x30, 0x0, 0x0, 0x0, 0x3d, 0x0, 0x0,
    0x0, 0x0, 0x0, 0x2, 0xd0, 0x0, 0x0, 0x0,
    0x0, 0x0, 0x2d, 0x0, 0x0,

    /* U+5589 "喉" */
    0x0, 0x0, 0x6, 0x30, 0x0, 0x0, 0xa, 0xaa,
    0x1, 0xf2, 0xde, 0xef, 0x30, 0xd3, 0xe0, 0x69,
    0x0, 0x0, 0xd1, 0xd, 0xd, 0xe, 0x4c, 0xcc,
    0xcf, 0xd3, 0xd0, 0xd9, 0xf2, 0x1b, 0x21, 0x11,
    0xd, 0xd, 0xee, 0x13, 0xe0, 0x0, 0x0, 0xd0,
    0xd3, 0xd2, 0xbe, 0xee, 0xdc, 0xd, 0xd, 0xd,
    0x5b, 0x5, 0x90, 0x0, 0xea, 0xf0, 0xd6, 0xcc,
    0xde, 0xcc, 0x2e, 0x44, 0xd, 0x22, 0x2b, 0xf3,
    0x20, 0xb0, 0x0, 0xd1, 0x2, 0xd8, 0x70, 0x0,
    0x0, 0xd, 0x14, 0xe4, 0xd, 0x60, 0x0, 0x0,
    0xd6, 0xc3, 0x0, 0x1b, 0x20, 0x0, 0x0, 0x0,
    0x0, 0x0, 0x0,

    /* U+559C "喜" */
    0x0, 0x0, 0x0, 0xc4, 0x0, 0x0, 0x0, 0x1c,
    0xcc, 0xcc, 0xfd, 0xcc, 0xcc, 0x90, 0x0, 0x11,
    0x11, 0xd5, 0x11, 0x11, 0x0, 0x1, 0x99, 0x99,
    0x99, 0x99, 0x97, 0x0, 0x0, 0x5b, 0xbb, 0xbb,
    0xbb, 0xb0, 0x0, 0x0, 0x78, 0x0, 0x0, 0x0,
    0xf0, 0x0, 0x0, 0x7e, 0xbb, 0xbb, 0xbb, 0xf0,
    0x0, 0x0, 0x4, 0xc0, 0x0, 0x5d, 0x0, 0x0,
    0x7d, 0xdd, 0xfd, 0xdd, 0xee, 0xdd, 0xd1, 0x1,
    0x22, 0x22, 0x22, 0x22, 0x22, 0x10, 0x0, 0xbd,
    0xbb, 0xbb, 0xbb, 0xe5, 0x0, 0x0, 0xb5, 0x0,
    0x0, 0x0, 0xb5, 0x0, 0x0, 0xbd, 0xbb, 0xbb,
    0xbb, 0xe5, 0x0,

    /* U+559D "喝" */
    0x33, 0x33, 0xf, 0xcc, 0xcc, 0xdc, 0xf, 0xcc,
    0xc0, 0xe0, 0x0, 0x4, 0xc0, 0xf0, 0x2c, 0xf,
    0xbb, 0xbb, 0xcc, 0xf, 0x2, 0xc0, 0xe1, 0x11,
    0x15, 0xc0, 0xf0, 0x2c, 0xd, 0xda, 0xaa, 0xa8,
    0xf, 0x2, 0xc0, 0xca, 0x66, 0x66, 0x63, 0xf0,
    0x2c, 0x8a, 0x44, 0xa4, 0x4b, 0x6f, 0xcd, 0xd9,
    0x80, 0x4d, 0x10, 0xa6, 0xf2, 0x22, 0x1c, 0x3b,
    0x4c, 0x1b, 0x5b, 0x0, 0x1, 0xc6, 0x20, 0x41,
    0xc3, 0x0, 0x0, 0x1b, 0xbb, 0xbb, 0x6f, 0x10,
    0x0, 0x0, 0x0, 0x0, 0x6c, 0xa0, 0x0, 0x0,
    0x0, 0x0, 0x0, 0x0, 0x0,

    /* U+55D2 "嗒" */
    0x0, 0x0, 0x2, 0xb0, 0xe, 0x10, 0xc, 0xcc,
    0x48, 0xae, 0x88, 0xf9, 0x81, 0xf3, 0xc4, 0x57,
    0xd6, 0x5e, 0x65, 0x1f, 0xb, 0x30, 0x18, 0xd6,
    0x90, 0x0, 0xf0, 0xb3, 0x0, 0xca, 0xc6, 0x0,
    0xf, 0xb, 0x33, 0xdb, 0x1, 0xc9, 0x0, 0xf0,
    0xba, 0xfb, 0xcc, 0xcc, 0xae, 0x2f, 0x1c, 0x63,
    0x2, 0x22, 0x20, 0x40, 0xfe, 0xe2, 0xb, 0xbb,
    0xbb, 0xb0, 0xf, 0x0, 0x1, 0xe2, 0x22, 0x3f,
    0x0, 0x20, 0x0, 0x1e, 0x0, 0x0, 0xf0, 0x0,
    0x0, 0x1, 0xe0, 0x0, 0x1f, 0x0, 0x0, 0x0,
    0x1f, 0xdd, 0xdd, 0xf0, 0x0,

    /* U+560E "嘎" */
    0x11, 0x11, 0xbd, 0xde, 0xfd, 0xdd, 0x7f, 0xde,
    0xd0, 0x22, 0x7b, 0x22, 0x20, 0xe0, 0x1d, 0xe,
    0x55, 0x55, 0x7c, 0xe, 0x1, 0xd0, 0xfa, 0xaa,
    0xab, 0xc0, 0xe0, 0x1d, 0xf, 0x88, 0x88, 0x9c,
    0xe, 0x1, 0xd0, 0xe2, 0x22, 0x25, 0xc0, 0xe0,
    0x1d, 0xa, 0xce, 0xae, 0xc8, 0xf, 0xaa, 0xd0,
    0x3, 0xd2, 0x6e, 0x73, 0xf5, 0x55, 0xdc, 0xcf,
    0xb9, 0xaa, 0x49, 0x0, 0x0, 0x0, 0x6a, 0x6d,
    0x40, 0x0, 0x0, 0x3, 0x69, 0xee, 0x21, 0x90,
    0x0, 0x3d, 0xa5, 0x10, 0x6d, 0xe6,

    /* U+5634 "嘴" */
    0x0, 0x0, 0x0, 0xf0, 0x1c, 0x0, 0x9, 0x99,
    0xd, 0xf, 0xc4, 0xea, 0xb1, 0xd5, 0xd0, 0xd0,
    0xf0, 0x1d, 0x11, 0x2c, 0xc, 0x2e, 0x9f, 0xc4,
    0xda, 0xc6, 0xc0, 0xc3, 0x55, 0xd3, 0x23, 0x21,
    0xc, 0xc, 0x2, 0xd9, 0x99, 0xf4, 0x0, 0xc0,
    0xc4, 0xfc, 0x99, 0xdd, 0x99, 0xc, 0xc, 0x8,
    0x92, 0x3e, 0x22, 0xe0, 0xd5, 0xd0, 0x7e, 0xcc,
    0xfc, 0xce, 0xe, 0xbb, 0x9, 0x70, 0x1d, 0x0,
    0xe0, 0xb0, 0x0, 0xbd, 0xcc, 0xfc, 0xce, 0x0,
    0x0, 0x1e, 0x0, 0x1d, 0x0, 0xe0, 0x0, 0xa,
    0x70, 0x1, 0xd3, 0xbc, 0x0, 0x0, 0x10, 0x0,
    0x0, 0x1, 0x0,

    /* U+5636 "嘶" */
    0x0, 0x0, 0xc0, 0xc0, 0x0, 0x5c, 0xb, 0xb9,
    0xc, 0xc, 0x7, 0xeb, 0x40, 0xe5, 0xda, 0xfd,
    0xfa, 0xc2, 0x0, 0xc, 0xc, 0xc, 0xc, 0xc,
    0x10, 0x0, 0xc0, 0xc0, 0xfc, 0xf0, 0xc3, 0x22,
    0xc, 0xc, 0xc, 0xc, 0xc, 0xbb, 0xe2, 0xc0,
    0xc0, 0xe9, 0xe0, 0xc1, 0x2b, 0xc, 0xc, 0xd,
    0x2d, 0xd, 0x2, 0xb0, 0xc0, 0xc0, 0xc0, 0xc0,
    0xd0, 0x2b, 0xf, 0xed, 0xdd, 0xdd, 0xbd, 0x2,
    0xb0, 0xc0, 0x2, 0x91, 0x92, 0xb0, 0x2b, 0x3,
    0x0, 0xc5, 0x8, 0xa7, 0x2, 0xb0, 0x0, 0x26,
    0x0, 0xa, 0x10, 0x2b, 0x0, 0x0, 0x0, 0x0,
    0x0, 0x0, 0x0,

    /* U+56DB "四" */
    0xbc, 0xcc, 0xcc, 0xcc, 0xcc, 0xc9, 0xe5, 0x36,
    0xd3, 0x4f, 0x33, 0x7c, 0xe2, 0x4, 0xb0, 0x1e,
    0x0, 0x4c, 0xe2, 0x5, 0xb0, 0x1e, 0x0, 0x4c,
    0xe2, 0x7, 0x80, 0x1e, 0x0, 0x4c, 0xe2, 0xc,
    0x50, 0x1e, 0x0, 0x4c, 0xe2, 0x5e, 0x0, 0xe,
    0xbb, 0xac, 0xe8, 0xf4, 0x0, 0x1, 0x22, 0x5c,
    0xe4, 0x20, 0x0, 0x0, 0x0, 0x4c, 0xe5, 0x33,
    0x33, 0x33, 0x33, 0x7c, 0xed, 0xcc, 0xcc, 0xcc,
    0xcc, 0xdc, 0x60, 0x0, 0x0, 0x0, 0x0, 0x14,

    /* U+56DE "回" */
    0xef, 0xff, 0xff, 0xff, 0xff, 0xfe, 0xe3, 0x0,
    0x0, 0x0, 0x0, 0x3e, 0xe2, 0x0, 0x0, 0x0,
    0x0, 0x2e, 0xe2, 0xe, 0xff, 0xff, 0xc0, 0x2e,
    0xe2, 0xe, 0x10, 0x2, 0xd0, 0x2e, 0xe2, 0xe,
    0x10, 0x2, 0xd0, 0x2e, 0xe2, 0xe, 0x10, 0x2,
    0xd0, 0x2e, 0xe2, 0xe, 0xfe, 0xef, 0xd0, 0x2e,
    0xe2, 0x0, 0x0, 0x0, 0x0, 0x2e, 0xe2, 0x0,
    0x0, 0x0, 0x0, 0x2e, 0xee, 0xdd, 0xdd, 0xdd,
    0xdd, 0xee, 0xe4, 0x11, 0x11, 0x11, 0x11, 0x4e,

    /* U+56FA "固" */
    0xef, 0xff, 0xff, 0xff, 0xff, 0xf9, 0xe1, 0x0,
    0x8, 0x30, 0x0, 0x79, 0xe1, 0x0, 0xa, 0x50,
    0x0, 0x79, 0xe1, 0xdd, 0xdf, 0xed, 0xda, 0x79,
    0xe1, 0x0, 0xa, 0x50, 0x0, 0x79, 0xe1, 0xa,
    0xae, 0xca, 0x90, 0x79, 0xe1, 0x1e, 0x22, 0x24,
    0xe0, 0x79, 0xe1, 0x1d, 0x0, 0x1, 0xe0, 0x79,
    0xe1, 0x1f, 0xcc, 0xcd, 0xe0, 0x79, 0xe1, 0x0,
    0x0, 0x0, 0x0, 0x79, 0xeb, 0xbb, 0xbb, 0xbb,
    0xbb, 0xd9, 0xe5, 0x44, 0x44, 0x44, 0x44, 0x99,

    /* U+56FD "国" */
    0xef, 0xff, 0xff, 0xff, 0xff, 0xfa, 0xe2, 0x0,
    0x0, 0x0, 0x0, 0x6a, 0xe2, 0xbe, 0xef, 0xfe,
    0xe6, 0x6a, 0xe2, 0x0, 0xb, 0x40, 0x0, 0x6a,
    0xe2, 0x0, 0xb, 0x40, 0x0, 0x6a, 0xe2, 0x4e,
    0xef, 0xee, 0xe1, 0x6a, 0xe2, 0x0, 0xb, 0x47,
    0x40, 0x6a, 0xe2, 0x0, 0xb, 0x40, 0xb0, 0x6a,
    0xe2, 0xde, 0xef, 0xee, 0xea, 0x6a, 0xe2, 0x0,
    0x0, 0x0, 0x0, 0x6a, 0xec, 0xcc, 0xcc, 0xcc,
    0xcc, 0xea, 0xe5, 0x33, 0x33, 0x33, 0x33, 0x8a,

    /* U+5706 "圆" */
    0xee, 0xee, 0xee, 0xee, 0xee, 0xee, 0xe1, 0x5b,
    0xbb, 0xbb, 0xb0, 0x1e, 0xe1, 0x76, 0x0, 0x0,
    0xe1, 0x1e, 0xe1, 0x7d, 0xbb, 0xbb, 0xf1, 0x1e,
    0xe1, 0x0, 0x0, 0x0, 0x0, 0x1e, 0xe1, 0xdd,
    0xdd, 0xdd, 0xe7, 0x1e, 0xe1, 0xd1, 0x7, 0x20,
    0x87, 0x1e, 0xe1, 0xd1, 0xc, 0x20, 0x87, 0x1e,
    0xe1, 0x81, 0x7c, 0x85, 0x54, 0x1e, 0xe4, 0x7d,
    0x90, 0x29, 0xd6, 0x2e, 0xe5, 0x72, 0x11, 0x11,
    0x27, 0x3e, 0xed, 0xcc, 0xcc, 0xcc, 0xcc, 0xde,

    /* U+571F "土" */
    0x0, 0x0, 0x0, 0x6b, 0x0, 0x0, 0x0, 0x0,
    0x0, 0x0, 0x6b, 0x0, 0x0, 0x0, 0x0, 0x0,
    0x0, 0x6b, 0x0, 0x0, 0x0, 0x0, 0x0, 0x0,
    0x6b, 0x0, 0x0, 0x0, 0x0, 0x0, 0x0, 0x7b,
    0x0, 0x0, 0x0, 0x2, 0xff, 0xff, 0xff, 0xff,
    0xff, 0x80, 0x0, 0x0, 0x0, 0x6b, 0x0, 0x0,
    0x0, 0x0, 0x0, 0x0, 0x6b, 0x0, 0x0, 0x0,
    0x0, 0x0, 0x0, 0x6b, 0x0, 0x0, 0x0, 0x0,
    0x0, 0x0, 0x6b, 0x0, 0x0, 0x0, 0x0, 0x0,
    0x0, 0x6b, 0x0, 0x0, 0x0, 0xb, 0xbb, 0xbb,
    0xde, 0xbb, 0xbb, 0xb5, 0x4, 0x44, 0x44, 0x44,
    0x44, 0x44, 0x41,

    /* U+5728 "在" */
    0x0, 0x0, 0xa, 0x50, 0x0, 0x0, 0x0, 0x0,
    0x0, 0x1f, 0x20, 0x0, 0x0, 0x0, 0x1c, 0xcc,
    0xdf, 0xcc, 0xcc, 0xcc, 0xc1, 0x3, 0x33, 0xf6,
    0x33, 0x33, 0x33, 0x30, 0x0, 0x8, 0xc0, 0x0,
    0x64, 0x0, 0x0, 0x0, 0x2f, 0x30, 0x0, 0xa6,
    0x0, 0x0, 0x1, 0xdc, 0x0, 0x0, 0xa7, 0x0,
    0x0, 0x1d, 0xeb, 0xb, 0xee, 0xff, 0xee, 0x80,
    0x3b, 0x5b, 0x0, 0x0, 0xa6, 0x0, 0x0, 0x0,
    0x4b, 0x0, 0x0, 0xa6, 0x0, 0x0, 0x0, 0x4b,
    0x0, 0x0, 0xa6, 0x0, 0x0, 0x0, 0x4b, 0x0,
    0x0, 0xa6, 0x0, 0x0, 0x0, 0x4b, 0x5f, 0xff,
    0xff, 0xff, 0xf1,

    /* U+5730 "地" */
    0x0, 0x84, 0x0, 0x0, 0x1e, 0x0, 0x0, 0x0,
    0x95, 0x0, 0x40, 0x1e, 0x0, 0x0, 0x0, 0x95,
    0x0, 0xf0, 0x1e, 0x0, 0x10, 0x12, 0xa7, 0x20,
    0xf0, 0x1e, 0x4b, 0xd0, 0x5d, 0xee, 0xd0, 0xf1,
    0x7f, 0xc7, 0xd0, 0x0, 0x95, 0x4, 0xfe, 0x9e,
    0x2, 0xd0, 0x0, 0x95, 0x4a, 0xf0, 0x1e, 0x2,
    0xd0, 0x0, 0x95, 0x0, 0xf0, 0x1e, 0x3, 0xc0,
    0x0, 0xac, 0xe1, 0xf0, 0x1e, 0x5d, 0x80, 0x3c,
    0xf9, 0x10, 0xf0, 0xb, 0x1, 0x10, 0x39, 0x10,
    0x0, 0xf0, 0x0, 0x0, 0x87, 0x0, 0x0, 0x0,
    0xf3, 0x0, 0x0, 0xb4, 0x0, 0x0, 0x0, 0x8f,
    0xff, 0xff, 0xb0,

    /* U+573A "场" */
    0x0, 0x96, 0x0, 0x0, 0x0, 0x0, 0x0, 0x0,
    0x96, 0xb, 0xff, 0xff, 0xf8, 0x0, 0x0, 0x96,
    0x0, 0x0, 0x1c, 0xa0, 0x0, 0x2, 0xa8, 0x20,
    0x2, 0xd8, 0x0, 0x0, 0x4d, 0xee, 0xc0, 0x7e,
    0x40, 0x0, 0x0, 0x0, 0x96, 0x7, 0xff, 0xfe,
    0xff, 0xf1, 0x0, 0x96, 0x0, 0x5, 0xa1, 0xd0,
    0xf0, 0x0, 0x96, 0x0, 0xd, 0x27, 0x80, 0xf0,
    0x0, 0x96, 0x21, 0xc7, 0xd, 0x12, 0xe0, 0x1,
    0xbe, 0xda, 0x70, 0x88, 0x4, 0xc0, 0x5f, 0xa3,
    0x0, 0x5, 0xc0, 0x6, 0xa0, 0x0, 0x0, 0x0,
    0x6d, 0x10, 0xb, 0x70, 0x0, 0x0, 0x5, 0xc1,
    0x8, 0xfc, 0x10, 0x0, 0x0, 0x0, 0x0, 0x0,
    0x0, 0x0,

    /* U+5761 "坡" */
    0x0, 0x85, 0x0, 0x0, 0x1e, 0x0, 0x0, 0x0,
    0x96, 0x0, 0x0, 0x1e, 0x0, 0x0, 0x0, 0x96,
    0x4, 0xaa, 0xbf, 0xaa, 0xa4, 0x2, 0xa7, 0x26,
    0xc7, 0x8f, 0x77, 0xe4, 0x4d, 0xee, 0xc6, 0x90,
    0x1e, 0x1, 0xe0, 0x0, 0x96, 0x6, 0xa0, 0x2e,
    0x1, 0x50, 0x0, 0x96, 0x6, 0xff, 0xee, 0xee,
    0xb0, 0x0, 0x96, 0x7, 0x9e, 0x10, 0xa, 0x50,
    0x0, 0x99, 0xa9, 0x77, 0x90, 0x2e, 0x0, 0x17,
    0xec, 0x5d, 0x40, 0xd5, 0xc5, 0x0, 0x4b, 0x30,
    0x2e, 0x0, 0x3f, 0xb0, 0x0, 0x0, 0x0, 0xa8,
    0x4, 0xda, 0xe8, 0x10, 0x0, 0x3, 0xd1, 0xcd,
    0x40, 0x1a, 0xf5, 0x0, 0x0, 0x0, 0x20, 0x0,
    0x0, 0x10,

    /* U+57CE "城" */
    0x0, 0x0, 0x0, 0x0, 0x2, 0x0, 0x0, 0x0,
    0xe1, 0x0, 0x0, 0xb, 0x7c, 0x10, 0x0, 0xe1,
    0x0, 0x0, 0xb, 0x46, 0xa0, 0x0, 0xe1, 0xd,
    0xdd, 0xdf, 0xed, 0xe2, 0x38, 0xf9, 0x3f, 0x22,
    0x2b, 0x62, 0x20, 0x27, 0xf8, 0x3f, 0x0, 0x9,
    0x50, 0x20, 0x0, 0xe1, 0xf, 0xee, 0xa8, 0x63,
    0xc0, 0x0, 0xe1, 0xf, 0x3, 0xb7, 0x89, 0x70,
    0x0, 0xe1, 0x1e, 0x3, 0xa5, 0xae, 0x20, 0x0,
    0xe1, 0x3c, 0x4, 0xa2, 0xfb, 0x0, 0x2, 0xee,
    0xbb, 0x6, 0x91, 0xf3, 0x0, 0x6f, 0x93, 0x88,
    0xac, 0x3a, 0xf3, 0x55, 0x0, 0x0, 0xe2, 0x0,
    0xaa, 0x7a, 0x84, 0x0, 0x5, 0xa0, 0x7, 0x90,
    0xc, 0xd0, 0x0, 0x0, 0x0, 0x0, 0x0, 0x0,
    0x0,

    /* U+57FA "基" */
    0x0, 0x0, 0x0, 0x0, 0x0, 0x0, 0x0, 0x0,
    0x5, 0xb0, 0x0, 0x3, 0xd0, 0x0, 0x1, 0x27,
    0xc2, 0x22, 0x25, 0xe2, 0x20, 0x5, 0xbc, 0xeb,
    0xbb, 0xbc, 0xfb, 0xb0, 0x0, 0x5, 0xd6, 0x66,
    0x68, 0xd0, 0x0, 0x0, 0x5, 0xc4, 0x44, 0x46,
    0xd0, 0x0, 0x0, 0x5, 0xfc, 0xcc, 0xcd, 0xd0,
    0x0, 0x0, 0x5, 0xb0, 0x0, 0x3, 0xd0, 0x0,
    0x2e, 0xee, 0xfe, 0xee, 0xef, 0xfe, 0xe8, 0x0,
    0x1b, 0x80, 0x24, 0x1, 0xd6, 0x0, 0x6, 0xeb,
    0xbb, 0xde, 0xbb, 0x9d, 0xc4, 0xc, 0x40, 0x22,
    0x6c, 0x22, 0x10, 0x74, 0x0, 0x0, 0x0, 0x5b,
    0x0, 0x0, 0x0, 0x0, 0xee, 0xee, 0xef, 0xee,
    0xee, 0x80,

    /* U+58F0 "声" */
    0x0, 0x0, 0x0, 0x87, 0x0, 0x0, 0x0, 0xc,
    0xcc, 0xcc, 0xee, 0xcc, 0xcc, 0xc0, 0x1, 0x11,
    0x11, 0x98, 0x11, 0x11, 0x10, 0x0, 0x11, 0x11,
    0x98, 0x11, 0x11, 0x0, 0x2, 0xdd, 0xdd, 0xdd,
    0xdd, 0xdd, 0x50, 0x0, 0x0, 0x0, 0x0, 0x0,
    0x0, 0x0, 0x0, 0xdd, 0xcc, 0xee, 0xcc, 0xcf,
    0x10, 0x0, 0xd2, 0x0, 0x87, 0x0, 0xe, 0x10,
    0x0, 0xf2, 0x0, 0x88, 0x0, 0xe, 0x10, 0x1,
    0xfd, 0xdd, 0xdd, 0xdd, 0xdf, 0x10, 0x4, 0xc0,
    0x0, 0x0, 0x0, 0x8, 0x10, 0xb, 0x70, 0x0,
    0x0, 0x0, 0x0, 0x0, 0x5d, 0x0, 0x0, 0x0,
    0x0, 0x0, 0x0, 0x2, 0x0, 0x0, 0x0, 0x0,
    0x0, 0x0,

    /* U+5904 "处" */
    0x0, 0xc, 0x30, 0x0, 0x3e, 0x0, 0x0, 0x0,
    0x1f, 0x10, 0x0, 0x3e, 0x0, 0x0, 0x0, 0x4f,
    0xcb, 0xc2, 0x3e, 0x0, 0x0, 0x0, 0x8a, 0x33,
    0xf1, 0x3f, 0x30, 0x0, 0x0, 0xd6, 0x1, 0xe0,
    0x3f, 0xe3, 0x0, 0x4, 0xfa, 0x5, 0xb0, 0x3e,
    0x4e, 0x10, 0xd, 0x6e, 0xa, 0x70, 0x3e, 0x7,
    0xc0, 0x3, 0x9, 0x8f, 0x10, 0x3e, 0x0, 0x81,
    0x0, 0x2, 0xfa, 0x0, 0x3e, 0x0, 0x0, 0x0,
    0x3, 0xfc, 0x0, 0x3e, 0x0, 0x0, 0x0, 0x1e,
    0x6a, 0xb1, 0x14, 0x0, 0x0, 0x2, 0xca, 0x0,
    0x9f, 0x95, 0x33, 0x32, 0x1e, 0x90, 0x0, 0x2,
    0x8c, 0xde, 0xe6, 0x2, 0x0, 0x0, 0x0, 0x0,
    0x0, 0x0,

    /* U+590D "复" */
    0x0, 0x3, 0x30, 0x0, 0x0, 0x0, 0x0, 0x0,
    0x1e, 0x72, 0x22, 0x22, 0x22, 0x20, 0x0, 0xbc,
    0xbb, 0xbb, 0xbb, 0xbb, 0x90, 0x1c, 0x97, 0x77,
    0x77, 0x77, 0x76, 0x0, 0x5, 0xf, 0x43, 0x33,
    0x33, 0x6d, 0x0, 0x0, 0xf, 0xbb, 0xbb, 0xbb,
    0xcd, 0x0, 0x0, 0xf, 0x54, 0x44, 0x44, 0x7d,
    0x0, 0x0, 0x6, 0xda, 0x66, 0x66, 0x65, 0x0,
    0x0, 0x8, 0xfc, 0xcc, 0xcc, 0xc5, 0x0, 0x2,
    0xca, 0xc4, 0x0, 0x1a, 0xb0, 0x0, 0x3, 0x50,
    0x1b, 0xb8, 0xe7, 0x0, 0x0, 0x2, 0x46, 0xad,
    0xca, 0xeb, 0x85, 0x41, 0x4d, 0xa8, 0x51, 0x0,
    0x3, 0x79, 0xb4,

    /* U+5916 "外" */
    0x0, 0x0, 0x0, 0x0, 0x0, 0x0, 0x0, 0x0,
    0xa, 0x50, 0x0, 0x3d, 0x0, 0x0, 0x0, 0xf,
    0x20, 0x0, 0x3d, 0x0, 0x0, 0x0, 0x4f, 0xdd,
    0xd5, 0x3d, 0x0, 0x0, 0x0, 0x98, 0x22, 0xc4,
    0x3d, 0x0, 0x0, 0x1, 0xf1, 0x0, 0xf1, 0x3e,
    0x70, 0x0, 0xb, 0x93, 0x3, 0xe0, 0x3e, 0xca,
    0x0, 0xb, 0x3e, 0x79, 0x90, 0x3d, 0xb, 0xb0,
    0x0, 0x1, 0xcf, 0x20, 0x3d, 0x0, 0xc7, 0x0,
    0x0, 0x9b, 0x0, 0x3d, 0x0, 0x0, 0x0, 0x5,
    0xf2, 0x0, 0x3d, 0x0, 0x0, 0x0, 0x3e, 0x50,
    0x0, 0x3d, 0x0, 0x0, 0x8, 0xf7, 0x0, 0x0,
    0x3d, 0x0, 0x0, 0xa, 0x40, 0x0, 0x0, 0x3d,
    0x0, 0x0,

    /* U+591A "多" */
    0x0, 0x0, 0x2d, 0x30, 0x0, 0x0, 0x0, 0x0,
    0x3e, 0xfc, 0xcc, 0xa0, 0x0, 0x1, 0xad, 0x42,
    0x23, 0xd6, 0x0, 0x2, 0xe8, 0x76, 0x1, 0xc9,
    0x0, 0x0, 0x0, 0x1, 0xbc, 0xe6, 0x0, 0x0,
    0x0, 0x2, 0x8e, 0xa3, 0xd7, 0x0, 0x0, 0x8e,
    0xd8, 0x12, 0xdf, 0xdc, 0xcc, 0x2, 0x20, 0x7,
    0xe6, 0x22, 0x2b, 0x80, 0x0, 0x7d, 0xa6, 0x30,
    0x8, 0xc0, 0x0, 0x6, 0x20, 0x3e, 0x7b, 0xb1,
    0x0, 0x0, 0x0, 0x4, 0xbf, 0x60, 0x0, 0x2,
    0x57, 0xae, 0xc6, 0x10, 0x0, 0x0, 0xab, 0x86,
    0x20, 0x0, 0x0, 0x0, 0x0,

    /* U+591C "夜" */
    0x0, 0x0, 0x0, 0x72, 0x0, 0x0, 0x0, 0x0,
    0x0, 0x0, 0x8b, 0x0, 0x0, 0x0, 0x2e, 0xef,
    0xfe, 0xef, 0xfe, 0xee, 0xe2, 0x0, 0x4, 0xc0,
    0x7, 0xa0, 0x0, 0x0, 0x0, 0xd, 0x40, 0x1e,
    0xed, 0xdd, 0x90, 0x0, 0x8c, 0x0, 0x98, 0x41,
    0x1a, 0x60, 0x7, 0xfb, 0x8, 0xf2, 0xb7, 0x1e,
    0x0, 0x5e, 0x7b, 0x6d, 0x89, 0x8, 0x99, 0x0,
    0x13, 0x4b, 0x11, 0xb, 0x55, 0xd0, 0x0, 0x0,
    0x4b, 0x0, 0x1, 0xee, 0x20, 0x0, 0x0, 0x4b,
    0x0, 0x7, 0xee, 0x70, 0x0, 0x0, 0x4b, 0x5,
    0xdb, 0x12, 0xdc, 0x50, 0x0, 0x4b, 0x6c, 0x40,
    0x0, 0x6, 0xd4, 0x0, 0x0, 0x0, 0x0, 0x0,
    0x0, 0x0,

    /* U+5927 "大" */
    0x0, 0x0, 0x0, 0x89, 0x0, 0x0, 0x0, 0x0,
    0x0, 0x0, 0x98, 0x0, 0x0, 0x0, 0x0, 0x0,
    0x0, 0xa7, 0x0, 0x0, 0x0, 0x0, 0x0, 0x0,
    0xb6, 0x0, 0x0, 0x0, 0x1f, 0xff, 0xff, 0xff,
    0xff, 0xff, 0xf2, 0x1, 0x11, 0x13, 0xff, 0x31,
    0x11, 0x10, 0x0, 0x0, 0x5, 0xcb, 0x70, 0x0,
    0x0, 0x0, 0x0, 0xb, 0x74, 0xd0, 0x0, 0x0,
    0x0, 0x0, 0x4e, 0x10, 0xc8, 0x0, 0x0, 0x0,
    0x2, 0xe6, 0x0, 0x3f, 0x40, 0x0, 0x0, 0x2e,
    0x90, 0x0, 0x6, 0xf4, 0x0, 0x8, 0xf9, 0x0,
    0x0, 0x0, 0x6f, 0xa1, 0x1b, 0x30, 0x0, 0x0,
    0x0, 0x2, 0xa1,

    /* U+5929 "天" */
    0x8, 0xee, 0xee, 0xee, 0xee, 0xee, 0x70, 0x1,
    0x22, 0x22, 0xb8, 0x22, 0x22, 0x10, 0x0, 0x0,
    0x0, 0xa7, 0x0, 0x0, 0x0, 0x0, 0x0, 0x0,
    0xa7, 0x0, 0x0, 0x0, 0x2, 0x22, 0x22, 0xb8,
    0x22, 0x22, 0x20, 0x1e, 0xee, 0xee, 0xff, 0xee,
    0xee, 0xe1, 0x0, 0x0, 0x2, 0xff, 0x10, 0x0,
    0x0, 0x0, 0x0, 0x9, 0xa9, 0x90, 0x0, 0x0,
    0x0, 0x0, 0x4f, 0x21, 0xe4, 0x0, 0x0, 0x0,
    0x4, 0xf6, 0x0, 0x4e, 0x40, 0x0, 0x1, 0x9f,
    0x50, 0x0, 0x5, 0xf8, 0x10, 0x2f, 0xa2, 0x0,
    0x0, 0x0, 0x2b, 0xf3, 0x2, 0x0, 0x0, 0x0,
    0x0, 0x0, 0x20,

    /* U+592A "太" */
    0x0, 0x0, 0x0, 0x98, 0x0, 0x0, 0x0, 0x0,
    0x0, 0x0, 0x97, 0x0, 0x0, 0x0, 0x0, 0x0,
    0x0, 0xa7, 0x0, 0x0, 0x0, 0x0, 0x0, 0x0,
    0xb6, 0x0, 0x0, 0x0, 0x2f, 0xff, 0xff, 0xff,
    0xff, 0xff, 0xf3, 0x0, 0x0, 0x1, 0xff, 0x20,
    0x0, 0x0, 0x0, 0x0, 0x4, 0xd9, 0x80, 0x0,
    0x0, 0x0, 0x0, 0xa, 0x93, 0xe0, 0x0, 0x0,
    0x0, 0x0, 0x2f, 0x20, 0xb8, 0x0, 0x0, 0x0,
    0x0, 0xcc, 0x0, 0x2f, 0x30, 0x0, 0x0, 0xb,
    0xcb, 0xb0, 0x6, 0xf3, 0x0, 0x4, 0xdc, 0x0,
    0xac, 0x0, 0x7f, 0x70, 0x2e, 0x60, 0x0, 0xa,
    0x30, 0x4, 0xe4, 0x0, 0x0, 0x0, 0x0, 0x0,
    0x0, 0x0,

    /* U+5934 "头" */
    0x0, 0x3, 0x0, 0x9, 0x70, 0x0, 0x0, 0x0,
    0x1c, 0xd5, 0x9, 0x70, 0x0, 0x0, 0x0, 0x0,
    0x4e, 0x4a, 0x70, 0x0, 0x0, 0x1, 0x50, 0x0,
    0xa, 0x60, 0x0, 0x0, 0x2, 0xbe, 0x40, 0xb,
    0x50, 0x0, 0x0, 0x0, 0x5, 0xd1, 0xd, 0x40,
    0x0, 0x0, 0x1, 0x11, 0x21, 0x1e, 0x41, 0x11,
    0x10, 0x2d, 0xdd, 0xdd, 0xef, 0xdd, 0xdd, 0xd3,
    0x0, 0x0, 0x0, 0x89, 0x0, 0x0, 0x0, 0x0,
    0x0, 0x3, 0xf5, 0x91, 0x0, 0x0, 0x0, 0x0,
    0x3e, 0x60, 0x7e, 0x80, 0x0, 0x0, 0x29, 0xe5,
    0x0, 0x1, 0x9d, 0x30, 0xc, 0xe8, 0x10, 0x0,
    0x0, 0x5, 0xd0, 0x2, 0x0, 0x0, 0x0, 0x0,
    0x0, 0x0,

    /* U+5973 "女" */
    0x0, 0x0, 0x2, 0x80, 0x0, 0x0, 0x0, 0x0,
    0x0, 0x8, 0xa0, 0x0, 0x0, 0x0, 0x0, 0x0,
    0xd, 0x50, 0x0, 0x0, 0x0, 0x2, 0x22, 0x5f,
    0x32, 0x22, 0x22, 0x20, 0x2e, 0xee, 0xff, 0xee,
    0xef, 0xfe, 0xe3, 0x0, 0x1, 0xf3, 0x0, 0xd,
    0x50, 0x0, 0x0, 0x8, 0xb0, 0x0, 0x2f, 0x10,
    0x0, 0x0, 0x1f, 0x40, 0x0, 0x8b, 0x0, 0x0,
    0x0, 0x3d, 0xd6, 0x3, 0xf2, 0x0, 0x0, 0x0,
    0x0, 0x4b, 0xfe, 0x90, 0x0, 0x0, 0x0, 0x0,
    0x6, 0xed, 0xf9, 0x10, 0x0, 0x0, 0x48, 0xed,
    0x40, 0x3b, 0xf7, 0x0, 0x2f, 0xeb, 0x50, 0x0,
    0x0, 0x5e, 0xa0, 0x1, 0x0, 0x0, 0x0, 0x0,
    0x1, 0x10,

    /* U+5976 "奶" */
    0x0, 0x0, 0x0, 0x0, 0x0, 0x0, 0x0, 0x0,
    0x69, 0x0, 0x0, 0x0, 0x0, 0x0, 0x0, 0x87,
    0x3, 0xee, 0xee, 0xe8, 0x0, 0x0, 0xa4, 0x0,
    0x1b, 0x61, 0x96, 0x0, 0x2e, 0xff, 0xf9, 0xb,
    0x40, 0xc3, 0x0, 0x1, 0xe0, 0x78, 0xc, 0x40,
    0xe0, 0x0, 0x4, 0xb0, 0x96, 0xd, 0x22, 0xfe,
    0xe3, 0x8, 0x70, 0xc4, 0xf, 0x0, 0x0, 0xc2,
    0xc, 0x80, 0xe0, 0x1e, 0x0, 0x0, 0xd2, 0x2,
    0xdc, 0xa0, 0x4b, 0x0, 0x0, 0xe1, 0x0, 0x1e,
    0xb0, 0x96, 0x0, 0x0, 0xf0, 0x0, 0x6d, 0xc3,
    0xe1, 0x0, 0x2, 0xd0, 0x5, 0xe2, 0xa, 0x90,
    0x0, 0x6, 0xb0, 0x1d, 0x30, 0x1d, 0x0, 0xe,
    0xfe, 0x40, 0x0, 0x0, 0x0, 0x0, 0x0, 0x0,
    0x0,

    /* U+597D "好" */
    0x0, 0x0, 0x0, 0x0, 0x0, 0x0, 0x0, 0x0,
    0x87, 0x0, 0x0, 0x0, 0x0, 0x0, 0x0, 0xa5,
    0x0, 0x5e, 0xee, 0xee, 0xb0, 0x0, 0xd2, 0x0,
    0x1, 0x11, 0x3e, 0x50, 0x6e, 0xff, 0xed, 0x0,
    0x0, 0xb8, 0x0, 0x4, 0xc0, 0x4b, 0x0, 0xa,
    0x90, 0x0, 0x7, 0x80, 0x69, 0x0, 0xb, 0x50,
    0x0, 0xb, 0x40, 0x96, 0xff, 0xff, 0xff, 0xf6,
    0xf, 0x50, 0xe1, 0x0, 0xc, 0x50, 0x0, 0x3,
    0xec, 0xb0, 0x0, 0xb, 0x50, 0x0, 0x0, 0x2f,
    0xc0, 0x0, 0xb, 0x50, 0x0, 0x0, 0xaa, 0xbc,
    0x0, 0xb, 0x50, 0x0, 0x1a, 0xd0, 0x6, 0x0,
    0xc, 0x50, 0x0, 0x5a, 0x0, 0x0, 0xa, 0xfd,
    0x10, 0x0, 0x0, 0x0, 0x0, 0x0, 0x0, 0x0,
    0x0,

    /* U+59B9 "妹" */
    0x0, 0xb2, 0x0, 0x0, 0x1e, 0x0, 0x0, 0x0,
    0xe0, 0x0, 0x0, 0x1e, 0x0, 0x0, 0x0, 0xe0,
    0x1, 0x77, 0x8f, 0x77, 0x70, 0x6f, 0xfe, 0xe3,
    0x88, 0x9f, 0x88, 0x80, 0x6, 0x90, 0xe0, 0x0,
    0x1e, 0x0, 0x0, 0x9, 0x51, 0xe0, 0x0, 0x2e,
    0x0, 0x0, 0xd, 0x13, 0xc9, 0xee, 0xff, 0xfe,
    0xe5, 0x1f, 0x17, 0x80, 0x0, 0xcf, 0x90, 0x0,
    0x7, 0xed, 0x30, 0x6, 0xce, 0xc3, 0x0, 0x0,
    0x6f, 0x60, 0x1e, 0x3e, 0x3c, 0x0, 0x0, 0xd8,
    0xe2, 0xd6, 0x1e, 0x8, 0xb0, 0x1b, 0xa0, 0xc,
    0x60, 0x1e, 0x0, 0x94, 0x68, 0x0, 0x0, 0x0,
    0x1e, 0x0, 0x0,

    /* U+59D0 "姐" */
    0x0, 0x0, 0x0, 0x0, 0x0, 0x0, 0x0, 0x0,
    0xc3, 0x0, 0x0, 0x0, 0x0, 0x0, 0x0, 0xe1,
    0x0, 0xef, 0xff, 0xff, 0x0, 0x0, 0xf0, 0x0,
    0xe1, 0x0, 0xf, 0x0, 0x6e, 0xfe, 0xf1, 0xe1,
    0x0, 0xf, 0x0, 0x5, 0x90, 0xe0, 0xec, 0xbb,
    0xcf, 0x0, 0x8, 0x61, 0xe0, 0xe4, 0x33, 0x3f,
    0x0, 0xb, 0x33, 0xc0, 0xe1, 0x0, 0xf, 0x0,
    0xf, 0x7, 0x80, 0xe1, 0x0, 0xf, 0x0, 0xc,
    0xab, 0x40, 0xef, 0xff, 0xff, 0x0, 0x0, 0xaf,
    0x10, 0xe1, 0x0, 0xf, 0x0, 0x0, 0x9e, 0xa0,
    0xe1, 0x0, 0xf, 0x0, 0x5, 0xe1, 0x92, 0xe3,
    0x11, 0x2f, 0x20, 0x3e, 0x30, 0x5d, 0xdd, 0xdd,
    0xdd, 0xd3, 0x1, 0x0, 0x0, 0x0, 0x0, 0x0,
    0x0,

    /* U+5A01 "威" */
    0x0, 0x0, 0x0, 0x0, 0x0, 0x0, 0x0, 0x0,
    0x0, 0x0, 0x0, 0x1e, 0x2c, 0x30, 0x0, 0x0,
    0x0, 0x0, 0x1f, 0x3, 0xb0, 0x2, 0xff, 0xff,
    0xff, 0xff, 0xff, 0xf7, 0x2, 0xd0, 0x0, 0x0,
    0xf, 0x0, 0x0, 0x2, 0xd7, 0xdd, 0xdd, 0x6e,
    0x10, 0x90, 0x2, 0xd0, 0xb, 0x30, 0xd, 0x23,
    0xb0, 0x2, 0xc0, 0xe, 0x0, 0xc, 0x37, 0x70,
    0x3, 0xb9, 0xee, 0xce, 0x5a, 0x6d, 0x20, 0x4,
    0xa0, 0xd1, 0x1e, 0x7, 0xcb, 0x0, 0x6, 0x92,
    0xbb, 0xb6, 0x4, 0xf4, 0x0, 0xa, 0x50, 0x1c,
    0xcb, 0x29, 0xf1, 0x2a, 0xe, 0x19, 0xc4, 0x4,
    0xba, 0x9a, 0x59, 0x29, 0x1, 0x0, 0x7, 0x80,
    0xc, 0xe3, 0x0, 0x0, 0x0, 0x0, 0x0, 0x0,
    0x0,

    /* U+5A74 "婴" */
    0x9, 0xdc, 0xce, 0x77, 0xec, 0xcd, 0x90, 0x9,
    0x46, 0x47, 0x77, 0x64, 0x55, 0x90, 0x9, 0x49,
    0x47, 0x77, 0x67, 0x65, 0x90, 0x9, 0x4c, 0x27,
    0x77, 0x6a, 0x55, 0x90, 0x4, 0x5f, 0x95, 0x34,
    0x5e, 0x83, 0x50, 0x6, 0xd3, 0x3b, 0x44, 0xd6,
    0x4b, 0x50, 0x6, 0x0, 0xa, 0x25, 0x10, 0x0,
    0x40, 0x3e, 0xee, 0xff, 0xee, 0xee, 0xee, 0xe2,
    0x0, 0x4, 0xd1, 0x0, 0x1d, 0x40, 0x0, 0x0,
    0xc, 0xea, 0x64, 0xd8, 0x0, 0x0, 0x0, 0x0,
    0x4b, 0xfe, 0xfb, 0x62, 0x0, 0xd, 0xed, 0xb7,
    0x20, 0x4, 0x9e, 0x70, 0x0, 0x0, 0x0, 0x0,
    0x0, 0x0, 0x0,

    /* U+5B50 "子" */
    0x0, 0x0, 0x0, 0x0, 0x0, 0x0, 0x0, 0x0,
    0xaf, 0xff, 0xff, 0xff, 0xfe, 0x20, 0x0, 0x11,
    0x11, 0x11, 0x17, 0xe5, 0x0, 0x0, 0x0, 0x0,
    0x2, 0xbc, 0x20, 0x0, 0x0, 0x0, 0x0, 0x3f,
    0x60, 0x0, 0x0, 0x0, 0x0, 0x0, 0x4c, 0x0,
    0x0, 0x0, 0xb, 0xbb, 0xbb, 0xdf, 0xbb, 0xbb,
    0xb6, 0x4, 0x44, 0x44, 0x7d, 0x44, 0x44, 0x42,
    0x0, 0x0, 0x0, 0x4c, 0x0, 0x0, 0x0, 0x0,
    0x0, 0x0, 0x4c, 0x0, 0x0, 0x0, 0x0, 0x0,
    0x0, 0x4c, 0x0, 0x0, 0x0, 0x0, 0x0, 0x0,
    0x6c, 0x0, 0x0, 0x0, 0x0, 0x0, 0xef, 0xe6,
    0x0, 0x0, 0x0, 0x0, 0x0, 0x0, 0x0, 0x0,
    0x0, 0x0,

    /* U+5B57 "字" */
    0x0, 0x0, 0x0, 0x71, 0x0, 0x0, 0x0, 0x1,
    0x11, 0x11, 0xaa, 0x11, 0x11, 0x10, 0xd, 0xee,
    0xee, 0xee, 0xee, 0xef, 0xd0, 0xd, 0x20, 0x0,
    0x0, 0x0, 0x3, 0xd0, 0xb, 0x2b, 0xee, 0xee,
    0xef, 0x92, 0xb0, 0x0, 0x0, 0x0, 0x1, 0xbe,
    0x30, 0x0, 0x0, 0x0, 0x0, 0x2d, 0xb2, 0x0,
    0x0, 0x0, 0x0, 0x0, 0x9a, 0x10, 0x0, 0x0,
    0xf, 0xff, 0xff, 0xff, 0xff, 0xff, 0xf0, 0x0,
    0x0, 0x0, 0x88, 0x0, 0x0, 0x0, 0x0, 0x0,
    0x0, 0x88, 0x0, 0x0, 0x0, 0x0, 0x0, 0x0,
    0x98, 0x0, 0x0, 0x0, 0x0, 0x0, 0xbf, 0xe4,
    0x0, 0x0, 0x0,

    /* U+5B58 "存" */
    0x0, 0x0, 0x8, 0x30, 0x0, 0x0, 0x0, 0x0,
    0x0, 0x1f, 0x10, 0x0, 0x0, 0x0, 0x1f, 0xff,
    0xff, 0xff, 0xff, 0xff, 0xf2, 0x0, 0x1, 0xe4,
    0x0, 0x0, 0x0, 0x0, 0x0, 0x9, 0xb0, 0x11,
    0x11, 0x12, 0x0, 0x0, 0x3f, 0x21, 0xdd, 0xdd,
    0xef, 0x30, 0x3, 0xeb, 0x0, 0x0, 0x7, 0xc3,
    0x0, 0x3f, 0xda, 0x0, 0x0, 0x6b, 0x0, 0x0,
    0x35, 0x5a, 0x4e, 0xee, 0xff, 0xee, 0xe5, 0x0,
    0x5a, 0x0, 0x0, 0x7a, 0x0, 0x0, 0x0, 0x5a,
    0x0, 0x0, 0x6a, 0x0, 0x0, 0x0, 0x5a, 0x0,
    0x0, 0x7a, 0x0, 0x0, 0x0, 0x5a, 0x0, 0x9f,
    0xe5, 0x0, 0x0,

    /* U+5B66 "学" */
    0x0, 0x21, 0x0, 0x80, 0x0, 0x14, 0x0, 0x0,
    0x6c, 0x0, 0xa8, 0x0, 0x99, 0x0, 0x3, 0x3d,
    0x63, 0x6d, 0x35, 0xe4, 0x30, 0xd, 0xcb, 0xbb,
    0xbb, 0xbb, 0xbc, 0xf0, 0xd, 0x10, 0x0, 0x0,
    0x0, 0x0, 0xf0, 0x7, 0x1b, 0xee, 0xee, 0xef,
    0xa0, 0x80, 0x0, 0x0, 0x0, 0x6, 0xd9, 0x0,
    0x0, 0x0, 0x0, 0x0, 0x8b, 0x10, 0x0, 0x0,
    0x2e, 0xee, 0xee, 0xff, 0xee, 0xee, 0xe3, 0x0,
    0x0, 0x0, 0x98, 0x0, 0x0, 0x0, 0x0, 0x0,
    0x0, 0x87, 0x0, 0x0, 0x0, 0x0, 0x0, 0x0,
    0x97, 0x0, 0x0, 0x0, 0x0, 0x0, 0xef, 0xd3,
    0x0, 0x0, 0x0,

    /* U+5B69 "孩" */
    0x0, 0x0, 0x0, 0x0, 0xc, 0x0, 0x0, 0xd,
    0xee, 0xe9, 0x0, 0xb, 0x60, 0x0, 0x1, 0x11,
    0xd6, 0xee, 0xef, 0xfe, 0xe9, 0x0, 0x5, 0xb0,
    0x0, 0xb6, 0x0, 0x0, 0x0, 0xd, 0x20, 0x3,
    0xd0, 0x8, 0x0, 0x0, 0x1e, 0x0, 0x2d, 0x61,
    0x8a, 0x0, 0x0, 0x1e, 0x13, 0xaf, 0xde, 0xd1,
    0x0, 0x3, 0x8f, 0xe8, 0x0, 0x6d, 0x14, 0xe0,
    0x2d, 0x9e, 0x0, 0x1a, 0xb1, 0x1e, 0x50, 0x0,
    0x1e, 0x1, 0xd6, 0x2, 0xd8, 0x0, 0x0, 0x1e,
    0x0, 0x0, 0x6e, 0xd9, 0x0, 0x0, 0x1e, 0x0,
    0x5c, 0xc2, 0xa, 0xb0, 0xc, 0xea, 0x9, 0xb4,
    0x0, 0x0, 0x94, 0x0, 0x0, 0x0, 0x0, 0x0,
    0x0, 0x0,

    /* U+5B89 "安" */
    0x0, 0x0, 0x0, 0x80, 0x0, 0x0, 0x0, 0x0,
    0x0, 0x0, 0xc7, 0x0, 0x0, 0x0, 0xa, 0xff,
    0xff, 0xff, 0xff, 0xff, 0xb0, 0xa, 0x50, 0x1,
    0x50, 0x0, 0x6, 0xb0, 0x8, 0x40, 0x8, 0xb0,
    0x0, 0x4, 0x90, 0x0, 0x0, 0x1f, 0x40, 0x0,
    0x0, 0x0, 0xe, 0xee, 0xff, 0xee, 0xef, 0xfe,
    0xe1, 0x0, 0x3, 0xf2, 0x0, 0x2f, 0x20, 0x0,
    0x0, 0xd, 0xa0, 0x0, 0xa9, 0x0, 0x0, 0x0,
    0x6, 0xce, 0x98, 0xd0, 0x0, 0x0, 0x0, 0x0,
    0x4, 0xef, 0xd5, 0x0, 0x0, 0x0, 0x3, 0x9e,
    0x81, 0x6d, 0xd5, 0x0, 0x7, 0xfc, 0x81, 0x0,
    0x0, 0x6e, 0x70, 0x1, 0x10, 0x0, 0x0, 0x0,
    0x0, 0x0,

    /* U+5B8C "完" */
    0x0, 0x0, 0x0, 0xa2, 0x0, 0x0, 0x0, 0x0,
    0x0, 0x0, 0xaa, 0x0, 0x0, 0x0, 0xd, 0xff,
    0xff, 0xff, 0xff, 0xff, 0xd0, 0xd, 0x30, 0x0,
    0x0, 0x0, 0x3, 0xd0, 0xd, 0x3b, 0xdd, 0xdd,
    0xdd, 0xa3, 0xd0, 0x0, 0x1, 0x11, 0x11, 0x11,
    0x10, 0x0, 0x0, 0x0, 0x0, 0x0, 0x0, 0x0,
    0x0, 0x3e, 0xee, 0xff, 0xee, 0xff, 0xee, 0xe3,
    0x0, 0x0, 0x88, 0x0, 0xe2, 0x0, 0x0, 0x0,
    0x0, 0xb6, 0x0, 0xe2, 0x0, 0x0, 0x0, 0x2,
    0xf1, 0x0, 0xe2, 0x0, 0x73, 0x0, 0x3e, 0x70,
    0x0, 0xe2, 0x0, 0xb4, 0x2e, 0xc5, 0x0, 0x0,
    0x9f, 0xff, 0xd0, 0x1, 0x0, 0x0, 0x0, 0x0,
    0x0, 0x0,

    /* U+5B9C "宜" */
    0x0, 0x0, 0x0, 0x82, 0x0, 0x0, 0x0, 0x0,
    0x0, 0x0, 0x8a, 0x0, 0x0, 0x0, 0xd, 0xfe,
    0xee, 0xee, 0xee, 0xef, 0xd0, 0xd, 0x30, 0x0,
    0x0, 0x0, 0x3, 0xd0, 0xc, 0x28, 0xee, 0xee,
    0xee, 0x62, 0xc0, 0x0, 0x8, 0x70, 0x0, 0x9,
    0x70, 0x0, 0x0, 0x8, 0x70, 0x0, 0x9, 0x70,
    0x0, 0x0, 0x8, 0xed, 0xdd, 0xdf, 0x70, 0x0,
    0x0, 0x8, 0x70, 0x0, 0x9, 0x70, 0x0, 0x0,
    0x8, 0xfe, 0xee, 0xef, 0x70, 0x0, 0x0, 0x8,
    0x70, 0x0, 0x9, 0x70, 0x0, 0x0, 0x8, 0x70,
    0x0, 0x9, 0x70, 0x0, 0x3f, 0xff, 0xff, 0xff,
    0xff, 0xff, 0xf3,

    /* U+5BB6 "家" */
    0x0, 0x0, 0x0, 0x0, 0x0, 0x0, 0x0, 0x0,
    0x0, 0x0, 0xd4, 0x0, 0x0, 0x0, 0xa, 0xbb,
    0xbb, 0xee, 0xbb, 0xbb, 0xa0, 0xe, 0x53, 0x33,
    0x33, 0x33, 0x35, 0xe0, 0xe, 0x10, 0x0, 0x0,
    0x0, 0x2, 0xe0, 0x2, 0x2e, 0xee, 0xff, 0xee,
    0xe0, 0x20, 0x0, 0x0, 0x4c, 0xc0, 0x0, 0x23,
    0x0, 0x3, 0x8c, 0x83, 0xd3, 0x5, 0xe6, 0x0,
    0x6, 0x50, 0x19, 0xcd, 0xae, 0x20, 0x0, 0x0,
    0x5a, 0xc4, 0x1f, 0x7d, 0x40, 0x0, 0xa, 0x93,
    0x5, 0xdd, 0x64, 0xd0, 0x0, 0x0, 0x17, 0xd8,
    0xa, 0x60, 0xab, 0x0, 0xb, 0xe8, 0x20, 0x2e,
    0x30, 0xa, 0xe3, 0x3, 0x0, 0x3f, 0xf8, 0x0,
    0x0, 0x30, 0x0, 0x0, 0x0, 0x0, 0x0, 0x0,
    0x0,

    /* U+5BB9 "容" */
    0x0, 0x0, 0x0, 0x72, 0x0, 0x0, 0x0, 0x3,
    0x33, 0x33, 0xbb, 0x33, 0x33, 0x30, 0xe, 0xbb,
    0xbb, 0xbb, 0xbb, 0xbc, 0xd0, 0xe, 0x10, 0x93,
    0x0, 0x43, 0x3, 0xd0, 0x4, 0x1b, 0x90, 0x23,
    0x3c, 0x92, 0x40, 0x5, 0xe7, 0x1, 0xdd, 0x10,
    0x8d, 0x20, 0x3, 0x20, 0x3d, 0x55, 0xd4, 0x4,
    0x10, 0x0, 0x18, 0xd2, 0x0, 0x2c, 0x92, 0x0,
    0x19, 0xff, 0xdc, 0xcc, 0xcc, 0xff, 0xa1, 0x3b,
    0x2f, 0x32, 0x22, 0x24, 0xe1, 0x80, 0x0, 0xf,
    0x0, 0x0, 0x2, 0xe0, 0x0, 0x0, 0xf, 0x10,
    0x0, 0x3, 0xe0, 0x0, 0x0, 0xf, 0xed, 0xdd,
    0xde, 0xd0, 0x0,

    /* U+5BF9 "对" */
    0x0, 0x0, 0x0, 0x0, 0x0, 0x1e, 0x0, 0x0,
    0x0, 0x0, 0x0, 0x0, 0x1e, 0x0, 0xd, 0xdd,
    0xde, 0x70, 0x0, 0x1e, 0x0, 0x3, 0x33, 0x3c,
    0x62, 0x22, 0x4e, 0x21, 0x0, 0x0, 0xe, 0x4d,
    0xdd, 0xdf, 0xd8, 0x5, 0x60, 0x2f, 0x0, 0x0,
    0x1e, 0x0, 0x2, 0xe8, 0x6b, 0x6, 0x30, 0x1e,
    0x0, 0x0, 0x1d, 0xf6, 0x4, 0xc0, 0x1e, 0x0,
    0x0, 0x4, 0xf8, 0x0, 0xc4, 0x1e, 0x0, 0x0,
    0xd, 0x9e, 0x50, 0x43, 0x1e, 0x0, 0x0, 0x8c,
    0x4, 0xd0, 0x0, 0x1e, 0x0, 0x9, 0xe2, 0x0,
    0x0, 0x1, 0x3e, 0x0, 0x1c, 0x10, 0x0, 0x0,
    0x2f, 0xf8, 0x0, 0x0, 0x0, 0x0, 0x0, 0x0,
    0x0, 0x0,

    /* U+5C0F "小" */
    0x0, 0x0, 0x0, 0x4d, 0x0, 0x0, 0x0, 0x0,
    0x0, 0x0, 0x4d, 0x0, 0x0, 0x0, 0x0, 0x0,
    0x0, 0x4d, 0x0, 0x0, 0x0, 0x0, 0x8, 0x10,
    0x4d, 0x0, 0x63, 0x0, 0x0, 0x4e, 0x0, 0x4d,
    0x0, 0x7b, 0x0, 0x0, 0x8a, 0x0, 0x4d, 0x0,
    0x1f, 0x30, 0x0, 0xd5, 0x0, 0x4d, 0x0, 0x8,
    0xc0, 0x4, 0xe0, 0x0, 0x4d, 0x0, 0x1, 0xf2,
    0xc, 0x80, 0x0, 0x4d, 0x0, 0x0, 0xb8, 0x1a,
    0x0, 0x0, 0x4d, 0x0, 0x0, 0x6a, 0x0, 0x0,
    0x0, 0x4d, 0x0, 0x0, 0x0, 0x0, 0x0, 0x11,
    0x6d, 0x0, 0x0, 0x0, 0x0, 0x0, 0xcf, 0xe7,
    0x0, 0x0, 0x0, 0x0, 0x0, 0x0, 0x0, 0x0,
    0x0, 0x0,

    /* U+5C11 "少" */
    0x0, 0x0, 0x0, 0xe1, 0x0, 0x0, 0x0, 0x0,
    0x0, 0x0, 0xe1, 0x0, 0x0, 0x0, 0x0, 0x29,
    0x0, 0xe1, 0x1, 0x80, 0x0, 0x0, 0x98, 0x0,
    0xe1, 0x0, 0xc5, 0x0, 0x1, 0xe1, 0x0, 0xe1,
    0x0, 0x3e, 0x10, 0xb, 0x70, 0x0, 0xe1, 0x0,
    0x9, 0x90, 0x3d, 0x0, 0x0, 0xe1, 0x0, 0x1,
    0xc0, 0x0, 0x0, 0x0, 0xe1, 0x0, 0x92, 0x0,
    0x0, 0x0, 0x0, 0x91, 0xa, 0xb0, 0x0, 0x0,
    0x0, 0x0, 0x3, 0xcb, 0x0, 0x0, 0x0, 0x0,
    0x4, 0xae, 0x60, 0x0, 0x0, 0x25, 0x8a, 0xfc,
    0x71, 0x0, 0x0, 0x0, 0x6b, 0x85, 0x20, 0x0,
    0x0, 0x0, 0x0,

    /* U+5C16 "尖" */
    0x0, 0x0, 0x0, 0x97, 0x0, 0x0, 0x0, 0x0,
    0x6, 0x40, 0x97, 0x5, 0x50, 0x0, 0x0, 0x1e,
    0x10, 0x97, 0x2, 0xe4, 0x0, 0x0, 0xb7, 0x0,
    0x97, 0x0, 0x3e, 0x20, 0xa, 0xb0, 0x0, 0x97,
    0x0, 0x8, 0xc0, 0x5, 0x0, 0x0, 0x54, 0x0,
    0x0, 0x40, 0x0, 0x0, 0x0, 0xa7, 0x0, 0x0,
    0x0, 0x3c, 0xcc, 0xcc, 0xfe, 0xcc, 0xcc, 0xc2,
    0x2, 0x22, 0x25, 0xff, 0x32, 0x22, 0x20, 0x0,
    0x0, 0xb, 0x98, 0xa0, 0x0, 0x0, 0x0, 0x1,
    0xac, 0x10, 0xca, 0x10, 0x0, 0x3, 0x8e, 0x91,
    0x0, 0x9, 0xe8, 0x40, 0x1c, 0x72, 0x0, 0x0,
    0x0, 0x28, 0xc2,

    /* U+5C31 "就" */
    0x0, 0x0, 0x0, 0x0, 0x0, 0x0, 0x0, 0x0,
    0xb, 0x40, 0x0, 0xe, 0x10, 0x0, 0x0, 0x7,
    0xa0, 0x0, 0xe, 0x3d, 0x10, 0x3e, 0xee, 0xee,
    0xe2, 0xe, 0x16, 0xa0, 0x0, 0x0, 0x0, 0x1,
    0x2f, 0x32, 0x50, 0x7, 0xed, 0xde, 0x89, 0xdf,
    0xdd, 0xd4, 0x7, 0x60, 0x6, 0x80, 0x1e, 0x0,
    0x0, 0x7, 0xca, 0xac, 0x80, 0x3c, 0xc0, 0x0,
    0x1, 0x38, 0xa3, 0x10, 0x69, 0xf0, 0x0, 0x2,
    0xa6, 0x8a, 0x20, 0xa5, 0xf0, 0x0, 0x7, 0x76,
    0x85, 0x90, 0xe1, 0xf0, 0x0, 0xd, 0x26, 0x80,
    0xa6, 0xa0, 0xf0, 0x36, 0x19, 0x6, 0x80, 0x1d,
    0x20, 0xf0, 0x48, 0x0, 0x7e, 0x50, 0x95, 0x0,
    0xbd, 0xd4, 0x0, 0x0, 0x0, 0x0, 0x0, 0x0,
    0x0,

    /* U+5C3E "尾" */
    0x0, 0xfe, 0xee, 0xee, 0xee, 0xef, 0x40, 0x0,
    0xf0, 0x0, 0x0, 0x0, 0xc, 0x40, 0x0, 0xfd,
    0xdd, 0xdd, 0xdd, 0xdf, 0x40, 0x0, 0xf1, 0x11,
    0x13, 0x7c, 0x81, 0x0, 0x1, 0xf1, 0x9c, 0xef,
    0x83, 0x0, 0x0, 0x2, 0xf0, 0x31, 0x1f, 0x14,
    0x77, 0x0, 0x3, 0xe2, 0x7a, 0xcf, 0xda, 0x74,
    0x0, 0x4, 0xc2, 0x74, 0x3e, 0x0, 0x24, 0x50,
    0x6, 0xa0, 0x35, 0x8f, 0xde, 0xb9, 0x50, 0xa,
    0x6b, 0xc9, 0x7f, 0x10, 0x0, 0x50, 0xe, 0x20,
    0x0, 0x1f, 0x0, 0x1, 0xf0, 0x4c, 0x0, 0x0,
    0xb, 0xff, 0xff, 0x90, 0x0, 0x0, 0x0, 0x0,
    0x0, 0x0, 0x0,

    /* U+5DF1 "己" */
    0xf, 0xff, 0xff, 0xff, 0xff, 0xd0, 0x0, 0x0,
    0x0, 0x0, 0x0, 0x4d, 0x0, 0x0, 0x0, 0x0,
    0x0, 0x4, 0xd0, 0x0, 0x0, 0x0, 0x0, 0x0,
    0x4d, 0x0, 0x1, 0x22, 0x22, 0x22, 0x25, 0xd0,
    0x0, 0xde, 0xee, 0xee, 0xee, 0xed, 0x0, 0xd,
    0x30, 0x0, 0x0, 0x2, 0x60, 0x0, 0xd3, 0x0,
    0x0, 0x0, 0x0, 0x0, 0xd, 0x30, 0x0, 0x0,
    0x0, 0x5, 0x40, 0xd3, 0x0, 0x0, 0x0, 0x0,
    0x97, 0xc, 0x70, 0x0, 0x0, 0x0, 0x3e, 0x40,
    0x4d, 0xff, 0xff, 0xff, 0xfe, 0x80,

    /* U+5DF2 "已" */
    0xef, 0xff, 0xff, 0xff, 0xff, 0x50, 0x0, 0x0,
    0x0, 0x0, 0x0, 0xc5, 0x0, 0x3, 0x0, 0x0,
    0x0, 0xc, 0x50, 0x0, 0xf1, 0x0, 0x0, 0x0,
    0xc5, 0x0, 0xf, 0x21, 0x11, 0x11, 0x1c, 0x50,
    0x0, 0xff, 0xff, 0xff, 0xff, 0xf5, 0x0, 0xf,
    0x10, 0x0, 0x0, 0x5, 0x20, 0x0, 0xf1, 0x0,
    0x0, 0x0, 0x0, 0x0, 0xf, 0x10, 0x0, 0x0,
    0x0, 0xd, 0x0, 0xf1, 0x0, 0x0, 0x0, 0x2,
    0xf0, 0xd, 0x71, 0x0, 0x0, 0x1, 0x9b, 0x0,
    0x5d, 0xff, 0xff, 0xff, 0xfc, 0x20,

    /* U+5E02 "市" */
    0x0, 0x0, 0x0, 0x0, 0x0, 0x0, 0x0, 0x0,
    0x0, 0x0, 0xc4, 0x0, 0x0, 0x0, 0x0, 0x0,
    0x0, 0x5d, 0x0, 0x0, 0x0, 0x1e, 0xee, 0xee,
    0xef, 0xee, 0xee, 0xe7, 0x1, 0x11, 0x11, 0x7b,
    0x11, 0x11, 0x10, 0x0, 0x0, 0x0, 0x6a, 0x0,
    0x0, 0x0, 0x0, 0xaf, 0xff, 0xff, 0xff, 0xff,
    0x40, 0x0, 0xb6, 0x11, 0x7b, 0x11, 0x1d, 0x40,
    0x0, 0xb5, 0x0, 0x6a, 0x0, 0xc, 0x40, 0x0,
    0xb5, 0x0, 0x6a, 0x0, 0xc, 0x40, 0x0, 0xb5,
    0x0, 0x6a, 0x0, 0xd, 0x40, 0x0, 0xb5, 0x0,
    0x6a, 0xc, 0xcf, 0x20, 0x0, 0x31, 0x0, 0x6a,
    0x2, 0x31, 0x0, 0x0, 0x0, 0x0, 0x6a, 0x0,
    0x0, 0x0,

    /* U+5E08 "师" */
    0x0, 0xd1, 0x0, 0x0, 0x0, 0x0, 0x0, 0xd,
    0x1c, 0xff, 0xff, 0xff, 0xf1, 0xd1, 0xd1, 0x0,
    0x7, 0x80, 0x0, 0xd, 0x1d, 0x11, 0x44, 0x9a,
    0x44, 0x20, 0xd1, 0xd1, 0x5e, 0xad, 0xda, 0xd8,
    0xd, 0x1d, 0x15, 0xa0, 0x78, 0x6, 0x80, 0xd1,
    0xe1, 0x5a, 0x7, 0x80, 0x68, 0xd, 0x1f, 0x5,
    0xa0, 0x78, 0x6, 0x80, 0xa2, 0xf0, 0x5a, 0x7,
    0x80, 0x68, 0x0, 0x4c, 0x5, 0xa0, 0x78, 0x7,
    0x80, 0x9, 0x70, 0x5a, 0x7, 0x89, 0xe5, 0x3,
    0xe1, 0x0, 0x10, 0x78, 0x0, 0x0, 0x75, 0x0,
    0x0, 0x7, 0x80, 0x0, 0x0, 0x0, 0x0, 0x0,
    0x0, 0x0, 0x0,

    /* U+5E2E "帮" */
    0x0, 0x0, 0xe1, 0x0, 0x0, 0x0, 0x0, 0x6,
    0x77, 0xf8, 0x75, 0xae, 0xef, 0xd0, 0x4, 0x44,
    0xf6, 0x43, 0xa4, 0xc, 0x30, 0x7, 0xdd, 0xfd,
    0xd5, 0xa4, 0x6b, 0x0, 0x0, 0x0, 0xf1, 0x0,
    0xa4, 0x8, 0x90, 0x1d, 0xde, 0xfe, 0xda, 0xa4,
    0x1, 0xf0, 0x0, 0x1d, 0x40, 0x0, 0xa7, 0xde,
    0x90, 0x5, 0xb4, 0x0, 0x5a, 0x94, 0x0, 0x0,
    0x0, 0x9e, 0xee, 0xef, 0xee, 0xee, 0x20, 0x0,
    0xa6, 0x0, 0x6b, 0x0, 0xe, 0x20, 0x0, 0xa6,
    0x0, 0x5b, 0x0, 0xe, 0x20, 0x0, 0xa6, 0x0,
    0x5b, 0xb, 0xce, 0x0, 0x0, 0x10, 0x0, 0x5b,
    0x1, 0x10, 0x0,

    /* U+5E38 "常" */
    0x7, 0x50, 0x5, 0xb0, 0x7, 0x70, 0x4, 0xe0,
    0x5, 0xb0, 0x2e, 0x20, 0xbc, 0xec, 0xcd, 0xec,
    0xcd, 0xcb, 0xe4, 0x22, 0x22, 0x22, 0x22, 0x4e,
    0xe1, 0xbc, 0xcc, 0xcc, 0xca, 0x1e, 0x60, 0xe1,
    0x0, 0x0, 0x3d, 0x6, 0x0, 0xe9, 0x99, 0x99,
    0xad, 0x0, 0x0, 0x22, 0x26, 0xd2, 0x22, 0x0,
    0xc, 0xcc, 0xcd, 0xfc, 0xcc, 0xc0, 0xe, 0x22,
    0x26, 0xd2, 0x22, 0xf1, 0xe, 0x0, 0x4, 0xc0,
    0x0, 0xe1, 0xe, 0x0, 0x4, 0xc0, 0x22, 0xf0,
    0xa, 0x0, 0x4, 0xc0, 0x9b, 0x80,

    /* U+5E3D "帽" */
    0x1, 0xd0, 0x0, 0x0, 0x0, 0x0, 0x0, 0x1d,
    0x0, 0x7e, 0xcc, 0xcc, 0xf4, 0x12, 0xd1, 0x7,
    0x74, 0x44, 0x3b, 0x4f, 0xbf, 0xbc, 0x77, 0x55,
    0x55, 0xb4, 0xc1, 0xd0, 0xc7, 0x8b, 0xbb, 0xab,
    0x4c, 0x1d, 0xc, 0x65, 0x0, 0x0, 0x83, 0xc1,
    0xd0, 0xc1, 0x88, 0x88, 0x88, 0xc, 0x1d, 0xc,
    0x1e, 0x33, 0x34, 0xe0, 0xc1, 0xd0, 0xc1, 0xfc,
    0xcc, 0xce, 0xc, 0x1d, 0x9a, 0x1d, 0x0, 0x0,
    0xe0, 0x31, 0xd1, 0x1, 0xfc, 0xcc, 0xce, 0x0,
    0x1d, 0x0, 0x1d, 0x0, 0x0, 0xe0, 0x1, 0xd0,
    0x1, 0xfd, 0xdd, 0xde, 0x0,

    /* U+5E73 "平" */
    0x5, 0xff, 0xff, 0xff, 0xff, 0xff, 0xa0, 0x0,
    0x13, 0x11, 0x7b, 0x11, 0x22, 0x10, 0x0, 0x2e,
    0x0, 0x6b, 0x0, 0x8a, 0x0, 0x0, 0xb, 0x60,
    0x6b, 0x0, 0xe2, 0x0, 0x0, 0x5, 0xb0, 0x6b,
    0x7, 0xa0, 0x0, 0x0, 0x0, 0x10, 0x6b, 0x2,
    0x10, 0x0, 0x1f, 0xff, 0xff, 0xff, 0xff, 0xff,
    0xf7, 0x1, 0x11, 0x11, 0x7b, 0x11, 0x11, 0x10,
    0x0, 0x0, 0x0, 0x6b, 0x0, 0x0, 0x0, 0x0,
    0x0, 0x0, 0x6b, 0x0, 0x0, 0x0, 0x0, 0x0,
    0x0, 0x6b, 0x0, 0x0, 0x0, 0x0, 0x0, 0x0,
    0x6b, 0x0, 0x0, 0x0,

    /* U+5E74 "年" */
    0x0, 0x2, 0xa0, 0x0, 0x0, 0x0, 0x0, 0x0,
    0x9, 0xa0, 0x0, 0x0, 0x0, 0x0, 0x0, 0x1f,
    0xff, 0xff, 0xff, 0xff, 0xb0, 0x0, 0xc8, 0x0,
    0xb, 0x50, 0x0, 0x0, 0xa, 0xc0, 0x0, 0xb,
    0x50, 0x0, 0x0, 0x6, 0x1c, 0xff, 0xff, 0xff,
    0xff, 0x50, 0x0, 0xd, 0x30, 0xb, 0x50, 0x0,
    0x0, 0x0, 0xd, 0x20, 0xb, 0x50, 0x0, 0x0,
    0x0, 0xd, 0x30, 0xc, 0x50, 0x0, 0x0, 0x1f,
    0xff, 0xff, 0xff, 0xff, 0xff, 0xf8, 0x0, 0x0,
    0x0, 0xb, 0x50, 0x0, 0x0, 0x0, 0x0, 0x0,
    0xb, 0x50, 0x0, 0x0, 0x0, 0x0, 0x0, 0xb,
    0x50, 0x0, 0x0,

    /* U+5E94 "应" */
    0x0, 0x0, 0x0, 0x1b, 0x0, 0x0, 0x0, 0x0,
    0x0, 0x0, 0xb, 0x70, 0x0, 0x0, 0x1, 0xff,
    0xff, 0xff, 0xff, 0xff, 0xf6, 0x1, 0xf0, 0x0,
    0x0, 0x0, 0x0, 0x0, 0x1, 0xf0, 0x10, 0xc,
    0x0, 0x7, 0x80, 0x1, 0xf0, 0xe1, 0xb, 0x50,
    0xc, 0x60, 0x2, 0xe0, 0x97, 0x7, 0x90, 0x1f,
    0x0, 0x3, 0xd0, 0x3d, 0x3, 0xd0, 0x6a, 0x0,
    0x3, 0xc0, 0xe, 0x20, 0xd0, 0xd3, 0x0, 0x5,
    0xb0, 0x7, 0x20, 0x6, 0xa0, 0x0, 0x9, 0x80,
    0x0, 0x0, 0xe, 0x20, 0x0, 0xe, 0x3a, 0xcc,
    0xcc, 0xdf, 0xcc, 0xc7, 0x1b, 0x3, 0x33, 0x33,
    0x33, 0x33, 0x32,

    /* U+5E97 "店" */
    0x0, 0x0, 0x0, 0x37, 0x0, 0x0, 0x0, 0x0,
    0x0, 0x0, 0x1f, 0x30, 0x0, 0x0, 0x0, 0xff,
    0xff, 0xff, 0xff, 0xff, 0xf6, 0x0, 0xf0, 0x0,
    0x7, 0x10, 0x0, 0x0, 0x0, 0xf0, 0x0, 0xd,
    0x20, 0x0, 0x0, 0x1, 0xf0, 0x0, 0xd, 0xee,
    0xee, 0xb0, 0x1, 0xf0, 0x0, 0xd, 0x30, 0x0,
    0x0, 0x2, 0xf0, 0x0, 0xe, 0x30, 0x0, 0x0,
    0x3, 0xd0, 0xef, 0xee, 0xee, 0xef, 0x20, 0x6,
    0xb0, 0xe1, 0x0, 0x0, 0xe, 0x20, 0x9, 0x80,
    0xe1, 0x0, 0x0, 0xe, 0x20, 0xf, 0x30, 0xec,
    0xcc, 0xcc, 0xcf, 0x20, 0x2c, 0x0, 0xe3, 0x22,
    0x22, 0x2e, 0x20, 0x0, 0x0, 0x0, 0x0, 0x0,
    0x0, 0x0,

    /* U+5EA6 "度" */
    0x0, 0x0, 0x0, 0x7, 0x10, 0x0, 0x0, 0x0,
    0x22, 0x22, 0x2b, 0x82, 0x22, 0x21, 0x0, 0xfd,
    0xdd, 0xdd, 0xdd, 0xdd, 0xd6, 0x0, 0xf0, 0x2,
    0xd0, 0x0, 0xf0, 0x0, 0x0, 0xf8, 0xde, 0xfd,
    0xdd, 0xfd, 0xd4, 0x0, 0xf0, 0x2, 0xd0, 0x0,
    0xf0, 0x0, 0x1, 0xf0, 0x2, 0xe8, 0x88, 0xf0,
    0x0, 0x2, 0xe0, 0x0, 0x44, 0x44, 0x40, 0x0,
    0x3, 0xd5, 0xdd, 0xdd, 0xdd, 0xdd, 0x10, 0x5,
    0xb0, 0x8, 0xa0, 0x0, 0xb8, 0x0, 0x8, 0x80,
    0x0, 0x7c, 0x6d, 0x70, 0x0, 0xe, 0x31, 0x47,
    0xae, 0xde, 0x96, 0x20, 0x1b, 0xb, 0xb8, 0x40,
    0x2, 0x7a, 0xd5,

    /* U+5EB7 "康" */
    0x0, 0x0, 0x0, 0x0, 0x0, 0x0, 0x0, 0x0,
    0x0, 0x0, 0xc, 0x60, 0x0, 0x0, 0x1, 0xbb,
    0xbb, 0xbd, 0xfb, 0xbb, 0xb3, 0x1, 0xe2, 0x22,
    0x26, 0xd2, 0x22, 0x20, 0x1, 0xd2, 0xaa, 0xab,
    0xea, 0xaa, 0x0, 0x1, 0xd0, 0x22, 0x26, 0xd2,
    0x2e, 0x10, 0x2, 0xdc, 0xcc, 0xcd, 0xfc, 0xcf,
    0xd6, 0x2, 0xd0, 0x0, 0x4, 0xc0, 0xe, 0x20,
    0x3, 0xc4, 0xcc, 0xcd, 0xfc, 0xcf, 0x10, 0x4,
    0xb4, 0xa1, 0x4, 0xe1, 0x8, 0x40, 0x6, 0x90,
    0x5d, 0x28, 0xeb, 0xb8, 0x0, 0xa, 0x50, 0x4a,
    0xca, 0xc4, 0xc3, 0x0, 0xe, 0x2d, 0x93, 0x4,
    0xc0, 0x2a, 0xc3, 0x2a, 0x0, 0x8, 0xde, 0x70,
    0x0, 0x20,

    /* U+5F00 "开" */
    0x8, 0xff, 0xff, 0xff, 0xff, 0xff, 0xf0, 0x0,
    0x0, 0xb5, 0x0, 0xb, 0x50, 0x0, 0x0, 0x0,
    0xb5, 0x0, 0xb, 0x50, 0x0, 0x0, 0x0, 0xb5,
    0x0, 0xb, 0x50, 0x0, 0x0, 0x0, 0xb5, 0x0,
    0xb, 0x50, 0x0, 0x1f, 0xff, 0xff, 0xff, 0xff,
    0xff, 0xf7, 0x0, 0x0, 0xe4, 0x0, 0xc, 0x60,
    0x0, 0x0, 0x1, 0xf0, 0x0, 0xb, 0x50, 0x0,
    0x0, 0x7, 0xb0, 0x0, 0xb, 0x50, 0x0, 0x0,
    0x2f, 0x40, 0x0, 0xb, 0x50, 0x0, 0x3, 0xd8,
    0x0, 0x0, 0xb, 0x50, 0x0, 0xb, 0x70, 0x0,
    0x0, 0xb, 0x50, 0x0, 0x0, 0x0, 0x0, 0x0,
    0x0, 0x0, 0x0,

    /* U+5F1F "弟" */
    0x0, 0x7, 0x80, 0x0, 0x5, 0xa0, 0x0, 0x0,
    0x2f, 0x20, 0x0, 0xc5, 0x0, 0x5, 0xdd, 0xfd,
    0xdd, 0xdf, 0xdd, 0x30, 0x2, 0x22, 0x26, 0xc2,
    0x22, 0xd4, 0x0, 0x0, 0x0, 0x4c, 0x0, 0xc,
    0x40, 0x9, 0xee, 0xef, 0xfe, 0xee, 0xf4, 0x0,
    0xd4, 0x0, 0x5c, 0x0, 0x0, 0x0, 0xf, 0x10,
    0x5, 0xc0, 0x0, 0x0, 0x3, 0xee, 0xee, 0xff,
    0xee, 0xef, 0xe0, 0x0, 0x1, 0xbe, 0xc0, 0x0,
    0x4c, 0x0, 0x6, 0xe8, 0x4c, 0x0, 0x7, 0xa0,
    0x9f, 0xb3, 0x4, 0xc0, 0x9d, 0xe4, 0x6, 0x30,
    0x0, 0x4c, 0x0, 0x20, 0x0,

    /* U+5F20 "张" */
    0x0, 0x0, 0x1, 0xe0, 0x0, 0x0, 0xb, 0xff,
    0xf0, 0x1e, 0x0, 0x8, 0x90, 0x0, 0xf, 0x1,
    0xe0, 0x4, 0xe1, 0x0, 0x0, 0xf0, 0x1e, 0x5,
    0xe3, 0x0, 0x6f, 0xff, 0x1, 0xe4, 0xe3, 0x0,
    0x7, 0x70, 0x4, 0x7f, 0x56, 0x55, 0x52, 0x96,
    0x0, 0x69, 0xf8, 0xdb, 0x88, 0x3b, 0xff, 0xf1,
    0x1e, 0x5, 0xa0, 0x0, 0x0, 0xf, 0x1, 0xe0,
    0xe, 0x10, 0x0, 0x1, 0xf0, 0x1e, 0x0, 0x96,
    0x0, 0x0, 0x2d, 0x1, 0xe0, 0x23, 0xe1, 0x0,
    0x5, 0xb0, 0x3f, 0xcd, 0x7, 0xd2, 0x7e, 0xe5,
    0x9, 0xc4, 0x0, 0x8, 0x40, 0x0, 0x0, 0x0,
    0x0, 0x0, 0x0,

    /* U+5F39 "弹" */
    0x0, 0x0, 0x0, 0x14, 0x0, 0x6, 0x10, 0x2f,
    0xff, 0xd0, 0x1d, 0x20, 0x3d, 0x0, 0x0, 0x2,
    0xd0, 0x5, 0x60, 0xc4, 0x0, 0x1, 0x13, 0xd1,
    0xdd, 0xde, 0xfd, 0xc0, 0xf, 0xcc, 0xa1, 0xe0,
    0x2e, 0x1, 0xe0, 0xe, 0x0, 0x1, 0xfd, 0xdf,
    0xdd, 0xe0, 0xe, 0x0, 0x1, 0xe0, 0x2e, 0x1,
    0xe0, 0x1d, 0xde, 0xd1, 0xfa, 0xbf, 0xab, 0xe0,
    0x0, 0x3, 0xc0, 0x22, 0x5e, 0x22, 0x20, 0x0,
    0x4, 0xb3, 0x33, 0x5f, 0x33, 0x31, 0x0, 0x5,
    0x9a, 0xbb, 0xcf, 0xbb, 0xb5, 0x0, 0x9, 0x70,
    0x0, 0x2e, 0x0, 0x0, 0xb, 0xfd, 0x20, 0x0,
    0x2e, 0x0, 0x0, 0x0, 0x0, 0x0, 0x0, 0x0,
    0x0, 0x0,

    /* U+5F3A "强" */
    0x2f, 0xff, 0xf2, 0xbe, 0xee, 0xef, 0x10, 0x0,
    0x0, 0xd2, 0xb4, 0x0, 0xe, 0x10, 0x0, 0x0,
    0xd2, 0xb6, 0x22, 0x2e, 0x10, 0x9, 0xaa, 0xf2,
    0x7b, 0xbf, 0xbb, 0x10, 0xe, 0x44, 0x40, 0x0,
    0x1e, 0x0, 0x0, 0xe, 0x0, 0x0, 0xfd, 0xdf,
    0xde, 0x70, 0x2e, 0x77, 0x70, 0xe0, 0x1e, 0x7,
    0x70, 0x27, 0x78, 0xf0, 0xe2, 0x3e, 0x29, 0x70,
    0x0, 0x1, 0xf0, 0xbb, 0xcf, 0xbb, 0x50, 0x0,
    0x3, 0xd0, 0x0, 0x1e, 0xc, 0x0, 0x0, 0x6,
    0xa0, 0x1, 0x3e, 0x4c, 0x80, 0x6, 0xfe, 0x49,
    0xfd, 0xca, 0x86, 0xd1, 0x0, 0x0, 0x0, 0x0,
    0x0, 0x0, 0x10,

    /* U+5F62 "形" */
    0x0, 0x0, 0x0, 0x0, 0x0, 0x4, 0x20, 0x4f,
    0xff, 0xff, 0xfe, 0x0, 0x5e, 0x20, 0x0, 0xb4,
    0x7, 0x80, 0x8, 0xe2, 0x0, 0x0, 0xb4, 0x7,
    0x80, 0xcb, 0x10, 0x0, 0x0, 0xb4, 0x7, 0x80,
    0x10, 0x1, 0x50, 0x0, 0xb5, 0x8, 0x90, 0x0,
    0x1d, 0x70, 0x7e, 0xfe, 0xef, 0xfe, 0x13, 0xd7,
    0x0, 0x0, 0xd2, 0x7, 0x80, 0x8e, 0x40, 0x0,
    0x0, 0xf0, 0x7, 0x80, 0x20, 0x0, 0xc2, 0x1,
    0xe0, 0x7, 0x80, 0x0, 0xb, 0xa0, 0x6, 0xb0,
    0x7, 0x80, 0x1, 0xbb, 0x0, 0xd, 0x40, 0x7,
    0x80, 0x7e, 0x70, 0x0, 0x59, 0x0, 0x7, 0x85,
    0xb2, 0x0, 0x0, 0x0, 0x0, 0x0, 0x0, 0x0,
    0x0, 0x0,

    /* U+5F88 "很" */
    0x0, 0x8, 0x60, 0x0, 0x0, 0x0, 0x0, 0x0,
    0x6d, 0x11, 0xfe, 0xee, 0xef, 0x20, 0x8, 0xd2,
    0x1, 0xe0, 0x0, 0xd, 0x20, 0x8, 0x3, 0x81,
    0xfb, 0xbb, 0xbf, 0x20, 0x0, 0xd, 0x51, 0xe2,
    0x22, 0x2d, 0x20, 0x0, 0xad, 0x1, 0xe0, 0x0,
    0xd, 0x20, 0xa, 0xfc, 0x1, 0xfe, 0xee, 0xef,
    0x20, 0x2c, 0x5c, 0x1, 0xe0, 0x86, 0x1, 0x40,
    0x0, 0x3c, 0x1, 0xe0, 0x2d, 0x3d, 0x70, 0x0,
    0x3c, 0x1, 0xe0, 0xb, 0xd2, 0x0, 0x0, 0x3c,
    0x1, 0xe0, 0x2, 0xe3, 0x0, 0x0, 0x3c, 0x3,
    0xf9, 0xd6, 0x4e, 0x80, 0x0, 0x3c, 0x6, 0xb6,
    0x20, 0x2, 0xb2,

    /* U+5F97 "得" */
    0x0, 0x2, 0x20, 0x0, 0x0, 0x0, 0x0, 0x0,
    0x2e, 0x30, 0xfc, 0xcc, 0xce, 0xa0, 0x5, 0xd4,
    0x0, 0xf4, 0x44, 0x48, 0xa0, 0xa, 0x12, 0x60,
    0xf5, 0x55, 0x59, 0xa0, 0x0, 0x1d, 0x40, 0xfb,
    0xbb, 0xbd, 0xa0, 0x0, 0xbc, 0x0, 0x11, 0x11,
    0x11, 0x0, 0x1d, 0xdb, 0xd, 0xee, 0xee, 0xee,
    0xe4, 0x29, 0x4b, 0x0, 0x0, 0x0, 0x97, 0x0,
    0x0, 0x4b, 0x3d, 0xdd, 0xdd, 0xfe, 0xd7, 0x0,
    0x4b, 0x0, 0x82, 0x0, 0x97, 0x0, 0x0, 0x4b,
    0x0, 0x5d, 0x0, 0x97, 0x0, 0x0, 0x4b, 0x0,
    0x8, 0x30, 0x97, 0x0, 0x0, 0x4b, 0x0, 0x0,
    0x5e, 0xe3, 0x0,

    /* U+600E "怎" */
    0x0, 0x1, 0x70, 0x0, 0x0, 0x0, 0x0, 0x0,
    0x8, 0xb0, 0x0, 0x0, 0x0, 0x0, 0x0, 0xe,
    0xee, 0xfe, 0xee, 0xee, 0xe0, 0x0, 0x9b, 0x2,
    0xe0, 0x0, 0x0, 0x0, 0x8, 0xe1, 0x2, 0xfd,
    0xdd, 0xdd, 0x30, 0x8, 0x20, 0x2, 0xe0, 0x0,
    0x0, 0x0, 0x0, 0x0, 0x2, 0xfe, 0xee, 0xee,
    0x80, 0x0, 0x0, 0x2, 0xe0, 0x0, 0x0, 0x0,
    0x0, 0x0, 0x1, 0xe1, 0x0, 0x1, 0x0, 0x0,
    0xc2, 0xe0, 0x6e, 0x40, 0x3e, 0x0, 0x4, 0xb1,
    0xe0, 0x3, 0x70, 0x4b, 0x70, 0xb, 0x51, 0xf0,
    0x0, 0x2, 0xe3, 0xe0, 0x7, 0x0, 0xbf, 0xff,
    0xff, 0x70, 0x71,

    /* U+601D "思" */
    0x0, 0xff, 0xee, 0xff, 0xee, 0xfe, 0x0, 0x0,
    0xf0, 0x0, 0xc3, 0x0, 0x1e, 0x0, 0x0, 0xf3,
    0x33, 0xd6, 0x33, 0x4e, 0x0, 0x0, 0xfa, 0xaa,
    0xec, 0xaa, 0xbe, 0x0, 0x0, 0xf0, 0x0, 0xc3,
    0x0, 0x1e, 0x0, 0x0, 0xff, 0xee, 0xff, 0xee,
    0xfe, 0x0, 0x0, 0x0, 0x2, 0x30, 0x0, 0x0,
    0x0, 0x0, 0x20, 0x34, 0xe8, 0x0, 0x13, 0x0,
    0x1, 0xe0, 0xf1, 0x1c, 0x90, 0x3e, 0x10, 0x7,
    0xa0, 0xf1, 0x0, 0x15, 0x49, 0xa0, 0x1e, 0x30,
    0xf2, 0x0, 0xb, 0x71, 0xf2, 0x5, 0x0, 0xaf,
    0xff, 0xfd, 0x20, 0x40,

    /* U+60F3 "想" */
    0x0, 0x8, 0x70, 0x0, 0x0, 0x0, 0x0, 0x0,
    0x8, 0x70, 0xa, 0xed, 0xdd, 0xe0, 0xa, 0xad,
    0xda, 0x7a, 0x50, 0x1, 0xe0, 0x3, 0x4e, 0x93,
    0x2a, 0xed, 0xdd, 0xe0, 0x0, 0x7f, 0xe4, 0xa,
    0x50, 0x1, 0xe0, 0x3, 0xd9, 0x9b, 0x8a, 0xed,
    0xdd, 0xe0, 0x2e, 0x38, 0x70, 0x2a, 0x50, 0x1,
    0xe0, 0x2, 0x8, 0x70, 0xa, 0xdc, 0xcc, 0xe0,
    0x0, 0x1, 0x10, 0xa3, 0x11, 0x11, 0x10, 0x0,
    0xa0, 0x81, 0x5e, 0x10, 0xb, 0x40, 0x5, 0xb0,
    0xe2, 0x7, 0x61, 0x45, 0xd0, 0xd, 0x40, 0xe2,
    0x0, 0x6, 0xa0, 0xc6, 0x5, 0x0, 0x9f, 0xff,
    0xfe, 0x40, 0x10,

    /* U+610F "意" */
    0x0, 0x0, 0x0, 0x87, 0x0, 0x0, 0x0, 0x4,
    0xdd, 0xdd, 0xef, 0xdd, 0xdd, 0x40, 0x0, 0x1,
    0xd0, 0x0, 0xe, 0x20, 0x0, 0x8, 0x88, 0xea,
    0x88, 0xae, 0x88, 0x80, 0x5, 0x55, 0x55, 0x55,
    0x55, 0x55, 0x50, 0x0, 0x4d, 0xbb, 0xbb, 0xbb,
    0xd6, 0x0, 0x0, 0x5c, 0x44, 0x44, 0x44, 0xb6,
    0x0, 0x0, 0x5c, 0x55, 0x55, 0x55, 0xb6, 0x0,
    0x0, 0x5e, 0xbb, 0xbb, 0xbb, 0xe6, 0x0, 0x0,
    0x10, 0x11, 0xd5, 0x0, 0x11, 0x0, 0x0, 0xd3,
    0xd2, 0x2d, 0x42, 0x4d, 0x10, 0x8, 0xa0, 0xd3,
    0x0, 0xd, 0x17, 0xa0, 0x8, 0x10, 0x7e, 0xee,
    0xeb, 0x0, 0x50,

    /* U+6162 "慢" */
    0x0, 0xe1, 0x0, 0x0, 0x0, 0x0, 0x0, 0x0,
    0xe1, 0x6, 0xda, 0xaa, 0xaf, 0x10, 0x0, 0xe4,
    0x16, 0xc9, 0x99, 0x9f, 0x10, 0x38, 0xe7, 0x86,
    0xa5, 0x55, 0x5f, 0x10, 0x56, 0xe2, 0xc2, 0x55,
    0x55, 0x55, 0x0, 0x83, 0xe1, 0x3e, 0xbf, 0xbf,
    0xbc, 0xc0, 0x60, 0xe1, 0x2c, 0x1d, 0x1d, 0x13,
    0xc0, 0x0, 0xe1, 0x18, 0x88, 0x88, 0x88, 0x70,
    0x0, 0xe1, 0x5c, 0xcc, 0xcc, 0xcc, 0x30, 0x0,
    0xe1, 0x2, 0xc5, 0x2, 0xbb, 0x0, 0x0, 0xe1,
    0x0, 0x1d, 0x8e, 0x80, 0x0, 0x0, 0xe1, 0x4,
    0x8d, 0xde, 0x95, 0x20, 0x0, 0xe1, 0xbc, 0x82,
    0x1, 0x7b, 0xe1, 0x0, 0x0, 0x0, 0x0, 0x0,
    0x0, 0x0,

    /* U+6210 "成" */
    0x0, 0x0, 0x0, 0x3, 0xe2, 0x90, 0x0, 0x0,
    0x0, 0x0, 0x2, 0xe0, 0x8d, 0x20, 0x0, 0x22,
    0x22, 0x24, 0xf2, 0x28, 0x60, 0x2, 0xfd, 0xdd,
    0xdd, 0xfd, 0xdd, 0xd4, 0x2, 0xe0, 0x0, 0x0,
    0xf1, 0x0, 0x0, 0x2, 0xf4, 0x44, 0x10, 0xd3,
    0xb, 0x40, 0x2, 0xfa, 0xae, 0x40, 0xb5, 0x3e,
    0x0, 0x3, 0xd0, 0xb, 0x40, 0x88, 0xb8, 0x0,
    0x4, 0xc0, 0xc, 0x30, 0x4d, 0xe0, 0x0, 0x6,
    0xb0, 0xe, 0x20, 0x2f, 0x50, 0x31, 0x9, 0x89,
    0xed, 0x2, 0xee, 0x80, 0x86, 0xe, 0x40, 0x10,
    0x7e, 0x52, 0xe3, 0xb3, 0x4c, 0x0, 0x4, 0xb1,
    0x0, 0x5e, 0xc0, 0x0, 0x0, 0x0, 0x0, 0x0,
    0x0, 0x0,

    /* U+6211 "我" */
    0x0, 0x2, 0x5a, 0xb2, 0xf0, 0x71, 0x0, 0xb,
    0xef, 0xe7, 0x21, 0xf0, 0x7d, 0x10, 0x3, 0x13,
    0xd0, 0x0, 0xf0, 0x9, 0xa0, 0x0, 0x3, 0xd0,
    0x0, 0xf1, 0x0, 0x10, 0x2d, 0xdd, 0xfd, 0xdd,
    0xfd, 0xdd, 0xd3, 0x2, 0x25, 0xd2, 0x22, 0xd6,
    0x23, 0x20, 0x0, 0x3, 0xd0, 0x0, 0xa7, 0xc,
    0x50, 0x0, 0x16, 0xeb, 0xe5, 0x7a, 0x8c, 0x0,
    0x3d, 0xfd, 0xe4, 0x10, 0x4e, 0xe2, 0x0, 0x13,
    0x3, 0xd0, 0x0, 0x6f, 0x40, 0x31, 0x0, 0x3,
    0xd0, 0x8, 0xdc, 0x80, 0x77, 0x0, 0x4, 0xd2,
    0xea, 0x2, 0xe3, 0xa4, 0x5, 0xff, 0x70, 0x30,
    0x0, 0x5e, 0xd0, 0x0, 0x0, 0x0, 0x0, 0x0,
    0x0, 0x0,

    /* U+6237 "户" */
    0x0, 0x0, 0x0, 0x0, 0x0, 0x0, 0x0, 0x0,
    0x0, 0xb5, 0x0, 0x0, 0x0, 0x0, 0x0, 0x6c,
    0x0, 0x0, 0x0, 0xac, 0xcc, 0xde, 0xcc, 0xcb,
    0x0, 0xd6, 0x22, 0x22, 0x22, 0x5d, 0x0, 0xd4,
    0x0, 0x0, 0x0, 0x3d, 0x0, 0xd4, 0x0, 0x0,
    0x0, 0x3d, 0x0, 0xef, 0xee, 0xee, 0xee, 0xfd,
    0x0, 0xf2, 0x0, 0x0, 0x0, 0x3d, 0x1, 0xf0,
    0x0, 0x0, 0x0, 0x0, 0x5, 0xc0, 0x0, 0x0,
    0x0, 0x0, 0xa, 0x80, 0x0, 0x0, 0x0, 0x0,
    0x2f, 0x20, 0x0, 0x0, 0x0, 0x0, 0x68, 0x0,
    0x0, 0x0, 0x0, 0x0, 0x0, 0x0, 0x0, 0x0,
    0x0, 0x0,

    /* U+623F "房" */
    0x0, 0x0, 0x0, 0x42, 0x0, 0x0, 0x0, 0x2,
    0x22, 0x29, 0xa2, 0x22, 0x20, 0x0, 0xfc, 0xbb,
    0xbb, 0xbb, 0xbf, 0x30, 0xf, 0x0, 0x0, 0x0,
    0x0, 0xc3, 0x0, 0xfe, 0xee, 0xee, 0xee, 0xee,
    0x30, 0xf, 0x0, 0x0, 0xb2, 0x0, 0x0, 0x1,
    0xf0, 0x0, 0x6, 0x80, 0x0, 0x0, 0x2e, 0x7d,
    0xdf, 0xdd, 0xdd, 0xd9, 0x3, 0xc0, 0x0, 0xf0,
    0x0, 0x0, 0x0, 0x6a, 0x0, 0x4f, 0xdd, 0xde,
    0xf0, 0xa, 0x60, 0xb, 0x40, 0x0, 0x5e, 0x0,
    0xf2, 0x9, 0xb0, 0x0, 0x8, 0xb0, 0x4b, 0xd,
    0x90, 0x0, 0xcd, 0xd4, 0x0, 0x0, 0x0, 0x0,
    0x0, 0x0, 0x0,

    /* U+624B "手" */
    0x0, 0x0, 0x0, 0x2, 0x47, 0xaa, 0x0, 0x0,
    0xcd, 0xef, 0xff, 0xa8, 0x51, 0x0, 0x0, 0x32,
    0x10, 0x4c, 0x0, 0x0, 0x0, 0x0, 0x0, 0x0,
    0x4c, 0x0, 0x0, 0x0, 0x2, 0xff, 0xff, 0xff,
    0xff, 0xff, 0xb0, 0x0, 0x0, 0x0, 0x5c, 0x0,
    0x0, 0x0, 0x0, 0x0, 0x0, 0x4c, 0x0, 0x0,
    0x0, 0x4, 0x44, 0x44, 0x8d, 0x44, 0x44, 0x42,
    0xb, 0xbb, 0xbb, 0xdf, 0xbb, 0xbb, 0xb6, 0x0,
    0x0, 0x0, 0x4c, 0x0, 0x0, 0x0, 0x0, 0x0,
    0x0, 0x4c, 0x0, 0x0, 0x0, 0x0, 0x0, 0x0,
    0x6c, 0x0, 0x0, 0x0, 0x0, 0x1, 0xff, 0xe6,
    0x0, 0x0, 0x0,

    /* U+6253 "打" */
    0x0, 0xf, 0x0, 0x0, 0x0, 0x0, 0x0, 0x0,
    0xf, 0x0, 0xbb, 0xbb, 0xbb, 0xb7, 0x0, 0xf,
    0x0, 0x66, 0x66, 0xf7, 0x63, 0x2f, 0xff, 0xfe,
    0x0, 0x0, 0xf1, 0x0, 0x0, 0x1f, 0x0, 0x0,
    0x0, 0xf1, 0x0, 0x0, 0xf, 0x0, 0x0, 0x0,
    0xf1, 0x0, 0x0, 0xf, 0x6a, 0x0, 0x0, 0xf1,
    0x0, 0x18, 0xdf, 0xa5, 0x0, 0x0, 0xf1, 0x0,
    0x9, 0x5f, 0x0, 0x0, 0x0, 0xf1, 0x0, 0x0,
    0xf, 0x0, 0x0, 0x0, 0xf1, 0x0, 0x0, 0xf,
    0x0, 0x0, 0x0, 0xf1, 0x0, 0x0, 0x1f, 0x0,
    0x0, 0x2, 0xf1, 0x0, 0x9, 0xfa, 0x0, 0x8,
    0xff, 0xb0, 0x0, 0x0, 0x0, 0x0, 0x0, 0x0,
    0x0, 0x0,

    /* U+6270 "扰" */
    0x0, 0x0, 0x0, 0x0, 0x0, 0x0, 0x0, 0x0,
    0x87, 0x0, 0x1, 0xf0, 0x60, 0x0, 0x0, 0x87,
    0x0, 0x1, 0xe0, 0x89, 0x0, 0x0, 0x87, 0x0,
    0x2, 0xe0, 0xd, 0x30, 0x6c, 0xee, 0xc2, 0x35,
    0xe3, 0x35, 0x30, 0x24, 0xa9, 0x47, 0xcd, 0xfc,
    0xcc, 0xc0, 0x0, 0x87, 0x0, 0x5, 0xb0, 0x0,
    0x0, 0x0, 0x87, 0x32, 0x7, 0x8d, 0x0, 0x0,
    0x26, 0xdf, 0xc3, 0xb, 0x5d, 0x0, 0x0, 0x6a,
    0xc7, 0x0, 0xf, 0x1d, 0x0, 0x0, 0x0, 0x87,
    0x0, 0x6b, 0xd, 0x0, 0x0, 0x0, 0x87, 0x0,
    0xe3, 0xd, 0x0, 0xa3, 0x0, 0x97, 0xc, 0x90,
    0xd, 0x10, 0xc2, 0x2f, 0xe3, 0x59, 0x0, 0xa,
    0xff, 0xc0,

    /* U+62B1 "抱" */
    0x0, 0x0, 0x0, 0x0, 0x0, 0x0, 0x0, 0x0,
    0x78, 0x0, 0x59, 0x0, 0x0, 0x0, 0x0, 0x78,
    0x0, 0xb6, 0x0, 0x0, 0x0, 0x0, 0x78, 0x2,
    0xff, 0xff, 0xff, 0xf0, 0x4d, 0xee, 0xcc, 0x80,
    0x0, 0x1, 0xf0, 0x0, 0x78, 0x4f, 0xdd, 0xdd,
    0x11, 0xe0, 0x0, 0x78, 0x4, 0xc1, 0x1e, 0x12,
    0xe0, 0x0, 0x7b, 0x83, 0xb0, 0xd, 0x13, 0xd0,
    0x39, 0xee, 0x83, 0xd8, 0x8f, 0x14, 0xb0, 0x58,
    0x98, 0x3, 0xd7, 0x79, 0x39, 0x90, 0x0, 0x78,
    0x3, 0xb0, 0x4, 0xca, 0x20, 0x0, 0x78, 0x3,
    0xb0, 0x0, 0x0, 0x55, 0x0, 0x78, 0x3, 0xd0,
    0x0, 0x0, 0xb6, 0xd, 0xf5, 0x0, 0xbf, 0xff,
    0xff, 0xc1, 0x1, 0x0, 0x0, 0x0, 0x0, 0x0,
    0x0,

    /* U+62C9 "拉" */
    0x0, 0x0, 0x0, 0x0, 0x0, 0x0, 0x0, 0x0,
    0x78, 0x0, 0x0, 0xa5, 0x0, 0x0, 0x0, 0x78,
    0x0, 0x0, 0x7a, 0x0, 0x0, 0x0, 0x78, 0x1,
    0x33, 0x59, 0x33, 0x30, 0x3e, 0xff, 0xe5, 0xcc,
    0xcc, 0xcc, 0xc1, 0x0, 0x89, 0x0, 0x12, 0x0,
    0x5, 0x0, 0x0, 0x78, 0x0, 0x5a, 0x0, 0x1f,
    0x0, 0x0, 0x79, 0x50, 0x2d, 0x0, 0x4c, 0x0,
    0x17, 0xdf, 0xb0, 0xf, 0x0, 0x69, 0x0, 0x29,
    0xb8, 0x0, 0xc, 0x30, 0x96, 0x0, 0x0, 0x78,
    0x0, 0xa, 0x50, 0xc3, 0x0, 0x0, 0x78, 0x0,
    0x8, 0x60, 0xe0, 0x0, 0x0, 0x88, 0x4, 0x44,
    0x46, 0xd4, 0x42, 0xc, 0xe4, 0xb, 0xbb, 0xbb,
    0xbb, 0xb6, 0x0, 0x0, 0x0, 0x0, 0x0, 0x0,
    0x0,

    /* U+62CC "拌" */
    0x0, 0x0, 0x0, 0x0, 0x0, 0x0, 0x0, 0x0,
    0x78, 0x0, 0x0, 0x2e, 0x0, 0x30, 0x0, 0x78,
    0x5, 0xb0, 0x2e, 0x2, 0xe0, 0x0, 0x78, 0x0,
    0xe3, 0x2e, 0x8, 0x80, 0x6e, 0xff, 0xe1, 0x98,
    0x2e, 0xe, 0x10, 0x12, 0x99, 0x20, 0x22, 0x2e,
    0x14, 0x0, 0x0, 0x78, 0x5, 0xee, 0xff, 0xee,
    0xe2, 0x0, 0x79, 0x51, 0x0, 0x2e, 0x0, 0x0,
    0x38, 0xde, 0x91, 0x0, 0x2e, 0x0, 0x0, 0x47,
    0x98, 0xf, 0xff, 0xff, 0xff, 0xfa, 0x0, 0x78,
    0x0, 0x0, 0x2e, 0x0, 0x0, 0x0, 0x78, 0x0,
    0x0, 0x2e, 0x0, 0x0, 0x0, 0x88, 0x0, 0x0,
    0x2e, 0x0, 0x0, 0xe, 0xe4, 0x0, 0x0, 0x2e,
    0x0, 0x0, 0x0, 0x0, 0x0, 0x0, 0x0, 0x0,
    0x0,

    /* U+62FC "拼" */
    0x0, 0x78, 0x0, 0x46, 0x0, 0xc, 0x30, 0x0,
    0x78, 0x0, 0x1e, 0x0, 0x4e, 0x0, 0x0, 0x78,
    0x0, 0xa, 0x50, 0xa6, 0x0, 0x3e, 0xff, 0xd4,
    0xcd, 0xcc, 0xfd, 0xc0, 0x0, 0x88, 0x1, 0x3d,
    0x53, 0xd6, 0x30, 0x0, 0x78, 0x0, 0xc, 0x30,
    0xc3, 0x0, 0x0, 0x7a, 0x60, 0xc, 0x30, 0xc3,
    0x0, 0x29, 0xed, 0x7c, 0xff, 0xff, 0xff, 0xf4,
    0x27, 0xa8, 0x0, 0xf, 0x10, 0xc4, 0x0, 0x0,
    0x78, 0x0, 0x2e, 0x0, 0xc3, 0x0, 0x0, 0x78,
    0x0, 0x79, 0x0, 0xc3, 0x0, 0x0, 0x88, 0x3,
    0xe1, 0x0, 0xc3, 0x0, 0xd, 0xe4, 0xc, 0x40,
    0x0, 0xc3, 0x0, 0x0, 0x0, 0x0, 0x0, 0x0,
    0x0, 0x0,

    /* U+6307 "指" */
    0x0, 0x0, 0x0, 0x0, 0x0, 0x0, 0x0, 0x0,
    0x96, 0x0, 0xf0, 0x0, 0x0, 0x0, 0x0, 0x96,
    0x0, 0xf0, 0x15, 0xbf, 0x30, 0x0, 0x96, 0x0,
    0xfd, 0xea, 0x61, 0x0, 0x8f, 0xff, 0xf1, 0xf2,
    0x0, 0x0, 0x73, 0x12, 0xa7, 0x20, 0xf1, 0x0,
    0x1, 0xc4, 0x0, 0x96, 0x0, 0x8e, 0xff, 0xfe,
    0xb0, 0x0, 0x98, 0x71, 0x0, 0x0, 0x0, 0x0,
    0x4a, 0xfd, 0x81, 0xfe, 0xee, 0xee, 0xc0, 0x45,
    0xa6, 0x0, 0xf0, 0x0, 0x3, 0xc0, 0x0, 0x96,
    0x0, 0xfd, 0xdd, 0xde, 0xc0, 0x0, 0x96, 0x0,
    0xf0, 0x0, 0x3, 0xc0, 0x0, 0xa6, 0x0, 0xf2,
    0x22, 0x26, 0xc0, 0x1f, 0xe3, 0x0, 0xfa, 0xaa,
    0xab, 0xb0, 0x0, 0x0, 0x0, 0x0, 0x0, 0x0,
    0x0,

    /* U+6309 "按" */
    0x0, 0x0, 0x0, 0x0, 0x0, 0x0, 0x0, 0x0,
    0x87, 0x0, 0x0, 0x96, 0x0, 0x0, 0x0, 0x87,
    0x0, 0x0, 0x6b, 0x0, 0x0, 0x0, 0x87, 0xa,
    0xff, 0xff, 0xff, 0xf1, 0x6f, 0xff, 0xfa, 0x50,
    0x60, 0x0, 0xe1, 0x0, 0x88, 0x7, 0x42, 0xe0,
    0x0, 0xb1, 0x0, 0x87, 0x0, 0x7, 0xa0, 0x0,
    0x0, 0x0, 0x87, 0xe, 0xef, 0xee, 0xef, 0xe4,
    0x0, 0xad, 0xd3, 0x5c, 0x0, 0x79, 0x0, 0x6e,
    0xea, 0x10, 0xd5, 0x0, 0xd4, 0x0, 0x10, 0x87,
    0x0, 0x7e, 0x87, 0xc0, 0x0, 0x0, 0x87, 0x0,
    0x1, 0xcf, 0x90, 0x0, 0x0, 0x87, 0x0, 0x5b,
    0xc4, 0xbd, 0x30, 0xe, 0xe4, 0xb, 0xb5, 0x0,
    0x5, 0xc0, 0x0, 0x0, 0x0, 0x0, 0x0, 0x0,
    0x0,

    /* U+6362 "换" */
    0x0, 0x0, 0x0, 0x0, 0x0, 0x0, 0x0, 0x0,
    0xe1, 0x0, 0xe, 0x20, 0x0, 0x0, 0x0, 0xe1,
    0x0, 0x7f, 0xbb, 0xc5, 0x0, 0x0, 0xe1, 0x2,
    0xe3, 0x23, 0xf3, 0x0, 0x8e, 0xff, 0x7d, 0x70,
    0x9, 0x90, 0x0, 0x24, 0xf5, 0x5e, 0xed, 0xfe,
    0xdf, 0x10, 0x0, 0xe1, 0x8, 0x70, 0xa5, 0xf,
    0x10, 0x0, 0xe4, 0x38, 0x70, 0xb5, 0xf, 0x10,
    0x49, 0xfc, 0x58, 0x70, 0xc3, 0xf, 0x10, 0x67,
    0xf1, 0x8e, 0xee, 0xff, 0xee, 0xe1, 0x0, 0xe1,
    0x0, 0x8, 0xcd, 0x0, 0x0, 0x0, 0xe1, 0x0,
    0x6d, 0x17, 0xb0, 0x0, 0x0, 0xf1, 0x2a, 0xc1,
    0x0, 0x9d, 0x50, 0x2f, 0xc1, 0xd7, 0x0, 0x0,
    0x4, 0xc1, 0x0, 0x0, 0x0, 0x0, 0x0, 0x0,
    0x0,

    /* U+638C "掌" */
    0x0, 0x39, 0x0, 0x87, 0x0, 0x95, 0x0, 0x0,
    0xd, 0x40, 0x87, 0x4, 0xd0, 0x0, 0xc, 0xef,
    0xee, 0xff, 0xee, 0xee, 0xd0, 0xd, 0x10, 0x0,
    0x0, 0x0, 0x1, 0xf0, 0xc, 0x1d, 0xcb, 0xbb,
    0xbb, 0xf1, 0xe0, 0x0, 0xd, 0x64, 0x44, 0x45,
    0xf0, 0x0, 0x0, 0x5, 0x66, 0x66, 0x78, 0xa0,
    0x0, 0x0, 0x9b, 0xbb, 0xdd, 0xba, 0x82, 0x0,
    0x2, 0x55, 0x55, 0xba, 0x55, 0x55, 0x20, 0x2,
    0x55, 0x55, 0xba, 0x55, 0x55, 0x20, 0x2b, 0xbb,
    0xbb, 0xed, 0xbb, 0xbb, 0xb2, 0x0, 0x0, 0x0,
    0x87, 0x0, 0x0, 0x0, 0x0, 0x0, 0xac, 0xd4,
    0x0, 0x0, 0x0,

    /* U+63E1 "握" */
    0x0, 0xa5, 0x0, 0x0, 0x0, 0x0, 0x0, 0x0,
    0xa5, 0xa, 0xed, 0xdd, 0xdd, 0xf0, 0x0, 0xa5,
    0xa, 0x50, 0x0, 0x0, 0xf0, 0x2b, 0xed, 0xaa,
    0xdc, 0xcc, 0xcc, 0xf0, 0x3, 0xb8, 0x3a, 0x50,
    0x0, 0x0, 0x0, 0x0, 0xa5, 0xb, 0xed, 0xfe,
    0xdd, 0xd1, 0x0, 0xa8, 0x5c, 0x42, 0xc1, 0x1b,
    0x10, 0x2a, 0xfc, 0x5d, 0x6e, 0xcb, 0xce, 0xc0,
    0x15, 0xb5, 0xe, 0x24, 0x2c, 0x50, 0x30, 0x0,
    0xa5, 0xf, 0x5a, 0xae, 0xca, 0xa0, 0x0, 0xa5,
    0x4b, 0x12, 0x2c, 0x72, 0x20, 0x0, 0xa5, 0xa6,
    0x0, 0xb, 0x40, 0x0, 0xe, 0xe3, 0xd4, 0xdd,
    0xdf, 0xed, 0xd9, 0x0, 0x0, 0x0, 0x0, 0x0,
    0x0, 0x0,

    /* U+6469 "摩" */
    0x0, 0x0, 0x0, 0x0, 0x0, 0x0, 0x0, 0x0,
    0x0, 0x0, 0x89, 0x0, 0x0, 0x0, 0xa, 0xdd,
    0xdd, 0xef, 0xdd, 0xdd, 0xc0, 0xb, 0x30, 0x26,
    0x0, 0x2, 0x70, 0x0, 0xb, 0x6b, 0xce, 0xb7,
    0xbc, 0xeb, 0x80, 0xb, 0x31, 0xde, 0x50, 0x1d,
    0xf6, 0x0, 0xb, 0x6c, 0x69, 0x85, 0xc6, 0x99,
    0x90, 0xc, 0x41, 0x25, 0x1, 0x25, 0xb1, 0x20,
    0xd, 0x26, 0xbb, 0xbf, 0xa8, 0x51, 0x0, 0xe,
    0x16, 0x66, 0x6e, 0x86, 0x66, 0x20, 0xf, 0x4,
    0x44, 0x4e, 0x64, 0x44, 0x10, 0x2c, 0x6b, 0xbb,
    0xbf, 0xcb, 0xbb, 0xb0, 0x79, 0x0, 0x0, 0xd,
    0x20, 0x0, 0x0, 0x83, 0x0, 0xc, 0xcd, 0x10,
    0x0, 0x0, 0x0, 0x0, 0x0, 0x0, 0x0, 0x0,
    0x0,

    /* U+6478 "摸" */
    0x0, 0x87, 0x0, 0xe, 0x10, 0xd2, 0x0, 0x0,
    0x87, 0xa, 0xbf, 0xcb, 0xfc, 0xb1, 0x0, 0x87,
    0x3, 0x3f, 0x43, 0xe5, 0x30, 0x1e, 0xff, 0xd2,
    0x8a, 0x88, 0xa8, 0x30, 0x0, 0x87, 0x4, 0xc5,
    0x55, 0x5c, 0x60, 0x0, 0x87, 0x4, 0xec, 0xcc,
    0xce, 0x60, 0x0, 0x89, 0x84, 0xa0, 0x0, 0x9,
    0x60, 0x18, 0xee, 0x84, 0xec, 0xcc, 0xce, 0x50,
    0x18, 0xa7, 0x0, 0x0, 0x95, 0x0, 0x0, 0x0,
    0x87, 0x2e, 0xee, 0xfe, 0xee, 0xe2, 0x0, 0x87,
    0x0, 0x5, 0xc9, 0x70, 0x0, 0x0, 0x87, 0x1,
    0x8e, 0x20, 0xd9, 0x20, 0xd, 0xe3, 0x4e, 0x91,
    0x0, 0x7, 0xe2, 0x0, 0x0, 0x0, 0x0, 0x0,
    0x0, 0x0,

    /* U+64AD "播" */
    0x0, 0x86, 0x0, 0x2, 0x35, 0x8b, 0x90, 0x0,
    0x86, 0x9, 0xcb, 0xbe, 0x66, 0x30, 0x0, 0x86,
    0x0, 0xb4, 0x2c, 0xb, 0x40, 0x4e, 0xff, 0xd0,
    0x49, 0x2c, 0x2c, 0x0, 0x2, 0xa7, 0x2e, 0xee,
    0xff, 0xfe, 0xe8, 0x0, 0x86, 0x0, 0xb, 0xbd,
    0xc5, 0x0, 0x0, 0x89, 0x72, 0xba, 0x2c, 0x1d,
    0x80, 0x28, 0xed, 0xbf, 0x81, 0x29, 0x12, 0xbb,
    0x48, 0xa6, 0x4, 0xfb, 0xce, 0xbc, 0xd0, 0x0,
    0x86, 0x2, 0xd1, 0x3c, 0x13, 0xd0, 0x0, 0x86,
    0x2, 0xfa, 0xbe, 0xab, 0xd0, 0x0, 0x96, 0x2,
    0xd1, 0x4c, 0x13, 0xd0, 0xe, 0xe3, 0x2, 0xfa,
    0xaa, 0xab, 0xc0, 0x0, 0x0, 0x0, 0x0, 0x0,
    0x0, 0x0,

    /* U+64E6 "擦" */
    0x0, 0x0, 0x0, 0x0, 0x0, 0x0, 0x0, 0x0,
    0xe0, 0x0, 0x0, 0xc2, 0x0, 0x0, 0x0, 0xe0,
    0x39, 0x99, 0xdc, 0x99, 0x70, 0x0, 0xe0, 0x6a,
    0x85, 0x45, 0x46, 0xb0, 0x8d, 0xfd, 0x45, 0xfb,
    0xad, 0xbc, 0x80, 0x0, 0xe0, 0xb, 0x43, 0xb7,
    0x6a, 0x10, 0x0, 0xe0, 0x84, 0x8e, 0x41, 0xd9,
    0x0, 0x0, 0xe4, 0x1a, 0xab, 0x0, 0xa7, 0x0,
    0x28, 0xfc, 0x2a, 0xca, 0xcc, 0x9d, 0x50, 0x79,
    0xe0, 0x8a, 0x22, 0x22, 0x23, 0x70, 0x0, 0xe0,
    0xa, 0xbb, 0xed, 0xbb, 0x10, 0x0, 0xe0, 0x3,
    0xa0, 0x86, 0x48, 0x0, 0x0, 0xe0, 0x3d, 0x30,
    0x96, 0xb, 0x40, 0x1e, 0xa0, 0x42, 0xc, 0xe4,
    0x2, 0x30,

    /* U+6536 "收" */
    0x0, 0x0, 0x0, 0x1, 0x0, 0x0, 0x0, 0x0,
    0x0, 0xe2, 0x8, 0xa0, 0x0, 0x0, 0x5, 0x10,
    0xe2, 0xc, 0x60, 0x0, 0x0, 0xd, 0x20, 0xe2,
    0xf, 0x30, 0x0, 0x0, 0xd, 0x20, 0xe2, 0x4f,
    0xff, 0xff, 0xe0, 0xd, 0x20, 0xe2, 0xad, 0x0,
    0x4c, 0x0, 0xd, 0x20, 0xe5, 0xfd, 0x20, 0x88,
    0x0, 0xd, 0x20, 0xe9, 0x86, 0x70, 0xc4, 0x0,
    0xd, 0x20, 0xe2, 0x0, 0xd3, 0xe0, 0x0, 0xe,
    0x6a, 0xf2, 0x0, 0x8e, 0x70, 0x0, 0x2f, 0xd6,
    0xe2, 0x0, 0x5f, 0x30, 0x0, 0x3, 0x0, 0xe2,
    0x3, 0xe9, 0xe1, 0x0, 0x0, 0x0, 0xe2, 0x7e,
    0x50, 0x8e, 0x40, 0x0, 0x0, 0xe5, 0xc2, 0x0,
    0x5, 0xa0,

    /* U+6570 "数" */
    0x3, 0x32, 0xc0, 0x71, 0xb, 0x0, 0x0, 0x3,
    0xc2, 0xc3, 0xc0, 0x4c, 0x0, 0x0, 0x2, 0xa5,
    0xd7, 0x51, 0x79, 0x0, 0x0, 0xb, 0xbe, 0xfc,
    0xb7, 0xbf, 0xef, 0xf7, 0x0, 0x5e, 0xec, 0x61,
    0xf7, 0x9, 0x60, 0xa, 0xb3, 0xc0, 0x88, 0xcc,
    0xc, 0x30, 0x4, 0x6, 0x40, 0xb, 0x1e, 0x2e,
    0x0, 0x9, 0xbf, 0xcb, 0xb0, 0x9, 0xb9, 0x0,
    0x1, 0xa8, 0x27, 0xb0, 0x3, 0xf3, 0x0, 0x0,
    0xe9, 0x2e, 0x30, 0x7, 0xf5, 0x0, 0x0, 0x9,
    0xfb, 0x0, 0x4e, 0x4e, 0x20, 0x3, 0x9d, 0x48,
    0x58, 0xe2, 0x6, 0xe4, 0xa, 0x50, 0x0, 0x3a,
    0x10, 0x0, 0x45,

    /* U+6587 "文" */
    0x0, 0x0, 0x0, 0x53, 0x0, 0x0, 0x0, 0x0,
    0x0, 0x0, 0x6d, 0x0, 0x0, 0x0, 0x1, 0x11,
    0x11, 0x1d, 0x31, 0x11, 0x10, 0x1f, 0xff, 0xff,
    0xff, 0xff, 0xff, 0xf8, 0x0, 0xa, 0x70, 0x0,
    0x1, 0xf1, 0x0, 0x0, 0x2, 0xe1, 0x0, 0x9,
    0x90, 0x0, 0x0, 0x0, 0xa8, 0x0, 0x1f, 0x20,
    0x0, 0x0, 0x0, 0x1e, 0x50, 0xc8, 0x0, 0x0,
    0x0, 0x0, 0x3, 0xfa, 0xb0, 0x0, 0x0, 0x0,
    0x0, 0x0, 0xcf, 0x60, 0x0, 0x0, 0x0, 0x0,
    0x4e, 0xa6, 0xea, 0x10, 0x0, 0x0, 0x5c, 0xe5,
    0x0, 0x1b, 0xe8, 0x20, 0x1e, 0xd6, 0x10, 0x0,
    0x0, 0x3a, 0xf7, 0x2, 0x0, 0x0, 0x0, 0x0,
    0x0, 0x0,

    /* U+65E0 "无" */
    0x3, 0xff, 0xff, 0xff, 0xff, 0xff, 0xa0, 0x0,
    0x11, 0x11, 0xa7, 0x11, 0x11, 0x10, 0x0, 0x0,
    0x0, 0xa5, 0x0, 0x0, 0x0, 0x0, 0x0, 0x0,
    0xc4, 0x0, 0x0, 0x0, 0x1e, 0xee, 0xee, 0xfe,
    0xee, 0xee, 0xe7, 0x1, 0x11, 0x14, 0xeb, 0x81,
    0x11, 0x10, 0x0, 0x0, 0x7, 0xaa, 0x60, 0x0,
    0x0, 0x0, 0x0, 0xd, 0x4a, 0x60, 0x0, 0x0,
    0x0, 0x0, 0x7c, 0xa, 0x60, 0x0, 0x21, 0x0,
    0x5, 0xe2, 0xa, 0x60, 0x0, 0x79, 0x0, 0x8f,
    0x30, 0xa, 0x80, 0x0, 0xa6, 0xe, 0xb2, 0x0,
    0x4, 0xef, 0xff, 0xd1, 0x2, 0x0, 0x0, 0x0,
    0x0, 0x0, 0x0,

    /* U+65E5 "日" */
    0x4f, 0xff, 0xff, 0xff, 0xfe, 0x4c, 0x11, 0x11,
    0x11, 0x4e, 0x4c, 0x0, 0x0, 0x0, 0x2e, 0x4c,
    0x0, 0x0, 0x0, 0x2e, 0x4c, 0x0, 0x0, 0x0,
    0x2e, 0x4f, 0xff, 0xff, 0xff, 0xfe, 0x4c, 0x11,
    0x11, 0x11, 0x4e, 0x4c, 0x0, 0x0, 0x0, 0x2e,
    0x4c, 0x0, 0x0, 0x0, 0x2e, 0x4c, 0x0, 0x0,
    0x0, 0x2e, 0x4f, 0xff, 0xff, 0xff, 0xfe, 0x4c,
    0x0, 0x0, 0x0, 0x3d,

    /* U+65E9 "早" */
    0x0, 0xaf, 0xff, 0xff, 0xff, 0xff, 0x0, 0x0,
    0xa5, 0x0, 0x0, 0x0, 0xf, 0x0, 0x0, 0xae,
    0xee, 0xee, 0xee, 0xef, 0x0, 0x0, 0xa6, 0x0,
    0x0, 0x0, 0xf, 0x0, 0x0, 0xa6, 0x0, 0x0,
    0x0, 0x1f, 0x0, 0x0, 0x9e, 0xee, 0xff, 0xee,
    0xee, 0x0, 0x0, 0x0, 0x0, 0x5b, 0x0, 0x0,
    0x0, 0x0, 0x0, 0x0, 0x6b, 0x0, 0x0, 0x0,
    0x1f, 0xff, 0xff, 0xff, 0xff, 0xff, 0xf9, 0x0,
    0x0, 0x0, 0x5b, 0x0, 0x0, 0x0, 0x0, 0x0,
    0x0, 0x5b, 0x0, 0x0, 0x0, 0x0, 0x0, 0x0,
    0x5b, 0x0, 0x0, 0x0,

    /* U+65F6 "时" */
    0x0, 0x0, 0x0, 0x0, 0x2, 0xe0, 0xb, 0xcc,
    0xc2, 0x0, 0x0, 0x2e, 0x0, 0xe5, 0x4d, 0x30,
    0x0, 0x2, 0xe0, 0xe, 0x10, 0xb4, 0xff, 0xff,
    0xff, 0xf9, 0xe1, 0xb, 0x31, 0x11, 0x13, 0xe1,
    0xe, 0xcc, 0xf3, 0x4b, 0x0, 0x2e, 0x0, 0xe3,
    0x2c, 0x30, 0xd6, 0x2, 0xe0, 0xe, 0x10, 0xb3,
    0x3, 0xf1, 0x2e, 0x0, 0xe1, 0xb, 0x30, 0xa,
    0x82, 0xe0, 0xe, 0x43, 0xc3, 0x0, 0x0, 0x2e,
    0x0, 0xec, 0xbb, 0x20, 0x0, 0x2, 0xe0, 0x9,
    0x0, 0x0, 0x0, 0x10, 0x4e, 0x0, 0x0, 0x0,
    0x0, 0xe, 0xfe, 0x80, 0x0,

    /* U+660E "明" */
    0xef, 0xff, 0xe0, 0xff, 0xff, 0xff, 0xe1, 0x1,
    0xe0, 0xf0, 0x0, 0x1f, 0xe1, 0x1, 0xe0, 0xf0,
    0x0, 0x1f, 0xe1, 0x1, 0xe0, 0xf9, 0x99, 0xaf,
    0xee, 0xee, 0xe0, 0xf6, 0x66, 0x7f, 0xe1, 0x1,
    0xe0, 0xf0, 0x0, 0x1f, 0xe1, 0x1, 0xe1, 0xf6,
    0x66, 0x7f, 0xec, 0xbc, 0xe4, 0xd6, 0x66, 0x7f,
    0xe4, 0x33, 0x38, 0x70, 0x0, 0x1f, 0x90, 0x0,
    0xe, 0x20, 0x0, 0x1f, 0x0, 0x0, 0xaa, 0x0,
    0x0, 0x2f, 0x0, 0x3, 0xd1, 0x0, 0x4f, 0xf9,
    0x0, 0x0, 0x0, 0x0, 0x0, 0x0,

    /* U+661F "星" */
    0x0, 0xae, 0xdd, 0xdd, 0xdd, 0xeb, 0x0, 0x0,
    0xa6, 0x0, 0x0, 0x0, 0x6b, 0x0, 0x0, 0xae,
    0xcc, 0xcc, 0xcc, 0xeb, 0x0, 0x0, 0xa6, 0x0,
    0x0, 0x0, 0x6b, 0x0, 0x0, 0x8e, 0xdd, 0xdd,
    0xdd, 0xd9, 0x0, 0x0, 0x3e, 0x10, 0x55, 0x0,
    0x0, 0x0, 0x1, 0xdf, 0xee, 0xff, 0xee, 0xee,
    0x30, 0x1d, 0x80, 0x0, 0x88, 0x0, 0x0, 0x0,
    0x3, 0x5c, 0xcc, 0xee, 0xcc, 0xc8, 0x0, 0x0,
    0x1, 0x11, 0x99, 0x11, 0x10, 0x0, 0x0, 0x0,
    0x0, 0x88, 0x0, 0x0, 0x0, 0x1e, 0xee, 0xee,
    0xff, 0xee, 0xee, 0xe1,

    /* U+6628 "昨" */
    0x0, 0x0, 0x0, 0xd1, 0x0, 0x0, 0xd, 0xee,
    0xe1, 0x3e, 0x0, 0x0, 0x0, 0xe1, 0xe, 0x18,
    0xeb, 0xbb, 0xbb, 0x3e, 0x0, 0xe2, 0xf5, 0xf5,
    0x33, 0x31, 0xe0, 0xe, 0xaa, 0xe, 0x10, 0x0,
    0xe, 0xdd, 0xf7, 0x20, 0xec, 0xcc, 0xc0, 0xe2,
    0x1e, 0x10, 0xe, 0x42, 0x22, 0xe, 0x0, 0xe1,
    0x0, 0xe1, 0x0, 0x0, 0xe0, 0xe, 0x10, 0xe,
    0x75, 0x55, 0xe, 0x43, 0xf1, 0x0, 0xec, 0xbb,
    0xb1, 0xeb, 0xbb, 0x0, 0xe, 0x10, 0x0, 0x8,
    0x0, 0x0, 0x0, 0xe1, 0x0, 0x0, 0x0, 0x0,
    0x0, 0xe, 0x10, 0x0, 0x0,

    /* U+662F "是" */
    0x0, 0xbd, 0xcc, 0xcc, 0xcc, 0xea, 0x0, 0x0,
    0xb5, 0x0, 0x0, 0x0, 0x6a, 0x0, 0x0, 0xbc,
    0xbb, 0xbb, 0xbb, 0xda, 0x0, 0x0, 0xb8, 0x44,
    0x44, 0x44, 0x9a, 0x0, 0x0, 0x45, 0x55, 0x55,
    0x55, 0x54, 0x0, 0x2c, 0xcc, 0xcc, 0xcc, 0xcc,
    0xcc, 0xc2, 0x2, 0x25, 0x22, 0x7b, 0x22, 0x22,
    0x20, 0x0, 0xf, 0x20, 0x6a, 0x0, 0x0, 0x0,
    0x0, 0x5f, 0x10, 0x6f, 0xee, 0xee, 0x40, 0x0,
    0xbd, 0xb0, 0x6a, 0x0, 0x0, 0x0, 0x9, 0xe0,
    0xbc, 0xaa, 0x0, 0x0, 0x0, 0x4e, 0x30, 0x5,
    0xbe, 0xff, 0xff, 0xf4, 0x1, 0x0, 0x0, 0x0,
    0x0, 0x0, 0x0,

    /* U+665A "晚" */
    0x0, 0x0, 0x0, 0x86, 0x0, 0x0, 0xd, 0xee,
    0xd0, 0x1f, 0xdc, 0xc3, 0x0, 0xe0, 0xe, 0x9,
    0x81, 0x4e, 0x0, 0xe, 0x0, 0xe5, 0xe0, 0xa,
    0x70, 0x0, 0xe0, 0xe, 0xef, 0xee, 0xfe, 0xee,
    0xe, 0x99, 0xe3, 0xc0, 0x4b, 0x1, 0xe0, 0xe4,
    0x4e, 0x2c, 0x6, 0x90, 0x1e, 0xe, 0x0, 0xe2,
    0xfe, 0xff, 0xee, 0xe0, 0xe0, 0xe, 0x0, 0xd,
    0xb7, 0x0, 0xe, 0xcc, 0xe0, 0x5, 0xc8, 0x70,
    0x0, 0xe3, 0x22, 0x2, 0xe3, 0x87, 0x6, 0x63,
    0x0, 0x6, 0xe6, 0x8, 0x70, 0x76, 0x0, 0x1e,
    0xb3, 0x0, 0x5f, 0xfe, 0x20, 0x0, 0x10, 0x0,
    0x0, 0x0, 0x0,

    /* U+6668 "晨" */
    0x0, 0x8d, 0xbb, 0xbb, 0xbb, 0xcf, 0x0, 0x0,
    0x8d, 0xbb, 0xbb, 0xbb, 0xcf, 0x0, 0x0, 0x87,
    0x22, 0x22, 0x22, 0x3f, 0x0, 0x0, 0x59, 0x99,
    0x99, 0x99, 0x99, 0x0, 0x1, 0x99, 0x99, 0x99,
    0x99, 0x99, 0x91, 0x1, 0xf3, 0x44, 0x44, 0x44,
    0x44, 0x20, 0x2, 0xe3, 0x99, 0x99, 0x99, 0x99,
    0x0, 0x3, 0xfa, 0xaa, 0xaa, 0xaa, 0xaa, 0xa3,
    0x4, 0xc2, 0xd5, 0x2a, 0xa2, 0x3a, 0x60, 0x7,
    0x90, 0xc3, 0x0, 0xbb, 0xd6, 0x0, 0xd, 0x41,
    0xf9, 0xad, 0x26, 0xdc, 0x82, 0x1a, 0x3, 0xb7,
    0x30, 0x0, 0x4, 0x83,

    /* U+66F4 "更" */
    0x1f, 0xff, 0xff, 0xff, 0xff, 0xff, 0xf1, 0x0,
    0x0, 0x0, 0x79, 0x0, 0x0, 0x0, 0x0, 0xbd,
    0xdd, 0xef, 0xdd, 0xdd, 0x30, 0x0, 0xc2, 0x0,
    0x79, 0x0, 0xd, 0x30, 0x0, 0xcd, 0xcc, 0xee,
    0xcc, 0xcf, 0x30, 0x0, 0xc3, 0x0, 0x7a, 0x0,
    0xd, 0x30, 0x0, 0xc4, 0x11, 0x8a, 0x11, 0x1d,
    0x30, 0x0, 0x9c, 0xcc, 0xed, 0xcc, 0xcc, 0x20,
    0x0, 0x1d, 0x30, 0xe3, 0x0, 0x0, 0x0, 0x0,
    0x3, 0xec, 0x90, 0x0, 0x0, 0x0, 0x0, 0x39,
    0xeb, 0xeb, 0x73, 0x21, 0x0, 0x1e, 0xc7, 0x10,
    0x16, 0x9c, 0xef, 0xf5, 0x0, 0x0, 0x0, 0x0,
    0x0, 0x0, 0x0,

    /* U+6709 "有" */
    0x0, 0x0, 0x7, 0x40, 0x0, 0x0, 0x0, 0x0,
    0x0, 0xf, 0x20, 0x0, 0x0, 0x0, 0x1e, 0xee,
    0xff, 0xee, 0xee, 0xee, 0xe2, 0x0, 0x1, 0xd5,
    0x0, 0x0, 0x0, 0x0, 0x0, 0x8, 0xe2, 0x11,
    0x11, 0x10, 0x0, 0x0, 0x2f, 0xed, 0xdd, 0xdd,
    0xe7, 0x0, 0x3, 0xed, 0x90, 0x0, 0x0, 0x87,
    0x0, 0x2e, 0x56, 0xfe, 0xee, 0xee, 0xf7, 0x0,
    0x3, 0x6, 0x90, 0x0, 0x0, 0x87, 0x0, 0x0,
    0x6, 0xec, 0xcc, 0xcc, 0xe7, 0x0, 0x0, 0x6,
    0xa1, 0x11, 0x11, 0x97, 0x0, 0x0, 0x6, 0x90,
    0x0, 0x0, 0x97, 0x0, 0x0, 0x6, 0x90, 0x0,
    0xaf, 0xd3, 0x0,

    /* U+670B "朋" */
    0x0, 0xff, 0xff, 0x30, 0xff, 0xff, 0xe0, 0xe,
    0x0, 0xb3, 0xf, 0x0, 0x1e, 0x0, 0xe0, 0xb,
    0x30, 0xf0, 0x1, 0xe0, 0xf, 0xee, 0xf3, 0xf,
    0xee, 0xfe, 0x0, 0xe0, 0xb, 0x30, 0xf0, 0x1,
    0xe0, 0x1e, 0x0, 0xb3, 0xf, 0x0, 0x1e, 0x2,
    0xfd, 0xdf, 0x32, 0xfd, 0xde, 0xe0, 0x3c, 0x11,
    0xc3, 0x3d, 0x11, 0x2e, 0x5, 0x90, 0xb, 0x35,
    0x90, 0x1, 0xe0, 0x87, 0x0, 0xb3, 0xa6, 0x0,
    0x1e, 0xd, 0x20, 0x1c, 0x6e, 0x10, 0x2, 0xe3,
    0xb0, 0x1d, 0xb9, 0x80, 0xf, 0xf9, 0x0, 0x0,
    0x0, 0x0, 0x0, 0x0, 0x0,

    /* U+670D "服" */
    0xb, 0xff, 0xf2, 0x2f, 0xff, 0xff, 0xb0, 0xb,
    0x30, 0xd2, 0x2d, 0x0, 0x4, 0xc0, 0xb, 0x30,
    0xd2, 0x2c, 0x1, 0x37, 0xb0, 0xb, 0xff, 0xf2,
    0x2c, 0x1, 0x99, 0x30, 0xb, 0x40, 0xd2, 0x2e,
    0x77, 0x77, 0x70, 0xb, 0x30, 0xd2, 0x2e, 0xd8,
    0x67, 0xe0, 0xc, 0xed, 0xf2, 0x2c, 0x69, 0x7,
    0x90, 0xd, 0x42, 0xd2, 0x2c, 0x1e, 0x2e, 0x30,
    0xe, 0x0, 0xd2, 0x2c, 0x7, 0xea, 0x0, 0x1d,
    0x0, 0xd2, 0x2c, 0x3, 0xf7, 0x0, 0x69, 0x0,
    0xd2, 0x2c, 0x4d, 0x5d, 0x80, 0x84, 0x3f, 0xc0,
    0x2d, 0xa2, 0x1, 0xb4, 0x0, 0x0, 0x0, 0x0,
    0x0, 0x0, 0x0,

    /* U+671F "期" */
    0x0, 0xe0, 0x6, 0x90, 0x0, 0x0, 0x0, 0x0,
    0xe0, 0x6, 0x90, 0xaf, 0xff, 0xf1, 0x1e, 0xff,
    0xef, 0xf9, 0xa4, 0x0, 0xe1, 0x0, 0xe0, 0x6,
    0x90, 0xa4, 0x0, 0xe1, 0x0, 0xec, 0xce, 0x90,
    0xaf, 0xee, 0xf1, 0x0, 0xe1, 0x6, 0x90, 0xa4,
    0x0, 0xe1, 0x0, 0xeb, 0xbd, 0x90, 0xb4, 0x0,
    0xe1, 0x0, 0xe3, 0x27, 0x90, 0xcd, 0xcc, 0xf1,
    0x0, 0xe1, 0x6, 0x90, 0xd8, 0x77, 0xf1, 0x4e,
    0xee, 0xee, 0xe9, 0xe0, 0x0, 0xe1, 0x0, 0x75,
    0x1a, 0x2, 0xd0, 0x0, 0xe1, 0x4, 0xe1, 0x9,
    0x98, 0x80, 0x0, 0xf1, 0xd, 0x30, 0x0, 0x4b,
    0x20, 0xaf, 0xc0, 0x0, 0x0, 0x0, 0x0, 0x0,
    0x0, 0x0,

    /* U+672A "未" */
    0x0, 0x0, 0x0, 0x98, 0x0, 0x0, 0x0, 0x0,
    0x0, 0x0, 0x98, 0x0, 0x0, 0x0, 0x0, 0x33,
    0x33, 0xaa, 0x33, 0x33, 0x0, 0x1, 0xcc, 0xcc,
    0xee, 0xcc, 0xcc, 0x20, 0x0, 0x0, 0x0, 0x98,
    0x0, 0x0, 0x0, 0x0, 0x0, 0x0, 0x98, 0x0,
    0x0, 0x0, 0x1f, 0xff, 0xff, 0xff, 0xff, 0xff,
    0xf2, 0x0, 0x0, 0x9, 0xff, 0x80, 0x0, 0x0,
    0x0, 0x0, 0x7b, 0x99, 0xc6, 0x0, 0x0, 0x0,
    0x8, 0xc0, 0x98, 0xc, 0x80, 0x0, 0x3, 0xcb,
    0x10, 0x98, 0x1, 0xbc, 0x20, 0x3f, 0x60, 0x0,
    0x98, 0x0, 0x6, 0xf3, 0x1, 0x0, 0x0, 0x98,
    0x0, 0x0, 0x10,

    /* U+672C "本" */
    0x0, 0x0, 0x0, 0x88, 0x0, 0x0, 0x0, 0x0,
    0x0, 0x0, 0x88, 0x0, 0x0, 0x0, 0x0, 0x0,
    0x0, 0x88, 0x0, 0x0, 0x0, 0x1f, 0xff, 0xff,
    0xff, 0xff, 0xff, 0xf1, 0x1, 0x11, 0x4e, 0xaa,
    0xe3, 0x11, 0x10, 0x0, 0x0, 0xb6, 0x88, 0x7a,
    0x0, 0x0, 0x0, 0x4, 0xd0, 0x88, 0xe, 0x40,
    0x0, 0x0, 0x1e, 0x50, 0x88, 0x6, 0xd1, 0x0,
    0x1, 0xc9, 0x0, 0x88, 0x0, 0xac, 0x10, 0x2d,
    0xaa, 0xcc, 0xee, 0xcc, 0xab, 0xe3, 0x6, 0x3,
    0x44, 0xaa, 0x44, 0x30, 0x60, 0x0, 0x0, 0x0,
    0x88, 0x0, 0x0, 0x0, 0x0, 0x0, 0x0, 0x88,
    0x0, 0x0, 0x0,

    /* U+6735 "朵" */
    0x0, 0x0, 0xff, 0xff, 0xff, 0x10, 0x0, 0x0,
    0x1, 0xf0, 0x0, 0xe, 0x10, 0x0, 0x0, 0x4,
    0xd0, 0x0, 0xe, 0x10, 0x0, 0x0, 0x2e, 0x60,
    0x0, 0xe, 0x20, 0x0, 0x9, 0xf7, 0x0, 0x65,
    0x9, 0xff, 0xf1, 0x3, 0x10, 0x0, 0x98, 0x0,
    0x0, 0x0, 0x1f, 0xff, 0xff, 0xff, 0xff, 0xff,
    0xf1, 0x0, 0x0, 0x2c, 0xed, 0xc2, 0x0, 0x0,
    0x0, 0x2, 0xd6, 0x98, 0x5d, 0x20, 0x0, 0x1,
    0x8e, 0x50, 0x98, 0x4, 0xe9, 0x20, 0x2f, 0x91,
    0x0, 0x98, 0x0, 0x8, 0xe2, 0x1, 0x0, 0x0,
    0x98, 0x0, 0x0, 0x0,

    /* U+673A "机" */
    0x0, 0xf, 0x10, 0x0, 0x0, 0x0, 0x0, 0x0,
    0xf, 0x10, 0xf, 0xff, 0xfd, 0x0, 0x0, 0xf,
    0x10, 0xf, 0x10, 0x2d, 0x0, 0x4f, 0xff, 0xff,
    0x2f, 0x10, 0x2d, 0x0, 0x0, 0x4f, 0x20, 0xf,
    0x10, 0x2d, 0x0, 0x0, 0x9f, 0x40, 0xf, 0x10,
    0x2d, 0x0, 0x0, 0xdf, 0xd2, 0xf, 0x0, 0x2d,
    0x0, 0x6, 0x8f, 0x5d, 0x2f, 0x0, 0x2d, 0x0,
    0xd, 0x1f, 0x14, 0x4c, 0x0, 0x2d, 0x0, 0x78,
    0xf, 0x10, 0x79, 0x0, 0x2d, 0x14, 0x10, 0xf,
    0x10, 0xd3, 0x0, 0x2d, 0x1a, 0x0, 0xf, 0x16,
    0xc0, 0x0, 0x2e, 0x3a, 0x0, 0xf, 0x1c, 0x20,
    0x0, 0xd, 0xf5, 0x0, 0x0, 0x0, 0x0, 0x0,
    0x0, 0x0,

    /* U+6761 "条" */
    0x0, 0x0, 0x1e, 0x20, 0x0, 0x0, 0x0, 0x0,
    0x1, 0xde, 0xaa, 0xaa, 0x80, 0x0, 0x0, 0x2d,
    0xf6, 0x33, 0x5f, 0x50, 0x0, 0x7, 0xe6, 0x5e,
    0x43, 0xe7, 0x0, 0x0, 0x4, 0x20, 0x5, 0xff,
    0x70, 0x0, 0x0, 0x0, 0x15, 0xbe, 0x98, 0xeb,
    0x62, 0x0, 0x4e, 0xfb, 0x60, 0x44, 0x6, 0xbe,
    0xf3, 0x3, 0x0, 0x0, 0x88, 0x0, 0x0, 0x20,
    0x0, 0xee, 0xee, 0xff, 0xee, 0xed, 0x0, 0x0,
    0x0, 0x60, 0x88, 0x6, 0x0, 0x0, 0x0, 0x1c,
    0x60, 0x88, 0x9, 0xb0, 0x0, 0x4, 0xe6, 0x0,
    0x88, 0x0, 0x8c, 0x0, 0x1, 0x30, 0xc, 0xe5,
    0x0, 0x5, 0x0,

    /* U+6765 "来" */
    0x0, 0x0, 0x0, 0x88, 0x0, 0x0, 0x0, 0x0,
    0x0, 0x0, 0x99, 0x0, 0x0, 0x0, 0x8, 0xee,
    0xee, 0xff, 0xee, 0xee, 0x90, 0x0, 0x28, 0x0,
    0x88, 0x0, 0x75, 0x0, 0x0, 0xd, 0x40, 0x88,
    0x2, 0xf2, 0x0, 0x0, 0x6, 0xa0, 0x88, 0x9,
    0x70, 0x0, 0x2c, 0xcc, 0xcc, 0xee, 0xcc, 0xcc,
    0xc2, 0x3, 0x33, 0x4b, 0xff, 0xb4, 0x33, 0x30,
    0x0, 0x0, 0x8c, 0x99, 0xc7, 0x0, 0x0, 0x0,
    0x7, 0xd1, 0x88, 0x1d, 0x70, 0x0, 0x1, 0xbd,
    0x10, 0x88, 0x1, 0xda, 0x10, 0x3f, 0x90, 0x0,
    0x88, 0x0, 0xa, 0xf3, 0x2, 0x0, 0x0, 0x88,
    0x0, 0x0, 0x30,

    /* U+679C "果" */
    0x0, 0xcf, 0xee, 0xff, 0xee, 0xfd, 0x0, 0x0,
    0xc4, 0x0, 0x88, 0x0, 0x4d, 0x0, 0x0, 0xce,
    0xdd, 0xff, 0xdd, 0xed, 0x0, 0x0, 0xc4, 0x0,
    0x88, 0x0, 0x4d, 0x0, 0x0, 0xc7, 0x33, 0xaa,
    0x33, 0x6d, 0x0, 0x0, 0x8b, 0xbb, 0xdd, 0xbb,
    0xb9, 0x0, 0x1, 0x11, 0x11, 0x99, 0x11, 0x11,
    0x10, 0x1d, 0xdd, 0xde, 0xff, 0xed, 0xdd, 0xd1,
    0x0, 0x0, 0x5d, 0xbb, 0xd6, 0x0, 0x0, 0x0,
    0x19, 0xc1, 0x88, 0x1b, 0xb2, 0x0, 0x2a, 0xe7,
    0x0, 0x88, 0x0, 0x5d, 0xb2, 0x6, 0x0, 0x0,
    0x88, 0x0, 0x0, 0x50,

    /* U+6811 "树" */
    0x0, 0x0, 0x0, 0x0, 0x0, 0x0, 0x0, 0x0,
    0xd1, 0x0, 0x0, 0x0, 0xf, 0x0, 0x0, 0xd1,
    0x4, 0x44, 0x0, 0xf, 0x0, 0x0, 0xe1, 0xa,
    0xae, 0x0, 0xf, 0x0, 0x6f, 0xff, 0x50, 0xd,
    0xae, 0xef, 0xe1, 0x0, 0xf2, 0x1a, 0x1c, 0x0,
    0xf, 0x0, 0x4, 0xfa, 0xb, 0x89, 0x23, 0xf,
    0x0, 0x8, 0xfc, 0x42, 0xf6, 0x1d, 0xf, 0x0,
    0xc, 0xe4, 0x90, 0xc5, 0x9, 0x5f, 0x0, 0x3a,
    0xd1, 0x1, 0xec, 0x2, 0x7f, 0x0, 0x94, 0xd1,
    0x7, 0x9b, 0x40, 0xf, 0x0, 0x10, 0xd1, 0x1e,
    0x23, 0x0, 0xf, 0x0, 0x0, 0xd1, 0x9a, 0x0,
    0x0, 0xf, 0x0, 0x0, 0xd1, 0x11, 0x0, 0xd,
    0xfa, 0x0, 0x0, 0x0, 0x0, 0x0, 0x0, 0x0,
    0x0,

    /* U+6821 "校" */
    0x0, 0x0, 0x0, 0x0, 0x0, 0x0, 0x0, 0x0,
    0x4a, 0x0, 0x0, 0xb5, 0x0, 0x0, 0x0, 0x4a,
    0x0, 0x0, 0x3d, 0x0, 0x0, 0x0, 0x4a, 0x5,
    0xdd, 0xde, 0xdd, 0xd3, 0x1e, 0xff, 0xe4, 0x16,
    0x21, 0x73, 0x10, 0x0, 0xab, 0x0, 0x3e, 0x10,
    0x7c, 0x0, 0x0, 0xef, 0x31, 0xd4, 0x0, 0x9,
    0xa0, 0x3, 0xec, 0xc9, 0x8c, 0x0, 0x87, 0xb1,
    0x9, 0x8a, 0x92, 0xc, 0x60, 0xe2, 0x0, 0x1d,
    0x4a, 0x0, 0x4, 0xe8, 0xb0, 0x0, 0x76, 0x4a,
    0x0, 0x0, 0xaf, 0x20, 0x0, 0x0, 0x4a, 0x0,
    0x4, 0xec, 0xc1, 0x0, 0x0, 0x4a, 0x1, 0x9e,
    0x30, 0xae, 0x71, 0x0, 0x4a, 0xa, 0x91, 0x0,
    0x4, 0xb2, 0x0, 0x0, 0x0, 0x0, 0x0, 0x0,
    0x0,

    /* U+6837 "样" */
    0x0, 0x0, 0x0, 0x0, 0x0, 0x0, 0x0, 0x0,
    0x68, 0x0, 0x76, 0x0, 0x9, 0x70, 0x0, 0x68,
    0x0, 0x3e, 0x0, 0x1f, 0x20, 0x0, 0x79, 0x0,
    0xb, 0x40, 0x7b, 0x0, 0x3f, 0xff, 0xf6, 0xee,
    0xef, 0xee, 0xe1, 0x0, 0x99, 0x0, 0x0, 0x1e,
    0x0, 0x0, 0x0, 0xef, 0x30, 0x0, 0x2e, 0x0,
    0x0, 0x3, 0xfb, 0xc0, 0xee, 0xef, 0xee, 0x90,
    0x8, 0xb8, 0x80, 0x0, 0x1e, 0x0, 0x0, 0x1d,
    0x78, 0x0, 0x0, 0x2e, 0x0, 0x0, 0x67, 0x68,
    0xe, 0xff, 0xff, 0xff, 0xf6, 0x0, 0x68, 0x0,
    0x0, 0x1e, 0x0, 0x0, 0x0, 0x68, 0x0, 0x0,
    0x1e, 0x0, 0x0, 0x0, 0x68, 0x0, 0x0, 0x1e,
    0x0, 0x0,

    /* U+68A6 "梦" */
    0x0, 0x8, 0x60, 0x0, 0x3, 0xb0, 0x0, 0x1,
    0x19, 0x71, 0x0, 0x14, 0xc1, 0x10, 0x1d, 0xdf,
    0xfd, 0x9a, 0xdf, 0xfe, 0xd8, 0x0, 0x7f, 0xe8,
    0x0, 0x4e, 0xec, 0x0, 0x8, 0xb8, 0x68, 0x78,
    0xc5, 0xb5, 0xc3, 0x17, 0x8, 0x60, 0x47, 0x3,
    0xb0, 0x37, 0x0, 0x0, 0x7, 0xe2, 0x0, 0x10,
    0x0, 0x0, 0x2, 0xbf, 0xee, 0xee, 0xfc, 0x0,
    0x1, 0x9e, 0x71, 0x0, 0x2, 0xe3, 0x0, 0x1,
    0x81, 0x6d, 0x60, 0x4e, 0x60, 0x0, 0x0, 0x0,
    0x2, 0xce, 0xd3, 0x0, 0x0, 0x0, 0x3, 0x7d,
    0xd7, 0x0, 0x0, 0x0, 0x7, 0xfc, 0x94, 0x0,
    0x0, 0x0, 0x0, 0x0, 0x0, 0x0, 0x0, 0x0,
    0x0, 0x0,

    /* U+68A8 "梨" */
    0x0, 0x0, 0x0, 0x0, 0x0, 0x0, 0x0, 0x0,
    0x24, 0x7b, 0xc0, 0x0, 0x7, 0x80, 0xc, 0xbc,
    0xd5, 0x10, 0x87, 0x7, 0x80, 0x0, 0x4, 0xb0,
    0x0, 0x87, 0x7, 0x80, 0x2e, 0xef, 0xfe, 0xe4,
    0x87, 0x7, 0x80, 0x0, 0x5e, 0xf9, 0x0, 0x87,
    0x7, 0x80, 0x5, 0xc5, 0xb7, 0xd0, 0x66, 0x7,
    0x80, 0x3b, 0x14, 0xb0, 0x0, 0x3, 0x8c, 0x70,
    0x0, 0x1, 0x40, 0x87, 0x1, 0x43, 0x0, 0x2e,
    0xee, 0xee, 0xff, 0xee, 0xee, 0xe3, 0x0, 0x0,
    0x5d, 0xcc, 0xd4, 0x0, 0x0, 0x0, 0x8, 0xd2,
    0x87, 0x3e, 0x80, 0x0, 0x18, 0xe9, 0x10, 0x87,
    0x1, 0x9e, 0x92, 0x19, 0x20, 0x0, 0x87, 0x0,
    0x1, 0x81,

    /* U+68D2 "棒" */
    0x0, 0x0, 0x0, 0x0, 0x0, 0x0, 0x0, 0x0,
    0x77, 0x0, 0x0, 0x3c, 0x0, 0x0, 0x0, 0x77,
    0x7, 0xcc, 0xdf, 0xcc, 0xa0, 0x0, 0x77, 0x0,
    0x0, 0xa6, 0x0, 0x0, 0x1d, 0xee, 0xd2, 0xee,
    0xfe, 0xee, 0x50, 0x2, 0xca, 0x20, 0x4, 0xc0,
    0x0, 0x0, 0x0, 0xef, 0x3d, 0xdf, 0xfd, 0xdd,
    0xd2, 0x3, 0xf9, 0xc0, 0x6c, 0x45, 0x68, 0x0,
    0x8, 0xb7, 0x54, 0xf2, 0x69, 0xc, 0x50, 0xd,
    0x77, 0x2e, 0x7d, 0xef, 0xd3, 0xc4, 0x58, 0x77,
    0x1, 0x0, 0x69, 0x0, 0x0, 0x1, 0x77, 0x7,
    0xee, 0xff, 0xee, 0x50, 0x0, 0x77, 0x0, 0x0,
    0x69, 0x0, 0x0, 0x0, 0x77, 0x0, 0x0, 0x69,
    0x0, 0x0,

    /* U+6905 "椅" */
    0x0, 0x0, 0x0, 0x0, 0x0, 0x0, 0x0, 0x0,
    0x69, 0x0, 0x0, 0x1f, 0x0, 0x0, 0x0, 0x69,
    0x2, 0xaa, 0xaf, 0xaa, 0x60, 0x0, 0x69, 0x1,
    0x44, 0xac, 0x54, 0x30, 0x4e, 0xff, 0xe1, 0x3,
    0xec, 0xc3, 0x0, 0x0, 0xaa, 0x3, 0xac, 0x30,
    0x5d, 0x60, 0x0, 0xff, 0x38, 0xc9, 0x99, 0x9a,
    0xb1, 0x4, 0xeb, 0xd3, 0x33, 0x33, 0x3e, 0x50,
    0xa, 0x99, 0x40, 0xbc, 0xcc, 0xd, 0x20, 0x2d,
    0x69, 0x0, 0xe0, 0xe, 0xd, 0x20, 0x66, 0x69,
    0x0, 0xe0, 0xe, 0xd, 0x20, 0x0, 0x69, 0x0,
    0xec, 0xcc, 0xd, 0x20, 0x0, 0x69, 0x0, 0x40,
    0x0, 0xe, 0x20, 0x0, 0x69, 0x0, 0x0, 0xa,
    0xec, 0x0, 0x0, 0x0, 0x0, 0x0, 0x0, 0x0,
    0x0,

    /* U+6A58 "橘" */
    0x0, 0x87, 0x0, 0x0, 0x0, 0x0, 0x0, 0x0,
    0x87, 0x1, 0xcc, 0xcc, 0xee, 0x30, 0x0, 0x87,
    0x1, 0x18, 0xa9, 0x92, 0x10, 0x7e, 0xff, 0xe8,
    0x9a, 0xff, 0xaa, 0xf1, 0x0, 0xd8, 0x0, 0x3c,
    0x5e, 0x19, 0x70, 0x2, 0xff, 0x2c, 0xb2, 0xe,
    0x12, 0x0, 0x6, 0xfb, 0xa2, 0x0, 0xcb, 0x0,
    0x0, 0xc, 0xa7, 0xab, 0xcb, 0xbc, 0xbc, 0xd0,
    0x4c, 0x87, 0xa, 0x4b, 0x44, 0xb3, 0xd0, 0xa4,
    0x87, 0xa, 0xab, 0xaa, 0xb8, 0xd0, 0x10, 0x87,
    0xa, 0x3c, 0x0, 0xd0, 0xd0, 0x0, 0x87, 0xa,
    0x3c, 0xaa, 0xd0, 0xd0, 0x0, 0x87, 0xa, 0x33,
    0x0, 0x5d, 0xa0,

    /* U+6A59 "橙" */
    0x0, 0x68, 0x0, 0x0, 0x6, 0x20, 0x0, 0x0,
    0x68, 0x8, 0xef, 0x86, 0x8c, 0x20, 0x0, 0x69,
    0x7, 0x1b, 0x11, 0xf4, 0x51, 0x2e, 0xff, 0xd5,
    0xea, 0x0, 0x8d, 0xa1, 0x0, 0x99, 0x2, 0xed,
    0xdd, 0xbd, 0x60, 0x0, 0xef, 0x4e, 0x40, 0x0,
    0x2, 0xe6, 0x3, 0xec, 0xb2, 0xed, 0xdd, 0xdf,
    0x31, 0xa, 0x98, 0x80, 0xe0, 0x0, 0xe, 0x10,
    0x2c, 0x68, 0x0, 0xed, 0xdd, 0xdf, 0x10, 0x54,
    0x68, 0x0, 0x36, 0x0, 0x85, 0x0, 0x0, 0x68,
    0x0, 0x2d, 0x0, 0xf2, 0x0, 0x0, 0x68, 0x0,
    0xc, 0x16, 0xb0, 0x0, 0x0, 0x68, 0x4e, 0xee,
    0xee, 0xee, 0xe5,

    /* U+6B21 "次" */
    0x0, 0x0, 0x0, 0x52, 0x0, 0x0, 0x0, 0x5,
    0x0, 0x0, 0xe4, 0x0, 0x0, 0x0, 0xa, 0xe3,
    0x3, 0xf2, 0x22, 0x22, 0x10, 0x0, 0x5d, 0x8,
    0xfd, 0xdd, 0xde, 0xe0, 0x0, 0x0, 0xe, 0x40,
    0x60, 0x7, 0x90, 0x0, 0x0, 0x7d, 0x0, 0xf1,
    0xd, 0x40, 0x0, 0x0, 0x73, 0x1, 0xf1, 0x2b,
    0x0, 0x0, 0xc, 0x10, 0x4, 0xf6, 0x0, 0x0,
    0x0, 0x8c, 0x0, 0x9, 0xeb, 0x0, 0x0, 0x3,
    0xf2, 0x0, 0x1f, 0x4c, 0x30, 0x0, 0xd, 0x70,
    0x0, 0xca, 0x3, 0xd1, 0x0, 0x2a, 0x0, 0x1c,
    0xb0, 0x0, 0x9d, 0x30, 0x0, 0x4, 0xf9, 0x0,
    0x0, 0x7, 0xf3, 0x0, 0x0, 0x20, 0x0, 0x0,
    0x0, 0x10,

    /* U+6B22 "欢" */
    0x0, 0x0, 0x0, 0x5, 0x90, 0x0, 0x0, 0x15,
    0x55, 0x55, 0x9, 0x70, 0x0, 0x0, 0x29, 0x99,
    0x9e, 0xc, 0xed, 0xdd, 0xd3, 0x3, 0x0, 0x4b,
    0x2e, 0x12, 0x11, 0xf0, 0xd, 0x40, 0x98, 0x99,
    0x1e, 0x4, 0xb0, 0x3, 0xe1, 0xd4, 0x82, 0x1e,
    0x1, 0x20, 0x0, 0x8c, 0xe0, 0x0, 0x2f, 0x0,
    0x0, 0x0, 0xd, 0x90, 0x0, 0x6f, 0x40, 0x0,
    0x0, 0x3f, 0xe0, 0x0, 0xbb, 0xa0, 0x0, 0x0,
    0xd6, 0xa7, 0x4, 0xe1, 0xd2, 0x0, 0x1c, 0xa0,
    0x25, 0x1d, 0x60, 0x6c, 0x0, 0x49, 0x0, 0x2,
    0xd8, 0x0, 0xb, 0xc2, 0x0, 0x0, 0x8, 0x60,
    0x0, 0x0, 0x94,

    /* U+6B38 "欸" */
    0x0, 0x2c, 0x0, 0x0, 0x94, 0x0, 0x0, 0x0,
    0xb5, 0x36, 0x0, 0xd1, 0x0, 0x0, 0x6, 0xb1,
    0x3e, 0x40, 0xfd, 0xdd, 0xd2, 0xf, 0xec, 0xba,
    0xd6, 0xa2, 0x11, 0xf0, 0x2, 0xc0, 0x0, 0x2d,
    0x4b, 0x33, 0xb0, 0x6, 0xeb, 0xbb, 0x7b, 0xc,
    0x36, 0x60, 0xd, 0x49, 0x92, 0x10, 0xc, 0x40,
    0x0, 0x28, 0x8, 0x70, 0x0, 0xf, 0x80, 0x0,
    0x5f, 0xff, 0xff, 0xf0, 0x2f, 0xd0, 0x0, 0x0,
    0xe, 0x90, 0x0, 0x88, 0xb3, 0x0, 0x0, 0x6b,
    0x99, 0x0, 0xe2, 0x4c, 0x0, 0x5, 0xe2, 0xb,
    0x4b, 0xa0, 0xa, 0x90, 0x2c, 0x10, 0x0, 0x3d,
    0x10, 0x0, 0xc2, 0x0, 0x0, 0x0, 0x0, 0x0,
    0x0, 0x0,

    /* U+6B3E "款" */
    0x0, 0x0, 0x0, 0x0, 0x0, 0x0, 0x0, 0x0,
    0x8, 0x70, 0x0, 0xc2, 0x0, 0x0, 0x3, 0x3a,
    0x93, 0x30, 0xf0, 0x0, 0x0, 0x3a, 0xad, 0xda,
    0xa4, 0xe0, 0x0, 0x0, 0x1, 0x19, 0x81, 0x15,
    0xff, 0xff, 0xf0, 0xb, 0xcc, 0xcc, 0xb9, 0x60,
    0x3, 0xc0, 0x2, 0x22, 0x22, 0x2e, 0x1b, 0x37,
    0x80, 0x8, 0xbb, 0xbb, 0x98, 0xc, 0x37, 0x20,
    0x13, 0x33, 0x33, 0x31, 0xd, 0x60, 0x0, 0x4a,
    0xad, 0xda, 0xa3, 0xf, 0xc0, 0x0, 0x6, 0x68,
    0x77, 0x40, 0x6c, 0xe1, 0x0, 0xe, 0x28, 0x72,
    0xd0, 0xd5, 0x79, 0x0, 0x59, 0x8, 0x70, 0x49,
    0xc0, 0xd, 0x70, 0x0, 0xbe, 0x40, 0xc, 0x10,
    0x1, 0xb1, 0x0, 0x0, 0x0, 0x0, 0x0, 0x0,
    0x0,

    /* U+6B49 "歉" */
    0x4, 0x50, 0x1, 0xa0, 0xa, 0x20, 0x0, 0x1,
    0xd3, 0xa, 0x70, 0xf, 0x0, 0x0, 0x1a, 0xcb,
    0xaf, 0xa8, 0x3f, 0xaa, 0xa2, 0x3, 0x88, 0x88,
    0x33, 0x99, 0x55, 0xe2, 0xc, 0xee, 0xee, 0xc4,
    0xe1, 0xc0, 0xe0, 0x0, 0x56, 0x66, 0x96, 0x70,
    0xe3, 0x90, 0x4c, 0xee, 0xee, 0xed, 0x1, 0xf0,
    0x0, 0x0, 0x56, 0x66, 0x93, 0x4, 0xf1, 0x0,
    0xc, 0xee, 0xee, 0xe3, 0x7, 0xf5, 0x0, 0x1,
    0xe6, 0x6e, 0x30, 0xd, 0x7a, 0x0, 0xc, 0x96,
    0x68, 0xc1, 0x5c, 0xd, 0x30, 0x67, 0x66, 0x67,
    0x45, 0xf3, 0x4, 0xd1, 0x0, 0x66, 0x67, 0x9,
    0x50, 0x0, 0x74, 0x0, 0x0, 0x0, 0x0, 0x0,
    0x0, 0x0,

    /* U+6B63 "正" */
    0x8, 0xff, 0xff, 0xff, 0xff, 0xff, 0xe0, 0x0,
    0x11, 0x11, 0x2f, 0x11, 0x11, 0x10, 0x0, 0x0,
    0x0, 0x1f, 0x0, 0x0, 0x0, 0x0, 0x14, 0x0,
    0x1f, 0x0, 0x0, 0x0, 0x0, 0x3d, 0x0, 0x1f,
    0x0, 0x0, 0x0, 0x0, 0x3d, 0x0, 0x1f, 0xff,
    0xff, 0x40, 0x0, 0x3d, 0x0, 0x1f, 0x0, 0x0,
    0x0, 0x0, 0x3d, 0x0, 0x1f, 0x0, 0x0, 0x0,
    0x0, 0x3d, 0x0, 0x1f, 0x0, 0x0, 0x0, 0x0,
    0x3d, 0x0, 0x1f, 0x0, 0x0, 0x0, 0xb, 0xcf,
    0xbb, 0xcf, 0xbb, 0xbb, 0xb5, 0x4, 0x44, 0x44,
    0x44, 0x44, 0x44, 0x42,

    /* U+6B6A "歪" */
    0xa, 0xff, 0xff, 0xff, 0xff, 0xff, 0xf1, 0x0,
    0x0, 0x0, 0x9d, 0x10, 0x0, 0x0, 0x0, 0x0,
    0x3d, 0xe9, 0xa8, 0x10, 0x0, 0x0, 0x3a, 0xe5,
    0x79, 0x17, 0xea, 0x20, 0x9, 0xe7, 0x0, 0x79,
    0x0, 0x7, 0xe1, 0x0, 0x0, 0x0, 0x45, 0x0,
    0x0, 0x0, 0x7, 0xee, 0xee, 0xff, 0xee, 0xee,
    0xd0, 0x0, 0x1, 0x0, 0x5a, 0x0, 0x0, 0x0,
    0x0, 0xe, 0x10, 0x5f, 0xdd, 0xdd, 0x0, 0x0,
    0xe, 0x10, 0x5b, 0x0, 0x0, 0x0, 0x0, 0xe,
    0x10, 0x5a, 0x0, 0x0, 0x0, 0x1e, 0xef, 0xfe,
    0xff, 0xee, 0xee, 0xe9,

    /* U+6BCD "母" */
    0x0, 0xe, 0xff, 0xff, 0xff, 0xfd, 0x0, 0x0,
    0xf, 0x1, 0x50, 0x0, 0x3d, 0x0, 0x0, 0x2e,
    0x1, 0x9d, 0x30, 0x4c, 0x0, 0x0, 0x4c, 0x0,
    0x3, 0x60, 0x5b, 0x0, 0x2e, 0xff, 0xee, 0xee,
    0xee, 0xff, 0xe2, 0x1, 0xa7, 0x13, 0x11, 0x11,
    0x8a, 0x10, 0x0, 0xc4, 0x9, 0xc2, 0x0, 0x88,
    0x0, 0x0, 0xe2, 0x0, 0x5e, 0x40, 0x97, 0x0,
    0x1, 0xf1, 0x0, 0x4, 0x30, 0xb6, 0x0, 0x3,
    0xee, 0xee, 0xee, 0xee, 0xfe, 0xb0, 0x0, 0x0,
    0x0, 0x0, 0x3, 0xf0, 0x0, 0x0, 0x0, 0x0,
    0xc, 0xee, 0x70, 0x0, 0x0, 0x0, 0x0, 0x0,
    0x0, 0x0, 0x0,

    /* U+6BCF "每" */
    0x0, 0x1, 0x70, 0x0, 0x0, 0x0, 0x0, 0x0,
    0xa, 0xb1, 0x11, 0x11, 0x11, 0x10, 0x0, 0x3f,
    0xdd, 0xdd, 0xdd, 0xdd, 0xd2, 0x1, 0xe6, 0x0,
    0x0, 0x0, 0x0, 0x0, 0xd, 0xab, 0xfe, 0xfe,
    0xee, 0xfc, 0x0, 0x4, 0xd, 0x31, 0xc6, 0x0,
    0x4b, 0x0, 0x0, 0xf, 0x10, 0x9, 0x80, 0x5b,
    0x0, 0x2f, 0xff, 0xee, 0xee, 0xee, 0xff, 0xfa,
    0x0, 0x4c, 0x5, 0xb2, 0x0, 0x79, 0x0, 0x0,
    0x69, 0x0, 0x3c, 0x40, 0x88, 0x0, 0x0, 0x9f,
    0xdd, 0xde, 0xed, 0xfe, 0xd2, 0x0, 0x0, 0x0,
    0x0, 0x1, 0xd4, 0x0, 0x0, 0x0, 0x0, 0x0,
    0xcd, 0xc0, 0x0, 0x0, 0x0, 0x0, 0x0, 0x0,
    0x0, 0x0,

    /* U+6C14 "气" */
    0x0, 0x4, 0x30, 0x0, 0x0, 0x0, 0x0, 0x0,
    0xe, 0x50, 0x0, 0x0, 0x0, 0x0, 0x0, 0x5f,
    0xee, 0xee, 0xee, 0xee, 0xe0, 0x0, 0xd5, 0x0,
    0x0, 0x0, 0x0, 0x0, 0xa, 0xb5, 0xdd, 0xdd,
    0xdd, 0xdc, 0x0, 0x5e, 0x20, 0x0, 0x0, 0x0,
    0x0, 0x0, 0x1, 0xcd, 0xdd, 0xdd, 0xde, 0xc0,
    0x0, 0x0, 0x0, 0x0, 0x0, 0x2, 0xd0, 0x0,
    0x0, 0x0, 0x0, 0x0, 0x1, 0xf0, 0x0, 0x0,
    0x0, 0x0, 0x0, 0x0, 0xf1, 0x0, 0x0, 0x0,
    0x0, 0x0, 0x0, 0xc5, 0x33, 0x0, 0x0, 0x0,
    0x0, 0x0, 0x7c, 0x76, 0x0, 0x0, 0x0, 0x0,
    0x0, 0xa, 0xe2,

    /* U+6C34 "水" */
    0x0, 0x0, 0x0, 0x4c, 0x0, 0x0, 0x0, 0x0,
    0x0, 0x0, 0x4c, 0x0, 0x0, 0x0, 0x0, 0x0,
    0x0, 0x4c, 0x0, 0x0, 0x0, 0x1, 0x11, 0x10,
    0x4d, 0x0, 0xd, 0x50, 0xb, 0xff, 0xfc, 0x4f,
    0x30, 0xab, 0x0, 0x0, 0x0, 0x88, 0x4f, 0xb9,
    0xb0, 0x0, 0x0, 0x0, 0xd3, 0x4d, 0xbb, 0x0,
    0x0, 0x0, 0x5, 0xc0, 0x4c, 0x1d, 0x20, 0x0,
    0x0, 0xd, 0x50, 0x4c, 0x5, 0xe1, 0x0, 0x0,
    0xba, 0x0, 0x4c, 0x0, 0x8e, 0x40, 0xb, 0xc0,
    0x0, 0x4c, 0x0, 0x7, 0xf8, 0x6, 0x0, 0x1,
    0x7c, 0x0, 0x0, 0x32, 0x0, 0x0, 0x2f, 0xe7,
    0x0, 0x0, 0x0, 0x0, 0x0, 0x0, 0x0, 0x0,
    0x0, 0x0,

    /* U+6C42 "求" */
    0x0, 0x0, 0x0, 0x88, 0xb, 0x30, 0x0, 0x0,
    0x0, 0x0, 0x88, 0x5, 0xf7, 0x0, 0x2, 0x22,
    0x22, 0xa9, 0x22, 0x6b, 0x30, 0x1d, 0xdd, 0xdd,
    0xee, 0xdd, 0xdd, 0xd1, 0x0, 0x30, 0x0, 0x8c,
    0x0, 0x4, 0x10, 0x1, 0xd6, 0x0, 0x8f, 0x40,
    0x5e, 0x20, 0x0, 0x1e, 0x50, 0x8c, 0xc5, 0xe2,
    0x0, 0x0, 0x3, 0x50, 0xb8, 0xae, 0x20, 0x0,
    0x0, 0x0, 0x5d, 0xe8, 0x1d, 0x40, 0x0, 0x0,
    0x4d, 0xb2, 0x88, 0x4, 0xf4, 0x0, 0x2c, 0xd5,
    0x0, 0x88, 0x0, 0x4f, 0xa1, 0x6, 0x0, 0x11,
    0xa7, 0x0, 0x1, 0x92, 0x0, 0x0, 0xdf, 0xd3,
    0x0, 0x0, 0x0,

    /* U+6C47 "汇" */
    0x2, 0x20, 0x0, 0x0, 0x0, 0x0, 0x0, 0x4,
    0xe7, 0x2f, 0xff, 0xff, 0xff, 0xf1, 0x0, 0x1b,
    0x4e, 0x0, 0x0, 0x0, 0x0, 0x0, 0x0, 0x2e,
    0x0, 0x0, 0x0, 0x0, 0x18, 0x10, 0x2e, 0x0,
    0x0, 0x0, 0x0, 0x8, 0xe4, 0x2e, 0x0, 0x0,
    0x0, 0x0, 0x0, 0x32, 0x2e, 0x0, 0x0, 0x0,
    0x0, 0x0, 0x1, 0x2e, 0x0, 0x0, 0x0, 0x0,
    0x0, 0x1e, 0x3e, 0x0, 0x0, 0x0, 0x0, 0x0,
    0x99, 0x2e, 0x0, 0x0, 0x0, 0x0, 0x3, 0xe1,
    0x2e, 0x0, 0x0, 0x0, 0x0, 0xd, 0x70, 0x2f,
    0xdd, 0xdd, 0xdd, 0xd4, 0x5, 0x0, 0x3, 0x33,
    0x33, 0x33, 0x31,

    /* U+6C49 "汉" */
    0x5, 0x60, 0x0, 0x0, 0x0, 0x0, 0x0, 0x2,
    0xad, 0x2e, 0xee, 0xee, 0xee, 0x80, 0x0, 0x4,
    0x14, 0xc1, 0x11, 0x19, 0x70, 0x0, 0x0, 0x0,
    0xe1, 0x0, 0xd, 0x40, 0x2b, 0x40, 0x0, 0xa5,
    0x0, 0x2e, 0x0, 0x4, 0xd7, 0x0, 0x5b, 0x0,
    0x79, 0x0, 0x0, 0x1, 0x0, 0xd, 0x30, 0xe3,
    0x0, 0x0, 0x3, 0x0, 0x6, 0xb8, 0xb0, 0x0,
    0x0, 0xd, 0x20, 0x0, 0xde, 0x10, 0x0, 0x0,
    0x7a, 0x0, 0x3, 0xee, 0x30, 0x0, 0x1, 0xe2,
    0x0, 0x5e, 0x45, 0xe3, 0x0, 0xb, 0x80, 0x4c,
    0xd3, 0x0, 0x4e, 0xa1, 0x6, 0x0, 0x96, 0x0,
    0x0, 0x1, 0x93,

    /* U+6C83 "沃" */
    0x2, 0x10, 0x0, 0x0, 0x0, 0x3, 0x0, 0x7,
    0xe7, 0x13, 0x57, 0x9c, 0xfc, 0x30, 0x0, 0x29,
    0x4b, 0x98, 0xf3, 0x0, 0x0, 0x0, 0x0, 0x0,
    0x1, 0xf0, 0x0, 0x0, 0x24, 0x0, 0x0, 0x1,
    0xf0, 0x0, 0x0, 0x4d, 0xb2, 0x22, 0x24, 0xf2,
    0x22, 0x20, 0x0, 0x72, 0xcd, 0xde, 0xfe, 0xdd,
    0xd2, 0x0, 0x0, 0x0, 0x5, 0xf8, 0x0, 0x0,
    0x0, 0xb, 0x0, 0xa, 0xad, 0x0, 0x0, 0x0,
    0x6b, 0x0, 0x1f, 0x1c, 0x50, 0x0, 0x0, 0xe3,
    0x0, 0xc8, 0x4, 0xe1, 0x0, 0x9, 0xa0, 0x1b,
    0xb0, 0x0, 0x9c, 0x10, 0xd, 0x21, 0xe9, 0x0,
    0x0, 0x9, 0xe1, 0x0, 0x0, 0x20, 0x0, 0x0,
    0x0, 0x10,

    /* U+6C9F "沟" */
    0x6, 0x70, 0x0, 0xa5, 0x0, 0x0, 0x0, 0x1a,
    0xd2, 0x1f, 0x10, 0x0, 0x0, 0x0, 0x5, 0x17,
    0xfd, 0xdd, 0xdd, 0xc0, 0x0, 0x1, 0xe4, 0x11,
    0x11, 0x4d, 0x2b, 0x30, 0x9b, 0xb, 0x10, 0x3,
    0xd0, 0x5e, 0x5c, 0x23, 0xe0, 0x0, 0x3d, 0x0,
    0x10, 0x0, 0x88, 0x48, 0x4, 0xc0, 0x0, 0x20,
    0xd, 0x10, 0xe1, 0x4c, 0x0, 0xd, 0x46, 0xd8,
    0xaf, 0x65, 0xb0, 0x6, 0xc0, 0x8a, 0x64, 0x5a,
    0x6a, 0x1, 0xe3, 0x0, 0x0, 0x0, 0x8, 0x90,
    0x9a, 0x0, 0x0, 0x0, 0x0, 0xc6, 0x7, 0x10,
    0x0, 0x0, 0x2f, 0xfc, 0x10, 0x0, 0x0, 0x0,
    0x0, 0x0, 0x0,

    /* U+6CA1 "没" */
    0x1, 0x0, 0x0, 0x0, 0x0, 0x0, 0x0, 0x9,
    0xc3, 0x0, 0xef, 0xff, 0xe0, 0x0, 0x0, 0x4b,
    0x0, 0xf1, 0x1, 0xe0, 0x0, 0x0, 0x0, 0x2,
    0xe0, 0x1, 0xe0, 0x0, 0x59, 0x10, 0x1c, 0x70,
    0x0, 0xfa, 0xa2, 0x7, 0xe3, 0xb7, 0x0, 0x0,
    0x24, 0x40, 0x0, 0x10, 0x4c, 0xcc, 0xcc, 0xcc,
    0x10, 0x0, 0x3, 0x1a, 0xa2, 0x22, 0x8c, 0x0,
    0x0, 0x3d, 0x1, 0xe3, 0x2, 0xe3, 0x0, 0x0,
    0xc5, 0x0, 0x4e, 0x5e, 0x60, 0x0, 0x5, 0xd0,
    0x0, 0x1b, 0xfc, 0x10, 0x0, 0xe, 0x50, 0x59,
    0xfa, 0x4b, 0xf9, 0x40, 0x6, 0x2, 0xc7, 0x20,
    0x0, 0x38, 0xc1,

    /* U+6CB9 "油" */
    0x5, 0x70, 0x0, 0x0, 0xd3, 0x0, 0x0, 0x2a,
    0xe3, 0x0, 0xd, 0x30, 0x0, 0x0, 0x5, 0x10,
    0x0, 0xd3, 0x0, 0x0, 0x0, 0x0, 0xdf, 0xff,
    0xff, 0xfe, 0x2a, 0x30, 0xe, 0x20, 0xd4, 0x2,
    0xe0, 0x6e, 0x70, 0xe1, 0xd, 0x30, 0x1e, 0x0,
    0x12, 0xe, 0x10, 0xd3, 0x1, 0xe0, 0x0, 0x0,
    0xef, 0xff, 0xff, 0xfe, 0x0, 0x9, 0xe, 0x20,
    0xd4, 0x2, 0xe0, 0x6, 0xb0, 0xe1, 0xd, 0x30,
    0x1e, 0x1, 0xe3, 0xe, 0x10, 0xd3, 0x1, 0xe0,
    0x9a, 0x0, 0xef, 0xff, 0xff, 0xfe, 0x7, 0x10,
    0xe, 0x10, 0x0, 0x2, 0xd0,

    /* U+6CD5 "法" */
    0x3, 0x60, 0x0, 0x0, 0x96, 0x0, 0x0, 0x3,
    0xcd, 0x20, 0x0, 0x96, 0x0, 0x0, 0x0, 0x8,
    0x31, 0x22, 0xa8, 0x22, 0x10, 0x0, 0x0, 0x8,
    0xdd, 0xfe, 0xdd, 0x70, 0x19, 0x20, 0x0, 0x0,
    0x96, 0x0, 0x0, 0x6, 0xe6, 0x0, 0x0, 0x96,
    0x0, 0x0, 0x0, 0x1, 0x3f, 0xff, 0xff, 0xff,
    0xf1, 0x0, 0x2, 0x0, 0x6, 0xd0, 0x0, 0x0,
    0x0, 0xc, 0x50, 0xd, 0x50, 0x40, 0x0, 0x0,
    0x5d, 0x0, 0x6c, 0x0, 0xb6, 0x0, 0x0, 0xe4,
    0x1, 0xe2, 0x1, 0x5f, 0x20, 0x8, 0xb0, 0xc,
    0xfd, 0xfd, 0xbb, 0xa0, 0x6, 0x20, 0x4, 0x41,
    0x0, 0x0, 0xc0,

    /* U+6CE1 "泡" */
    0x5, 0x30, 0x0, 0x92, 0x0, 0x0, 0x0, 0x6,
    0xe9, 0x2, 0xf0, 0x0, 0x0, 0x0, 0x0, 0x16,
    0x9, 0xfe, 0xee, 0xee, 0x50, 0x0, 0x0, 0x2e,
    0x20, 0x0, 0xb, 0x50, 0x36, 0x0, 0xcb, 0x33,
    0x33, 0xb, 0x50, 0x3b, 0xd4, 0xae, 0xcb, 0xbe,
    0xc, 0x40, 0x0, 0x40, 0xd, 0x20, 0x1e, 0xc,
    0x30, 0x0, 0x0, 0xd, 0x64, 0x5e, 0xd, 0x20,
    0x0, 0x4b, 0xd, 0xb9, 0x9a, 0x2f, 0x10, 0x0,
    0xc6, 0xd, 0x20, 0x5, 0xd9, 0x0, 0x4, 0xe0,
    0xd, 0x20, 0x0, 0x0, 0x90, 0xd, 0x60, 0xd,
    0x40, 0x0, 0x4, 0xe0, 0x1a, 0x0, 0x6, 0xef,
    0xff, 0xff, 0x60,

    /* U+6CE2 "波" */
    0x5, 0x80, 0x0, 0x0, 0xd2, 0x0, 0x0, 0x1,
    0xad, 0x10, 0x0, 0xd2, 0x0, 0x0, 0x0, 0x4,
    0xe, 0xee, 0xff, 0xee, 0xe0, 0x0, 0x0, 0xf,
    0x0, 0xd3, 0x6, 0xc0, 0x29, 0x10, 0xf, 0x0,
    0xd2, 0xb, 0x60, 0x9, 0xe4, 0xf, 0x0, 0xd3,
    0x4, 0x0, 0x0, 0x42, 0x1f, 0xfe, 0xee, 0xef,
    0x0, 0x0, 0x0, 0x2e, 0x77, 0x0, 0x6a, 0x0,
    0x0, 0x1a, 0x3c, 0xe, 0x10, 0xd4, 0x0, 0x0,
    0x89, 0x5a, 0x7, 0xb9, 0xa0, 0x0, 0x1, 0xe2,
    0xa7, 0x0, 0xdf, 0x10, 0x0, 0x8, 0xa1, 0xe2,
    0x2b, 0xca, 0xd4, 0x0, 0xd, 0x27, 0xa7, 0xf8,
    0x0, 0x5d, 0xd1, 0x0, 0x0, 0x11, 0x10, 0x0,
    0x0, 0x20,

    /* U+6D0B "洋" */
    0x2, 0x0, 0x1, 0x70, 0x0, 0x27, 0x0, 0x9,
    0xd3, 0x0, 0xd4, 0x0, 0xb7, 0x0, 0x0, 0x5d,
    0x10, 0x6a, 0x3, 0xe1, 0x0, 0x0, 0x0, 0x4e,
    0xee, 0xff, 0xee, 0xd0, 0x36, 0x0, 0x0, 0x0,
    0xd3, 0x0, 0x0, 0x2b, 0xd3, 0x0, 0x0, 0xd4,
    0x0, 0x0, 0x0, 0x53, 0xd, 0xee, 0xff, 0xee,
    0x60, 0x0, 0x1, 0x0, 0x0, 0xd3, 0x0, 0x0,
    0x0, 0x6a, 0x0, 0x0, 0xd4, 0x0, 0x0, 0x0,
    0xe4, 0xbf, 0xff, 0xff, 0xff, 0xf3, 0x7, 0xc0,
    0x0, 0x0, 0xd3, 0x0, 0x0, 0x1e, 0x30, 0x0,
    0x0, 0xd3, 0x0, 0x0, 0x6, 0x0, 0x0, 0x0,
    0xd3, 0x0, 0x0,

    /* U+6D17 "洗" */
    0x6, 0x20, 0x2, 0x90, 0xc3, 0x0, 0x0, 0x6,
    0xe5, 0x7, 0xb0, 0xc3, 0x0, 0x0, 0x0, 0x3b,
    0xb, 0xa3, 0xd6, 0x33, 0x20, 0x0, 0x0, 0x1f,
    0xcc, 0xfd, 0xcc, 0x80, 0x47, 0x0, 0x9b, 0x0,
    0xc3, 0x0, 0x0, 0x1a, 0xd2, 0x52, 0x0, 0xc3,
    0x0, 0x0, 0x0, 0x40, 0xef, 0xff, 0xff, 0xff,
    0xf3, 0x0, 0x0, 0x0, 0x99, 0xa, 0x70, 0x0,
    0x0, 0x59, 0x0, 0xa6, 0x9, 0x60, 0x0, 0x0,
    0xd4, 0x0, 0xe3, 0x9, 0x60, 0x0, 0x4, 0xd0,
    0x4, 0xe0, 0x9, 0x60, 0x74, 0xd, 0x50, 0x3e,
    0x40, 0x9, 0x70, 0x94, 0x1b, 0x4, 0xe5, 0x0,
    0x6, 0xff, 0xe1, 0x0, 0x0, 0x0, 0x0, 0x0,
    0x0, 0x0,

    /* U+6D4B "测" */
    0x6, 0x20, 0x0, 0x0, 0x0, 0x0, 0xd0, 0x7e,
    0x6c, 0xcc, 0xce, 0x5, 0xd, 0x0, 0x24, 0xc0,
    0x20, 0xd0, 0xd0, 0xd0, 0x0, 0xc, 0xc, 0xd,
    0xd, 0xd, 0x58, 0x0, 0xc0, 0xc0, 0xd0, 0xd0,
    0xd1, 0xae, 0x1c, 0xc, 0xd, 0xd, 0xd, 0x0,
    0x30, 0xc0, 0xc0, 0xd0, 0xd0, 0xd0, 0x0, 0xc,
    0xc, 0xd, 0xd, 0xd, 0x0, 0x92, 0xc0, 0xc0,
    0xd0, 0xd0, 0xd0, 0x1e, 0xc, 0x2a, 0xc, 0xd,
    0xd, 0x8, 0x90, 0x8, 0x75, 0x0, 0x0, 0xd0,
    0xe2, 0x5, 0xb0, 0xa6, 0x0, 0xd, 0x29, 0x4,
    0xa0, 0x0, 0xa0, 0xad, 0x90, 0x0, 0x0, 0x0,
    0x0, 0x0, 0x0,

    /* U+6D77 "海" */
    0x1, 0x20, 0x0, 0x70, 0x0, 0x0, 0x0, 0x4,
    0xe9, 0x4, 0xe0, 0x0, 0x0, 0x0, 0x0, 0x9,
    0x1c, 0xff, 0xff, 0xff, 0xf1, 0x0, 0x0, 0x6d,
    0x0, 0x0, 0x0, 0x0, 0x5, 0x0, 0xd7, 0xee,
    0xee, 0xee, 0x70, 0x1b, 0xc2, 0x6, 0x90, 0xa1,
    0x8, 0x70, 0x0, 0x51, 0x8, 0x70, 0x2a, 0x9,
    0x60, 0x0, 0x0, 0xff, 0xff, 0xff, 0xff, 0xf7,
    0x0, 0x59, 0xc, 0x23, 0x90, 0xb, 0x40, 0x0,
    0xc4, 0xf, 0x0, 0x67, 0xc, 0x30, 0x2, 0xe0,
    0x2f, 0xee, 0xee, 0xef, 0xe1, 0x9, 0x80, 0x0,
    0x0, 0x0, 0x2e, 0x0, 0x9, 0x10, 0x0, 0x0,
    0x4e, 0xe7, 0x0, 0x0, 0x0, 0x0, 0x0, 0x0,
    0x0, 0x0,

    /* U+6E05 "清" */
    0x5, 0x30, 0x0, 0x0, 0xf1, 0x0, 0x0, 0x4,
    0xe9, 0x6c, 0xcc, 0xfd, 0xcc, 0xa0, 0x0, 0x16,
    0x1, 0x11, 0xf2, 0x11, 0x0, 0x0, 0x0, 0x2c,
    0xcc, 0xfc, 0xcc, 0x50, 0x3b, 0x20, 0x44, 0x44,
    0xf5, 0x44, 0x41, 0x6, 0xe3, 0x66, 0x66, 0x66,
    0x66, 0x62, 0x0, 0x10, 0xc, 0xcc, 0xcc, 0xcc,
    0x10, 0x0, 0x1, 0xe, 0x0, 0x0, 0xe, 0x10,
    0x0, 0x4c, 0xe, 0xcc, 0xcc, 0xcf, 0x10, 0x0,
    0xb6, 0xe, 0x0, 0x0, 0xe, 0x10, 0x3, 0xf0,
    0xe, 0xcc, 0xcc, 0xcf, 0x10, 0xb, 0x80, 0xe,
    0x0, 0x0, 0xe, 0x10, 0x8, 0x10, 0xe, 0x0,
    0x8, 0xeb, 0x0,

    /* U+6E23 "渣" */
    0x4, 0x60, 0x0, 0x0, 0xb4, 0x0, 0x0, 0x2,
    0xbc, 0x10, 0x0, 0xb4, 0x0, 0x0, 0x0, 0x7,
    0x7e, 0xef, 0xff, 0xee, 0xe4, 0x0, 0x0, 0x0,
    0x3d, 0xdb, 0xc1, 0x0, 0x2d, 0x60, 0x6, 0xe3,
    0xb4, 0x6d, 0x50, 0x4, 0xd8, 0xad, 0x30, 0x62,
    0x4, 0xe6, 0x0, 0x1, 0x24, 0xdc, 0xcc, 0xcc,
    0x10, 0x0, 0x1, 0x4, 0xa0, 0x0, 0xe, 0x0,
    0x0, 0xd, 0x24, 0xeb, 0xbb, 0xce, 0x0, 0x0,
    0x6c, 0x4, 0xa0, 0x0, 0xe, 0x0, 0x0, 0xd4,
    0x3, 0xcc, 0xcc, 0xcc, 0x0, 0x7, 0xc0, 0x0,
    0x0, 0x0, 0x0, 0x0, 0xb, 0x31, 0xdd, 0xdd,
    0xdd, 0xdd, 0xd7, 0x0, 0x0, 0x0, 0x0, 0x0,
    0x0, 0x0,

    /* U+6ED1 "滑" */
    0x1, 0x10, 0x0, 0x0, 0x0, 0x0, 0x0, 0x5,
    0xd7, 0x7, 0xed, 0xdd, 0xdd, 0x0, 0x0, 0x8,
    0x27, 0xda, 0xa1, 0x2d, 0x0, 0x0, 0x0, 0x7,
    0x70, 0xc1, 0x2d, 0x0, 0x2b, 0x30, 0x9d, 0xda,
    0xeb, 0xbf, 0xa3, 0x5, 0xe4, 0xe3, 0x22, 0x22,
    0x22, 0xb5, 0x0, 0x10, 0xa8, 0xdd, 0xdd, 0xdc,
    0x73, 0x0, 0x0, 0x8, 0x60, 0x0, 0x1e, 0x0,
    0x0, 0x1d, 0x8, 0xdc, 0xcc, 0xce, 0x0, 0x0,
    0x8a, 0x8, 0x50, 0x0, 0x1e, 0x0, 0x1, 0xf2,
    0x8, 0xdc, 0xcc, 0xce, 0x0, 0x9, 0xa0, 0x8,
    0x50, 0x0, 0x1e, 0x0, 0x6, 0x20, 0x8, 0x50,
    0xc, 0xda, 0x0, 0x0, 0x0, 0x0, 0x0, 0x0,
    0x0, 0x0,

    /* U+6F02 "漂" */
    0x2, 0x0, 0x0, 0x0, 0x0, 0x0, 0x0, 0xa,
    0xc2, 0xcd, 0xef, 0xdf, 0xed, 0xd1, 0x0, 0x59,
    0x0, 0x1d, 0xb, 0x30, 0x0, 0x0, 0x0, 0x5e,
    0xcf, 0xbe, 0xcd, 0xa0, 0x34, 0x0, 0x59, 0xd,
    0xa, 0x25, 0xa0, 0x3d, 0xa0, 0x5d, 0x9f, 0x9d,
    0xab, 0xa0, 0x0, 0x60, 0x12, 0x22, 0x22, 0x22,
    0x10, 0x0, 0x0, 0xc, 0xdd, 0xdd, 0xdd, 0x40,
    0x0, 0x67, 0x11, 0x11, 0x11, 0x11, 0x10, 0x0,
    0xe3, 0xac, 0xbb, 0xfc, 0xbb, 0xb2, 0x6, 0xb0,
    0xa, 0x60, 0xe1, 0x76, 0x0, 0xe, 0x30, 0xaa,
    0x0, 0xe1, 0xb, 0x80, 0x17, 0x2, 0x70, 0x5e,
    0xd0, 0x0, 0x70,

    /* U+7070 "灰" */
    0x0, 0x0, 0xb2, 0x0, 0x0, 0x0, 0x0, 0x0,
    0x0, 0xf2, 0x0, 0x0, 0x0, 0x0, 0xf, 0xff,
    0xff, 0xff, 0xff, 0xff, 0xd0, 0x0, 0x4, 0xd0,
    0x0, 0x41, 0x0, 0x0, 0x0, 0x6, 0xa0, 0x0,
    0xe1, 0x0, 0x0, 0x0, 0xa, 0x72, 0x40, 0xf0,
    0x9, 0x0, 0x0, 0xe, 0x37, 0x71, 0xf0, 0x5c,
    0x0, 0x0, 0x4e, 0xd, 0x35, 0xf1, 0xd3, 0x0,
    0x0, 0xb8, 0x6, 0x9, 0xf7, 0x10, 0x0, 0x4,
    0xf1, 0x0, 0x2f, 0x3d, 0x20, 0x0, 0x2f, 0x60,
    0x0, 0xba, 0x4, 0xd1, 0x0, 0x6, 0x0, 0x2b,
    0xc0, 0x0, 0x7d, 0x30, 0x0, 0x1, 0xe7, 0x0,
    0x0, 0x4, 0xc0, 0x0, 0x0, 0x0, 0x0, 0x0,
    0x0, 0x0,

    /* U+7092 "炒" */
    0x0, 0x3a, 0x0, 0x0, 0x1e, 0x0, 0x0, 0x0,
    0x4b, 0x0, 0x0, 0x1e, 0x0, 0x0, 0x1, 0x4b,
    0x5, 0x17, 0x1e, 0xa, 0x0, 0xd, 0x4b, 0x59,
    0x4b, 0x1e, 0xa, 0x70, 0xc, 0x4b, 0xa2, 0x78,
    0x1e, 0x2, 0xe0, 0x49, 0x4b, 0x60, 0xc3, 0x1e,
    0x0, 0xd3, 0x23, 0x5a, 0x0, 0xc0, 0x1e, 0x0,
    0x20, 0x0, 0x69, 0x0, 0x0, 0x1e, 0x9, 0x80,
    0x0, 0x9f, 0x30, 0x0, 0x19, 0x2e, 0x10, 0x0,
    0xe5, 0xe2, 0x0, 0x2, 0xe6, 0x0, 0x4, 0xd0,
    0x56, 0x0, 0x6e, 0x70, 0x0, 0xe, 0x50, 0x3,
    0x8d, 0xc3, 0x0, 0x0, 0x28, 0x0, 0x8, 0x83,
    0x0, 0x0, 0x0,

    /* U+70B8 "炸" */
    0x0, 0x0, 0x0, 0x0, 0x0, 0x0, 0x0, 0x0,
    0x4a, 0x0, 0xe, 0x10, 0x0, 0x0, 0x0, 0x4a,
    0x0, 0x3d, 0x0, 0x0, 0x0, 0x0, 0x4a, 0x23,
    0x8e, 0xbb, 0xbb, 0xb3, 0xc, 0x4a, 0x86, 0xe5,
    0xf5, 0x33, 0x31, 0xc, 0x4a, 0xb7, 0xc0, 0xe1,
    0x0, 0x0, 0x3a, 0x4a, 0x58, 0x40, 0xec, 0xcc,
    0xc0, 0x24, 0x59, 0x0, 0x0, 0xe4, 0x22, 0x20,
    0x0, 0x78, 0x0, 0x0, 0xe1, 0x0, 0x0, 0x0,
    0x9b, 0x0, 0x0, 0xe4, 0x33, 0x30, 0x0, 0xde,
    0x70, 0x0, 0xec, 0xbb, 0xb1, 0x3, 0xe1, 0xe3,
    0x0, 0xe1, 0x0, 0x0, 0xd, 0x70, 0x31, 0x0,
    0xe1, 0x0, 0x0, 0x3a, 0x0, 0x0, 0x0, 0xe1,
    0x0, 0x0, 0x0, 0x0, 0x0, 0x0, 0x0, 0x0,
    0x0,

    /* U+70B9 "点" */
    0x0, 0x0, 0x0, 0xd2, 0x0, 0x0, 0x0, 0x0,
    0x0, 0x0, 0xd3, 0x0, 0x0, 0x0, 0x0, 0x0,
    0x0, 0xdf, 0xee, 0xee, 0xb0, 0x0, 0x0, 0x0,
    0xd2, 0x0, 0x0, 0x0, 0x0, 0xab, 0xbb, 0xfc,
    0xbb, 0xb2, 0x0, 0x0, 0xe5, 0x44, 0x44, 0x44,
    0xd3, 0x0, 0x0, 0xe1, 0x0, 0x0, 0x0, 0xc3,
    0x0, 0x0, 0xe1, 0x0, 0x0, 0x0, 0xc3, 0x0,
    0x0, 0xdf, 0xff, 0xff, 0xff, 0xf3, 0x0, 0x0,
    0x10, 0x0, 0x0, 0x0, 0x0, 0x0, 0x1, 0xe1,
    0x58, 0x6, 0x70, 0x9c, 0x0, 0xa, 0x80, 0x4c,
    0x2, 0xd0, 0xc, 0x90, 0x5c, 0x0, 0x3c, 0x0,
    0xb1, 0x3, 0xd1, 0x0, 0x0, 0x0, 0x0, 0x0,
    0x0, 0x0,

    /* U+70E4 "烤" */
    0x0, 0x0, 0x0, 0x0, 0x10, 0x0, 0x0, 0x0,
    0x67, 0x0, 0x0, 0xf0, 0x0, 0x10, 0x0, 0x67,
    0x0, 0x0, 0xf0, 0x3, 0xd0, 0x0, 0x67, 0x4,
    0xee, 0xfe, 0xed, 0x30, 0x9, 0x67, 0x93, 0x0,
    0xf0, 0x88, 0x0, 0xc, 0x68, 0xb8, 0x9a, 0xfa,
    0xfa, 0x92, 0x39, 0x69, 0x53, 0x34, 0xdb, 0x43,
    0x30, 0x23, 0x76, 0x0, 0x2d, 0xfa, 0xaa, 0xa0,
    0x0, 0x85, 0x19, 0xde, 0x62, 0x22, 0x20, 0x0,
    0xba, 0x89, 0x1f, 0x0, 0x0, 0x0, 0x0, 0xeb,
    0x60, 0x4e, 0xee, 0xef, 0x80, 0x5, 0xb1, 0xe1,
    0x0, 0x0, 0xa, 0x60, 0xe, 0x40, 0x20, 0x0,
    0x0, 0xd, 0x30, 0x38, 0x0, 0x0, 0x0, 0xde,
    0xea, 0x0, 0x0, 0x0, 0x0, 0x0, 0x0, 0x0,
    0x0,

    /* U+70F9 "烹" */
    0x0, 0x0, 0x0, 0x54, 0x0, 0x0, 0x0, 0x8,
    0x88, 0x88, 0xbe, 0x88, 0x88, 0x80, 0x4, 0x44,
    0x44, 0x44, 0x44, 0x44, 0x40, 0x0, 0xf, 0xbb,
    0xbb, 0xbb, 0xf1, 0x0, 0x0, 0xf, 0x55, 0x55,
    0x55, 0xf1, 0x0, 0x0, 0x4, 0x44, 0x44, 0x44,
    0x40, 0x0, 0x4, 0xcc, 0xcc, 0xcc, 0xcf, 0xfa,
    0x0, 0x0, 0x0, 0x0, 0x3b, 0xb7, 0x20, 0x0,
    0x0, 0x0, 0x0, 0x79, 0x0, 0x0, 0x0, 0x0,
    0x0, 0xbd, 0xd5, 0x0, 0x0, 0x0, 0x0, 0xb2,
    0x18, 0x2, 0x90, 0x2c, 0x10, 0x6, 0xc0, 0xf,
    0x0, 0xe3, 0x8, 0xb0, 0xc, 0x20, 0xb, 0x0,
    0x74, 0x0, 0xa1,

    /* U+7231 "爱" */
    0x0, 0x0, 0x0, 0x12, 0x34, 0x67, 0x0, 0x5,
    0xdd, 0xdd, 0xdc, 0xa9, 0xa5, 0x0, 0x0, 0xb,
    0x0, 0x94, 0x2, 0xe0, 0x0, 0x1, 0x1a, 0x61,
    0x69, 0x1a, 0x71, 0x10, 0xe, 0xcc, 0xcc, 0xcc,
    0xcc, 0xcc, 0xe0, 0xe, 0x0, 0xc, 0x0, 0x0,
    0x0, 0xe0, 0x3, 0xce, 0xef, 0xee, 0xee, 0xec,
    0x30, 0x0, 0x0, 0xb6, 0x0, 0x0, 0x0, 0x0,
    0x0, 0x3, 0xff, 0xee, 0xee, 0xe2, 0x0, 0x0,
    0xb, 0x8c, 0x60, 0xa, 0x90, 0x0, 0x0, 0x7c,
    0x0, 0xab, 0xd8, 0x0, 0x0, 0x9, 0xc2, 0x59,
    0xda, 0xce, 0xa7, 0x30, 0x29, 0x2, 0xa5, 0x0,
    0x1, 0x69, 0x90,

    /* U+7236 "父" */
    0x0, 0x0, 0x62, 0x0, 0x35, 0x0, 0x0, 0x0,
    0x4, 0xe1, 0x0, 0x2e, 0x60, 0x0, 0x0, 0x2e,
    0x50, 0x0, 0x2, 0xe7, 0x0, 0x2, 0xe8, 0x0,
    0x0, 0x0, 0x3f, 0x50, 0xe, 0x82, 0x80, 0x0,
    0x9, 0x45, 0xe0, 0x2, 0x0, 0xf2, 0x0, 0x2f,
    0x20, 0x10, 0x0, 0x0, 0x8a, 0x0, 0x9a, 0x0,
    0x0, 0x0, 0x0, 0x1e, 0x64, 0xf2, 0x0, 0x0,
    0x0, 0x0, 0x4, 0xfe, 0x50, 0x0, 0x0, 0x0,
    0x0, 0x4, 0xef, 0x60, 0x0, 0x0, 0x0, 0x0,
    0x9f, 0x65, 0xeb, 0x10, 0x0, 0x3, 0x9f, 0xc2,
    0x0, 0x1b, 0xfb, 0x50, 0x4f, 0x93, 0x0, 0x0,
    0x0, 0x29, 0xe3, 0x0, 0x0, 0x0, 0x0, 0x0,
    0x0, 0x0,

    /* U+7237 "爷" */
    0x0, 0x0, 0x14, 0x0, 0x16, 0x0, 0x0, 0x0,
    0x5, 0xe6, 0x0, 0x29, 0xe8, 0x10, 0x4, 0xdc,
    0xc5, 0x0, 0x7, 0xd9, 0xe3, 0x1, 0x50, 0xb,
    0x83, 0xbb, 0x10, 0x20, 0x0, 0x0, 0x5, 0xff,
    0xd2, 0x0, 0x0, 0x3, 0x6a, 0xec, 0x62, 0x8e,
    0xd9, 0x73, 0x9, 0xa7, 0x31, 0x11, 0x11, 0x47,
    0x96, 0x0, 0x3e, 0xef, 0xfe, 0xee, 0xfc, 0x0,
    0x0, 0x0, 0x3, 0xd0, 0x0, 0x4c, 0x0, 0x0,
    0x0, 0x3, 0xd0, 0x0, 0x4c, 0x0, 0x0, 0x0,
    0x3, 0xd0, 0xbc, 0xea, 0x0, 0x0, 0x0, 0x3,
    0xd0, 0x34, 0x30, 0x0, 0x0, 0x0, 0x3, 0xd0,
    0x0, 0x0, 0x0,

    /* U+7247 "片" */
    0x0, 0x0, 0x0, 0x2, 0xe0, 0x0, 0x0, 0x4,
    0xd0, 0x0, 0x2e, 0x0, 0x0, 0x0, 0x4d, 0x0,
    0x2, 0xe0, 0x0, 0x0, 0x4, 0xd1, 0x11, 0x4e,
    0x11, 0x11, 0x0, 0x4f, 0xff, 0xff, 0xff, 0xff,
    0xd0, 0x4, 0xd0, 0x0, 0x0, 0x0, 0x0, 0x0,
    0x5c, 0x0, 0x0, 0x0, 0x0, 0x0, 0x7, 0xff,
    0xff, 0xff, 0xfa, 0x0, 0x0, 0x89, 0x11, 0x11,
    0x17, 0xb0, 0x0, 0xc, 0x40, 0x0, 0x0, 0x6b,
    0x0, 0x2, 0xf1, 0x0, 0x0, 0x6, 0xb0, 0x0,
    0xb8, 0x0, 0x0, 0x0, 0x6b, 0x0, 0x1b, 0x0,
    0x0, 0x0, 0x6, 0xb0, 0x0, 0x0, 0x0, 0x0,
    0x0, 0x0, 0x0,

    /* U+725B "牛" */
    0x0, 0x5, 0x20, 0x3e, 0x0, 0x0, 0x0, 0x0,
    0xe, 0x40, 0x3e, 0x0, 0x0, 0x0, 0x0, 0x5f,
    0x11, 0x4e, 0x11, 0x11, 0x0, 0x0, 0xcf, 0xff,
    0xff, 0xff, 0xff, 0xa0, 0x6, 0xe1, 0x0, 0x3e,
    0x0, 0x0, 0x0, 0xc, 0x50, 0x0, 0x3e, 0x0,
    0x0, 0x0, 0x0, 0x0, 0x0, 0x3e, 0x0, 0x0,
    0x0, 0x1f, 0xff, 0xff, 0xff, 0xff, 0xff, 0xf7,
    0x1, 0x11, 0x11, 0x4e, 0x11, 0x11, 0x10, 0x0,
    0x0, 0x0, 0x3e, 0x0, 0x0, 0x0, 0x0, 0x0,
    0x0, 0x3e, 0x0, 0x0, 0x0, 0x0, 0x0, 0x0,
    0x3e, 0x0, 0x0, 0x0, 0x0, 0x0, 0x0, 0x3e,
    0x0, 0x0, 0x0,

    /* U+7269 "物" */
    0x0, 0x0, 0x0, 0x0, 0x0, 0x0, 0x0, 0x0,
    0xe, 0x10, 0xa, 0x40, 0x0, 0x0, 0xb, 0x3e,
    0x10, 0xf, 0x10, 0x0, 0x0, 0xd, 0x1e, 0x10,
    0x4e, 0x77, 0x77, 0x72, 0xf, 0xff, 0xf7, 0xba,
    0xcb, 0xbc, 0xe3, 0x4a, 0xe, 0x25, 0xd0, 0xc2,
    0x95, 0xc2, 0x76, 0xe, 0x1c, 0x43, 0xc0, 0xd1,
    0xd2, 0x0, 0xe, 0x35, 0xa, 0x52, 0xc0, 0xe1,
    0x4, 0x9f, 0xd6, 0x3d, 0x9, 0x60, 0xf0, 0x6c,
    0x7e, 0x11, 0xd4, 0xe, 0x11, 0xe0, 0x0, 0xe,
    0x16, 0x70, 0x98, 0x3, 0xd0, 0x0, 0xe, 0x10,
    0x3, 0xe1, 0x6, 0xa0, 0x0, 0xe, 0x10, 0x2e,
    0x40, 0xb, 0x70, 0x0, 0xe, 0x10, 0x76, 0x9,
    0xfd, 0x10, 0x0, 0x0, 0x0, 0x0, 0x0, 0x0,
    0x0,

    /* U+7279 "特" */
    0x0, 0xf, 0x0, 0x0, 0x3c, 0x0, 0x0, 0x5,
    0x1f, 0x0, 0x0, 0x4c, 0x0, 0x0, 0xc, 0x2f,
    0x0, 0xee, 0xff, 0xee, 0x80, 0xe, 0xcf, 0xc1,
    0x0, 0x3c, 0x0, 0x0, 0x1c, 0xf, 0x8, 0xbb,
    0xce, 0xbb, 0xb2, 0x58, 0xf, 0x3, 0x44, 0x44,
    0xa9, 0x40, 0x1, 0xf, 0x10, 0x0, 0x0, 0x87,
    0x0, 0x2, 0x6f, 0xea, 0xff, 0xff, 0xff, 0xf1,
    0x3f, 0xaf, 0x0, 0x42, 0x0, 0x88, 0x0, 0x0,
    0xf, 0x0, 0x5d, 0x0, 0x87, 0x0, 0x0, 0xf,
    0x0, 0x8, 0x70, 0x87, 0x0, 0x0, 0xf, 0x0,
    0x0, 0x0, 0x97, 0x0, 0x0, 0xf, 0x0, 0x0,
    0x7f, 0xe3, 0x0, 0x0, 0x0, 0x0, 0x0, 0x0,
    0x0, 0x0,

    /* U+72D7 "狗" */
    0x9, 0x20, 0xa1, 0x1d, 0x10, 0x0, 0x0, 0x5,
    0xda, 0xa0, 0x6b, 0x0, 0x0, 0x0, 0x0, 0xae,
    0x10, 0xcf, 0xee, 0xee, 0xe2, 0x6, 0xee, 0x13,
    0xc1, 0x11, 0x11, 0xd2, 0x1d, 0x2a, 0x6d, 0x40,
    0x0, 0x0, 0xd2, 0x0, 0x7, 0xa8, 0xce, 0xee,
    0xb0, 0xe1, 0x0, 0x1e, 0xa0, 0xc2, 0x3, 0xb0,
    0xe1, 0x0, 0xac, 0xb0, 0xc2, 0x3, 0xb0, 0xf0,
    0x8, 0xd4, 0xb0, 0xc2, 0x3, 0xb0, 0xf0, 0xa,
    0x15, 0xa0, 0xce, 0xee, 0xa1, 0xe0, 0x0, 0x6,
    0x90, 0x91, 0x0, 0x3, 0xd0, 0x0, 0xb, 0x60,
    0x0, 0x0, 0x8, 0xa0, 0xb, 0xfb, 0x0, 0x0,
    0x9, 0xfe, 0x30, 0x0, 0x0, 0x0, 0x0, 0x0,
    0x0, 0x0,

    /* U+73B0 "现" */
    0x1e, 0xee, 0xe8, 0xcf, 0xee, 0xef, 0x40, 0x0,
    0x3d, 0x0, 0xc4, 0x1, 0xc, 0x40, 0x0, 0x3c,
    0x0, 0xc4, 0x1e, 0xc, 0x40, 0x0, 0x3c, 0x0,
    0xc4, 0x1e, 0xc, 0x40, 0xd, 0xff, 0xe4, 0xc4,
    0x1e, 0xc, 0x40, 0x0, 0x3d, 0x0, 0xc4, 0x2d,
    0xc, 0x40, 0x0, 0x3c, 0x0, 0xc4, 0x3b, 0xc,
    0x40, 0x0, 0x3c, 0x0, 0x52, 0x8d, 0x35, 0x10,
    0x0, 0x3d, 0x46, 0x0, 0xda, 0x50, 0x10, 0x6,
    0xbf, 0xc6, 0x9, 0xa7, 0x50, 0x94, 0x1a, 0x51,
    0x0, 0x7d, 0x17, 0x60, 0xa2, 0x0, 0x0, 0xc,
    0xb1, 0x3, 0xdc, 0xc0, 0x0, 0x0, 0x3, 0x0,
    0x0, 0x0, 0x0,

    /* U+73BB "玻" */
    0x0, 0x0, 0x0, 0x0, 0x1e, 0x0, 0x0, 0x5f,
    0xff, 0xe0, 0x0, 0x1e, 0x0, 0x0, 0x0, 0xa5,
    0x7, 0xee, 0xef, 0xee, 0xe5, 0x0, 0xa5, 0x7,
    0x91, 0x2e, 0x11, 0xe2, 0x0, 0xa5, 0x7, 0x90,
    0x1e, 0x2, 0xd0, 0x2a, 0xdc, 0x67, 0x90, 0x2e,
    0x1, 0x30, 0x16, 0xca, 0x48, 0xff, 0xee, 0xee,
    0xa0, 0x0, 0xa5, 0x9, 0x8e, 0x10, 0xa, 0x50,
    0x0, 0xa5, 0xa, 0x58, 0x90, 0x2e, 0x0, 0x0,
    0xa9, 0x8c, 0x30, 0xd5, 0xd5, 0x0, 0x18, 0xec,
    0x6f, 0x10, 0x3f, 0xb0, 0x0, 0x48, 0x20, 0x7b,
    0x4, 0xda, 0xea, 0x10, 0x0, 0x0, 0xd3, 0xcd,
    0x40, 0x19, 0xf6, 0x0, 0x0, 0x0, 0x20, 0x0,
    0x0, 0x10,

    /* U+7403 "球" */
    0x0, 0x0, 0x0, 0x0, 0x1e, 0x26, 0x0, 0x5d,
    0xdd, 0xd0, 0x0, 0x1e, 0xb, 0x70, 0x14, 0xc8,
    0x41, 0x11, 0x3e, 0x12, 0x61, 0x0, 0xa4, 0x9,
    0xdd, 0xdf, 0xdd, 0xd8, 0x0, 0xa4, 0x2, 0x40,
    0x1f, 0x0, 0x51, 0x3e, 0xff, 0xa1, 0xe2, 0x1f,
    0x34, 0xd1, 0x0, 0xa5, 0x0, 0x6b, 0x1f, 0x9e,
    0x20, 0x0, 0xa4, 0x0, 0x3, 0x8f, 0xf4, 0x0,
    0x0, 0xa4, 0x0, 0xa, 0xce, 0xa6, 0x0, 0x0,
    0xaa, 0xb3, 0xca, 0x2e, 0x2e, 0x10, 0x4c, 0xe9,
    0x5e, 0x90, 0x1e, 0x6, 0xe2, 0x24, 0x0, 0x4,
    0x0, 0x2e, 0x0, 0x58, 0x0, 0x0, 0x0, 0x1f,
    0xf8, 0x0, 0x0, 0x0, 0x0, 0x0, 0x0, 0x0,
    0x0, 0x0,

    /* U+7483 "璃" */
    0x0, 0x0, 0x0, 0x0, 0x0, 0x0, 0x0, 0x0,
    0x0, 0x0, 0x0, 0x4a, 0x0, 0x0, 0x2d, 0xdd,
    0xc7, 0xaa, 0xbf, 0xba, 0xa7, 0x1, 0xa6, 0x12,
    0x44, 0x43, 0x54, 0x42, 0x0, 0x94, 0x0, 0xd3,
    0xb5, 0xb2, 0xd0, 0x0, 0x94, 0x0, 0xd1, 0x7d,
    0x91, 0xd0, 0x9, 0xdb, 0x40, 0xd7, 0x60, 0x55,
    0xd0, 0x5, 0xb8, 0x20, 0xbd, 0xdf, 0xdd, 0xc0,
    0x0, 0x94, 0x0, 0x0, 0x2d, 0x0, 0x0, 0x0,
    0x94, 0x6, 0xfe, 0xfe, 0xee, 0xf6, 0x0, 0x99,
    0x97, 0x91, 0xc0, 0x71, 0x86, 0x2d, 0xd9, 0x56,
    0x9b, 0xba, 0xc9, 0x86, 0x1, 0x0, 0x6, 0x94,
    0x31, 0x5, 0x96, 0x0, 0x0, 0x6, 0x90, 0x0,
    0x2c, 0xd3,

    /* U+74DC "瓜" */
    0x0, 0x0, 0x0, 0x0, 0x14, 0x72, 0x0, 0x0,
    0x47, 0x9b, 0xde, 0xdc, 0xd4, 0x0, 0x0, 0xb9,
    0x53, 0xf0, 0x3, 0xc0, 0x0, 0x0, 0xb4, 0x0,
    0xf0, 0x1, 0xd0, 0x0, 0x0, 0xc4, 0x0, 0xf0,
    0x0, 0xe0, 0x0, 0x0, 0xc4, 0x1, 0xf0, 0x0,
    0xf0, 0x0, 0x0, 0xd3, 0x2, 0xe0, 0x0, 0xc3,
    0x0, 0x0, 0xf1, 0x3, 0xd0, 0x0, 0xa5, 0x0,
    0x1, 0xf0, 0x6, 0xa2, 0x70, 0x79, 0x0, 0x6,
    0xb0, 0xb, 0x60, 0xd1, 0x2e, 0x0, 0xa, 0x60,
    0x3f, 0x12, 0xb8, 0xd, 0x40, 0x3e, 0x10, 0xaf,
    0xeb, 0x8e, 0x6, 0xd0, 0x77, 0x0, 0x23, 0x0,
    0xa, 0x10, 0xc2, 0x0, 0x0, 0x0, 0x0, 0x0,
    0x0, 0x0,

    /* U+751F "生" */
    0x0, 0x7, 0x40, 0x5b, 0x0, 0x0, 0x0, 0x0,
    0xe, 0x30, 0x5b, 0x0, 0x0, 0x0, 0x0, 0x4e,
    0x0, 0x6b, 0x0, 0x0, 0x0, 0x0, 0xbf, 0xff,
    0xff, 0xff, 0xff, 0xc0, 0x5, 0xe1, 0x0, 0x5b,
    0x0, 0x0, 0x0, 0xd, 0x50, 0x0, 0x5b, 0x0,
    0x0, 0x0, 0x1, 0x0, 0x0, 0x5b, 0x0, 0x0,
    0x0, 0x0, 0x8f, 0xff, 0xff, 0xff, 0xff, 0x40,
    0x0, 0x0, 0x0, 0x6b, 0x0, 0x0, 0x0, 0x0,
    0x0, 0x0, 0x5b, 0x0, 0x0, 0x0, 0x0, 0x0,
    0x0, 0x5b, 0x0, 0x0, 0x0, 0x2, 0x22, 0x22,
    0x7c, 0x22, 0x22, 0x20, 0x1d, 0xdd, 0xdd, 0xdd,
    0xdd, 0xdd, 0xd6,

    /* U+7528 "用" */
    0x0, 0xdf, 0xff, 0xff, 0xff, 0xff, 0x30, 0xd,
    0x30, 0x4, 0xd0, 0x0, 0xd3, 0x0, 0xd2, 0x0,
    0x3d, 0x0, 0xd, 0x30, 0xd, 0xcb, 0xbc, 0xfb,
    0xbb, 0xf3, 0x0, 0xd6, 0x33, 0x6d, 0x33, 0x3e,
    0x30, 0xe, 0x20, 0x3, 0xd0, 0x0, 0xd3, 0x0,
    0xf2, 0x0, 0x4d, 0x0, 0xd, 0x30, 0xf, 0xff,
    0xff, 0xff, 0xff, 0xf3, 0x2, 0xe0, 0x0, 0x3d,
    0x0, 0xd, 0x30, 0x7a, 0x0, 0x3, 0xd0, 0x0,
    0xd3, 0xd, 0x40, 0x0, 0x3d, 0x0, 0xe, 0x35,
    0xa0, 0x0, 0x3, 0xd0, 0xef, 0xd0, 0x0, 0x0,
    0x0, 0x0, 0x0, 0x0, 0x0,

    /* U+7535 "电" */
    0x0, 0x0, 0xd, 0x40, 0x0, 0x0, 0x0, 0x0,
    0x0, 0xd4, 0x0, 0x0, 0x0, 0x2f, 0xff, 0xff,
    0xff, 0xff, 0xf2, 0x2, 0xe1, 0x11, 0xd5, 0x11,
    0x1e, 0x20, 0x2e, 0x0, 0xd, 0x40, 0x0, 0xe2,
    0x2, 0xfe, 0xee, 0xfe, 0xee, 0xef, 0x20, 0x2e,
    0x0, 0xd, 0x50, 0x0, 0xe2, 0x2, 0xe0, 0x0,
    0xd4, 0x0, 0xe, 0x20, 0x2f, 0xee, 0xef, 0xfe,
    0xee, 0xf2, 0x2, 0xe1, 0x11, 0xd5, 0x11, 0x11,
    0x52, 0x0, 0x0, 0xd, 0x40, 0x0, 0xa, 0x60,
    0x0, 0x0, 0xc8, 0x10, 0x1, 0xd3, 0x0, 0x0,
    0x5, 0xef, 0xff, 0xfa, 0x0,

    /* U+7537 "男" */
    0x0, 0xee, 0xee, 0xfe, 0xee, 0xee, 0x0, 0xe,
    0x10, 0xd, 0x20, 0x2, 0xe0, 0x0, 0xed, 0xdd,
    0xfd, 0xdd, 0xde, 0x0, 0xe, 0x10, 0xd, 0x20,
    0x2, 0xe0, 0x0, 0xe2, 0x0, 0xd3, 0x0, 0x3e,
    0x0, 0xc, 0xdd, 0xdf, 0xdd, 0xdd, 0xc0, 0x0,
    0x0, 0x3, 0xd0, 0x0, 0x0, 0x0, 0xff, 0xff,
    0xff, 0xff, 0xff, 0xf4, 0x0, 0x0, 0xe, 0x30,
    0x0, 0xd, 0x20, 0x0, 0xb, 0x90, 0x0, 0x0,
    0xf0, 0x1, 0x7e, 0x90, 0x0, 0x0, 0x4d, 0x3,
    0xe9, 0x30, 0x0, 0x6e, 0xee, 0x50, 0x0, 0x0,
    0x0, 0x0, 0x0, 0x0, 0x0,

    /* U+754C "界" */
    0x0, 0xee, 0xee, 0xfe, 0xee, 0xed, 0x0, 0x0,
    0xe1, 0x0, 0xe2, 0x0, 0x3d, 0x0, 0x0, 0xed,
    0xdd, 0xfd, 0xdd, 0xdd, 0x0, 0x0, 0xe1, 0x0,
    0xe2, 0x0, 0x3d, 0x0, 0x0, 0xec, 0xcc, 0xfd,
    0xcc, 0xdd, 0x0, 0x0, 0x11, 0xb8, 0x12, 0xda,
    0x11, 0x0, 0x0, 0x2c, 0x80, 0x0, 0x1c, 0xc3,
    0x0, 0x2b, 0xd5, 0xa4, 0x0, 0x2d, 0x6e, 0xc2,
    0x6, 0x0, 0xd4, 0x0, 0x2e, 0x0, 0x50, 0x0,
    0x2, 0xf1, 0x0, 0x2e, 0x0, 0x0, 0x0, 0x3e,
    0x70, 0x0, 0x2e, 0x0, 0x0, 0x2, 0xe6, 0x0,
    0x0, 0x2e, 0x0, 0x0, 0x0, 0x0, 0x0, 0x0,
    0x0, 0x0, 0x0,

    /* U+756A "番" */
    0x0, 0x0, 0x0, 0x2, 0x36, 0x85, 0x0, 0x3,
    0xcd, 0xee, 0xed, 0xa8, 0x72, 0x0, 0x0, 0x1d,
    0x20, 0x87, 0x3, 0xe1, 0x0, 0x0, 0x7, 0xb0,
    0x87, 0xc, 0x50, 0x0, 0x2e, 0xee, 0xfe, 0xff,
    0xef, 0xee, 0xe2, 0x0, 0x0, 0x5e, 0xbb, 0xd5,
    0x0, 0x0, 0x0, 0x9, 0xe2, 0x87, 0x2d, 0xa1,
    0x0, 0x17, 0xeb, 0x20, 0x66, 0x1, 0xaf, 0xa2,
    0x2a, 0x8e, 0xcc, 0xee, 0xcc, 0xea, 0x81, 0x0,
    0x5a, 0x0, 0x87, 0x0, 0x78, 0x0, 0x0, 0x5e,
    0xbb, 0xed, 0xbb, 0xd8, 0x0, 0x0, 0x5a, 0x0,
    0x87, 0x0, 0x78, 0x0, 0x0, 0x5f, 0xdd, 0xdd,
    0xdd, 0xe8, 0x0,

    /* U+7591 "疑" */
    0x7, 0x70, 0x0, 0x0, 0x0, 0x0, 0x0, 0x7,
    0x72, 0x7b, 0xc, 0xdd, 0xde, 0xf4, 0x7, 0xda,
    0x51, 0x0, 0x41, 0x1c, 0x70, 0x7, 0x80, 0x3,
    0xa0, 0x7d, 0xe5, 0x0, 0x2, 0xcd, 0xdc, 0x40,
    0x0, 0x8d, 0x0, 0x1, 0xe0, 0x0, 0x1d, 0xdd,
    0xde, 0xd9, 0x7, 0xfe, 0xed, 0x50, 0x2, 0xd0,
    0x86, 0x1d, 0x17, 0x70, 0x7, 0x92, 0xc0, 0x70,
    0xd, 0xce, 0xec, 0x89, 0x72, 0xfc, 0xc4, 0x1,
    0x1b, 0x91, 0x1b, 0x82, 0xd1, 0x10, 0x0, 0x1e,
    0xd5, 0xe, 0xd3, 0xc0, 0x0, 0x0, 0xc6, 0x1e,
    0x6c, 0x4e, 0xd0, 0x0, 0xc, 0x60, 0x1, 0xc4,
    0x4, 0xce, 0xea, 0x0, 0x0, 0x0, 0x0, 0x0,
    0x0, 0x0,

    /* U+75BC "疼" */
    0x0, 0x0, 0x0, 0x6, 0x40, 0x0, 0x0, 0x0,
    0x0, 0x0, 0x6, 0xc0, 0x0, 0x0, 0x0, 0x1f,
    0xff, 0xff, 0xff, 0xff, 0xf7, 0x2b, 0x1e, 0x0,
    0x2e, 0x20, 0x0, 0x0, 0xb, 0x7e, 0x0, 0xce,
    0xdd, 0xec, 0x0, 0x3, 0x9e, 0x1c, 0xda, 0x1,
    0xd4, 0x0, 0x0, 0x1e, 0x77, 0xa, 0xad, 0x60,
    0x0, 0x1, 0xac, 0x0, 0x19, 0xee, 0x50, 0x0,
    0x3e, 0xab, 0x6b, 0xe8, 0x2, 0xbe, 0x93, 0x1,
    0x89, 0x74, 0x8, 0xd7, 0x12, 0x72, 0x0, 0xc5,
    0x0, 0x20, 0x7, 0x50, 0x0, 0x5, 0xe0, 0x2,
    0xbe, 0xa6, 0x10, 0x0, 0xa, 0x50, 0x0, 0x0,
    0x49, 0xe1, 0x0, 0x0, 0x0, 0x0, 0x0, 0x0,
    0x0, 0x0,

    /* U+75C5 "病" */
    0x0, 0x0, 0x0, 0x5, 0x30, 0x0, 0x0, 0x0,
    0x0, 0x0, 0x7, 0xb0, 0x0, 0x0, 0x0, 0x1f,
    0xff, 0xff, 0xff, 0xff, 0xf7, 0x1a, 0x1e, 0x0,
    0x0, 0x0, 0x0, 0x0, 0xa, 0x6e, 0x7e, 0xee,
    0xff, 0xee, 0xe5, 0x4, 0x7e, 0x0, 0x0, 0xe1,
    0x0, 0x0, 0x0, 0x1e, 0x2d, 0xdd, 0xfd, 0xdd,
    0xd0, 0x3, 0xbd, 0x3b, 0x2, 0xf1, 0x1, 0xf0,
    0x4d, 0x9b, 0x3b, 0x5, 0xfa, 0x0, 0xf0, 0x0,
    0x98, 0x3b, 0x1d, 0x38, 0xb0, 0xf0, 0x0, 0xe3,
    0x3b, 0xc4, 0x0, 0x95, 0xf0, 0x8, 0xc0, 0x3b,
    0x0, 0x0, 0x0, 0xf0, 0xb, 0x20, 0x3b, 0x0,
    0x0, 0xce, 0xa0,

    /* U+767D "白" */
    0x0, 0x0, 0x73, 0x0, 0x0, 0x0, 0x0, 0x2f,
    0x20, 0x0, 0x0, 0x44, 0x49, 0xd4, 0x44, 0x44,
    0xf, 0xcc, 0xcc, 0xcc, 0xcc, 0xf0, 0xf0, 0x0,
    0x0, 0x0, 0x1f, 0xf, 0x0, 0x0, 0x0, 0x1,
    0xf0, 0xf2, 0x11, 0x11, 0x11, 0x2f, 0xf, 0xff,
    0xff, 0xff, 0xff, 0xf0, 0xf0, 0x0, 0x0, 0x0,
    0x1f, 0xf, 0x0, 0x0, 0x0, 0x1, 0xf0, 0xf0,
    0x0, 0x0, 0x0, 0x1f, 0xf, 0xff, 0xff, 0xff,
    0xff, 0xf0, 0xf2, 0x11, 0x11, 0x11, 0x2e, 0x0,

    /* U+7684 "的" */
    0x0, 0x0, 0x0, 0x0, 0x0, 0x0, 0x0, 0xd3,
    0x0, 0xd, 0x20, 0x0, 0x2, 0xe0, 0x0, 0x3e,
    0x0, 0x0, 0xac, 0xeb, 0xb0, 0x8e, 0xcc, 0xca,
    0xe4, 0x33, 0xf1, 0xe4, 0x33, 0x5d, 0xe1, 0x0,
    0xf9, 0x90, 0x0, 0x2d, 0xe1, 0x0, 0xf5, 0x35,
    0x0, 0x3c, 0xed, 0xdd, 0xf0, 0xe, 0x30, 0x3b,
    0xe2, 0x11, 0xf0, 0x4, 0xd0, 0x4b, 0xe1, 0x0,
    0xf0, 0x0, 0xb6, 0x5a, 0xe1, 0x0, 0xf0, 0x0,
    0x10, 0x78, 0xe2, 0x11, 0xf0, 0x0, 0x0, 0x97,
    0xee, 0xdd, 0xd0, 0x0, 0x0, 0xd4, 0xe1, 0x0,
    0x0, 0x7, 0xde, 0xc0, 0x0, 0x0, 0x0, 0x0,
    0x11, 0x0,

    /* U+770B "看" */
    0x0, 0x0, 0x0, 0x1, 0x24, 0x66, 0x0, 0x3,
    0xdd, 0xde, 0xfb, 0xa9, 0x74, 0x0, 0x0, 0x0,
    0x7, 0xb0, 0x0, 0x0, 0x0, 0x1, 0xcc, 0xcf,
    0xdc, 0xcc, 0xcc, 0x40, 0x2, 0x22, 0x4f, 0x22,
    0x22, 0x22, 0x20, 0x1b, 0xbb, 0xfc, 0xbb, 0xbb,
    0xbb, 0xb1, 0x0, 0x7, 0xf6, 0x66, 0x66, 0x64,
    0x0, 0x0, 0x5f, 0xc6, 0x66, 0x66, 0x8c, 0x0,
    0x9, 0xd8, 0xeb, 0xbb, 0xbb, 0xcc, 0x0, 0x4b,
    0x15, 0xa0, 0x0, 0x0, 0x3c, 0x0, 0x0, 0x5,
    0xeb, 0xbb, 0xbb, 0xcc, 0x0, 0x0, 0x5, 0xa0,
    0x0, 0x0, 0x4c, 0x0, 0x0, 0x5, 0xec, 0xcc,
    0xcc, 0xdc, 0x0,

    /* U+773C "眼" */
    0xfe, 0xee, 0xe, 0xee, 0xee, 0xfb, 0xe, 0x0,
    0xe0, 0xe1, 0x0, 0x4, 0xb0, 0xe0, 0xe, 0xe,
    0x98, 0x88, 0xab, 0xf, 0xee, 0xe0, 0xe6, 0x55,
    0x58, 0xb0, 0xe0, 0xe, 0xe, 0x10, 0x0, 0x4b,
    0xe, 0x0, 0xe0, 0xed, 0xdd, 0xde, 0xb0, 0xfe,
    0xee, 0xe, 0x35, 0xc1, 0x14, 0xe, 0x0, 0xe0,
    0xe1, 0xe, 0x27, 0xe3, 0xe0, 0xe, 0xe, 0x10,
    0x6f, 0xa1, 0xf, 0xee, 0xd0, 0xe1, 0x0, 0xc7,
    0x0, 0xd0, 0x0, 0xf, 0x8a, 0x71, 0xda, 0x20,
    0x0, 0x3, 0xc8, 0x40, 0x1, 0x94,

    /* U+775B "睛" */
    0x0, 0x0, 0x0, 0x2, 0xd0, 0x0, 0xf, 0xff,
    0xd5, 0xcc, 0xdf, 0xcc, 0x90, 0xe0, 0x1d, 0x0,
    0x3, 0xd0, 0x0, 0xe, 0x1, 0xd1, 0xdd, 0xdf,
    0xdd, 0x50, 0xfe, 0xed, 0x23, 0x35, 0xd3, 0x33,
    0xe, 0x1, 0xd6, 0x77, 0x77, 0x77, 0x70, 0xf5,
    0x6d, 0xc, 0xcc, 0xcc, 0xc0, 0xf, 0xab, 0xd0,
    0xf0, 0x0, 0xe, 0x10, 0xe0, 0x1d, 0xf, 0xcb,
    0xbb, 0xf1, 0xf, 0x23, 0xd0, 0xf0, 0x0, 0xe,
    0x10, 0xfc, 0xca, 0xf, 0xcb, 0xbb, 0xf1, 0xd,
    0x0, 0x0, 0xf0, 0x0, 0xe, 0x10, 0x0, 0x0,
    0xf, 0x0, 0xd, 0xd0, 0x0,

    /* U+77ED "短" */
    0x1, 0x60, 0x0, 0x0, 0x0, 0x0, 0x0, 0x5,
    0xa0, 0x0, 0xbf, 0xff, 0xff, 0xf7, 0x9, 0xdc,
    0xb8, 0x0, 0x0, 0x0, 0x0, 0xe, 0x1f, 0x0,
    0x4e, 0xee, 0xee, 0xd0, 0x4a, 0xf, 0x0, 0x4b,
    0x0, 0x2, 0xe0, 0x3, 0x2f, 0x22, 0x4b, 0x0,
    0x1, 0xe0, 0x5f, 0xff, 0xfe, 0x4b, 0x0, 0x1,
    0xe0, 0x0, 0x2d, 0x0, 0x4f, 0xff, 0xff, 0xe0,
    0x0, 0x6f, 0x30, 0x5, 0x0, 0x5, 0x30, 0x0,
    0x9a, 0xd0, 0x9, 0x70, 0xe, 0x20, 0x1, 0xe1,
    0x99, 0x3, 0xc0, 0x4c, 0x0, 0xb, 0x80, 0x4,
    0x11, 0xa1, 0xa7, 0x10, 0x3b, 0x0, 0x5, 0xee,
    0xee, 0xee, 0xe8, 0x0, 0x0, 0x0, 0x0, 0x0,
    0x0, 0x0,

    /* U+786E "确" */
    0x0, 0x0, 0x0, 0x4, 0x50, 0x0, 0x0, 0x1f,
    0xff, 0xf9, 0xc, 0xec, 0xc7, 0x0, 0x0, 0x87,
    0x0, 0x4b, 0x1, 0xd6, 0x0, 0x0, 0xd3, 0x1,
    0xe3, 0x6, 0xc0, 0x0, 0x1, 0xe0, 0xb, 0xfe,
    0xef, 0xee, 0xf1, 0x7, 0xe9, 0x95, 0xa4, 0xe,
    0x0, 0xe1, 0xe, 0xc2, 0xb2, 0xae, 0xdf, 0xdd,
    0xf1, 0x3d, 0xb0, 0xb2, 0xa4, 0xe, 0x0, 0xe1,
    0x3, 0xb0, 0xb2, 0xb8, 0x6f, 0x66, 0xf1, 0x2,
    0xb0, 0xb2, 0xd8, 0x8f, 0x88, 0xf1, 0x2, 0xfc,
    0xf3, 0xd0, 0xe, 0x0, 0xe1, 0x2, 0xc2, 0x26,
    0x80, 0xe, 0x0, 0xe1, 0x1, 0x70, 0xd, 0x10,
    0xb, 0x5e, 0xc0, 0x0, 0x0, 0x0, 0x0, 0x0,
    0x0, 0x0,

    /* U+793A "示" */
    0x0, 0xde, 0xee, 0xee, 0xee, 0xee, 0x0, 0x0,
    0x11, 0x11, 0x11, 0x11, 0x11, 0x0, 0x0, 0x0,
    0x0, 0x0, 0x0, 0x0, 0x0, 0x1, 0x11, 0x11,
    0x11, 0x11, 0x11, 0x10, 0x2e, 0xee, 0xee, 0xff,
    0xee, 0xee, 0xe2, 0x0, 0x0, 0x0, 0x89, 0x0,
    0x0, 0x0, 0x0, 0xa, 0x20, 0x89, 0x2, 0x80,
    0x0, 0x0, 0x6c, 0x0, 0x89, 0x0, 0xd6, 0x0,
    0x1, 0xe4, 0x0, 0x89, 0x0, 0x2f, 0x20, 0x1d,
    0x80, 0x0, 0x89, 0x0, 0x9, 0xa0, 0x28, 0x0,
    0x11, 0xa9, 0x0, 0x2, 0x80, 0x0, 0x0, 0xcf,
    0xe4, 0x0, 0x0, 0x0,

    /* U+793C "礼" */
    0x0, 0x0, 0x0, 0x0, 0x0, 0x0, 0x0, 0x0,
    0x4a, 0x0, 0x2, 0xe0, 0x0, 0x0, 0x0, 0xd,
    0x50, 0x2, 0xe0, 0x0, 0x0, 0x2, 0x27, 0x71,
    0x2, 0xe0, 0x0, 0x0, 0xc, 0xdd, 0xee, 0x2,
    0xe0, 0x0, 0x0, 0x0, 0x0, 0xb5, 0x2, 0xe0,
    0x0, 0x0, 0x0, 0x7, 0xb0, 0x2, 0xe0, 0x0,
    0x0, 0x0, 0x4f, 0x90, 0x2, 0xe0, 0x0, 0x0,
    0x6, 0xef, 0xc9, 0x2, 0xe0, 0x0, 0x0, 0x4d,
    0x2e, 0x2c, 0x62, 0xe0, 0x0, 0x0, 0x1, 0xe,
    0x11, 0x2, 0xe0, 0x0, 0x40, 0x0, 0xe, 0x10,
    0x2, 0xe0, 0x0, 0xc2, 0x0, 0xe, 0x10, 0x1,
    0xf0, 0x0, 0xe1, 0x0, 0xe, 0x10, 0x0, 0xbf,
    0xef, 0x90,

    /* U+79D1 "科" */
    0x0, 0x3, 0x86, 0x0, 0x0, 0x1e, 0x0, 0x1c,
    0xef, 0x83, 0x9, 0x70, 0x1e, 0x0, 0x2, 0xf,
    0x0, 0x1, 0xba, 0x2e, 0x0, 0x0, 0xf, 0x0,
    0x0, 0x6, 0x1e, 0x0, 0x5e, 0xff, 0xfe, 0x11,
    0x0, 0x1e, 0x0, 0x0, 0x6f, 0x40, 0x3e, 0x50,
    0x1e, 0x0, 0x0, 0xcf, 0xc1, 0x2, 0xd7, 0x1e,
    0x0, 0x4, 0xaf, 0x5b, 0x0, 0x12, 0x1e, 0x0,
    0xd, 0x3f, 0x3, 0x0, 0x25, 0x8f, 0xc9, 0x78,
    0xf, 0x0, 0xdf, 0xdb, 0x9f, 0x30, 0x10, 0xf,
    0x0, 0x20, 0x0, 0x1e, 0x0, 0x0, 0xf, 0x0,
    0x0, 0x0, 0x1e, 0x0, 0x0, 0xf, 0x0, 0x0,
    0x0, 0x1e, 0x0,

    /* U+79DF "租" */
    0x0, 0x0, 0x54, 0x0, 0x0, 0x0, 0x0, 0x9,
    0xcf, 0xa5, 0x4f, 0xff, 0xff, 0x20, 0x3, 0x2f,
    0x0, 0x4b, 0x0, 0xe, 0x20, 0x0, 0xf, 0x0,
    0x4b, 0x0, 0xe, 0x20, 0x5f, 0xff, 0xfe, 0x4f,
    0xcc, 0xcf, 0x20, 0x0, 0x6f, 0x30, 0x4c, 0x33,
    0x3f, 0x20, 0x0, 0xcf, 0xc1, 0x4b, 0x0, 0xe,
    0x20, 0x3, 0xbf, 0x6a, 0x4b, 0x0, 0xe, 0x20,
    0xd, 0x4f, 0x5, 0x4f, 0xff, 0xff, 0x20, 0x6b,
    0xf, 0x0, 0x4b, 0x0, 0xe, 0x20, 0x12, 0xf,
    0x0, 0x4b, 0x0, 0xe, 0x20, 0x0, 0xf, 0x1,
    0x5c, 0x11, 0x1e, 0x30, 0x0, 0xf, 0x9, 0xdd,
    0xdd, 0xdd, 0xd6,

    /* U+79F0 "称" */
    0x0, 0x1, 0x65, 0x6, 0x30, 0x0, 0x0, 0x9,
    0xdf, 0x94, 0xc, 0x30, 0x0, 0x0, 0x2, 0xe,
    0x10, 0x1f, 0xee, 0xee, 0xe2, 0x0, 0xe, 0x10,
    0x79, 0xe, 0x24, 0xc0, 0x1e, 0xef, 0xed, 0xe3,
    0xe, 0x25, 0x40, 0x0, 0x4f, 0x31, 0x65, 0xe,
    0x27, 0x0, 0x0, 0xaf, 0xc1, 0xe, 0xe, 0x2c,
    0x30, 0x1, 0xbe, 0x6a, 0x3b, 0xe, 0x27, 0x90,
    0xa, 0x4e, 0x12, 0x97, 0xe, 0x22, 0xd0, 0x3b,
    0xe, 0x11, 0xe1, 0xe, 0x20, 0xf1, 0x1, 0xe,
    0x11, 0x50, 0xe, 0x20, 0x51, 0x0, 0xe, 0x10,
    0x0, 0x1e, 0x20, 0x0, 0x0, 0xe, 0x10, 0x4,
    0xeb, 0x0, 0x0,

    /* U+79FB "移" */
    0x0, 0x0, 0x40, 0x0, 0x17, 0x0, 0x0, 0x6,
    0xae, 0xc4, 0x0, 0xcb, 0x33, 0x10, 0x5, 0x4f,
    0x0, 0x3d, 0xcb, 0xbf, 0x90, 0x0, 0xf, 0x2,
    0xb7, 0x91, 0x9d, 0x0, 0x1e, 0xef, 0xea, 0x0,
    0xbf, 0xd1, 0x0, 0x0, 0x6f, 0x21, 0x6d, 0xfc,
    0xb0, 0x0, 0x0, 0xbf, 0xb2, 0xd8, 0x2d, 0xa2,
    0x20, 0x1, 0xdf, 0xa6, 0x1, 0xcd, 0xbb, 0xf6,
    0x9, 0x6f, 0x13, 0x5e, 0x90, 0x3, 0xd0, 0x2d,
    0xf, 0x0, 0x93, 0x9a, 0x3d, 0x40, 0x3, 0xf,
    0x0, 0x0, 0xb, 0xf3, 0x0, 0x0, 0xf, 0x0,
    0x16, 0xda, 0x20, 0x0, 0x0, 0xf, 0x7, 0xd8,
    0x20, 0x0, 0x0, 0x0, 0x0, 0x0, 0x0, 0x0,
    0x0, 0x0,

    /* U+7A7A "空" */
    0x0, 0x0, 0x1a, 0x0, 0x0, 0x0, 0x0, 0x0,
    0xd, 0x70, 0x0, 0x0, 0xef, 0xff, 0xff, 0xff,
    0xff, 0xff, 0xe1, 0x0, 0x0, 0x0, 0x0, 0x1f,
    0xe1, 0x1b, 0x90, 0x1d, 0x92, 0x1c, 0x37, 0xe7,
    0x0, 0x0, 0x6e, 0x91, 0x89, 0x10, 0x0, 0x0,
    0x0, 0x77, 0x7, 0xff, 0xff, 0xff, 0xff, 0x80,
    0x0, 0x0, 0xc, 0x40, 0x0, 0x0, 0x0, 0x0,
    0xc, 0x40, 0x0, 0x0, 0x0, 0x0, 0xc, 0x40,
    0x0, 0x0, 0x11, 0x11, 0x1d, 0x61, 0x11, 0x11,
    0xcd, 0xdd, 0xdd, 0xdd, 0xdd, 0xdd,

    /* U+7A97 "窗" */
    0x0, 0x0, 0x0, 0x0, 0x0, 0x0, 0x0, 0x0,
    0xc, 0x50, 0x0, 0x0, 0xbc, 0xcc, 0xce, 0xec,
    0xcc, 0xcc, 0xe2, 0x4, 0x70, 0x6, 0x50, 0x2f,
    0x63, 0x9d, 0x32, 0x2, 0xad, 0x55, 0x8c, 0x60,
    0x6c, 0x0, 0x2, 0xba, 0x8, 0xcc, 0xfd, 0xcc,
    0xcc, 0xb1, 0xb, 0x50, 0x62, 0x0, 0x2, 0xe0,
    0xb, 0x52, 0xfb, 0xaa, 0x82, 0xe0, 0xb, 0x6c,
    0x72, 0xa, 0x32, 0xe0, 0xb, 0x50, 0x2b, 0xd9,
    0x2, 0xe0, 0xb, 0x53, 0x9d, 0x6c, 0x82, 0xe0,
    0xb, 0x69, 0x50, 0x0, 0x43, 0xe0, 0xb, 0xdc,
    0xcc, 0xcc, 0xcc, 0xd0,

    /* U+7AD9 "站" */
    0x0, 0x48, 0x0, 0x0, 0x2e, 0x0, 0x0, 0x0,
    0x1f, 0x10, 0x0, 0x2e, 0x0, 0x0, 0x3, 0x39,
    0x53, 0x0, 0x2e, 0x0, 0x0, 0x2b, 0xbb, 0xbb,
    0x30, 0x2f, 0xff, 0xf7, 0x4, 0x20, 0x55, 0x0,
    0x2e, 0x0, 0x0, 0x7, 0x60, 0x86, 0x0, 0x2e,
    0x0, 0x0, 0x4, 0x90, 0xb3, 0x0, 0x3e, 0x0,
    0x0, 0x2, 0xb0, 0xd0, 0x7f, 0xee, 0xef, 0xe0,
    0x0, 0xd0, 0xd0, 0x79, 0x0, 0x2, 0xe0, 0x0,
    0x75, 0xc8, 0x89, 0x0, 0x2, 0xe0, 0x2b, 0xee,
    0xa6, 0x89, 0x0, 0x2, 0xe0, 0x15, 0x10, 0x0,
    0x7e, 0xcc, 0xcc, 0xe0, 0x0, 0x0, 0x0, 0x7a,
    0x33, 0x35, 0xd0,

    /* U+7B14 "笔" */
    0x0, 0x53, 0x0, 0x0, 0x70, 0x0, 0x0, 0x0,
    0xe7, 0x33, 0x26, 0xd3, 0x33, 0x30, 0x6, 0xed,
    0xda, 0x8d, 0xbe, 0xda, 0xa1, 0x2e, 0x22, 0xe0,
    0xa9, 0x5, 0xb0, 0x0, 0x14, 0x0, 0x52, 0x65,
    0x79, 0xd8, 0x0, 0x1, 0xee, 0xdc, 0xf9, 0x64,
    0x10, 0x0, 0x0, 0x0, 0x0, 0xf2, 0x35, 0x66,
    0x0, 0x4, 0xbc, 0xde, 0xfb, 0xa9, 0x75, 0x0,
    0x1, 0x21, 0x0, 0xf0, 0x0, 0x2, 0x30, 0x4,
    0x57, 0x8a, 0xfc, 0xde, 0xdc, 0xb1, 0x1a, 0x97,
    0x65, 0xf2, 0x0, 0x0, 0x40, 0x0, 0x0, 0x0,
    0xf1, 0x0, 0x2, 0xe0, 0x0, 0x0, 0x0, 0xaf,
    0xfe, 0xef, 0x70,

    /* U+7B2C "第" */
    0x0, 0x0, 0x0, 0x0, 0x0, 0x0, 0x0, 0x0,
    0x87, 0x0, 0x1, 0xe0, 0x0, 0x0, 0x1, 0xfd,
    0xcc, 0xa7, 0xfc, 0xcc, 0xc0, 0xb, 0x74, 0xc0,
    0x2e, 0x25, 0xc0, 0x0, 0x4b, 0x0, 0xa0, 0x67,
    0x0, 0xa2, 0x0, 0x5, 0xdd, 0xdd, 0xdd, 0xdd,
    0xdd, 0x0, 0x0, 0x0, 0x0, 0xd3, 0x0, 0x1f,
    0x0, 0x0, 0xcd, 0xdd, 0xfd, 0xdd, 0xdf, 0x0,
    0x0, 0xf1, 0x0, 0xd4, 0x0, 0x0, 0x0, 0x3,
    0xe3, 0x33, 0xd6, 0x33, 0x33, 0x10, 0x3, 0xbb,
    0xbf, 0xfc, 0xbb, 0xbe, 0x50, 0x0, 0x0, 0xaa,
    0xd3, 0x0, 0xd, 0x30, 0x0, 0x4c, 0x60, 0xd3,
    0x13, 0x4f, 0x0, 0xb, 0x81, 0x0, 0xd3, 0x1b,
    0xb5, 0x0, 0x0, 0x0, 0x0, 0x0, 0x0, 0x0,
    0x0,

    /* U+7B54 "答" */
    0x0, 0x35, 0x0, 0x0, 0x61, 0x0, 0x0, 0x0,
    0xb9, 0x33, 0x32, 0xf4, 0x33, 0x30, 0x4, 0xec,
    0xea, 0x9b, 0xcd, 0xeb, 0xb1, 0x2e, 0x31, 0xe0,
    0x2b, 0x2, 0xe1, 0x0, 0x4, 0x0, 0x41, 0xcb,
    0x0, 0x40, 0x0, 0x0, 0x0, 0x2d, 0x89, 0xc3,
    0x0, 0x0, 0x0, 0x29, 0xf7, 0x11, 0x6e, 0xb5,
    0x0, 0x2a, 0xf9, 0xbc, 0xcc, 0xcc, 0x5d, 0xe4,
    0x7, 0x11, 0x11, 0x11, 0x11, 0x10, 0x30, 0x0,
    0xf, 0xdd, 0xdd, 0xdd, 0xf1, 0x0, 0x0, 0xf,
    0x0, 0x0, 0x0, 0xe1, 0x0, 0x0, 0xf, 0x22,
    0x22, 0x22, 0xf1, 0x0, 0x0, 0xf, 0xbb, 0xbb,
    0xbb, 0xe1, 0x0,

    /* U+7C73 "米" */
    0x0, 0x0, 0x0, 0x98, 0x0, 0x1, 0x0, 0x2,
    0xd1, 0x0, 0x98, 0x0, 0xe, 0x40, 0x0, 0xa9,
    0x0, 0x98, 0x0, 0x7c, 0x0, 0x0, 0x1f, 0x20,
    0x98, 0x1, 0xe3, 0x0, 0x0, 0x8, 0x40, 0x98,
    0x6, 0x90, 0x0, 0x2, 0x22, 0x22, 0xa9, 0x22,
    0x22, 0x20, 0x2e, 0xee, 0xef, 0xff, 0xfe, 0xee,
    0xe2, 0x0, 0x0, 0x1d, 0xdd, 0xd1, 0x0, 0x0,
    0x0, 0x0, 0xc7, 0x98, 0x7c, 0x0, 0x0, 0x0,
    0xa, 0xa0, 0x98, 0x9, 0xb0, 0x0, 0x1, 0xcb,
    0x0, 0x98, 0x0, 0xad, 0x30, 0x3f, 0x80, 0x0,
    0x98, 0x0, 0x6, 0xf3, 0x2, 0x0, 0x0, 0x98,
    0x0, 0x0, 0x10,

    /* U+7C89 "粉" */
    0x0, 0xf, 0x0, 0x0, 0x80, 0x81, 0x0, 0xa,
    0xf, 0xd, 0x4, 0xb0, 0x95, 0x0, 0xb, 0x2f,
    0x3b, 0x8, 0x70, 0x5a, 0x0, 0x8, 0x5f, 0x85,
    0xd, 0x20, 0xf, 0x20, 0x2, 0x2f, 0x40, 0x89,
    0x0, 0x8, 0xc0, 0x2d, 0xdf, 0xdc, 0xf2, 0x0,
    0x1, 0xd6, 0x3, 0x8f, 0x32, 0xaf, 0xff, 0xff,
    0x70, 0x0, 0xcf, 0x80, 0x0, 0xe2, 0xb, 0x40,
    0x3, 0xbf, 0xa7, 0x1, 0xf0, 0xc, 0x30, 0xd,
    0x4f, 0x7, 0x5, 0xa0, 0xd, 0x20, 0x2a, 0xf,
    0x0, 0xc, 0x40, 0xf, 0x10, 0x0, 0xf, 0x0,
    0x8a, 0x0, 0x3e, 0x0, 0x0, 0xf, 0x3, 0xa0,
    0xe, 0xe7, 0x0, 0x0, 0x0, 0x0, 0x0, 0x0,
    0x0, 0x0,

    /* U+7CD5 "糕" */
    0x0, 0x2d, 0x0, 0xb, 0x10, 0xb, 0x30, 0xa,
    0x2d, 0x2b, 0x9, 0x70, 0x2e, 0x0, 0xa, 0x4d,
    0x66, 0x47, 0xc4, 0x9b, 0x41, 0x7, 0x7d, 0xb1,
    0xab, 0xbf, 0xcb, 0xb4, 0x4, 0x6d, 0x61, 0x0,
    0xe, 0x20, 0x0, 0x1b, 0xdf, 0xb7, 0xaf, 0xff,
    0xff, 0xf0, 0x0, 0xaf, 0x30, 0x0, 0xe, 0x20,
    0x0, 0x0, 0xee, 0xd2, 0x0, 0xf, 0x20, 0x0,
    0x7, 0x9d, 0x49, 0xff, 0xff, 0xff, 0xf9, 0x1e,
    0x3d, 0x0, 0x30, 0x10, 0x11, 0x30, 0x47, 0x2d,
    0x0, 0xe2, 0xc2, 0xc1, 0xe0, 0x0, 0x2d, 0x6,
    0x90, 0xe0, 0xd1, 0xa6, 0x0, 0x2d, 0xc, 0x20,
    0xb0, 0x82, 0x48, 0x0, 0x0, 0x0, 0x0, 0x0,
    0x0, 0x0,

    /* U+7CFB "系" */
    0x0, 0x0, 0x1, 0x24, 0x7a, 0x90, 0x2, 0xcd,
    0xef, 0xfc, 0xa8, 0x63, 0x0, 0x2, 0x11, 0xb7,
    0x0, 0x11, 0x0, 0x0, 0x1, 0xc5, 0x0, 0x5e,
    0x60, 0x0, 0x4, 0xfd, 0xbc, 0xdd, 0x30, 0x0,
    0x0, 0x25, 0x38, 0xf9, 0x2, 0x80, 0x0, 0x0,
    0x2b, 0xc3, 0x0, 0xb, 0x80, 0x1, 0xaf, 0xeb,
    0xcd, 0xdd, 0xde, 0x60, 0x8, 0x64, 0x34, 0xe0,
    0x0, 0x2c, 0x0, 0x5, 0xd0, 0x2d, 0x8, 0xb1,
    0x0, 0x5, 0xe3, 0x2, 0xd0, 0x8, 0xd2, 0x6,
    0xe3, 0x0, 0x3d, 0x0, 0x7, 0xe1, 0x1, 0x1,
    0xff, 0x80, 0x0, 0x2, 0x0,

    /* U+7D27 "紧" */
    0x0, 0xd, 0x10, 0x0, 0x0, 0x0, 0x3, 0xb0,
    0xd1, 0xaf, 0xfe, 0xef, 0x60, 0x3b, 0xd, 0x10,
    0x79, 0x4, 0xc0, 0x3, 0xb0, 0xd1, 0x0, 0xba,
    0xd1, 0x0, 0x3b, 0xd, 0x15, 0x9d, 0xbd, 0x83,
    0x0, 0x10, 0x4a, 0xd6, 0x12, 0x15, 0x81, 0x0,
    0x3c, 0x80, 0x1c, 0xb0, 0x0, 0x0, 0x2f, 0xfe,
    0xfd, 0x61, 0x40, 0x0, 0x0, 0x49, 0xd6, 0x0,
    0x2d, 0x90, 0x2, 0xdf, 0xfe, 0xdf, 0xdc, 0xbb,
    0xa0, 0x3, 0x38, 0x1, 0xf0, 0x54, 0x4, 0x0,
    0x7e, 0x50, 0x1f, 0x2, 0xbb, 0x20, 0x79, 0x10,
    0xde, 0xa0, 0x0, 0x5a, 0x0,

    /* U+7D2B "紫" */
    0x0, 0x0, 0xe1, 0x1, 0xe0, 0x0, 0x0, 0x2,
    0x70, 0xe1, 0x1, 0xe0, 0x17, 0xa0, 0x3, 0xb0,
    0xed, 0xd5, 0xfb, 0xc8, 0x20, 0x3, 0xb0, 0xe1,
    0x2, 0xf1, 0x0, 0x45, 0x19, 0xec, 0xfd, 0xc3,
    0xdd, 0xcc, 0xe4, 0x18, 0x53, 0x5, 0xd3, 0x5,
    0x11, 0x0, 0x0, 0x4, 0xbc, 0x55, 0xbd, 0x20,
    0x0, 0x0, 0x5e, 0xcb, 0xfe, 0x62, 0x70, 0x0,
    0x0, 0x1, 0x8d, 0x70, 0x2, 0xca, 0x0, 0x0,
    0xbf, 0xfd, 0xdf, 0xcb, 0xab, 0xb0, 0x0, 0x37,
    0xa0, 0x1e, 0x7, 0x70, 0x61, 0x2, 0xac, 0x10,
    0x2e, 0x0, 0x7d, 0x50, 0x8, 0x50, 0xd, 0xea,
    0x0, 0x2, 0x81,

    /* U+7D2F "累" */
    0x0, 0xfd, 0xdd, 0xfe, 0xdd, 0xdf, 0x10, 0xf,
    0x11, 0x1c, 0x51, 0x11, 0xe1, 0x0, 0xfb, 0xbb,
    0xec, 0xbb, 0xbf, 0x10, 0xf, 0x11, 0x1c, 0x51,
    0x11, 0xe1, 0x0, 0xbb, 0xdf, 0xcb, 0xbb, 0xbb,
    0x10, 0x0, 0x6c, 0x41, 0x4c, 0x70, 0x0, 0x0,
    0xbe, 0xdf, 0xfc, 0x45, 0x40, 0x0, 0x0, 0x5c,
    0xa4, 0x11, 0x5e, 0x60, 0x6, 0xff, 0xed, 0xfd,
    0xba, 0x9d, 0x50, 0x1, 0x87, 0xb, 0x61, 0x82,
    0x11, 0x5, 0xd9, 0x0, 0xb6, 0x5, 0xca, 0x20,
    0x82, 0x3, 0xfe, 0x30, 0x0, 0x67,

    /* U+7EA2 "红" */
    0x0, 0x3, 0x20, 0x0, 0x0, 0x0, 0x0, 0x0,
    0xd, 0x50, 0x33, 0x33, 0x33, 0x31, 0x0, 0x5d,
    0x0, 0xbd, 0xdf, 0xed, 0xd3, 0x0, 0xe3, 0x15,
    0x0, 0xd, 0x40, 0x0, 0xa, 0x91, 0xa9, 0x0,
    0xd, 0x40, 0x0, 0x2f, 0xee, 0xd0, 0x0, 0xd,
    0x40, 0x0, 0x0, 0x3e, 0x20, 0x0, 0xd, 0x40,
    0x0, 0x2, 0xe4, 0x23, 0x0, 0xd, 0x40, 0x0,
    0x1e, 0xff, 0xc8, 0x0, 0xd, 0x40, 0x0, 0x4,
    0x10, 0x0, 0x0, 0xd, 0x40, 0x0, 0x0, 0x25,
    0x88, 0x0, 0xd, 0x40, 0x0, 0x2f, 0xea, 0x74,
    0xff, 0xff, 0xff, 0xf9, 0x1, 0x0, 0x0, 0x11,
    0x11, 0x11, 0x10,

    /* U+7EA6 "约" */
    0x0, 0x5, 0x10, 0x1, 0x70, 0x0, 0x0, 0x1,
    0xf1, 0x0, 0x7a, 0x0, 0x0, 0x0, 0x98, 0x0,
    0xc, 0x50, 0x0, 0x0, 0x2e, 0x13, 0x33, 0xfe,
    0xee, 0xfe, 0xc, 0x51, 0xd4, 0xc6, 0x0, 0x2,
    0xd5, 0xfd, 0xf8, 0x1b, 0x20, 0x0, 0x2d, 0x0,
    0x5c, 0x0, 0xb, 0x80, 0x3, 0xc0, 0x3d, 0x23,
    0x30, 0xb, 0x80, 0x3c, 0x3f, 0xfe, 0xb7, 0x0,
    0xd, 0x34, 0xb0, 0x41, 0x0, 0x0, 0x0, 0x10,
    0x6a, 0x0, 0x14, 0x79, 0x0, 0x0, 0x8, 0x84,
    0xed, 0xa7, 0x30, 0x0, 0x0, 0xc5, 0x0, 0x0,
    0x0, 0x0, 0x4f, 0xfc, 0x0,

    /* U+7EC3 "练" */
    0x0, 0x26, 0x0, 0x2, 0x80, 0x0, 0x0, 0x0,
    0x88, 0x0, 0x7, 0xa0, 0x0, 0x0, 0x0, 0xe2,
    0xe, 0xef, 0xfe, 0xee, 0xe0, 0x5, 0x91, 0x70,
    0xe, 0x0, 0x0, 0x0, 0xd, 0x59, 0x8a, 0xef,
    0xec, 0x0, 0x0, 0x4e, 0xdf, 0x10, 0xb5, 0x3d,
    0x0, 0x0, 0x0, 0xa7, 0x1, 0xe0, 0x2d, 0x0,
    0x0, 0x4, 0xc1, 0x37, 0xff, 0xff, 0xff, 0xb0,
    0x2e, 0xfd, 0x90, 0x10, 0x2d, 0x1, 0x0, 0x5,
    0x10, 0x10, 0xd4, 0x2d, 0xd, 0x20, 0x2, 0x7c,
    0x97, 0xb0, 0x2d, 0x5, 0xc0, 0x3e, 0x81, 0x2d,
    0x10, 0x2d, 0x0, 0xc4, 0x0, 0x0, 0x1, 0xc,
    0xe9, 0x0, 0x0,

    /* U+7ED3 "结" */
    0x0, 0x1b, 0x0, 0x0, 0xf, 0x0, 0x0, 0x0,
    0x8b, 0x0, 0x0, 0xf, 0x0, 0x0, 0x0, 0xe3,
    0x4, 0xff, 0xff, 0xff, 0xf3, 0x8, 0xa0, 0x74,
    0x0, 0x1f, 0x10, 0x0, 0x4f, 0x77, 0xf2, 0x0,
    0xf, 0x0, 0x0, 0x4a, 0x8f, 0x70, 0xde, 0xef,
    0xee, 0xe0, 0x0, 0x9c, 0x0, 0x11, 0x11, 0x11,
    0x10, 0x5, 0xe1, 0x22, 0x0, 0x0, 0x0, 0x0,
    0x3f, 0xef, 0xd6, 0x8f, 0xee, 0xef, 0x90, 0x27,
    0x30, 0x0, 0x87, 0x0, 0x6, 0x90, 0x0, 0x1,
    0x44, 0x87, 0x0, 0x6, 0x90, 0x4b, 0xee, 0xb5,
    0x89, 0x33, 0x39, 0x90, 0x35, 0x20, 0x0, 0x8d,
    0xbb, 0xbc, 0x90,

    /* U+7ED9 "给" */
    0x0, 0x25, 0x0, 0x0, 0x44, 0x0, 0x0, 0x0,
    0x8a, 0x0, 0x0, 0xcd, 0x0, 0x0, 0x0, 0xe2,
    0x0, 0x5, 0xca, 0x80, 0x0, 0x7, 0xa0, 0x71,
    0x2e, 0x20, 0xd4, 0x0, 0x2e, 0x26, 0xc3, 0xe7,
    0x0, 0x3e, 0x50, 0x9f, 0xef, 0x3d, 0xae, 0xee,
    0xe8, 0xd1, 0x0, 0xb5, 0x0, 0x0, 0x0, 0x0,
    0x0, 0xa, 0xb6, 0x90, 0xcd, 0xdd, 0xdc, 0x0,
    0x7f, 0xb8, 0x50, 0xe3, 0x11, 0x3e, 0x0, 0x0,
    0x0, 0x0, 0xe1, 0x0, 0x2e, 0x0, 0x3, 0x6a,
    0xd2, 0xe1, 0x0, 0x2e, 0x0, 0x8d, 0x95, 0x10,
    0xec, 0xcc, 0xce, 0x0, 0x0, 0x0, 0x0, 0xe4,
    0x22, 0x4e, 0x0,

    /* U+7EE7 "继" */
    0x0, 0x0, 0x0, 0x0, 0x0, 0x0, 0x0, 0x0,
    0x1c, 0x0, 0x0, 0x0, 0xe0, 0x0, 0x0, 0x7c,
    0x1, 0xe2, 0x30, 0xe0, 0x51, 0x0, 0xc5, 0x1,
    0xe2, 0xb0, 0xe0, 0xd0, 0x4, 0xd0, 0x42, 0xe0,
    0xc1, 0xe5, 0x70, 0xc, 0x50, 0xe3, 0xe0, 0x31,
    0xe3, 0x10, 0x4f, 0xdf, 0x71, 0xe9, 0xde, 0xfd,
    0xd6, 0x1, 0x4b, 0x1, 0xe0, 0xb, 0xf8, 0x0,
    0x2, 0xc2, 0x32, 0xe0, 0x58, 0xe8, 0x70, 0x1e,
    0xfc, 0x93, 0xe4, 0xd0, 0xe0, 0xc3, 0x4, 0x0,
    0x1, 0xe4, 0x20, 0xe0, 0x10, 0x2, 0x58, 0xc6,
    0xe0, 0x0, 0xa0, 0x0, 0x3d, 0x95, 0x11, 0xfc,
    0xcc, 0xcc, 0xc7, 0x0, 0x0, 0x0, 0x22, 0x22,
    0x22, 0x21,

    /* U+7EEA "绪" */
    0x0, 0x39, 0x0, 0x0, 0xe1, 0x0, 0x0, 0x0,
    0x97, 0x0, 0x0, 0xe1, 0x5, 0xa0, 0x0, 0xe1,
    0x2, 0xee, 0xff, 0xed, 0x20, 0x7, 0x90, 0x50,
    0x0, 0xe1, 0x88, 0x0, 0x1e, 0x13, 0xd2, 0x22,
    0xe6, 0xf3, 0x20, 0x8f, 0xdf, 0x3b, 0xcc, 0xff,
    0xcc, 0xc2, 0x10, 0x87, 0x0, 0x19, 0xd2, 0x0,
    0x0, 0x5, 0xa1, 0x36, 0xef, 0xee, 0xef, 0x50,
    0x4f, 0xfc, 0x79, 0x7b, 0x0, 0xa, 0x50, 0x23,
    0x0, 0x0, 0x3f, 0xdd, 0xdf, 0x50, 0x0, 0x38,
    0xc2, 0x3b, 0x0, 0xa, 0x50, 0x6f, 0xea, 0x50,
    0x3c, 0x22, 0x2b, 0x50, 0x23, 0x0, 0x0, 0x3e,
    0xbb, 0xbd, 0x50,

    /* U+7EED "续" */
    0x0, 0x1b, 0x0, 0x0, 0x6a, 0x0, 0x0, 0x0,
    0x79, 0x0, 0xaa, 0xce, 0xaa, 0x30, 0x0, 0xd2,
    0x0, 0x33, 0x8b, 0x33, 0x10, 0x6, 0x90, 0x70,
    0x11, 0x7a, 0x11, 0x10, 0x2e, 0x47, 0xb6, 0xdd,
    0xde, 0xdd, 0xd0, 0x4a, 0xae, 0x10, 0x2b, 0x2f,
    0x7, 0x60, 0x0, 0xb4, 0x2, 0x82, 0x6f, 0x1,
    0x0, 0x8, 0xc8, 0xa0, 0x69, 0x1e, 0x0, 0x0,
    0x4f, 0xa6, 0x18, 0xbb, 0xcf, 0xbb, 0xb0, 0x0,
    0x1, 0x52, 0x23, 0xd7, 0x42, 0x20, 0x5, 0xbe,
    0x80, 0x8, 0xc2, 0xd5, 0x0, 0x4a, 0x40, 0x2,
    0xac, 0x10, 0x1c, 0x70, 0x0, 0x0, 0xa, 0x70,
    0x0, 0x0, 0xa1,

    /* U+7EFF "绿" */
    0x0, 0x5, 0x0, 0x0, 0x0, 0x0, 0x0, 0x0,
    0x3e, 0x0, 0xce, 0xee, 0xef, 0x90, 0x0, 0xa7,
    0x0, 0x0, 0x0, 0x7, 0x80, 0x2, 0xd0, 0x61,
    0x7d, 0xdd, 0xde, 0x80, 0xb, 0x74, 0xe1, 0x0,
    0x0, 0x9, 0x70, 0x2e, 0xcf, 0x51, 0xee, 0xee,
    0xef, 0xf9, 0x0, 0x7b, 0x0, 0x30, 0xf, 0x0,
    0x20, 0x3, 0xd3, 0x50, 0x9a, 0xf, 0x5, 0xd2,
    0x1e, 0xfc, 0x90, 0x9, 0x3f, 0xca, 0x0, 0x3,
    0x0, 0x0, 0x5, 0xdf, 0xc5, 0x0, 0x0, 0x48,
    0xd3, 0xbb, 0x1f, 0x1d, 0x81, 0x1f, 0xb6, 0x14,
    0x70, 0xf, 0x0, 0x87, 0x0, 0x0, 0x0, 0x4,
    0xec, 0x0, 0x0, 0x0, 0x0, 0x0, 0x0, 0x0,
    0x0, 0x0,

    /* U+7F6E "置" */
    0x5, 0xec, 0xcf, 0xcc, 0xfc, 0xce, 0x80, 0x5,
    0xb2, 0x4d, 0x22, 0xd4, 0x29, 0x80, 0x2, 0x77,
    0x77, 0xda, 0x77, 0x77, 0x40, 0xd, 0xdd, 0xdd,
    0xfe, 0xdd, 0xdd, 0xc0, 0x0, 0x2, 0x22, 0xf3,
    0x22, 0x20, 0x0, 0x0, 0x5d, 0x88, 0x88, 0x88,
    0xe4, 0x0, 0x0, 0x5e, 0xaa, 0xaa, 0xaa, 0xe4,
    0x0, 0x0, 0x5b, 0x22, 0x22, 0x22, 0xc4, 0x0,
    0x0, 0x5d, 0x88, 0x88, 0x88, 0xd4, 0x0, 0x0,
    0x5e, 0x99, 0x99, 0x99, 0xe4, 0x0, 0x0, 0x5a,
    0x0, 0x0, 0x0, 0xb4, 0x0, 0x2c, 0xde, 0xcc,
    0xcc, 0xcc, 0xfd, 0xc2,

    /* U+7FFB "翻" */
    0x0, 0x12, 0x47, 0x50, 0x0, 0x0, 0x0, 0xbb,
    0xcc, 0x63, 0xad, 0xfa, 0xdf, 0x4, 0x75, 0x87,
    0x60, 0xd, 0x0, 0xe0, 0x3b, 0x7a, 0xd3, 0x50,
    0xd5, 0xe, 0x1a, 0xaf, 0xfa, 0x96, 0x6d, 0x66,
    0xe0, 0x8, 0xdc, 0xb2, 0x1b, 0xd0, 0xbe, 0x1b,
    0x95, 0x82, 0xb0, 0x1d, 0x1, 0xe1, 0xc8, 0x9a,
    0x86, 0x7, 0xf0, 0x7f, 0xa, 0x57, 0x95, 0xb7,
    0xad, 0x7a, 0xe0, 0xac, 0xcd, 0xbb, 0x60, 0xd4,
    0xe, 0xa, 0x25, 0x82, 0xb0, 0xd, 0x0, 0xe0,
    0xac, 0xdd, 0xcb, 0x0, 0xd0, 0xe, 0xa, 0x31,
    0x12, 0x91, 0xeb, 0x2e, 0xb0,

    /* U+8001 "老" */
    0x0, 0x0, 0x4, 0xc0, 0x0, 0x1, 0x10, 0x0,
    0x0, 0x4, 0xc0, 0x0, 0xc, 0x80, 0x0, 0xce,
    0xef, 0xfe, 0xee, 0xca, 0x0, 0x0, 0x0, 0x5,
    0xc0, 0x9, 0xb0, 0x0, 0x0, 0x0, 0x4, 0xc0,
    0x9d, 0x0, 0x0, 0x1f, 0xff, 0xff, 0xff, 0xff,
    0xff, 0xf7, 0x0, 0x0, 0x6, 0xe8, 0x0, 0x0,
    0x0, 0x0, 0x3, 0xce, 0x30, 0x0, 0x61, 0x0,
    0x4, 0xbe, 0xac, 0x5, 0xae, 0xa3, 0x0, 0x1d,
    0x70, 0x4f, 0xea, 0x50, 0x0, 0x0, 0x0, 0x0,
    0x4c, 0x0, 0x0, 0x0, 0xb0, 0x0, 0x0, 0x4d,
    0x0, 0x0, 0x5, 0xd0, 0x0, 0x0, 0x1c, 0xff,
    0xff, 0xfe, 0x50,

    /* U+8033 "耳" */
    0x1f, 0xff, 0xff, 0xff, 0xff, 0xff, 0xf1, 0x0,
    0xe, 0x40, 0x0, 0x3, 0xf0, 0x0, 0x0, 0xe,
    0x30, 0x0, 0x2, 0xf0, 0x0, 0x0, 0xe, 0xfe,
    0xee, 0xef, 0xf0, 0x0, 0x0, 0xe, 0x30, 0x0,
    0x3, 0xf0, 0x0, 0x0, 0xe, 0x30, 0x0, 0x2,
    0xf0, 0x0, 0x0, 0xe, 0xff, 0xff, 0xff, 0xf0,
    0x0, 0x0, 0xe, 0x30, 0x0, 0x3, 0xf0, 0x0,
    0x0, 0xe, 0x30, 0x1, 0x25, 0xf5, 0x61, 0x3b,
    0xbf, 0xef, 0xff, 0xed, 0xfb, 0x92, 0x16, 0x54,
    0x21, 0x0, 0x2, 0xf0, 0x0, 0x0, 0x0, 0x0,
    0x0, 0x2, 0xf0, 0x0,

    /* U+8036 "耶" */
    0x0, 0x0, 0x0, 0x0, 0x0, 0x0, 0x0, 0x7f,
    0xff, 0xff, 0xf6, 0xfe, 0xee, 0xe0, 0x6, 0x90,
    0xc, 0x22, 0xe0, 0x8, 0x80, 0x6, 0x90, 0xc,
    0x22, 0xe0, 0xe, 0x10, 0x6, 0xfe, 0xef, 0x22,
    0xe0, 0x78, 0x0, 0x6, 0x90, 0xc, 0x22, 0xe0,
    0xd3, 0x0, 0x6, 0x90, 0xc, 0x22, 0xe0, 0x3d,
    0x10, 0x6, 0xfe, 0xef, 0x22, 0xe0, 0x5, 0xb0,
    0x6, 0x90, 0xc, 0x22, 0xe0, 0x0, 0xe1, 0x6,
    0x92, 0x4e, 0xb3, 0xe0, 0x0, 0xe1, 0x6e, 0xfc,
    0xae, 0x62, 0xe1, 0xde, 0x90, 0x12, 0x0, 0xc,
    0x22, 0xe0, 0x11, 0x0, 0x0, 0x0, 0xc, 0x22,
    0xe0, 0x0, 0x0,

    /* U+8089 "肉" */
    0x0, 0x0, 0xa, 0x60, 0x0, 0x0, 0x0, 0x0,
    0xc, 0x40, 0x0, 0x0, 0xce, 0xee, 0xef, 0xee,
    0xee, 0xe3, 0xd4, 0x11, 0x6f, 0x21, 0x11, 0xd3,
    0xd2, 0x0, 0xdc, 0xd4, 0x0, 0xc3, 0xd2, 0x1a,
    0xa0, 0x4d, 0x90, 0xc3, 0xd3, 0xd7, 0xb, 0x31,
    0xb3, 0xc3, 0xd2, 0x0, 0x2f, 0x0, 0x0, 0xc3,
    0xd2, 0x0, 0xad, 0xd2, 0x0, 0xc3, 0xd2, 0x9,
    0xb0, 0x6e, 0x50, 0xc3, 0xd4, 0xe8, 0x0, 0x3,
    0xe2, 0xc3, 0xd2, 0x10, 0x0, 0x0, 0x10, 0xd3,
    0xd2, 0x0, 0x0, 0x0, 0xef, 0xc0, 0x0, 0x0,
    0x0, 0x0, 0x0, 0x0,

    /* U+80E1 "胡" */
    0x0, 0x8, 0x80, 0x0, 0x0, 0x0, 0x0, 0x0,
    0x88, 0x0, 0xf, 0xff, 0xfe, 0x2, 0x29, 0x92,
    0x20, 0xf1, 0x1, 0xe2, 0xdd, 0xee, 0xdd, 0x1f,
    0x10, 0x1e, 0x0, 0x8, 0x80, 0x0, 0xff, 0xef,
    0xe0, 0x0, 0x88, 0x0, 0xf, 0x10, 0x1e, 0x6,
    0xbd, 0xdb, 0x50, 0xf0, 0x1, 0xe0, 0x98, 0x22,
    0xa7, 0x2f, 0xdd, 0xde, 0x9, 0x60, 0x8, 0x73,
    0xd1, 0x13, 0xe0, 0x96, 0x0, 0x87, 0x69, 0x0,
    0x1e, 0x9, 0xed, 0xde, 0x7b, 0x50, 0x1, 0xe0,
    0x97, 0x11, 0x14, 0xd0, 0x0, 0x2e, 0x2, 0x20,
    0x0, 0xb4, 0x0, 0xff, 0x90, 0x0, 0x0, 0x0,
    0x0, 0x0, 0x0,

    /* U+8111 "脑" */
    0x0, 0x0, 0x0, 0x0, 0x51, 0x0, 0x0, 0xc,
    0xdd, 0xe0, 0x0, 0x98, 0x0, 0x0, 0xc, 0x10,
    0xe4, 0x66, 0x8f, 0x76, 0x62, 0xc, 0x10, 0xe4,
    0x77, 0x77, 0x97, 0x72, 0xc, 0xee, 0xe2, 0x76,
    0x0, 0xe1, 0x90, 0xd, 0x10, 0xe4, 0xb7, 0xa5,
    0x91, 0xe0, 0xd, 0x10, 0xe4, 0xb0, 0xae, 0x31,
    0xe0, 0xe, 0xee, 0xe4, 0xb0, 0x4f, 0x31, 0xe0,
    0xe, 0x0, 0xe4, 0xb0, 0xd7, 0xc1, 0xe0, 0xd,
    0x0, 0xe4, 0xbb, 0x60, 0xa4, 0xe0, 0x3c, 0x0,
    0xe4, 0xb4, 0x0, 0x1, 0xe0, 0x78, 0x0, 0xe4,
    0xfd, 0xdd, 0xdd, 0xe0, 0x74, 0x2e, 0x90, 0x11,
    0x11, 0x13, 0xe0, 0x0, 0x0, 0x0, 0x0, 0x0,
    0x0, 0x0,

    /* U+811A "脚" */
    0x0, 0x0, 0x0, 0x1c, 0x0, 0x0, 0x0, 0xcf,
    0xfb, 0x1, 0xc0, 0xf, 0xff, 0xc, 0x1, 0xb4,
    0x8e, 0x72, 0xd0, 0xe0, 0xc0, 0x1b, 0x59, 0xe8,
    0x3d, 0xe, 0xc, 0xff, 0xb0, 0x1c, 0x0, 0xd0,
    0xe0, 0xc0, 0x1b, 0x46, 0xd5, 0x3d, 0xe, 0xd,
    0x1, 0xb7, 0xcc, 0x95, 0xd0, 0xe0, 0xdd, 0xdb,
    0xa, 0x52, 0xd, 0xe, 0xd, 0x23, 0xb0, 0xd1,
    0xc0, 0xd0, 0xe0, 0xc0, 0x1b, 0x2b, 0xc, 0x2d,
    0x2e, 0x2b, 0x1, 0xb9, 0xba, 0xe6, 0xd9, 0x85,
    0x80, 0x2b, 0x56, 0x24, 0x5d, 0x0, 0x75, 0x6e,
    0x80, 0x0, 0x0, 0xd0, 0x0, 0x0, 0x0, 0x0,
    0x0, 0x1, 0x0,

    /* U+8138 "脸" */
    0x0, 0x0, 0x0, 0x0, 0x28, 0x0, 0x0, 0xc,
    0xff, 0xd0, 0x0, 0xcf, 0x20, 0x0, 0xc, 0x11,
    0xd0, 0x7, 0xc4, 0xd1, 0x0, 0xc, 0x11, 0xd0,
    0x6d, 0x10, 0x6d, 0x20, 0xc, 0xaa, 0xd8, 0xf6,
    0x33, 0x38, 0xe4, 0xc, 0x66, 0xec, 0x4b, 0xbb,
    0xb6, 0x47, 0xc, 0x11, 0xd0, 0x0, 0x1, 0x0,
    0x20, 0xd, 0x55, 0xd0, 0xc0, 0x2b, 0x3, 0xc0,
    0xe, 0xbb, 0xd0, 0x95, 0xd, 0x9, 0x50, 0xe,
    0x1, 0xd0, 0x4a, 0xc, 0x2c, 0x0, 0x2d, 0x1,
    0xd0, 0x3, 0x0, 0x94, 0x0, 0x69, 0x1, 0xd9,
    0xbb, 0xbb, 0xfb, 0xb5, 0x84, 0x4f, 0x93, 0x33,
    0x33, 0x33, 0x31, 0x0, 0x0, 0x0, 0x0, 0x0,
    0x0, 0x0,

    /* U+817F "腿" */
    0xc, 0xee, 0xa7, 0x10, 0xed, 0xdd, 0xd0, 0xc,
    0x13, 0xa6, 0x90, 0xe0, 0x0, 0xe0, 0xc, 0x13,
    0xa0, 0xa0, 0xfd, 0xdd, 0xe0, 0xc, 0xee, 0xa0,
    0x0, 0xe0, 0x0, 0xe0, 0xc, 0x13, 0xcd, 0xc0,
    0xfc, 0xcc, 0xe0, 0xc, 0x13, 0xa1, 0xd0, 0xe3,
    0x61, 0x51, 0xd, 0xdd, 0xa1, 0xd0, 0xe0, 0xda,
    0xb1, 0xd, 0x14, 0xa1, 0xd0, 0xe0, 0x2e, 0x20,
    0xd, 0x3, 0xa1, 0xd2, 0xfc, 0xc4, 0xc0, 0x1c,
    0x3, 0xa2, 0xe5, 0x93, 0x0, 0x71, 0x59, 0x3,
    0xcd, 0xac, 0x52, 0x11, 0x12, 0x65, 0x8e, 0xa6,
    0x2, 0x9c, 0xdd, 0xd8, 0x0, 0x0, 0x0, 0x0,
    0x0, 0x0, 0x0,

    /* U+81EA "自" */
    0x0, 0x0, 0xb4, 0x0, 0x0, 0x0, 0x2, 0xf0,
    0x0, 0x0, 0xef, 0xff, 0xff, 0xff, 0xfe, 0xe3,
    0x0, 0x0, 0x0, 0x3e, 0xe2, 0x0, 0x0, 0x0,
    0x2e, 0xef, 0xff, 0xff, 0xff, 0xfe, 0xe2, 0x0,
    0x0, 0x0, 0x3e, 0xe2, 0x0, 0x0, 0x0, 0x2e,
    0xee, 0xee, 0xee, 0xee, 0xee, 0xe3, 0x0, 0x0,
    0x0, 0x3e, 0xe2, 0x0, 0x0, 0x0, 0x2e, 0xee,
    0xdd, 0xdd, 0xdd, 0xee, 0xe3, 0x11, 0x11, 0x11,
    0x4d,

    /* U+820C "舌" */
    0x0, 0x0, 0x0, 0x1, 0x47, 0xb8, 0x0, 0x1,
    0xbc, 0xde, 0xfe, 0xb8, 0x40, 0x0, 0x0, 0x32,
    0x10, 0x79, 0x0, 0x0, 0x0, 0x0, 0x0, 0x0,
    0x79, 0x0, 0x0, 0x0, 0x1d, 0xdd, 0xdd, 0xee,
    0xdd, 0xdd, 0xd6, 0x2, 0x22, 0x22, 0x8a, 0x22,
    0x22, 0x21, 0x0, 0x0, 0x0, 0x79, 0x0, 0x0,
    0x0, 0x0, 0x12, 0x22, 0x9a, 0x22, 0x22, 0x0,
    0x0, 0x9e, 0xcc, 0xcc, 0xcc, 0xde, 0x0, 0x0,
    0x98, 0x0, 0x0, 0x0, 0x3e, 0x0, 0x0, 0x98,
    0x0, 0x0, 0x0, 0x3e, 0x0, 0x0, 0x99, 0x33,
    0x33, 0x33, 0x6e, 0x0, 0x0, 0x9e, 0xbb, 0xbb,
    0xbb, 0xcc, 0x0,

    /* U+8212 "舒" */
    0x0, 0x6, 0x30, 0x0, 0x0, 0x0, 0x0, 0x0,
    0x4f, 0xc1, 0xa, 0xee, 0xef, 0x70, 0x4, 0xe3,
    0x6e, 0x20, 0x10, 0x6d, 0x0, 0x4f, 0x50, 0x6,
    0xc2, 0xd8, 0xd1, 0x0, 0x14, 0xde, 0xea, 0x10,
    0xb, 0xa0, 0x0, 0x0, 0x9, 0x60, 0x9, 0x99,
    0xfa, 0x90, 0xd, 0xef, 0xee, 0xa4, 0x4c, 0x77,
    0xc0, 0x0, 0x9, 0x60, 0x0, 0xb, 0x4a, 0x50,
    0x8, 0xdf, 0xed, 0x50, 0xb, 0x40, 0x0, 0x9,
    0x60, 0x9, 0x60, 0xb, 0x40, 0x0, 0x9, 0x50,
    0x9, 0x60, 0xb, 0x40, 0x0, 0x9, 0xed, 0xdf,
    0x60, 0xb, 0x40, 0x0, 0x9, 0x50, 0x4, 0x21,
    0xfd, 0x10, 0x0,

    /* U+8272 "色" */
    0x0, 0x0, 0x0, 0x0, 0x0, 0x0, 0x0, 0x0,
    0xb, 0x40, 0x0, 0x0, 0x0, 0x0, 0x6, 0xfc,
    0xbb, 0xb1, 0x0, 0x0, 0x2, 0xe4, 0x22, 0x8b,
    0x0, 0x0, 0x4, 0xe6, 0x0, 0x2e, 0x20, 0x0,
    0x5, 0xff, 0xfe, 0xef, 0xfe, 0xee, 0x40, 0x45,
    0xd3, 0x0, 0xc4, 0x0, 0xc4, 0x0, 0xd, 0x20,
    0xc, 0x30, 0xb, 0x40, 0x0, 0xd6, 0x33, 0xd6,
    0x33, 0xc4, 0x0, 0xd, 0xcc, 0xcc, 0xcc, 0xcf,
    0x40, 0x0, 0xd2, 0x0, 0x0, 0x0, 0x11, 0x10,
    0xd, 0x20, 0x0, 0x0, 0x0, 0x6a, 0x0, 0xc6,
    0x0, 0x0, 0x0, 0xb, 0x70, 0x4, 0xdf, 0xff,
    0xff, 0xff, 0xb1,

    /* U+82F9 "苹" */
    0x0, 0x0, 0xd2, 0x0, 0xd, 0x20, 0x0, 0xb,
    0xcc, 0xfd, 0xcc, 0xcf, 0xdc, 0xc4, 0x2, 0x22,
    0xe4, 0x22, 0x2e, 0x52, 0x20, 0x0, 0x0, 0x51,
    0x0, 0x5, 0x10, 0x0, 0x3, 0xff, 0xff, 0xff,
    0xff, 0xff, 0xa0, 0x0, 0x36, 0x0, 0x6a, 0x0,
    0x47, 0x0, 0x0, 0xd, 0x40, 0x6a, 0x0, 0xd4,
    0x0, 0x0, 0x4, 0xc0, 0x6a, 0x8, 0x80, 0x0,
    0xb, 0xbb, 0xcb, 0xde, 0xbb, 0xbb, 0xb5, 0x3,
    0x33, 0x33, 0x8c, 0x33, 0x33, 0x31, 0x0, 0x0,
    0x0, 0x6a, 0x0, 0x0, 0x0, 0x0, 0x0, 0x0,
    0x6a, 0x0, 0x0, 0x0, 0x0, 0x0, 0x0, 0x6a,
    0x0, 0x0, 0x0,

    /* U+8304 "茄" */
    0x0, 0x0, 0xf0, 0x0, 0x1e, 0x0, 0x0, 0x1b,
    0xbb, 0xfb, 0xbb, 0xbf, 0xbb, 0xb1, 0x4, 0x44,
    0xf4, 0x44, 0x5f, 0x44, 0x40, 0x0, 0x19, 0xb0,
    0x0, 0x1a, 0x0, 0x0, 0x0, 0x3d, 0x0, 0x1,
    0x55, 0x55, 0x30, 0x2c, 0xdf, 0xcc, 0xa2, 0xea,
    0xac, 0xb0, 0x2, 0x7b, 0x25, 0xc2, 0xc0, 0x5,
    0xb0, 0x0, 0x78, 0x4, 0xb2, 0xc0, 0x5, 0xb0,
    0x0, 0xa5, 0x4, 0xb2, 0xc0, 0x5, 0xb0, 0x0,
    0xd2, 0x5, 0xa2, 0xc0, 0x5, 0xb0, 0x3, 0xd0,
    0x6, 0x92, 0xc0, 0x5, 0xb0, 0xc, 0x60, 0x9,
    0x72, 0xfe, 0xef, 0xb0, 0x4b, 0x5, 0xee, 0x22,
    0xd0, 0x4, 0x90, 0x0, 0x0, 0x0, 0x0, 0x0,
    0x0, 0x0,

    /* U+8336 "茶" */
    0x0, 0x2, 0xe0, 0x0, 0xf, 0x10, 0x0, 0x2,
    0x24, 0xe2, 0x22, 0x2f, 0x32, 0x20, 0x1d, 0xdd,
    0xfd, 0xdd, 0xdf, 0xdd, 0xd2, 0x0, 0x2, 0xe0,
    0x77, 0xf, 0x10, 0x0, 0x0, 0x0, 0x27, 0xdc,
    0x72, 0x0, 0x0, 0x0, 0x3, 0xbb, 0x33, 0x9c,
    0x40, 0x0, 0x5, 0xcf, 0x80, 0x89, 0x5, 0xdd,
    0x71, 0x3e, 0x93, 0x22, 0x9a, 0x22, 0x27, 0xd3,
    0x0, 0x7d, 0xdd, 0xee, 0xdd, 0xd6, 0x0, 0x0,
    0x6, 0x80, 0x89, 0x8, 0x20, 0x0, 0x0, 0x4e,
    0x20, 0x89, 0x5, 0xe4, 0x0, 0x6, 0xe3, 0x0,
    0x89, 0x0, 0x3e, 0x50, 0x2, 0x10, 0x1e, 0xe5,
    0x0, 0x2, 0x10,

    /* U+8349 "草" */
    0x0, 0x0, 0xe1, 0x0, 0x1e, 0x0, 0x0, 0x1e,
    0xee, 0xff, 0xee, 0xff, 0xee, 0xe2, 0x0, 0x0,
    0xe1, 0x0, 0x2e, 0x0, 0x0, 0x0, 0x6a, 0xba,
    0xaa, 0xab, 0xa6, 0x0, 0x0, 0x98, 0x22, 0x22,
    0x22, 0x89, 0x0, 0x0, 0x98, 0x22, 0x22, 0x22,
    0x89, 0x0, 0x0, 0x9c, 0x99, 0x99, 0x99, 0xc9,
    0x0, 0x0, 0x98, 0x22, 0x22, 0x22, 0x89, 0x0,
    0x0, 0x6b, 0xbb, 0xdd, 0xbb, 0xb7, 0x0, 0x0,
    0x0, 0x0, 0x97, 0x0, 0x0, 0x0, 0x3f, 0xff,
    0xff, 0xff, 0xff, 0xff, 0xf4, 0x0, 0x0, 0x0,
    0x97, 0x0, 0x0, 0x0, 0x0, 0x0, 0x0, 0x97,
    0x0, 0x0, 0x0,

    /* U+836F "药" */
    0x0, 0x0, 0xf0, 0x0, 0x2e, 0x0, 0x0, 0x1d,
    0xdd, 0xfd, 0xdd, 0xdf, 0xdd, 0xd2, 0x1, 0x11,
    0xf2, 0x11, 0x4e, 0x11, 0x10, 0x0, 0xc, 0x20,
    0x3, 0xd0, 0x0, 0x0, 0x0, 0x7a, 0x0, 0x9,
    0xa1, 0x11, 0x10, 0x2, 0xd1, 0x27, 0x1f, 0xdd,
    0xdd, 0xc0, 0x1d, 0xb7, 0xd3, 0xb9, 0x0, 0x4,
    0xc0, 0x8, 0x7e, 0x50, 0x73, 0x80, 0x4, 0xb0,
    0x0, 0xb6, 0x13, 0x0, 0xc5, 0x5, 0xa0, 0xd,
    0xfe, 0xc9, 0x0, 0x3d, 0x7, 0x90, 0x2, 0x0,
    0x1, 0x0, 0x1, 0x8, 0x70, 0x17, 0xac, 0xed,
    0x10, 0x0, 0xc, 0x40, 0x7, 0x52, 0x0, 0x0,
    0xd, 0xfb, 0x0, 0x0, 0x0, 0x0, 0x0, 0x0,
    0x0, 0x0,

    /* U+8393 "莓" */
    0x0, 0x0, 0xf1, 0x0, 0xe, 0x10, 0x0, 0xe,
    0xee, 0xfe, 0xee, 0xef, 0xee, 0xe6, 0x0, 0x7,
    0xd1, 0x0, 0xd, 0x10, 0x0, 0x0, 0x6f, 0x99,
    0x99, 0x99, 0x99, 0x91, 0x1, 0xd5, 0x44, 0x44,
    0x44, 0x44, 0x40, 0xc, 0x6b, 0xcc, 0xcc, 0xcc,
    0xcb, 0x0, 0x5, 0xf, 0x0, 0xa6, 0x0, 0x2d,
    0x0, 0x0, 0xf, 0x0, 0x9, 0x70, 0x3c, 0x0,
    0x1e, 0xef, 0xee, 0xee, 0xee, 0xef, 0xe6, 0x0,
    0x3c, 0x1, 0xc8, 0x0, 0x5a, 0x0, 0x0, 0x5b,
    0x11, 0x18, 0x81, 0x7a, 0x10, 0x0, 0x5b, 0xbb,
    0xbb, 0xbb, 0xed, 0xb0, 0x0, 0x0, 0x0, 0x0,
    0xcc, 0xc1, 0x0,

    /* U+83DC "菜" */
    0x0, 0x0, 0xd2, 0x0, 0x2d, 0x0, 0x0, 0x2e,
    0xee, 0xff, 0xee, 0xff, 0xee, 0xe2, 0x0, 0x0,
    0xd2, 0x0, 0x2d, 0x1, 0x0, 0x0, 0x1, 0x44,
    0x57, 0x9c, 0xfc, 0x0, 0x8, 0xed, 0xcb, 0xa9,
    0x75, 0x21, 0x0, 0x0, 0x91, 0x0, 0xd1, 0x0,
    0x2e, 0x10, 0x0, 0x6b, 0x0, 0x95, 0x0, 0xc5,
    0x0, 0x0, 0x4, 0x0, 0x87, 0x0, 0x50, 0x0,
    0x2e, 0xee, 0xee, 0xff, 0xee, 0xee, 0xe3, 0x0,
    0x0, 0x4d, 0xdc, 0xd4, 0x0, 0x0, 0x0, 0x19,
    0xd2, 0x98, 0x3e, 0x81, 0x0, 0x2a, 0xf9, 0x10,
    0x98, 0x1, 0x9f, 0xa2, 0x18, 0x10, 0x0, 0x98,
    0x0, 0x1, 0x70,

    /* U+8404 "萄" */
    0x0, 0x0, 0xf0, 0x0, 0xf, 0x0, 0x0, 0x1d,
    0xdd, 0xfd, 0xdd, 0xdf, 0xdd, 0xd2, 0x1, 0x14,
    0xf2, 0x11, 0x2f, 0x11, 0x10, 0x0, 0x7d, 0x0,
    0x0, 0x0, 0x0, 0x0, 0x1, 0xee, 0xee, 0xee,
    0xee, 0xee, 0x90, 0xb, 0xa4, 0x70, 0x0, 0x0,
    0x7, 0x90, 0x4b, 0x1d, 0xcd, 0xec, 0xcb, 0x7,
    0x80, 0x0, 0x55, 0x5, 0xa0, 0x0, 0x8, 0x80,
    0x5, 0xdd, 0xde, 0xfd, 0xdd, 0x69, 0x70, 0x0,
    0x34, 0x5, 0xa0, 0x15, 0xa, 0x60, 0x0, 0x68,
    0x5, 0xa0, 0x3b, 0xb, 0x50, 0x0, 0x6e, 0xdd,
    0xed, 0xda, 0xe, 0x20, 0x0, 0x0, 0x0, 0x0,
    0x8, 0xdb, 0x0,

    /* U+841D "萝" */
    0x0, 0x0, 0xf0, 0x0, 0xf, 0x0, 0x0, 0x1e,
    0xee, 0xfe, 0xee, 0xef, 0xee, 0xe2, 0x0, 0x1,
    0xf0, 0x0, 0x1f, 0x0, 0x0, 0x4, 0xaa, 0xaa,
    0xaa, 0xaa, 0xaa, 0x50, 0x6, 0xa3, 0x4d, 0x33,
    0xd3, 0x39, 0x70, 0x6, 0x80, 0x1c, 0x0, 0xd0,
    0x7, 0x70, 0x5, 0xee, 0xef, 0xee, 0xee, 0xee,
    0x70, 0x0, 0x0, 0x4e, 0x30, 0x0, 0x0, 0x0,
    0x0, 0x29, 0xee, 0xee, 0xee, 0xf8, 0x0, 0x5,
    0xd6, 0x72, 0x0, 0x7, 0xc0, 0x0, 0x0, 0x0,
    0x6e, 0x62, 0xac, 0x10, 0x0, 0x0, 0x0, 0x17,
    0xfe, 0x50, 0x0, 0x0, 0x7, 0xbd, 0xd9, 0x40,
    0x0, 0x0, 0x0, 0x3, 0x30, 0x0, 0x0, 0x0,
    0x0, 0x0,

    /* U+8461 "葡" */
    0x0, 0x0, 0xf0, 0x0, 0x1e, 0x0, 0x0, 0x1f,
    0xff, 0xff, 0xff, 0xff, 0xff, 0xf2, 0x0, 0x4,
    0xf0, 0x0, 0x1e, 0x0, 0x0, 0x0, 0x5e, 0x10,
    0x0, 0x1, 0x0, 0x0, 0x0, 0xde, 0xee, 0xee,
    0xee, 0xee, 0xb0, 0x9, 0xd0, 0x5, 0x83, 0xb1,
    0x4, 0xb0, 0x4e, 0x89, 0x9c, 0xd9, 0x99, 0x5,
    0xa0, 0x0, 0x4a, 0xac, 0xda, 0xa7, 0x6, 0xa0,
    0x0, 0x69, 0x27, 0xa2, 0x5a, 0x7, 0x90, 0x0,
    0x6b, 0x7a, 0xc7, 0x9a, 0x8, 0x80, 0x0, 0x6d,
    0xac, 0xda, 0xba, 0x9, 0x70, 0x0, 0x67, 0x5,
    0x80, 0x3a, 0xc, 0x40, 0x0, 0x67, 0x5, 0x83,
    0xce, 0xfc, 0x0, 0x0, 0x0, 0x0, 0x0, 0x0,
    0x0, 0x0,

    /* U+8471 "葱" */
    0x0, 0x0, 0xf0, 0x0, 0x2e, 0x0, 0x0, 0x1e,
    0xee, 0xfe, 0xee, 0xef, 0xee, 0xe2, 0x0, 0x2,
    0xe0, 0x0, 0x1c, 0x0, 0x0, 0x0, 0xd, 0xda,
    0xaa, 0xaa, 0xaa, 0x20, 0x0, 0xb9, 0x2a, 0x92,
    0xd6, 0x2e, 0x10, 0x1d, 0x97, 0xcf, 0x43, 0xd0,
    0xf, 0x0, 0x3, 0x3, 0xe8, 0xcf, 0xb2, 0x1e,
    0x0, 0x0, 0x4e, 0x30, 0x9a, 0x88, 0x6b, 0x0,
    0x0, 0x53, 0x1, 0xa0, 0xb, 0xc3, 0x0, 0x0,
    0x40, 0xa0, 0xa8, 0x0, 0x24, 0x0, 0x2, 0xd0,
    0xf0, 0xb, 0x33, 0x3e, 0x20, 0xc, 0x60, 0xf1,
    0x0, 0xa, 0x56, 0xb0, 0x29, 0x0, 0xaf, 0xff,
    0xfd, 0x10, 0x80,

    /* U+84DD "蓝" */
    0x0, 0x0, 0xf1, 0x0, 0x1f, 0x0, 0x0, 0x2e,
    0xee, 0xfe, 0xee, 0xef, 0xee, 0xe3, 0x0, 0x0,
    0xc1, 0x0, 0x1d, 0x0, 0x0, 0x0, 0x0, 0x64,
    0x1, 0xe0, 0x0, 0x0, 0x2, 0xc0, 0x97, 0x6,
    0xe8, 0x88, 0x60, 0x2, 0xc0, 0x97, 0xc, 0x88,
    0x65, 0x30, 0x2, 0xc0, 0x97, 0x5c, 0x7, 0xa0,
    0x0, 0x2, 0xc0, 0x97, 0x33, 0x0, 0xd4, 0x0,
    0x0, 0x11, 0x44, 0x11, 0x11, 0x42, 0x0, 0x0,
    0xcc, 0xbf, 0xcb, 0xfb, 0xce, 0x0, 0x0, 0xc2,
    0xd, 0x0, 0xe0, 0x1e, 0x0, 0x0, 0xc2, 0xd,
    0x0, 0xe0, 0x1e, 0x0, 0x5e, 0xfe, 0xef, 0xee,
    0xfe, 0xef, 0xe5,

    /* U+852C "蔬" */
    0x0, 0x0, 0xf1, 0x0, 0x1e, 0x0, 0x0, 0x2e,
    0xee, 0xff, 0xee, 0xff, 0xee, 0xe3, 0x0, 0x0,
    0xf1, 0x0, 0x1d, 0x0, 0x0, 0x8, 0x88, 0x85,
    0x0, 0x2b, 0x0, 0x0, 0x6, 0x66, 0xe7, 0xee,
    0xef, 0xee, 0xe3, 0x0, 0x8, 0x80, 0x7, 0xb0,
    0x59, 0x0, 0xa, 0x2b, 0x30, 0x7f, 0x77, 0x7e,
    0x80, 0xa, 0x2b, 0xda, 0x57, 0x65, 0x44, 0x90,
    0xa, 0x2b, 0x41, 0x2a, 0x1a, 0xd, 0x0, 0xa,
    0x2b, 0x30, 0x3a, 0x1b, 0xd, 0x0, 0xa, 0x3b,
    0x99, 0x69, 0x1b, 0xd, 0x1, 0x3d, 0xec, 0x85,
    0xd3, 0x1b, 0xd, 0x19, 0x13, 0x0, 0xc, 0x70,
    0x5, 0xc, 0xc6, 0x0, 0x0, 0x0, 0x0, 0x0,
    0x0, 0x0,

    /* U+8549 "蕉" */
    0x0, 0x0, 0xf0, 0x0, 0xf, 0x0, 0x0, 0x1e,
    0xee, 0xfe, 0xee, 0xef, 0xee, 0xe2, 0x0, 0x3,
    0xd0, 0x16, 0xd, 0x0, 0x0, 0x0, 0x1e, 0x20,
    0xe, 0x30, 0x0, 0x0, 0x0, 0xaf, 0xdd, 0xdf,
    0xdd, 0xdd, 0x60, 0x8, 0xfb, 0x0, 0xb, 0x40,
    0x0, 0x0, 0x1c, 0x6e, 0xaa, 0xae, 0xba, 0xaa,
    0x0, 0x0, 0x4d, 0x66, 0x6d, 0x86, 0x66, 0x0,
    0x0, 0x4c, 0x33, 0x3c, 0x63, 0x33, 0x0, 0x0,
    0x4f, 0xdd, 0xdf, 0xdd, 0xdd, 0x70, 0x0, 0x65,
    0x2, 0x1, 0x30, 0x16, 0x0, 0x4, 0xc0, 0x3c,
    0x2, 0xe0, 0xb, 0x80, 0xc, 0x10, 0xd, 0x0,
    0x94, 0x1, 0xd1, 0x0, 0x0, 0x0, 0x0, 0x0,
    0x0, 0x0,

    /* U+86CB "蛋" */
    0x0, 0x0, 0x0, 0x0, 0x0, 0x0, 0x0, 0x9,
    0xdd, 0xdd, 0xfe, 0xdd, 0xde, 0xc0, 0x0, 0x8,
    0x20, 0xd3, 0x0, 0xb, 0x50, 0x0, 0x3f, 0x30,
    0xdd, 0xcc, 0x66, 0x0, 0x0, 0xc8, 0xc6, 0xd3,
    0x0, 0x0, 0x0, 0x2d, 0x90, 0x17, 0xbe, 0xee,
    0xee, 0xe3, 0x57, 0x0, 0x0, 0x82, 0x0, 0x0,
    0x0, 0x0, 0xdc, 0xcc, 0xfd, 0xcc, 0xcd, 0x0,
    0x0, 0xe1, 0x0, 0xc3, 0x0, 0x2e, 0x0, 0x0,
    0xed, 0xdd, 0xfd, 0xdd, 0xde, 0x0, 0x0, 0x0,
    0x0, 0xc3, 0xb, 0x70, 0x0, 0x2, 0x22, 0x33,
    0xd7, 0x48, 0xfb, 0x10, 0x1e, 0xdd, 0xcb, 0xba,
    0x98, 0x89, 0xd1, 0x0, 0x0, 0x0, 0x0, 0x0,
    0x0, 0x30,

    /* U+884C "行" */
    0x0, 0x5, 0x70, 0x0, 0x0, 0x0, 0x0, 0x0,
    0x4e, 0x30, 0x7f, 0xff, 0xff, 0xf6, 0x6, 0xe3,
    0x0, 0x0, 0x0, 0x0, 0x0, 0x1d, 0x20, 0x93,
    0x0, 0x0, 0x0, 0x0, 0x0, 0x7, 0xd0, 0x0,
    0x0, 0x0, 0x0, 0x0, 0x4f, 0x21, 0xff, 0xff,
    0xff, 0xfc, 0x5, 0xfe, 0x0, 0x0, 0x0, 0x6a,
    0x0, 0x3f, 0x6e, 0x0, 0x0, 0x0, 0x6a, 0x0,
    0x1, 0x1e, 0x0, 0x0, 0x0, 0x6a, 0x0, 0x0,
    0x1e, 0x0, 0x0, 0x0, 0x6a, 0x0, 0x0, 0x1e,
    0x0, 0x0, 0x0, 0x6a, 0x0, 0x0, 0x1e, 0x0,
    0x0, 0x0, 0x7a, 0x0, 0x0, 0x1e, 0x0, 0x0,
    0xcf, 0xe6, 0x0, 0x0, 0x1, 0x0, 0x0, 0x0,
    0x0, 0x0,

    /* U+8863 "衣" */
    0x0, 0x0, 0x0, 0x62, 0x0, 0x0, 0x0, 0x0,
    0x0, 0x0, 0xaa, 0x0, 0x0, 0x0, 0x4, 0x44,
    0x44, 0x7d, 0x44, 0x44, 0x40, 0x1b, 0xbb, 0xbc,
    0xff, 0xcb, 0xbb, 0xb1, 0x0, 0x0, 0xa, 0xae,
    0x20, 0x0, 0x0, 0x0, 0x0, 0xab, 0x9, 0x60,
    0x9, 0x70, 0x0, 0x3c, 0xd0, 0x5, 0xb0, 0x8c,
    0x10, 0x19, 0xfb, 0xa0, 0x0, 0xea, 0xb0, 0x0,
    0x3a, 0x15, 0xa0, 0x0, 0x7e, 0x0, 0x0, 0x0,
    0x5, 0xa0, 0x0, 0xd, 0x70, 0x0, 0x0, 0x5,
    0xa0, 0x3, 0x42, 0xe6, 0x0, 0x0, 0x7, 0xd9,
    0xed, 0x60, 0x3e, 0xa1, 0x0, 0xe, 0xd7, 0x20,
    0x0, 0x1, 0xb3, 0x0, 0x1, 0x0, 0x0, 0x0,
    0x0, 0x0,

    /* U+8868 "表" */
    0x0, 0x0, 0x0, 0x87, 0x0, 0x0, 0x0, 0x6,
    0xbb, 0xbb, 0xed, 0xbb, 0xbb, 0x70, 0x1, 0x22,
    0x22, 0xa9, 0x22, 0x22, 0x10, 0x0, 0x22, 0x22,
    0xa9, 0x22, 0x22, 0x0, 0x0, 0x8a, 0xaa, 0xdd,
    0xaa, 0xaa, 0x0, 0x1, 0x11, 0x11, 0x98, 0x11,
    0x11, 0x10, 0x1d, 0xdd, 0xde, 0xff, 0xdd, 0xdd,
    0xd1, 0x0, 0x0, 0x6d, 0x3c, 0x50, 0x5, 0x30,
    0x0, 0x3b, 0xd1, 0x4, 0xe0, 0x7d, 0x20, 0x2c,
    0xeb, 0xa0, 0x0, 0xae, 0x90, 0x0, 0x5, 0x6,
    0xa0, 0x1, 0x1c, 0xa1, 0x0, 0x0, 0x6, 0xc7,
    0xce, 0x20, 0xae, 0x71, 0x0, 0xc, 0xe9, 0x40,
    0x0, 0x3, 0xa2, 0x0, 0x1, 0x0, 0x0, 0x0,
    0x0, 0x0,

    /* U+88C5 "装" */
    0x0, 0x1, 0xd0, 0x0, 0x3d, 0x0, 0x0, 0x9,
    0x81, 0xd0, 0x0, 0x3d, 0x0, 0x0, 0x0, 0xa4,
    0xd7, 0xee, 0xff, 0xee, 0xe3, 0x0, 0x3, 0xd0,
    0x0, 0x3d, 0x0, 0x0, 0x4, 0xbc, 0xd0, 0x0,
    0x3d, 0x0, 0x0, 0x1a, 0x31, 0xd1, 0xee, 0xef,
    0xee, 0xe0, 0x0, 0x0, 0x80, 0x74, 0x0, 0x0,
    0x0, 0x1, 0x11, 0x11, 0x8a, 0x11, 0x11, 0x10,
    0xc, 0xcc, 0xce, 0xff, 0xcc, 0xcc, 0xc5, 0x0,
    0x1, 0x9b, 0x19, 0x80, 0x2b, 0x40, 0x7, 0xbe,
    0xc0, 0x0, 0xcb, 0xb3, 0x0, 0x7, 0x24, 0xb1,
    0x47, 0x1b, 0xc4, 0x0, 0x0, 0xb, 0xfd, 0x95,
    0x0, 0x4b, 0xe5, 0x0, 0x3, 0x10, 0x0, 0x0,
    0x0, 0x10,

    /* U+88D9 "裙" */
    0x1, 0x70, 0x0, 0x0, 0x0, 0x0, 0x0, 0x0,
    0xc5, 0x0, 0xce, 0xfe, 0xef, 0x20, 0x16, 0x88,
    0x30, 0x0, 0xd1, 0xc, 0x20, 0x17, 0x7c, 0x7b,
    0xdd, 0xfd, 0xdf, 0xe1, 0x0, 0xe, 0x11, 0x13,
    0xc1, 0x1d, 0x30, 0x0, 0x6b, 0x51, 0x4, 0x90,
    0xc, 0x20, 0x1, 0xe9, 0xb0, 0xef, 0xfe, 0xee,
    0x20, 0xb, 0xfd, 0x50, 0x1e, 0x10, 0x0, 0x0,
    0x6b, 0xc4, 0xb0, 0xaf, 0xff, 0xff, 0x70, 0x0,
    0xc3, 0x1b, 0xce, 0x0, 0x8, 0x70, 0x0, 0xc3,
    0x48, 0xe, 0x0, 0x8, 0x70, 0x0, 0xc3, 0x0,
    0xf, 0xaa, 0xad, 0x70, 0x0, 0xc3, 0x0, 0xe,
    0x33, 0x3a, 0x70, 0x0, 0x0, 0x0, 0x0, 0x0,
    0x0, 0x0,

    /* U+897F "西" */
    0x2f, 0xff, 0xff, 0xff, 0xff, 0xff, 0xf2, 0x0,
    0x0, 0xf, 0x0, 0xf0, 0x0, 0x0, 0x0, 0x0,
    0xe, 0x0, 0xf0, 0x0, 0x0, 0x6, 0xee, 0xef,
    0xee, 0xfe, 0xee, 0x70, 0x6, 0xa0, 0x2d, 0x1,
    0xf0, 0x8, 0x80, 0x6, 0x90, 0x5a, 0x0, 0xf0,
    0x8, 0x80, 0x6, 0x91, 0xd3, 0x0, 0xf1, 0x8,
    0x80, 0x6, 0xbd, 0x70, 0x0, 0xbf, 0xff, 0x80,
    0x6, 0x93, 0x0, 0x0, 0x0, 0x8, 0x80, 0x6,
    0x90, 0x0, 0x0, 0x0, 0x8, 0x80, 0x6, 0xfe,
    0xee, 0xee, 0xee, 0xef, 0x80, 0x6, 0xa0, 0x0,
    0x0, 0x0, 0x8, 0x70,

    /* U+8981 "要" */
    0xd, 0xee, 0xff, 0xee, 0xff, 0xee, 0xe3, 0x0,
    0x0, 0xf, 0x0, 0xc3, 0x0, 0x0, 0x2, 0xfd,
    0xef, 0xdd, 0xfe, 0xde, 0x90, 0x2, 0xd0, 0xf,
    0x0, 0xc3, 0x6, 0x90, 0x2, 0xd0, 0x1f, 0x0,
    0xc4, 0x7, 0x90, 0x2, 0xcc, 0xce, 0xec, 0xcc,
    0xcc, 0x70, 0x0, 0x0, 0xd, 0x50, 0x0, 0x0,
    0x0, 0x1e, 0xee, 0xff, 0xee, 0xef, 0xfe, 0xe6,
    0x0, 0x3, 0xe1, 0x0, 0xd, 0x60, 0x0, 0x0,
    0xd, 0xe9, 0x53, 0xc9, 0x0, 0x0, 0x0, 0x0,
    0x3a, 0xff, 0xfa, 0x51, 0x0, 0x9, 0xcd, 0xd9,
    0x40, 0x15, 0xaf, 0xa0, 0x2, 0x10, 0x0, 0x0,
    0x0, 0x1, 0x10,

    /* U+89C1 "见" */
    0x0, 0x4f, 0xff, 0xff, 0xff, 0xfe, 0x0, 0x0,
    0x4c, 0x0, 0x0, 0x0, 0x4e, 0x0, 0x0, 0x4c,
    0x0, 0x45, 0x0, 0x3e, 0x0, 0x0, 0x4c, 0x0,
    0x89, 0x0, 0x3e, 0x0, 0x0, 0x4c, 0x0, 0x98,
    0x0, 0x3e, 0x0, 0x0, 0x4c, 0x0, 0xa7, 0x0,
    0x3e, 0x0, 0x0, 0x4c, 0x0, 0xd4, 0x0, 0x3e,
    0x0, 0x0, 0x4c, 0x1, 0xf8, 0x70, 0x3e, 0x0,
    0x0, 0x0, 0x7, 0xb8, 0x70, 0x0, 0x10, 0x0,
    0x0, 0x3f, 0x38, 0x70, 0x0, 0x4a, 0x0, 0x18,
    0xf5, 0x8, 0x80, 0x0, 0x78, 0xb, 0xfa, 0x20,
    0x4, 0xef, 0xff, 0xe2, 0x2, 0x0, 0x0, 0x0,
    0x0, 0x0, 0x0,

    /* U+89D2 "角" */
    0x0, 0x6, 0xb0, 0x0, 0x0, 0x0, 0x0, 0x2f,
    0xee, 0xee, 0xf2, 0x0, 0x1, 0xc8, 0x0, 0x8,
    0x90, 0x0, 0x2d, 0xfb, 0xbb, 0xbf, 0xcb, 0xb2,
    0xba, 0xf3, 0x33, 0xf4, 0x33, 0xd3, 0x2, 0xe0,
    0x0, 0xf1, 0x0, 0xd3, 0x2, 0xfe, 0xee, 0xfe,
    0xee, 0xf3, 0x3, 0xe0, 0x0, 0xf1, 0x0, 0xd3,
    0x4, 0xd0, 0x0, 0xf1, 0x0, 0xd3, 0x6, 0xfe,
    0xee, 0xff, 0xee, 0xf3, 0xa, 0x70, 0x0, 0xf1,
    0x0, 0xd3, 0x2f, 0x10, 0x0, 0xf1, 0x0, 0xd3,
    0xa6, 0x0, 0x0, 0xf1, 0xcf, 0xc1, 0x0, 0x0,
    0x0, 0x0, 0x0, 0x0,

    /* U+8BA1 "计" */
    0x0, 0x71, 0x0, 0x0, 0x5b, 0x0, 0x0, 0x0,
    0x7d, 0x10, 0x0, 0x5b, 0x0, 0x0, 0x0, 0x8,
    0x80, 0x0, 0x5b, 0x0, 0x0, 0x0, 0x0, 0x0,
    0x0, 0x5b, 0x0, 0x0, 0x25, 0x55, 0x1, 0x11,
    0x6c, 0x11, 0x10, 0x3a, 0xbe, 0xe, 0xff, 0xff,
    0xff, 0xf4, 0x0, 0x1e, 0x0, 0x0, 0x5b, 0x0,
    0x0, 0x0, 0x1e, 0x0, 0x0, 0x5b, 0x0, 0x0,
    0x0, 0x1e, 0x0, 0x0, 0x5b, 0x0, 0x0, 0x0,
    0x1e, 0x4, 0x0, 0x5b, 0x0, 0x0, 0x0, 0x2f,
    0xd8, 0x0, 0x5b, 0x0, 0x0, 0x0, 0x8e, 0x40,
    0x0, 0x5b, 0x0, 0x0, 0x0, 0x52, 0x0, 0x0,
    0x5b, 0x0, 0x0,

    /* U+8BA4 "认" */
    0x0, 0x61, 0x0, 0x0, 0x1f, 0x0, 0x0, 0x0,
    0x8d, 0x10, 0x0, 0x1e, 0x0, 0x0, 0x0, 0x9,
    0xa0, 0x0, 0x2e, 0x0, 0x0, 0x0, 0x0, 0x10,
    0x0, 0x2e, 0x0, 0x0, 0x2, 0x22, 0x0, 0x0,
    0x3d, 0x0, 0x0, 0x4d, 0xdf, 0x0, 0x0, 0x5f,
    0x0, 0x0, 0x0, 0xf, 0x0, 0x0, 0x7f, 0x20,
    0x0, 0x0, 0xf, 0x0, 0x0, 0xaf, 0x70, 0x0,
    0x0, 0xf, 0x0, 0x0, 0xf5, 0xc0, 0x0, 0x0,
    0xf, 0x4, 0x5, 0xd0, 0xc4, 0x0, 0x0, 0xf,
    0xbc, 0xc, 0x70, 0x6c, 0x0, 0x0, 0x5f, 0x70,
    0x8d, 0x0, 0xc, 0xa0, 0x0, 0x53, 0x7, 0xe2,
    0x0, 0x1, 0xd7, 0x0, 0x0, 0x0, 0x10, 0x0,
    0x0, 0x10,

    /* U+8BB0 "记" */
    0x0, 0x50, 0x0, 0x0, 0x0, 0x0, 0x0, 0x0,
    0xc9, 0x5, 0xff, 0xff, 0xff, 0x30, 0x0, 0xd,
    0x50, 0x11, 0x11, 0x1d, 0x30, 0x0, 0x1, 0x0,
    0x0, 0x0, 0xc, 0x30, 0x15, 0x54, 0x0, 0x0,
    0x0, 0xc, 0x30, 0x4c, 0xce, 0x0, 0x0, 0x0,
    0xc, 0x30, 0x0, 0x1e, 0x0, 0xef, 0xff, 0xff,
    0x30, 0x0, 0x1e, 0x0, 0xe2, 0x0, 0x4, 0x10,
    0x0, 0x1e, 0x0, 0xe2, 0x0, 0x0, 0x0, 0x0,
    0x1e, 0x0, 0xe2, 0x0, 0x0, 0x40, 0x0, 0x1f,
    0xb5, 0xe2, 0x0, 0x0, 0xd3, 0x0, 0x5f, 0x70,
    0xe4, 0x0, 0x1, 0xf0, 0x0, 0x74, 0x0, 0x8f,
    0xff, 0xff, 0x80,

    /* U+8BB7 "讷" */
    0x0, 0x50, 0x0, 0x0, 0xf, 0x0, 0x0, 0x0,
    0xc9, 0x0, 0x0, 0xf, 0x0, 0x0, 0x0, 0x1d,
    0x50, 0x0, 0xf, 0x0, 0x0, 0x0, 0x1, 0x0,
    0x99, 0x9f, 0x99, 0x90, 0x2, 0x21, 0x1, 0xf7,
    0x8e, 0x77, 0xf0, 0x2d, 0xec, 0x1, 0xe0, 0x4c,
    0x0, 0xf0, 0x0, 0x3c, 0x1, 0xe0, 0x7f, 0x20,
    0xf0, 0x0, 0x3c, 0x1, 0xe0, 0xc9, 0xc0, 0xf0,
    0x0, 0x3c, 0x1, 0xe3, 0xd0, 0xc5, 0xf0, 0x0,
    0x3c, 0x14, 0xed, 0x40, 0x3d, 0xf0, 0x0, 0x3e,
    0xe8, 0xe2, 0x0, 0x0, 0xf0, 0x0, 0xae, 0x31,
    0xe0, 0x0, 0x1, 0xf0, 0x0, 0x41, 0x1, 0xe0,
    0x0, 0xce, 0xa0,

    /* U+8BBE "设" */
    0x0, 0x10, 0x0, 0x0, 0x0, 0x0, 0x0, 0x0,
    0xc7, 0x0, 0xe, 0xff, 0xfc, 0x0, 0x0, 0x1c,
    0x70, 0xf, 0x10, 0x3c, 0x0, 0x0, 0x1, 0x10,
    0x2e, 0x0, 0x3c, 0x0, 0x16, 0x65, 0x2, 0xd6,
    0x0, 0x1e, 0x86, 0x17, 0x9c, 0xa, 0x60, 0x0,
    0x3, 0x43, 0x0, 0x3c, 0x5, 0xcc, 0xcc, 0xcc,
    0xb0, 0x0, 0x3c, 0x1, 0xb7, 0x22, 0x2a, 0x80,
    0x0, 0x3c, 0x0, 0x3e, 0x10, 0x2e, 0x10, 0x0,
    0x3c, 0x14, 0x7, 0xd4, 0xe4, 0x0, 0x0, 0x3e,
    0xe5, 0x0, 0xcf, 0xa0, 0x0, 0x0, 0xad, 0x22,
    0x7e, 0xb6, 0xdd, 0x62, 0x0, 0x40, 0xa, 0x93,
    0x0, 0x5, 0xa8,

    /* U+8BCD "词" */
    0x0, 0x10, 0x0, 0x0, 0x0, 0x0, 0x0, 0x1,
    0xd4, 0xd, 0xff, 0xff, 0xff, 0xf1, 0x0, 0x2d,
    0x20, 0x0, 0x0, 0x0, 0xe1, 0x0, 0x1, 0x4,
    0xee, 0xee, 0xe0, 0xe1, 0x17, 0x76, 0x0, 0x0,
    0x0, 0x0, 0xe1, 0x2d, 0xde, 0x0, 0x12, 0x22,
    0x0, 0xe1, 0x0, 0x1e, 0x0, 0xcc, 0xce, 0x60,
    0xe1, 0x0, 0x1e, 0x0, 0xc2, 0x8, 0x60, 0xe1,
    0x0, 0x1e, 0x0, 0xc2, 0x8, 0x60, 0xe1, 0x0,
    0x1e, 0x12, 0xce, 0xef, 0x60, 0xe1, 0x0, 0x1e,
    0xd6, 0xc2, 0x0, 0x0, 0xe1, 0x0, 0x8e, 0x40,
    0x30, 0x0, 0x1, 0xf1, 0x0, 0x41, 0x0, 0x0,
    0x0, 0xff, 0xb0,

    /* U+8BDD "话" */
    0x0, 0x0, 0x0, 0x0, 0x0, 0x15, 0x10, 0x2,
    0xd2, 0x4, 0x68, 0xad, 0xea, 0x30, 0x0, 0x5d,
    0x16, 0x75, 0x8b, 0x0, 0x0, 0x0, 0x4, 0x0,
    0x0, 0x5b, 0x0, 0x0, 0x2, 0x21, 0x3, 0x33,
    0x7c, 0x33, 0x31, 0x2d, 0xec, 0xa, 0xcc, 0xdf,
    0xcc, 0xc5, 0x0, 0x3c, 0x0, 0x0, 0x5b, 0x0,
    0x0, 0x0, 0x3c, 0x0, 0x0, 0x5b, 0x0, 0x0,
    0x0, 0x3c, 0x2, 0xfe, 0xee, 0xef, 0x90, 0x0,
    0x3c, 0x23, 0xd0, 0x0, 0x7, 0x90, 0x0, 0x3e,
    0xd5, 0xd0, 0x0, 0x7, 0x90, 0x0, 0x8e, 0x32,
    0xe3, 0x33, 0x39, 0x90, 0x0, 0x92, 0x2, 0xfb,
    0xbb, 0xbd, 0x80,

    /* U+8BED "语" */
    0x0, 0x0, 0x0, 0x0, 0x0, 0x0, 0x0, 0x2,
    0xd2, 0xd, 0xef, 0xff, 0xee, 0xe1, 0x0, 0x3d,
    0x20, 0x3, 0xd0, 0x0, 0x0, 0x0, 0x1, 0x5,
    0xef, 0xfe, 0xee, 0x20, 0x18, 0x86, 0x0, 0xb,
    0x50, 0xf, 0x0, 0x18, 0xac, 0x0, 0xe, 0x20,
    0xf, 0x0, 0x0, 0x3c, 0x5f, 0xff, 0xff, 0xff,
    0xf8, 0x0, 0x3c, 0x0, 0x0, 0x0, 0x0, 0x0,
    0x0, 0x3c, 0x3, 0xee, 0xee, 0xee, 0x90, 0x0,
    0x3c, 0x5, 0xc0, 0x0, 0x6, 0x90, 0x0, 0x3d,
    0xbb, 0xc0, 0x0, 0x6, 0x90, 0x0, 0x6f, 0x73,
    0xd2, 0x22, 0x28, 0x90, 0x0, 0x53, 0x3, 0xfc,
    0xcc, 0xcd, 0x90,

    /* U+8BF4 "说" */
    0x0, 0x10, 0x0, 0x23, 0x0, 0x5, 0x0, 0x0,
    0xe5, 0x0, 0x3d, 0x0, 0x3e, 0x0, 0x0, 0x3e,
    0x50, 0xb, 0x60, 0x97, 0x0, 0x0, 0x4, 0x22,
    0xbd, 0xcb, 0xfc, 0x60, 0x2, 0x22, 0x3, 0xd3,
    0x33, 0x39, 0x80, 0x2d, 0xee, 0x3, 0xc0, 0x0,
    0x7, 0x80, 0x0, 0x1e, 0x3, 0xd3, 0x33, 0x39,
    0x80, 0x0, 0x1e, 0x2, 0xbd, 0xeb, 0xfb, 0x60,
    0x0, 0x1e, 0x0, 0x8, 0x81, 0xe0, 0x0, 0x0,
    0x1e, 0x17, 0xc, 0x51, 0xe0, 0x0, 0x0, 0x3f,
    0xe9, 0x3f, 0x1, 0xe0, 0x24, 0x0, 0xae, 0x42,
    0xe6, 0x1, 0xf0, 0x5a, 0x0, 0x41, 0x4e, 0x60,
    0x0, 0xcf, 0xf5, 0x0, 0x0, 0x0, 0x0, 0x0,
    0x0, 0x0,

    /* U+8BF6 "诶" */
    0x0, 0x30, 0x0, 0x0, 0x93, 0x0, 0x0, 0x0,
    0xba, 0x0, 0x8, 0xb0, 0x82, 0x0, 0x0, 0xb,
    0x70, 0x9c, 0x0, 0x5d, 0x10, 0x0, 0x0, 0x17,
    0xff, 0xfe, 0xdd, 0xc0, 0x16, 0x64, 0x1, 0x7a,
    0x0, 0x0, 0x50, 0x16, 0x9b, 0x0, 0xdd, 0xbb,
    0xbb, 0xb0, 0x0, 0x3b, 0xa, 0xa2, 0x4e, 0x22,
    0x20, 0x0, 0x3b, 0x9, 0x0, 0x2e, 0x0, 0x0,
    0x0, 0x3b, 0x3e, 0xee, 0xef, 0xee, 0xe8, 0x0,
    0x3b, 0x11, 0x0, 0xbf, 0x60, 0x0, 0x0, 0x4e,
    0xe4, 0x8, 0xd3, 0xe2, 0x0, 0x0, 0xad, 0x35,
    0xdb, 0x10, 0x5e, 0x92, 0x0, 0x40, 0x6b, 0x40,
    0x0, 0x1, 0x97,

    /* U+8BF7 "请" */
    0x0, 0x50, 0x0, 0x0, 0x3c, 0x0, 0x0, 0x0,
    0xc8, 0x6, 0xcc, 0xdf, 0xcc, 0xc2, 0x0, 0x1d,
    0x40, 0x11, 0x4c, 0x11, 0x10, 0x0, 0x1, 0x1,
    0xcc, 0xdf, 0xcc, 0x80, 0x16, 0x66, 0x4, 0x44,
    0x7d, 0x44, 0x42, 0x17, 0x8e, 0x6, 0x77, 0x77,
    0x77, 0x74, 0x0, 0x1e, 0x0, 0xbc, 0xcc, 0xcc,
    0x60, 0x0, 0x1e, 0x0, 0xe0, 0x0, 0x8, 0x70,
    0x0, 0x1e, 0x0, 0xec, 0xbb, 0xbe, 0x70, 0x0,
    0x1e, 0x2, 0xe0, 0x0, 0x8, 0x70, 0x0, 0x1f,
    0xc6, 0xec, 0xcc, 0xce, 0x70, 0x0, 0x7f, 0x50,
    0xe0, 0x0, 0x8, 0x70, 0x0, 0x52, 0x0, 0xe0,
    0x3, 0xed, 0x30,

    /* U+8BFB "读" */
    0x0, 0x60, 0x0, 0x0, 0x3c, 0x0, 0x0, 0x0,
    0xca, 0x1, 0xaa, 0xbf, 0xaa, 0x70, 0x0, 0xd,
    0x50, 0x33, 0x6d, 0x33, 0x20, 0x0, 0x1, 0x2,
    0x44, 0x6d, 0x44, 0x40, 0x2, 0x21, 0x8, 0xdd,
    0xde, 0xdd, 0xf2, 0x3d, 0xed, 0x0, 0x35, 0xd,
    0x22, 0xc0, 0x0, 0x2d, 0x3, 0x47, 0x9d, 0x22,
    0x40, 0x0, 0x2d, 0x1, 0x89, 0xe, 0x10, 0x0,
    0x0, 0x2d, 0xb, 0xbc, 0xbf, 0xbb, 0xb5, 0x0,
    0x2d, 0x35, 0x22, 0xba, 0x42, 0x21, 0x0, 0x2f,
    0xe3, 0x6, 0xe2, 0xc8, 0x0, 0x0, 0x8d, 0x12,
    0xad, 0x20, 0x9, 0xb0, 0x0, 0x40, 0xb, 0x70,
    0x0, 0x0, 0x85,

    /* U+8C01 "谁" */
    0x0, 0x0, 0x0, 0x5, 0x1, 0x20, 0x0, 0x1,
    0xe3, 0x0, 0x3e, 0x5, 0xa0, 0x0, 0x0, 0x3e,
    0x30, 0xa8, 0x0, 0xb0, 0x0, 0x0, 0x4, 0x14,
    0xff, 0xef, 0xfe, 0xe1, 0x15, 0x54, 0x1e, 0xf1,
    0x1, 0xe0, 0x0, 0x16, 0x8c, 0x36, 0xeb, 0xbb,
    0xfb, 0x90, 0x0, 0x3c, 0x0, 0xe4, 0x34, 0xe3,
    0x20, 0x0, 0x3c, 0x0, 0xe1, 0x1, 0xe0, 0x0,
    0x0, 0x3c, 0x0, 0xef, 0xff, 0xff, 0xc0, 0x0,
    0x3c, 0x43, 0xe1, 0x1, 0xe0, 0x0, 0x0, 0x4f,
    0xd3, 0xe1, 0x1, 0xe0, 0x0, 0x0, 0xac, 0x10,
    0xef, 0xef, 0xfe, 0xe7, 0x0, 0x50, 0x0, 0xe1,
    0x0, 0x0, 0x0,

    /* U+8C08 "谈" */
    0x0, 0x30, 0x0, 0x0, 0x4c, 0x0, 0x0, 0x0,
    0xc8, 0x0, 0xa2, 0x5b, 0x4, 0xc0, 0x0, 0xd,
    0x51, 0xe0, 0x79, 0xc, 0x50, 0x0, 0x1, 0x9,
    0x60, 0xca, 0x3a, 0x0, 0x2, 0x22, 0x0, 0x5,
    0xeb, 0xd3, 0x0, 0x3d, 0xde, 0x0, 0x7f, 0x40,
    0x5e, 0x80, 0x0, 0x1e, 0xb, 0xb3, 0x38, 0x1,
    0xb4, 0x0, 0x1e, 0x0, 0x51, 0x5b, 0x0, 0x70,
    0x0, 0x1e, 0x0, 0xe0, 0x7b, 0x6, 0xc0, 0x0,
    0x1e, 0x8, 0x90, 0xcf, 0x3e, 0x20, 0x0, 0x1e,
    0x63, 0x14, 0xf7, 0xb2, 0x0, 0x0, 0x3f, 0xb0,
    0x5f, 0x50, 0xba, 0x0, 0x0, 0x87, 0x4e, 0xc4,
    0x0, 0x9, 0xf7, 0x0, 0x0, 0x2, 0x0, 0x0,
    0x0, 0x11,

    /* U+8C22 "谢" */
    0x0, 0x0, 0x0, 0x0, 0x0, 0x0, 0x0, 0x6,
    0x20, 0x0, 0x96, 0x0, 0xb, 0x30, 0x5, 0xe1,
    0x7, 0xd8, 0x50, 0xb, 0x30, 0x0, 0x99, 0x1e,
    0x68, 0xa0, 0xb, 0x30, 0x0, 0x0, 0x1e, 0x8a,
    0xac, 0xef, 0xe1, 0x49, 0x90, 0x1d, 0x46, 0xa1,
    0x1c, 0x40, 0x36, 0xe1, 0x1e, 0xab, 0xa8, 0xb,
    0x30, 0x0, 0xd1, 0x1d, 0x25, 0xa9, 0x3b, 0x30,
    0x0, 0xd1, 0x3d, 0x25, 0xa4, 0x7b, 0x30, 0x0,
    0xd1, 0xab, 0xbf, 0xa1, 0xab, 0x30, 0x0, 0xd1,
    0x10, 0xaa, 0xa0, 0xb, 0x30, 0x0, 0xea, 0x99,
    0xa3, 0xa0, 0xb, 0x30, 0x3, 0xf8, 0xc9, 0x3,
    0xa0, 0xc, 0x30, 0x2, 0x50, 0x40, 0x9e, 0x72,
    0xee, 0x10, 0x0, 0x0, 0x0, 0x0, 0x0, 0x0,
    0x0,

    /* U+8C46 "豆" */
    0xe, 0xff, 0xff, 0xff, 0xff, 0xff, 0xd0, 0x0,
    0x0, 0x0, 0x0, 0x0, 0x0, 0x0, 0x0, 0x7c,
    0xcc, 0xcc, 0xcc, 0xc5, 0x0, 0x0, 0x99, 0x33,
    0x33, 0x33, 0xc6, 0x0, 0x0, 0x97, 0x0, 0x0,
    0x0, 0xb6, 0x0, 0x0, 0x97, 0x0, 0x0, 0x0,
    0xb6, 0x0, 0x0, 0x9f, 0xff, 0xff, 0xff, 0xf6,
    0x0, 0x0, 0x4, 0x40, 0x0, 0x6, 0x30, 0x0,
    0x0, 0x4, 0xd0, 0x0, 0xe, 0x30, 0x0, 0x0,
    0x0, 0xe3, 0x0, 0x6b, 0x0, 0x0, 0x2, 0x22,
    0x74, 0x22, 0xe5, 0x22, 0x20, 0x2c, 0xcc, 0xcc,
    0xcc, 0xcc, 0xcc, 0xc2,

    /* U+8C8C "貌" */
    0x0, 0x0, 0x52, 0x0, 0x8, 0x20, 0x0, 0x1,
    0x6d, 0x91, 0x0, 0xf, 0x10, 0x0, 0x4c, 0x78,
    0x1, 0x7f, 0xdd, 0xde, 0xf0, 0x9, 0x35, 0xcc,
    0x88, 0x0, 0x2, 0xf0, 0x2, 0xdc, 0x90, 0x7e,
    0xdd, 0xdd, 0xf0, 0x1b, 0xda, 0x80, 0x78, 0x0,
    0x2, 0xf0, 0x6, 0x5, 0xf1, 0x78, 0x0, 0x2,
    0xf0, 0x0, 0x8c, 0xb5, 0x6d, 0xfd, 0xfd, 0xd0,
    0x1d, 0x80, 0xa8, 0x2, 0xd0, 0xe1, 0x0, 0x1,
    0xb, 0xca, 0x5, 0xb0, 0xe1, 0x0, 0x6, 0xd5,
    0x59, 0xa, 0x60, 0xe1, 0x23, 0x3a, 0x10, 0xa7,
    0x7d, 0x0, 0xe1, 0x49, 0x0, 0x8f, 0xc5, 0xb2,
    0x0, 0xae, 0xe4, 0x0, 0x0, 0x0, 0x0, 0x0,
    0x0, 0x0,

    /* U+8D26 "账" */
    0x0, 0x0, 0x0, 0xe, 0x10, 0x0, 0x0, 0xd,
    0xdd, 0xec, 0xe, 0x10, 0xb, 0x60, 0xd, 0x2,
    0xc, 0xe, 0x10, 0x5c, 0x0, 0xd, 0xe, 0xc,
    0xe, 0x14, 0xe3, 0x0, 0xd, 0xe, 0xc, 0xe,
    0x4e, 0x40, 0x0, 0xd, 0xe, 0xc, 0x1e, 0x24,
    0x11, 0x10, 0xd, 0xe, 0xc, 0xdf, 0xef, 0xee,
    0xe2, 0xd, 0xe, 0xc, 0xe, 0x18, 0x70, 0x0,
    0xd, 0x1d, 0xc, 0xe, 0x12, 0xd0, 0x0, 0x8,
    0x4a, 0x17, 0xe, 0x10, 0xc3, 0x0, 0x0, 0xa7,
    0xc0, 0xe, 0x10, 0x5c, 0x0, 0x5, 0xb0, 0x79,
    0xe, 0x8d, 0x2b, 0xa0, 0x3b, 0x0, 0x7, 0x3f,
    0x92, 0x0, 0xa2, 0x0, 0x0, 0x0, 0x1, 0x0,
    0x0, 0x0,

    /* U+8D2D "购" */
    0x0, 0x0, 0x0, 0x1, 0xa0, 0x0, 0x0, 0xd,
    0xff, 0xfd, 0x6, 0xa0, 0x0, 0x0, 0xd, 0x1,
    0xd, 0xc, 0xdc, 0xcc, 0xc0, 0xd, 0xe, 0xd,
    0x4d, 0x33, 0x33, 0xf0, 0xd, 0xe, 0xd, 0xd4,
    0x71, 0x0, 0xf0, 0xd, 0xe, 0xd, 0x20, 0xe0,
    0x0, 0xf0, 0xd, 0xe, 0xd, 0x4, 0xb4, 0x31,
    0xe0, 0xd, 0xe, 0xd, 0x9, 0x53, 0xa1, 0xe0,
    0xd, 0x1c, 0xd, 0x1e, 0x58, 0xe3, 0xd0, 0x6,
    0x59, 0x6, 0x4c, 0x85, 0x97, 0xc0, 0x0, 0xc4,
    0xd2, 0x0, 0x0, 0x6, 0xa0, 0x8, 0x90, 0x4d,
    0x0, 0x0, 0xa, 0x70, 0x39, 0x0, 0x6, 0x10,
    0xb, 0xfd, 0x10, 0x0, 0x0, 0x0, 0x0, 0x0,
    0x0, 0x0,

    /* U+8D35 "贵" */
    0x0, 0x0, 0x0, 0x88, 0x0, 0x0, 0x0, 0x0,
    0x7c, 0xcc, 0xee, 0xcc, 0xc7, 0x0, 0x0, 0x87,
    0x0, 0x88, 0x0, 0x78, 0x0, 0x0, 0x7c, 0xcc,
    0xee, 0xcc, 0xc7, 0x0, 0x15, 0x55, 0x55, 0xbb,
    0x55, 0x55, 0x51, 0x16, 0x66, 0x66, 0x66, 0x66,
    0x66, 0x61, 0x0, 0x4d, 0xdd, 0xdd, 0xdd, 0xd4,
    0x0, 0x0, 0x5b, 0x0, 0x43, 0x0, 0xc5, 0x0,
    0x0, 0x5b, 0x0, 0xa7, 0x0, 0xc5, 0x0, 0x0,
    0x5b, 0x0, 0xd4, 0x0, 0xc5, 0x0, 0x0, 0x25,
    0xa, 0xb5, 0xb5, 0x52, 0x0, 0x0, 0x49, 0xe8,
    0x0, 0x4a, 0xe9, 0x20, 0x9, 0xb6, 0x10, 0x0,
    0x0, 0x17, 0x70,

    /* U+8D70 "走" */
    0x0, 0x0, 0x0, 0x97, 0x0, 0x0, 0x0, 0x0,
    0x0, 0x0, 0x98, 0x0, 0x0, 0x0, 0x0, 0xde,
    0xee, 0xff, 0xee, 0xee, 0x10, 0x0, 0x0, 0x0,
    0x97, 0x0, 0x0, 0x0, 0x0, 0x0, 0x0, 0x98,
    0x0, 0x0, 0x0, 0x1e, 0xee, 0xee, 0xff, 0xee,
    0xee, 0xe1, 0x0, 0x3, 0x0, 0x97, 0x0, 0x0,
    0x0, 0x0, 0x1f, 0x0, 0x97, 0x0, 0x0, 0x0,
    0x0, 0x5d, 0x0, 0x9f, 0xff, 0xff, 0x30, 0x0,
    0x9f, 0x40, 0x97, 0x0, 0x0, 0x0, 0x0, 0xe6,
    0xd2, 0x97, 0x0, 0x0, 0x0, 0x9, 0xa0, 0x5e,
    0xd9, 0x20, 0x0, 0x0, 0x4d, 0x0, 0x1, 0x8c,
    0xef, 0xff, 0xf4, 0x0, 0x0, 0x0, 0x0, 0x0,
    0x0, 0x0,

    /* U+8D77 "起" */
    0x0, 0x9, 0x60, 0x0, 0x0, 0x0, 0x0, 0x0,
    0x9, 0x60, 0x5, 0xee, 0xef, 0xe0, 0xd, 0xef,
    0xfe, 0xa0, 0x0, 0x1, 0xe0, 0x0, 0x9, 0x60,
    0x0, 0x0, 0x1, 0xe0, 0x14, 0x4b, 0x94, 0x40,
    0x0, 0x1, 0xe0, 0x3b, 0xbc, 0xeb, 0xb4, 0xfe,
    0xef, 0xe0, 0x2, 0x15, 0xa0, 0x3, 0xc0, 0x0,
    0x20, 0x9, 0x65, 0xb3, 0x33, 0xc0, 0x0, 0x0,
    0xa, 0x55, 0xeb, 0xa3, 0xc0, 0x0, 0x36, 0xb,
    0xa5, 0xa0, 0x3, 0xd0, 0x0, 0x79, 0xd, 0xda,
    0xa0, 0x0, 0xcf, 0xff, 0xe3, 0xe, 0x2e, 0xc3,
    0x10, 0x0, 0x0, 0x0, 0x6a, 0x1, 0x8c, 0xef,
    0xff, 0xff, 0xf9, 0x12, 0x0, 0x0, 0x0, 0x0,
    0x0, 0x0,

    /* U+8DEF "路" */
    0x0, 0x0, 0x0, 0x0, 0x70, 0x0, 0x0, 0xd,
    0xee, 0xfb, 0x4, 0xe1, 0x11, 0x0, 0xd, 0x10,
    0x4b, 0xc, 0xdc, 0xde, 0x0, 0xd, 0x10, 0x4b,
    0x8e, 0x80, 0x98, 0x0, 0xd, 0xee, 0xfd, 0xe2,
    0xb8, 0xd0, 0x0, 0x0, 0xd, 0x10, 0x0, 0x4f,
    0x50, 0x0, 0x8, 0xd, 0x10, 0x3, 0xe8, 0xe4,
    0x0, 0xd, 0xd, 0xec, 0x9e, 0x30, 0x3e, 0xb1,
    0xd, 0xd, 0x23, 0xaf, 0xee, 0xef, 0x80, 0xd,
    0xd, 0x10, 0x1e, 0x0, 0xc, 0x20, 0xd, 0xe,
    0x69, 0x1e, 0x0, 0xc, 0x20, 0x4e, 0xee, 0xa6,
    0x1e, 0x22, 0x2d, 0x20, 0x46, 0x20, 0x0, 0x1f,
    0xcc, 0xce, 0x20,

    /* U+8EAB "身" */
    0x0, 0x0, 0x0, 0x53, 0x0, 0x0, 0x0, 0x0,
    0x2, 0x23, 0xf5, 0x22, 0x20, 0x0, 0x0, 0xf,
    0xbb, 0xbb, 0xbc, 0xe0, 0x0, 0x0, 0xf, 0x0,
    0x0, 0x1, 0xe0, 0x0, 0x0, 0xf, 0xcc, 0xcc,
    0xcc, 0xe0, 0x0, 0x0, 0xf, 0x0, 0x0, 0x1,
    0xe0, 0x70, 0x0, 0xf, 0xcc, 0xcc, 0xcd, 0xea,
    0x80, 0x0, 0xf, 0x0, 0x0, 0x1, 0xf9, 0x0,
    0xc, 0xff, 0xee, 0xee, 0xff, 0xe0, 0x0, 0x0,
    0x0, 0x0, 0x18, 0xd6, 0xe0, 0x0, 0x0, 0x0,
    0x7, 0xe8, 0x1, 0xe0, 0x0, 0x0, 0x4a, 0xea,
    0x20, 0x2, 0xe0, 0x0, 0x1e, 0xb5, 0x0, 0xc,
    0xfe, 0x80, 0x0, 0x0, 0x0, 0x0, 0x0, 0x0,
    0x0, 0x0,

    /* U+8F66 "车" */
    0x0, 0x0, 0x0, 0x0, 0x0, 0x0, 0x0, 0x0,
    0x0, 0xd, 0x40, 0x0, 0x0, 0x0, 0x0, 0x0,
    0x4f, 0x0, 0x0, 0x0, 0x0, 0xe, 0xff, 0xff,
    0xff, 0xff, 0xff, 0xe0, 0x1, 0x14, 0xe2, 0x11,
    0x11, 0x11, 0x10, 0x0, 0xb, 0x60, 0xe, 0x30,
    0x0, 0x0, 0x0, 0x5d, 0x0, 0xe, 0x30, 0x0,
    0x0, 0x0, 0xef, 0xee, 0xef, 0xfe, 0xee, 0x0,
    0x0, 0x21, 0x11, 0x1e, 0x41, 0x11, 0x0, 0x0,
    0x0, 0x0, 0xe, 0x30, 0x0, 0x0, 0x1c, 0xcc,
    0xcc, 0xcf, 0xdc, 0xcc, 0xc2, 0x3, 0x33, 0x33,
    0x3e, 0x63, 0x33, 0x30, 0x0, 0x0, 0x0, 0xe,
    0x30, 0x0, 0x0, 0x0, 0x0, 0x0, 0xe, 0x30,
    0x0, 0x0,

    /* U+8F6E "轮" */
    0x0, 0x18, 0x0, 0x0, 0x1a, 0x0, 0x0, 0x0,
    0x5b, 0x0, 0x0, 0x8f, 0x40, 0x0, 0x1f, 0xff,
    0xfc, 0x1, 0xe5, 0xe1, 0x0, 0x0, 0xc2, 0x0,
    0xa, 0x70, 0x7a, 0x0, 0x1, 0xc8, 0x60, 0x8a,
    0x0, 0xa, 0x80, 0x7, 0x68, 0x64, 0xa4, 0x10,
    0x0, 0x95, 0xd, 0xff, 0xfc, 0xd, 0x30, 0x4d,
    0x10, 0x1, 0x8, 0x60, 0xd, 0x5a, 0xe6, 0x0,
    0x0, 0x8, 0x62, 0xd, 0xf9, 0x10, 0x0, 0x6,
    0x9d, 0xfe, 0xd, 0x40, 0x0, 0x0, 0x1c, 0x8b,
    0x70, 0xd, 0x30, 0x0, 0xb1, 0x0, 0x8, 0x60,
    0xd, 0x40, 0x0, 0xf0, 0x0, 0x8, 0x60, 0x8,
    0xff, 0xef, 0x90,

    /* U+8F7B "轻" */
    0x0, 0x37, 0x0, 0x0, 0x0, 0x0, 0x0, 0x0,
    0x89, 0x0, 0x6f, 0xff, 0xff, 0x40, 0x4f, 0xff,
    0xfe, 0x0, 0x0, 0x7d, 0x0, 0x0, 0xe0, 0x0,
    0x0, 0x6, 0xe2, 0x0, 0x4, 0xa8, 0x60, 0x1,
    0x9f, 0xb2, 0x0, 0xa, 0x48, 0x60, 0x7e, 0x81,
    0x6d, 0xa0, 0x1f, 0xef, 0xfc, 0x62, 0x0, 0x0,
    0x60, 0x0, 0x8, 0x60, 0x4d, 0xdd, 0xdd, 0x80,
    0x0, 0x8, 0x85, 0x1, 0x1e, 0x31, 0x0, 0x29,
    0xcf, 0xfb, 0x0, 0xe, 0x10, 0x0, 0x3a, 0x6a,
    0x60, 0x0, 0xe, 0x10, 0x0, 0x0, 0x8, 0x60,
    0x0, 0xe, 0x10, 0x0, 0x0, 0x8, 0x61, 0xff,
    0xff, 0xff, 0xf3,

    /* U+8F83 "较" */
    0x0, 0x1b, 0x0, 0x0, 0x2b, 0x0, 0x0, 0x4,
    0x7d, 0x43, 0x0, 0xc, 0x40, 0x0, 0x1b, 0xed,
    0xb9, 0xbe, 0xef, 0xee, 0xe2, 0x0, 0xd2, 0x0,
    0x1, 0x60, 0x14, 0x0, 0x1, 0xc5, 0x90, 0x9,
    0x80, 0xd, 0x30, 0x7, 0x75, 0x90, 0x4e, 0x0,
    0x3, 0xd0, 0xd, 0xff, 0xfc, 0x98, 0x80, 0x3b,
    0x83, 0x1, 0x5, 0x90, 0x0, 0xe1, 0xa7, 0x0,
    0x0, 0x5, 0xa2, 0x0, 0x89, 0xe1, 0x0, 0x18,
    0xbe, 0xfa, 0x0, 0x1f, 0x80, 0x0, 0x8, 0x57,
    0x90, 0x0, 0x9d, 0xe2, 0x0, 0x0, 0x5, 0x90,
    0x2b, 0xb0, 0x6e, 0x60, 0x0, 0x5, 0x90, 0xd7,
    0x0, 0x3, 0xc2, 0x0, 0x0, 0x0, 0x0, 0x0,
    0x0, 0x0,

    /* U+8F85 "辅" */
    0x0, 0x2c, 0x0, 0x0, 0xb, 0x4b, 0x30, 0x2,
    0x7c, 0x22, 0x0, 0xb, 0x42, 0xc0, 0x2c, 0xed,
    0xcb, 0xbe, 0xef, 0xee, 0xe8, 0x0, 0xc2, 0x0,
    0x0, 0xb, 0x40, 0x0, 0x1, 0xc4, 0xa0, 0x5e,
    0xef, 0xee, 0xe1, 0x6, 0x74, 0xa0, 0x68, 0xa,
    0x30, 0xd1, 0xd, 0xcc, 0xe7, 0x69, 0x1b, 0x41,
    0xe1, 0x6, 0x68, 0xc4, 0x6e, 0xce, 0xdc, 0xf1,
    0x0, 0x4, 0xa2, 0x68, 0xa, 0x30, 0xd1, 0x17,
    0xad, 0xfa, 0x6f, 0xef, 0xee, 0xf1, 0x18, 0x56,
    0xa0, 0x68, 0xa, 0x30, 0xd1, 0x0, 0x4, 0xa0,
    0x68, 0xa, 0x30, 0xe1, 0x0, 0x4, 0xa0, 0x68,
    0xa, 0x3d, 0xc0,

    /* U+8F86 "辆" */
    0x0, 0xa2, 0x0, 0x0, 0x0, 0x0, 0x0, 0x0,
    0xe0, 0x8, 0xff, 0xff, 0xff, 0xf4, 0x5e, 0xfe,
    0xe1, 0x1, 0xb0, 0xc0, 0x0, 0x4, 0xa0, 0x0,
    0x1, 0xb0, 0xc0, 0x0, 0x8, 0x5e, 0x4, 0xee,
    0xfe, 0xfe, 0xd0, 0xc, 0x1e, 0x4, 0xa2, 0xa1,
    0xc0, 0xe0, 0x3f, 0xef, 0xe6, 0xa3, 0xa2, 0xc0,
    0xe0, 0x1, 0xe, 0x4, 0xa5, 0xe5, 0xf3, 0xe0,
    0x0, 0xe, 0x56, 0xa9, 0x7d, 0x8a, 0xe0, 0x3a,
    0xef, 0x96, 0xbc, 0xc, 0x1a, 0xe0, 0x25, 0x1e,
    0x4, 0xb4, 0x8, 0x0, 0xe0, 0x0, 0xe, 0x4,
    0xa0, 0x0, 0x0, 0xe0, 0x0, 0xe, 0x4, 0xa0,
    0x0, 0x7d, 0x90,

    /* U+8FB9 "边" */
    0x9, 0x20, 0x0, 0x4, 0xd0, 0x0, 0x0, 0x7,
    0xe1, 0x0, 0x4, 0xc0, 0x0, 0x0, 0x0, 0xbb,
    0x0, 0x5, 0xc0, 0x0, 0x0, 0x0, 0x15, 0x3f,
    0xff, 0xff, 0xff, 0xd0, 0x0, 0x0, 0x0, 0x7,
    0x90, 0x3, 0xc0, 0x9f, 0xf3, 0x0, 0xa, 0x70,
    0x4, 0xc0, 0x0, 0xc3, 0x0, 0xe, 0x30, 0x5,
    0xb0, 0x0, 0xc3, 0x0, 0x4e, 0x0, 0x7, 0x90,
    0x0, 0xc3, 0x0, 0xe5, 0x0, 0x9, 0x80, 0x0,
    0xc3, 0x2d, 0xa0, 0x13, 0x3d, 0x50, 0x2, 0xe6,
    0x48, 0x0, 0x2d, 0xda, 0x0, 0x3e, 0x6b, 0xa4,
    0x10, 0x0, 0x1, 0x32, 0x97, 0x0, 0x6c, 0xff,
    0xff, 0xff, 0xf6, 0x0, 0x0, 0x0, 0x0, 0x10,
    0x0, 0x0,

    /* U+8FC7 "过" */
    0x1, 0x20, 0x0, 0x0, 0x0, 0xe2, 0x0, 0x4,
    0xe2, 0x0, 0x0, 0x0, 0xe2, 0x0, 0x0, 0x7c,
    0x0, 0x0, 0x0, 0xe2, 0x0, 0x0, 0x8, 0x3e,
    0xee, 0xee, 0xff, 0xe1, 0x0, 0x0, 0x0, 0x10,
    0x0, 0xe2, 0x0, 0xb, 0xba, 0x3, 0xd0, 0x0,
    0xe2, 0x0, 0x3, 0x5e, 0x0, 0x99, 0x0, 0xe2,
    0x0, 0x0, 0x2e, 0x0, 0x1d, 0x10, 0xe2, 0x0,
    0x0, 0x2e, 0x0, 0x0, 0x0, 0xe2, 0x0, 0x0,
    0x2e, 0x0, 0x1, 0x22, 0xf1, 0x0, 0x0, 0x7d,
    0x20, 0x4, 0xed, 0xa0, 0x0, 0xb, 0x70, 0xaa,
    0x53, 0x23, 0x35, 0x73, 0xa, 0x0, 0x4, 0xab,
    0xdd, 0xcc, 0xb2, 0x0, 0x0, 0x0, 0x0, 0x0,
    0x0, 0x0,

    /* U+8FD1 "近" */
    0x1, 0x20, 0x0, 0x1, 0x24, 0x69, 0x90, 0x3,
    0xe3, 0x0, 0xfd, 0xca, 0x85, 0x20, 0x0, 0x4e,
    0x10, 0xf1, 0x0, 0x0, 0x0, 0x0, 0x2, 0x0,
    0xf1, 0x0, 0x0, 0x0, 0x0, 0x0, 0x0, 0xfd,
    0xcc, 0xcc, 0xc6, 0xe, 0xec, 0x1, 0xf2, 0x23,
    0xf2, 0x21, 0x1, 0x3e, 0x2, 0xe0, 0x1, 0xf0,
    0x0, 0x0, 0x2e, 0x4, 0xc0, 0x1, 0xf0, 0x0,
    0x0, 0x2e, 0x8, 0x90, 0x1, 0xf0, 0x0, 0x0,
    0x2e, 0xe, 0x30, 0x1, 0xf0, 0x0, 0x0, 0x8f,
    0x59, 0x0, 0x1, 0xd0, 0x0, 0xa, 0x91, 0xb9,
    0x42, 0x11, 0x23, 0x54, 0xb, 0x0, 0x5, 0xbd,
    0xee, 0xed, 0xd6, 0x0, 0x0, 0x0, 0x0, 0x0,
    0x0, 0x0,

    /* U+8FD4 "返" */
    0x1, 0x0, 0x0, 0x0, 0x1, 0x47, 0x10, 0xd,
    0x60, 0xb, 0xde, 0xfd, 0xb8, 0x30, 0x2, 0xe4,
    0xe, 0x30, 0x0, 0x0, 0x0, 0x0, 0x21, 0xe,
    0x54, 0x44, 0x44, 0x0, 0x0, 0x0, 0xf, 0xa9,
    0x99, 0xaf, 0x0, 0x6b, 0xb3, 0xf, 0x24, 0x0,
    0x99, 0x0, 0x23, 0xd4, 0x1e, 0x2d, 0x73, 0xe1,
    0x0, 0x0, 0xc4, 0x4c, 0x1, 0xcf, 0x60, 0x0,
    0x0, 0xc4, 0xa7, 0x3, 0xdc, 0xc1, 0x0, 0x0,
    0xc6, 0xe3, 0xae, 0x40, 0x8d, 0x10, 0x3, 0xe8,
    0x20, 0x70, 0x0, 0x5, 0x0, 0x3e, 0x4a, 0xb5,
    0x21, 0x11, 0x24, 0x70, 0x75, 0x0, 0x4a, 0xde,
    0xee, 0xed, 0xb0, 0x0, 0x0, 0x0, 0x0, 0x0,
    0x0, 0x0,

    /* U+8FD9 "这" */
    0x0, 0x0, 0x0, 0x0, 0x0, 0x0, 0x0, 0x2,
    0x0, 0x0, 0x3, 0xd0, 0x0, 0x0, 0x9, 0xc0,
    0x0, 0x0, 0xd6, 0x0, 0x0, 0x0, 0xaa, 0x8c,
    0xcc, 0xed, 0xcc, 0xc5, 0x0, 0x2, 0x23, 0x33,
    0x33, 0xa9, 0x31, 0x0, 0x0, 0x8, 0x10, 0x0,
    0xe3, 0x0, 0x4, 0x43, 0x7, 0xd3, 0x5, 0xd0,
    0x0, 0xb, 0xcb, 0x0, 0x4e, 0x7d, 0x40, 0x0,
    0x0, 0x4b, 0x0, 0x1, 0xfe, 0x0, 0x0, 0x0,
    0x4b, 0x0, 0x1b, 0xb9, 0xd2, 0x0, 0x0, 0x4b,
    0x18, 0xe8, 0x0, 0x7e, 0x30, 0x0, 0x5c, 0x6a,
    0x20, 0x0, 0x5, 0x80, 0x6, 0xfd, 0xc5, 0x10,
    0x0, 0x1, 0x22, 0x1e, 0x30, 0x5b, 0xff, 0xff,
    0xff, 0xf7, 0x0, 0x0, 0x0, 0x0, 0x10, 0x0,
    0x0,

    /* U+8FDB "进" */
    0x4, 0x60, 0x0, 0xf, 0x0, 0xe1, 0x0, 0x1,
    0xe4, 0x0, 0xf, 0x0, 0xe1, 0x0, 0x0, 0x4e,
    0x10, 0x1f, 0x0, 0xe2, 0x0, 0x0, 0x5, 0xf,
    0xff, 0xff, 0xff, 0xe0, 0x0, 0x0, 0x0, 0xf,
    0x0, 0xe1, 0x0, 0xc, 0xca, 0x0, 0xf, 0x0,
    0xe1, 0x0, 0x0, 0x3e, 0x1e, 0xef, 0xee, 0xfe,
    0xe3, 0x0, 0x2e, 0x1, 0x6b, 0x11, 0xe3, 0x10,
    0x0, 0x2e, 0x0, 0xc6, 0x0, 0xe1, 0x0, 0x0,
    0x2e, 0x9, 0xc0, 0x0, 0xe1, 0x0, 0x1, 0xdf,
    0x73, 0x10, 0x0, 0x50, 0x0, 0xb, 0xb4, 0xeb,
    0x31, 0x0, 0x12, 0x32, 0x1c, 0x0, 0x17, 0xcd,
    0xee, 0xee, 0xd3, 0x0, 0x0, 0x0, 0x0, 0x0,
    0x0, 0x0,

    /* U+8FDC "远" */
    0x0, 0x0, 0x0, 0x0, 0x0, 0x0, 0x0, 0x9,
    0xa1, 0x4, 0xff, 0xff, 0xff, 0xc0, 0x0, 0x9e,
    0x10, 0x0, 0x0, 0x0, 0x0, 0x0, 0x3, 0x0,
    0x0, 0x0, 0x0, 0x0, 0x0, 0x0, 0x4d, 0xdd,
    0xdd, 0xdd, 0xd8, 0x2e, 0xeb, 0x1, 0x1d, 0x33,
    0xe1, 0x11, 0x0, 0x5b, 0x0, 0xf, 0x1, 0xd0,
    0x0, 0x0, 0x4b, 0x0, 0x2e, 0x1, 0xd0, 0x0,
    0x0, 0x4b, 0x0, 0x99, 0x1, 0xd0, 0x37, 0x0,
    0x4b, 0x6, 0xe1, 0x1, 0xe1, 0x69, 0x0, 0x4c,
    0x6b, 0x20, 0x0, 0xbd, 0xd3, 0x5, 0xc6, 0xb5,
    0x10, 0x0, 0x0, 0x12, 0xd, 0x10, 0x18, 0xdf,
    0xee, 0xff, 0xfb, 0x0, 0x0, 0x0, 0x0, 0x0,
    0x0, 0x0,

    /* U+8FF7 "迷" */
    0xb, 0x10, 0x2, 0x1, 0xe0, 0x4, 0x10, 0x7,
    0xc0, 0x3d, 0x1, 0xe0, 0xe, 0x20, 0x0, 0xb7,
    0xb, 0x51, 0xe0, 0x6a, 0x0, 0x0, 0x10, 0x5,
    0x81, 0xe0, 0xb2, 0x0, 0x0, 0x0, 0x34, 0x45,
    0xf4, 0x44, 0x30, 0x9f, 0xf3, 0xab, 0xbf, 0xfe,
    0xbb, 0x90, 0x0, 0xb3, 0x0, 0x4d, 0xfd, 0x50,
    0x0, 0x0, 0xb3, 0x2, 0xe3, 0xe1, 0xd5, 0x0,
    0x0, 0xb3, 0x3e, 0x41, 0xe0, 0x1d, 0x50, 0x0,
    0xb4, 0xc4, 0x1, 0xe0, 0x2, 0x80, 0x5, 0xfa,
    0x0, 0x1, 0xc0, 0x0, 0x0, 0x4e, 0x18, 0xc5,
    0x10, 0x0, 0x2, 0x41, 0xa5, 0x0, 0x4b, 0xff,
    0xff, 0xff, 0xf2, 0x0, 0x0, 0x0, 0x0, 0x10,
    0x0, 0x0,

    /* U+9001 "送" */
    0x5, 0x0, 0x2, 0x50, 0x0, 0x35, 0x0, 0xa,
    0xa0, 0x1, 0xe2, 0x0, 0xc5, 0x0, 0x0, 0xd6,
    0x0, 0x86, 0x5, 0xc0, 0x0, 0x0, 0x23, 0x4e,
    0xee, 0xfe, 0xee, 0x80, 0x0, 0x0, 0x0, 0x0,
    0xf0, 0x0, 0x0, 0x7e, 0xe3, 0x0, 0x0, 0xf1,
    0x0, 0x0, 0x0, 0xc3, 0xbe, 0xee, 0xfe, 0xee,
    0xe0, 0x0, 0xb3, 0x0, 0x5, 0xf8, 0x0, 0x0,
    0x0, 0xb3, 0x0, 0x1d, 0x5b, 0x90, 0x0, 0x0,
    0xb3, 0x3, 0xd8, 0x0, 0xba, 0x0, 0x2, 0xe6,
    0x5e, 0x50, 0x0, 0xb, 0x30, 0x3e, 0x6c, 0x94,
    0x0, 0x0, 0x1, 0x31, 0xa6, 0x0, 0x6d, 0xff,
    0xff, 0xff, 0xf2, 0x0, 0x0, 0x0, 0x0, 0x10,
    0x0, 0x0,

    /* U+9009 "选" */
    0x3, 0x10, 0x0, 0x43, 0x1e, 0x0, 0x0, 0x8,
    0xd1, 0x0, 0xd5, 0x1e, 0x0, 0x0, 0x0, 0x9c,
    0x4, 0xfe, 0xef, 0xee, 0xe0, 0x0, 0x5, 0xd,
    0x60, 0x1e, 0x0, 0x0, 0x0, 0x0, 0x5, 0x0,
    0x1e, 0x0, 0x0, 0x2, 0x22, 0x2b, 0xbb, 0xbf,
    0xbb, 0xb6, 0xc, 0xdb, 0x14, 0x4c, 0x95, 0xf4,
    0x42, 0x0, 0x4b, 0x0, 0xe, 0x30, 0xe0, 0x0,
    0x0, 0x4b, 0x0, 0x5d, 0x0, 0xe0, 0x25, 0x0,
    0x4b, 0x6, 0xf4, 0x0, 0xf1, 0x6a, 0x0, 0x4c,
    0x5c, 0x30, 0x0, 0xbe, 0xe4, 0x2, 0xcd, 0xc5,
    0x10, 0x0, 0x0, 0x1, 0xd, 0x60, 0x39, 0xef,
    0xee, 0xff, 0xfa, 0x0, 0x0, 0x0, 0x0, 0x11,
    0x0, 0x0,

    /* U+901A "通" */
    0x0, 0x0, 0x0, 0x0, 0x0, 0x0, 0x0, 0x8,
    0x60, 0xb, 0xcc, 0xcc, 0xcf, 0xb0, 0x1, 0xd6,
    0x0, 0x3a, 0x51, 0xaa, 0x10, 0x0, 0x1c, 0x0,
    0x3, 0xaf, 0xb0, 0x0, 0x0, 0x0, 0xe, 0xcc,
    0xcf, 0xcc, 0xf0, 0x4, 0x43, 0xe, 0x10, 0x1d,
    0x0, 0xf0, 0x1a, 0xcc, 0xe, 0xcc, 0xcf, 0xcc,
    0xf0, 0x0, 0x3c, 0xe, 0x10, 0x1d, 0x0, 0xf0,
    0x0, 0x3c, 0xe, 0xdd, 0xdf, 0xdd, 0xf0, 0x0,
    0x3c, 0xe, 0x10, 0x1d, 0x0, 0xf0, 0x0, 0x6e,
    0x1e, 0x10, 0x1c, 0x4d, 0xd0, 0x7, 0xb5, 0xc6,
    0x0, 0x0, 0x0, 0x1, 0x1d, 0x10, 0x18, 0xde,
    0xdd, 0xef, 0xf9, 0x0, 0x0, 0x0, 0x0, 0x0,
    0x0, 0x0,

    /* U+904D "遍" */
    0x0, 0x0, 0x0, 0x0, 0x60, 0x0, 0x0, 0xc,
    0x50, 0x2, 0x22, 0xd5, 0x22, 0x10, 0x2, 0xe3,
    0x2e, 0x99, 0x99, 0x9c, 0xa0, 0x0, 0x43, 0x2c,
    0x33, 0x33, 0x37, 0xa0, 0x12, 0x20, 0x3d, 0x66,
    0x66, 0x66, 0x40, 0x7b, 0xf2, 0x4b, 0xaa, 0xaa,
    0xaa, 0x90, 0x0, 0xd2, 0x5a, 0xb2, 0xb2, 0xb2,
    0xd0, 0x0, 0xd2, 0x88, 0xb0, 0xa0, 0xb0, 0xd0,
    0x0, 0xd2, 0xc3, 0xfc, 0xec, 0xfc, 0xd0, 0x0,
    0xd6, 0xc2, 0xb0, 0xa0, 0xb0, 0xd0, 0x3, 0xf7,
    0x12, 0xb0, 0x60, 0x69, 0xa0, 0x3e, 0x5a, 0xb4,
    0x0, 0x0, 0x1, 0x22, 0xa6, 0x0, 0x5c, 0xff,
    0xff, 0xff, 0xf6, 0x0, 0x0, 0x0, 0x0, 0x11,
    0x0, 0x0,

    /* U+90A3 "那" */
    0x4f, 0xff, 0xff, 0xf0, 0xef, 0xff, 0xe1, 0x0,
    0xf, 0x0, 0xf0, 0xe1, 0x5, 0xb0, 0x0, 0x1f,
    0x0, 0xf0, 0xe1, 0xd, 0x30, 0xe, 0xff, 0xef,
    0xf0, 0xe1, 0x6a, 0x0, 0x0, 0x2d, 0x0, 0xf0,
    0xe1, 0xb6, 0x0, 0x0, 0x4a, 0x1, 0xf0, 0xe1,
    0x1d, 0x30, 0x2b, 0xde, 0xbb, 0xf0, 0xe1, 0x3,
    0xc0, 0x3, 0xb7, 0x35, 0xf0, 0xe1, 0x0, 0xe0,
    0x0, 0xe1, 0x2, 0xe0, 0xe1, 0x1, 0xf0, 0x4,
    0xd0, 0x3, 0xd0, 0xe6, 0xff, 0x70, 0xd, 0x60,
    0x17, 0xc0, 0xe1, 0x0, 0x0, 0x3c, 0x4, 0xfe,
    0x50, 0xe1, 0x0, 0x0, 0x0, 0x0, 0x0, 0x0,
    0x20, 0x0, 0x0,

    /* U+90D1 "郑" */
    0x0, 0x70, 0x0, 0x71, 0x0, 0x0, 0x0, 0x0,
    0x99, 0x3, 0xe0, 0x6f, 0xff, 0xf3, 0x0, 0x2a,
    0xa, 0x70, 0x69, 0x2, 0xe0, 0xb, 0xee, 0xfe,
    0xec, 0x69, 0x8, 0x80, 0x0, 0x0, 0xe1, 0x0,
    0x69, 0xe, 0x10, 0x0, 0x0, 0xe1, 0x0, 0x69,
    0x5a, 0x0, 0x3, 0x33, 0xf4, 0x33, 0x79, 0x1d,
    0x30, 0x3b, 0xbc, 0xfb, 0xbb, 0x89, 0x3, 0xd0,
    0x0, 0x5, 0xe1, 0x0, 0x69, 0x0, 0xe2, 0x0,
    0xc, 0x8d, 0x20, 0x69, 0x0, 0xd3, 0x0, 0x7a,
    0x4, 0xe2, 0x69, 0x9e, 0xc0, 0x6, 0xd1, 0x0,
    0x6a, 0x69, 0x12, 0x0, 0x2b, 0x10, 0x0, 0x0,
    0x69, 0x0, 0x0,

    /* U+90E8 "部" */
    0x0, 0x4, 0x60, 0x0, 0x0, 0x0, 0x0, 0x0,
    0x2, 0xe0, 0x0, 0x3f, 0xff, 0xf1, 0xd, 0xff,
    0xff, 0xfb, 0x3b, 0x3, 0xd0, 0x0, 0xb1, 0x1,
    0xc0, 0x3b, 0x8, 0x70, 0x0, 0xa6, 0x7, 0x90,
    0x3b, 0xe, 0x10, 0x1, 0x59, 0x1c, 0x51, 0x3b,
    0x4a, 0x0, 0x3d, 0xdd, 0xdd, 0xdd, 0x3b, 0x1d,
    0x20, 0x0, 0x0, 0x0, 0x0, 0x3b, 0x4, 0xb0,
    0x7, 0xff, 0xff, 0xf6, 0x3b, 0x0, 0xe0, 0x7,
    0x80, 0x0, 0xa6, 0x3b, 0x0, 0xf0, 0x7, 0x80,
    0x0, 0xa6, 0x3b, 0xad, 0x70, 0x7, 0xec, 0xcc,
    0xe6, 0x3b, 0x0, 0x0, 0x6, 0x82, 0x22, 0x95,
    0x3b, 0x0, 0x0,

    /* U+9152 "酒" */
    0x4, 0x10, 0x0, 0x0, 0x0, 0x0, 0x0, 0x8,
    0xe5, 0xef, 0xff, 0xff, 0xff, 0xf5, 0x0, 0x35,
    0x0, 0xe, 0xb, 0x30, 0x0, 0x0, 0x0, 0x0,
    0xe, 0xb, 0x30, 0x0, 0x16, 0x0, 0x6f, 0xef,
    0xef, 0xff, 0xd0, 0x2b, 0xd2, 0x68, 0xd, 0xc,
    0x2, 0xd0, 0x0, 0x50, 0x68, 0x3b, 0xc, 0x12,
    0xd0, 0x0, 0x0, 0x6b, 0xc3, 0x6, 0xdd, 0xd0,
    0x0, 0x3a, 0x69, 0x10, 0x0, 0x2, 0xd0, 0x0,
    0xb5, 0x6f, 0xee, 0xee, 0xee, 0xd0, 0x4, 0xd0,
    0x68, 0x0, 0x0, 0x2, 0xd0, 0xd, 0x50, 0x6d,
    0xbb, 0xbb, 0xbb, 0xd0, 0x8, 0x0, 0x6a, 0x33,
    0x33, 0x35, 0xd0,

    /* U+9171 "酱" */
    0x0, 0x0, 0x0, 0x0, 0x0, 0x0, 0x0, 0x2,
    0x0, 0x95, 0x0, 0xd2, 0x0, 0x0, 0x5, 0xb0,
    0x95, 0xb, 0xfd, 0xdd, 0xc0, 0x0, 0x83, 0x97,
    0xc8, 0x40, 0x7, 0x90, 0x0, 0x3a, 0xf6, 0x40,
    0xb6, 0x8b, 0x10, 0xc, 0xb4, 0x97, 0x58, 0xbd,
    0x70, 0x0, 0x2, 0x0, 0x54, 0x86, 0x30, 0x0,
    0x0, 0x1c, 0xcc, 0xcc, 0xcc, 0xcc, 0xcc, 0xc2,
    0x1, 0x44, 0x4d, 0x46, 0xc4, 0x44, 0x10, 0x3,
    0xd7, 0x8f, 0x89, 0xd7, 0x7d, 0x40, 0x3, 0xb7,
    0xc5, 0x1, 0xd9, 0x9d, 0x40, 0x3, 0xc7, 0x54,
    0x44, 0x44, 0x4c, 0x40, 0x3, 0xc5, 0x55, 0x55,
    0x55, 0x5c, 0x40, 0x3, 0xea, 0xaa, 0xaa, 0xaa,
    0xae, 0x40,

    /* U+91CC "里" */
    0x0, 0xaf, 0xff, 0xff, 0xff, 0xff, 0x30, 0x0,
    0xa5, 0x0, 0x4b, 0x0, 0xd, 0x30, 0x0, 0xad,
    0xbb, 0xce, 0xbb, 0xbf, 0x30, 0x0, 0xa7, 0x22,
    0x6c, 0x22, 0x2e, 0x30, 0x0, 0xa5, 0x0, 0x4b,
    0x0, 0xd, 0x30, 0x0, 0xaf, 0xee, 0xff, 0xee,
    0xef, 0x30, 0x0, 0x0, 0x0, 0x5c, 0x0, 0x0,
    0x0, 0x0, 0x0, 0x0, 0x5c, 0x0, 0x0, 0x0,
    0x1, 0xee, 0xee, 0xff, 0xee, 0xee, 0xa0, 0x0,
    0x0, 0x0, 0x5c, 0x0, 0x0, 0x0, 0x0, 0x0,
    0x0, 0x5c, 0x0, 0x0, 0x0, 0x1f, 0xff, 0xff,
    0xff, 0xff, 0xff, 0xf6,

    /* U+91CD "重" */
    0x0, 0x0, 0x0, 0x1, 0x35, 0x74, 0x0, 0x0,
    0xdd, 0xdd, 0xed, 0xa8, 0x63, 0x0, 0x4, 0x44,
    0x44, 0xba, 0x44, 0x44, 0x40, 0x17, 0x77, 0x77,
    0xcb, 0x77, 0x77, 0x71, 0x0, 0x9c, 0xcc, 0xee,
    0xcc, 0xca, 0x0, 0x0, 0xc3, 0x0, 0x97, 0x0,
    0x2d, 0x0, 0x0, 0xcc, 0xbb, 0xdd, 0xbb, 0xcd,
    0x0, 0x0, 0xc3, 0x0, 0x97, 0x0, 0x2d, 0x0,
    0x0, 0x9c, 0xcc, 0xee, 0xcc, 0xcb, 0x0, 0x0,
    0x0, 0x0, 0x97, 0x0, 0x0, 0x0, 0x2, 0xcc,
    0xcc, 0xee, 0xcc, 0xcc, 0x50, 0x0, 0x0, 0x0,
    0x97, 0x0, 0x0, 0x0, 0x3d, 0xdd, 0xdd, 0xdd,
    0xdd, 0xdd, 0xd3,

    /* U+91CF "量" */
    0x0, 0x5e, 0x99, 0x99, 0x99, 0xca, 0x0, 0x0,
    0x5e, 0x99, 0x99, 0x99, 0xba, 0x0, 0x0, 0x5d,
    0x77, 0x77, 0x77, 0xaa, 0x0, 0x1, 0x25, 0x55,
    0x55, 0x55, 0x54, 0x10, 0xb, 0xbb, 0xbb, 0xbb,
    0xbb, 0xbb, 0xb5, 0x0, 0x7a, 0x88, 0x9b, 0x88,
    0x8c, 0x10, 0x0, 0x9c, 0x99, 0xbd, 0x99, 0x9f,
    0x10, 0x0, 0x98, 0x22, 0x7b, 0x22, 0x2f, 0x10,
    0x0, 0x47, 0x77, 0xad, 0x77, 0x77, 0x0, 0x0,
    0xbb, 0xbb, 0xde, 0xbb, 0xbb, 0x40, 0x0, 0x0,
    0x0, 0x5a, 0x0, 0x0, 0x0, 0x2c, 0xcc, 0xcc,
    0xef, 0xcc, 0xcc, 0xc7,

    /* U+949F "钟" */
    0x0, 0xa4, 0x0, 0x0, 0xe, 0x10, 0x0, 0x1,
    0xf2, 0x0, 0x0, 0xe, 0x10, 0x0, 0xa, 0xfe,
    0xed, 0x0, 0xe, 0x10, 0x0, 0x3d, 0x10, 0x0,
    0x8c, 0xcf, 0xcc, 0xc1, 0x8, 0xdd, 0xd7, 0xa4,
    0xe, 0x20, 0xe1, 0x0, 0x3e, 0x10, 0xa3, 0xe,
    0x10, 0xe1, 0x0, 0x2d, 0x0, 0xa3, 0xe, 0x10,
    0xe1, 0xa, 0xbf, 0xaa, 0xa6, 0x3f, 0x53, 0xf1,
    0x5, 0x7e, 0x55, 0xad, 0xcf, 0xcc, 0xf1, 0x0,
    0x2d, 0x0, 0x41, 0xe, 0x10, 0x50, 0x0, 0x2d,
    0x28, 0x0, 0xe, 0x10, 0x0, 0x0, 0x5f, 0xd5,
    0x0, 0xe, 0x10, 0x0, 0x0, 0x86, 0x0, 0x0,
    0xe, 0x10, 0x0,

    /* U+94A5 "钥" */
    0x0, 0x53, 0x0, 0x0, 0x0, 0x0, 0x0, 0xe,
    0x30, 0x0, 0xcf, 0xff, 0xfe, 0x9, 0xff, 0xff,
    0x2c, 0x30, 0x2, 0xe5, 0xd1, 0x0, 0x0, 0xc3,
    0x0, 0x2e, 0x8, 0xdd, 0xdc, 0xc, 0xff, 0xff,
    0xe0, 0x5, 0xd1, 0x10, 0xc3, 0x0, 0x2e, 0x0,
    0x3c, 0x0, 0xc, 0x30, 0x2, 0xe2, 0xab, 0xfa,
    0xa1, 0xd6, 0x22, 0x4e, 0x15, 0x8e, 0x55, 0xe,
    0xcc, 0xcc, 0xe0, 0x3, 0xc0, 0x0, 0xf0, 0x0,
    0x2e, 0x0, 0x3c, 0x16, 0x4d, 0x0, 0x2, 0xe0,
    0x6, 0xfd, 0x6b, 0x80, 0x0, 0x3e, 0x0, 0xa7,
    0x4, 0xd1, 0x0, 0xef, 0x90, 0x0, 0x0, 0x1,
    0x0, 0x0, 0x0,

    /* U+94B1 "钱" */
    0x0, 0x84, 0x0, 0x0, 0xe2, 0x50, 0x0, 0x1,
    0xf3, 0x0, 0x0, 0xd2, 0x9c, 0x0, 0xa, 0xfe,
    0xe9, 0x0, 0xd2, 0x5, 0x10, 0x4d, 0x10, 0x0,
    0x59, 0xfc, 0xba, 0x50, 0x7, 0xdd, 0xd6, 0x22,
    0xb4, 0x0, 0x0, 0x0, 0x1e, 0x10, 0x0, 0xa8,
    0x7a, 0xd0, 0x0, 0xe, 0x0, 0xad, 0xfd, 0x85,
    0x20, 0x1e, 0xef, 0xec, 0x52, 0x5a, 0x2, 0xc0,
    0x0, 0x1e, 0x0, 0x0, 0x2d, 0x1d, 0x40, 0x0,
    0xe, 0x0, 0x0, 0xe, 0xd6, 0x0, 0x0, 0xe,
    0x5b, 0x0, 0x7f, 0x90, 0x30, 0x0, 0x3f, 0xb2,
    0x6e, 0xa4, 0xe3, 0xb2, 0x0, 0x75, 0x0, 0x93,
    0x0, 0x5e, 0xc0,

    /* U+94C1 "铁" */
    0x0, 0x0, 0x0, 0x0, 0x0, 0x0, 0x0, 0x0,
    0xa5, 0x0, 0x3, 0xc, 0x40, 0x0, 0x2, 0xf2,
    0x0, 0xf, 0x1c, 0x40, 0x0, 0xb, 0xff, 0xff,
    0x3e, 0x1c, 0x51, 0x10, 0x5d, 0x10, 0x0, 0x7d,
    0xae, 0xba, 0xa0, 0x7, 0xdd, 0xd9, 0xd3, 0xc,
    0x40, 0x0, 0x0, 0x1f, 0x10, 0x40, 0xc, 0x30,
    0x0, 0x0, 0xf, 0x0, 0x7a, 0xae, 0xba, 0xa3,
    0x2e, 0xef, 0xee, 0x46, 0x7f, 0xb6, 0x62, 0x0,
    0x1f, 0x0, 0x0, 0x4f, 0xc0, 0x0, 0x0, 0xf,
    0x0, 0x0, 0xb5, 0xd3, 0x0, 0x0, 0xf, 0x29,
    0x5, 0xd0, 0x6b, 0x0, 0x0, 0x4f, 0xd6, 0x6e,
    0x20, 0xb, 0xa0, 0x0, 0x67, 0x1, 0xc3, 0x0,
    0x0, 0xa2,

    /* U+94C5 "铅" */
    0x0, 0x63, 0x0, 0x0, 0x0, 0x0, 0x0, 0x1,
    0xf2, 0x0, 0xd, 0xff, 0xfe, 0x0, 0xa, 0xff,
    0xfe, 0xe, 0x10, 0x1e, 0x0, 0x5d, 0x10, 0x0,
    0xe, 0x0, 0x1e, 0x0, 0x18, 0xdd, 0xd7, 0x3c,
    0x0, 0x1e, 0x0, 0x0, 0x1f, 0x10, 0xb6, 0x0,
    0xe, 0xb6, 0x0, 0xf, 0x1, 0x90, 0x0, 0x0,
    0x31, 0x2c, 0xdf, 0xca, 0x5e, 0xee, 0xee, 0x80,
    0x2, 0x3f, 0x21, 0x58, 0x0, 0x6, 0x90, 0x0,
    0xf, 0x0, 0x58, 0x0, 0x6, 0x90, 0x0, 0xf,
    0x28, 0x58, 0x0, 0x6, 0x90, 0x0, 0x5f, 0xd4,
    0x5e, 0xdd, 0xde, 0x90, 0x0, 0x76, 0x0, 0x59,
    0x11, 0x17, 0x90,

    /* U+94F6 "银" */
    0x0, 0x52, 0x0, 0x0, 0x0, 0x0, 0x0, 0x0,
    0xe3, 0x0, 0x6f, 0xee, 0xee, 0xe0, 0x8, 0xff,
    0xfb, 0x68, 0x0, 0x1, 0xe0, 0x3d, 0x10, 0x0,
    0x6c, 0x88, 0x89, 0xe0, 0x8, 0xdd, 0xd8, 0x69,
    0x22, 0x23, 0xe0, 0x0, 0x4d, 0x10, 0x69, 0x11,
    0x12, 0xe0, 0x0, 0x2d, 0x0, 0x6f, 0xef, 0xdd,
    0xc0, 0x1e, 0xef, 0xed, 0x68, 0xd, 0x0, 0x42,
    0x0, 0x3d, 0x0, 0x68, 0xa, 0x69, 0xd2, 0x0,
    0x2d, 0x0, 0x68, 0x2, 0xf9, 0x0, 0x0, 0x2d,
    0x29, 0x68, 0x0, 0x9c, 0x0, 0x0, 0x5f, 0xd5,
    0x8c, 0xae, 0xb, 0xc3, 0x0, 0x66, 0x0, 0xaa,
    0x50, 0x0, 0x77, 0x0, 0x0, 0x0, 0x0, 0x0,
    0x0, 0x0,

    /* U+9519 "错" */
    0x0, 0x94, 0x0, 0x2, 0xc0, 0x3b, 0x0, 0x1,
    0xf1, 0x0, 0x2, 0xc0, 0x3b, 0x0, 0x9, 0xfe,
    0xe9, 0x8e, 0xfd, 0xef, 0xd5, 0x3e, 0x10, 0x0,
    0x3, 0xc0, 0x4b, 0x0, 0x17, 0x88, 0x83, 0x2,
    0xc0, 0x3b, 0x0, 0x3, 0x8e, 0x63, 0xff, 0xff,
    0xff, 0xfa, 0x0, 0x1d, 0x0, 0x0, 0x0, 0x0,
    0x0, 0xc, 0xcf, 0xc9, 0x1f, 0xee, 0xee, 0xb0,
    0x2, 0x4d, 0x21, 0x1e, 0x0, 0x3, 0xb0, 0x0,
    0x1d, 0x0, 0x1f, 0xdd, 0xde, 0xb0, 0x0, 0x1d,
    0x35, 0x1e, 0x0, 0x3, 0xb0, 0x0, 0x4f, 0xd4,
    0x1e, 0x22, 0x26, 0xb0, 0x0, 0x86, 0x0, 0x1f,
    0xaa, 0xab, 0xb0,

    /* U+955C "镜" */
    0x0, 0x51, 0x0, 0x0, 0x8, 0x0, 0x0, 0x1,
    0xe1, 0x0, 0x49, 0x9e, 0xa9, 0x90, 0x9, 0xfe,
    0xe6, 0x26, 0x94, 0x5b, 0x40, 0x3d, 0x0, 0x0,
    0x45, 0xc4, 0x9b, 0x41, 0x9, 0xdd, 0xd1, 0x77,
    0x77, 0x77, 0x73, 0x0, 0x5b, 0x10, 0x2c, 0xcc,
    0xcc, 0xa0, 0x0, 0x4a, 0x0, 0x2c, 0x0, 0x3,
    0xd0, 0x1c, 0xdf, 0xc8, 0x2e, 0xbb, 0xbc, 0xd0,
    0x3, 0x7c, 0x32, 0x2c, 0x11, 0x14, 0xd0, 0x0,
    0x4a, 0x0, 0x1a, 0xfa, 0xfa, 0x80, 0x0, 0x4b,
    0x46, 0x1, 0xd0, 0xe1, 0x0, 0x0, 0x9f, 0xc3,
    0x1b, 0x70, 0xe1, 0x48, 0x0, 0xb5, 0xa, 0xe7,
    0x0, 0xad, 0xd4, 0x0, 0x0, 0x1, 0x0, 0x0,
    0x0, 0x0,

    /* U+957F "长" */
    0x0, 0x8, 0x80, 0x0, 0x0, 0x21, 0x0, 0x0,
    0x8, 0x80, 0x0, 0x3, 0xe5, 0x0, 0x0, 0x8,
    0x80, 0x0, 0x7e, 0x40, 0x0, 0x0, 0x8, 0x80,
    0x5d, 0xc2, 0x0, 0x0, 0x0, 0x8, 0x82, 0xe6,
    0x0, 0x0, 0x0, 0x1, 0x19, 0x91, 0x11, 0x11,
    0x11, 0x10, 0x3f, 0xff, 0xff, 0xff, 0xff, 0xff,
    0xf3, 0x0, 0x8, 0x80, 0xe, 0x20, 0x0, 0x0,
    0x0, 0x8, 0x80, 0x7, 0xb0, 0x0, 0x0, 0x0,
    0x8, 0x80, 0x0, 0xc9, 0x0, 0x0, 0x0, 0x8,
    0x80, 0x1, 0x1d, 0xa1, 0x0, 0x0, 0x9, 0xb9,
    0xde, 0x1, 0xbe, 0x81, 0x0, 0xe, 0xc7, 0x30,
    0x0, 0x4, 0xb2, 0x0, 0x1, 0x0, 0x0, 0x0,
    0x0, 0x0,

    /* U+95E8 "门" */
    0x15, 0x0, 0x0, 0x0, 0x0, 0x0, 0x1d, 0x70,
    0xff, 0xff, 0xff, 0xfc, 0x1, 0xd4, 0x0, 0x0,
    0x0, 0x4c, 0xe2, 0x10, 0x0, 0x0, 0x0, 0x4c,
    0xe2, 0x0, 0x0, 0x0, 0x0, 0x4c, 0xe2, 0x0,
    0x0, 0x0, 0x0, 0x4c, 0xe2, 0x0, 0x0, 0x0,
    0x0, 0x4c, 0xe2, 0x0, 0x0, 0x0, 0x0, 0x4c,
    0xe2, 0x0, 0x0, 0x0, 0x0, 0x4c, 0xe2, 0x0,
    0x0, 0x0, 0x0, 0x4c, 0xe2, 0x0, 0x0, 0x0,
    0x0, 0x4c, 0xe2, 0x0, 0x0, 0x0, 0x0, 0x5c,
    0xe2, 0x0, 0x0, 0x0, 0xcf, 0xe6,

    /* U+95EE "问" */
    0x42, 0x0, 0x0, 0x0, 0x0, 0x0, 0x3d, 0x17,
    0xff, 0xff, 0xff, 0xf3, 0x5, 0xb0, 0x0, 0x0,
    0x0, 0xc3, 0xa1, 0x0, 0x0, 0x0, 0x0, 0xc3,
    0xe1, 0xa, 0xbb, 0xbb, 0x10, 0xc3, 0xe1, 0xd,
    0x43, 0x3f, 0x10, 0xc3, 0xe1, 0xd, 0x10, 0xe,
    0x10, 0xc3, 0xe1, 0xd, 0x10, 0xe, 0x10, 0xc3,
    0xe1, 0xd, 0x21, 0x1e, 0x10, 0xc3, 0xe1, 0xd,
    0xdd, 0xdd, 0x10, 0xc3, 0xe1, 0x4, 0x0, 0x0,
    0x0, 0xc3, 0xe1, 0x0, 0x0, 0x0, 0x0, 0xd3,
    0xe1, 0x0, 0x0, 0x0, 0xbf, 0xc1,

    /* U+95F4 "间" */
    0x33, 0x0, 0x0, 0x0, 0x0, 0x0, 0x3e, 0x30,
    0xff, 0xff, 0xff, 0xfc, 0x5, 0x70, 0x0, 0x0,
    0x0, 0x4c, 0xa1, 0x0, 0x0, 0x0, 0x0, 0x4c,
    0xe2, 0xc, 0xdd, 0xdd, 0x30, 0x4c, 0xe2, 0xd,
    0x10, 0xb, 0x30, 0x4c, 0xe2, 0xd, 0x10, 0xb,
    0x30, 0x4c, 0xe2, 0xd, 0xee, 0xef, 0x30, 0x4c,
    0xe2, 0xd, 0x10, 0xb, 0x30, 0x4c, 0xe2, 0xd,
    0x10, 0xc, 0x30, 0x4c, 0xe2, 0xb, 0xdd, 0xdd,
    0x30, 0x4c, 0xe2, 0x0, 0x0, 0x0, 0x0, 0x4c,
    0xe2, 0x0, 0x0, 0x0, 0xe, 0xe7,

    /* U+9662 "院" */
    0x0, 0x0, 0x0, 0x6, 0x30, 0x0, 0xe, 0xff,
    0xe0, 0x0, 0x6b, 0x0, 0x0, 0xe0, 0x5a, 0xaf,
    0xee, 0xee, 0xef, 0x3e, 0xb, 0x3a, 0x40, 0x0,
    0x0, 0xc3, 0xe2, 0xd0, 0x48, 0xbb, 0xbb, 0xb7,
    0x1e, 0x1b, 0x50, 0x12, 0x22, 0x22, 0x0, 0xe0,
    0x3c, 0x0, 0x0, 0x0, 0x0, 0xe, 0x0, 0xe9,
    0xff, 0xff, 0xff, 0xf4, 0xe1, 0x1e, 0x0, 0xc3,
    0x2c, 0x0, 0xe, 0x6e, 0x60, 0xe, 0x12, 0xc0,
    0x0, 0xe0, 0x0, 0x6, 0xb0, 0x2c, 0x4, 0x2e,
    0x0, 0x5, 0xe3, 0x2, 0xc0, 0x86, 0xe0, 0x8,
    0xc3, 0x0, 0xe, 0xee, 0x22, 0x0, 0x0, 0x0,
    0x0, 0x0, 0x0,

    /* U+9664 "除" */
    0x0, 0x0, 0x0, 0x0, 0x80, 0x0, 0xe, 0xff,
    0xd0, 0x0, 0xaf, 0x30, 0x0, 0xe0, 0x68, 0x0,
    0xab, 0x3e, 0x50, 0xe, 0xc, 0x14, 0xd9, 0x0,
    0x2d, 0xa2, 0xe4, 0xb0, 0xa9, 0xaa, 0xaa, 0xb8,
    0x3e, 0xb, 0x30, 0x13, 0x5e, 0x33, 0x0, 0xe0,
    0x4a, 0x0, 0x1, 0xe0, 0x0, 0xe, 0x1, 0xdc,
    0xee, 0xff, 0xee, 0xe5, 0xe1, 0x5d, 0x11, 0x13,
    0xe1, 0x21, 0xe, 0x6c, 0x40, 0xb5, 0x1e, 0x1d,
    0x20, 0xe0, 0x0, 0x5c, 0x1, 0xe0, 0x4c, 0xe,
    0x0, 0x1e, 0x20, 0x2e, 0x0, 0xa4, 0xe0, 0x0,
    0x0, 0xce, 0x90, 0x0, 0x0, 0x0, 0x0, 0x0,
    0x0, 0x0, 0x0,

    /* U+96E8 "雨" */
    0x1f, 0xff, 0xff, 0xff, 0xff, 0xff, 0xf7, 0x0,
    0x0, 0x0, 0x6a, 0x0, 0x0, 0x0, 0x0, 0x0,
    0x0, 0x6a, 0x0, 0x0, 0x0, 0x6, 0xff, 0xff,
    0xff, 0xff, 0xff, 0xd0, 0x6, 0x90, 0x0, 0x6a,
    0x10, 0x3, 0xd0, 0x6, 0x97, 0xb2, 0x6a, 0x7c,
    0x33, 0xd0, 0x6, 0x90, 0x3c, 0x6a, 0x3, 0xc4,
    0xd0, 0x6, 0x94, 0x0, 0x6a, 0x40, 0x3, 0xd0,
    0x6, 0x96, 0xd4, 0x6a, 0x6d, 0x53, 0xd0, 0x6,
    0x90, 0x29, 0x6a, 0x1, 0x93, 0xd0, 0x6, 0x90,
    0x0, 0x6a, 0x0, 0x4, 0xd0, 0x6, 0x90, 0x0,
    0x58, 0x4, 0xed, 0x70,

    /* U+9700 "需" */
    0x1, 0xdd, 0xdd, 0xee, 0xdd, 0xdd, 0x10, 0x6,
    0x66, 0x66, 0xba, 0x66, 0x66, 0x60, 0xe, 0x44,
    0x44, 0xa9, 0x44, 0x45, 0xe0, 0xe, 0x3b, 0xb8,
    0x87, 0x9b, 0xb3, 0xe0, 0x2, 0x47, 0x75, 0x87,
    0x67, 0x74, 0x20, 0x0, 0x24, 0x43, 0x65, 0x45,
    0x53, 0x0, 0x1d, 0xdd, 0xdd, 0xfe, 0xdd, 0xdd,
    0xd1, 0x0, 0x0, 0x0, 0xd3, 0x0, 0x0, 0x0,
    0x0, 0xfd, 0xdf, 0xed, 0xfe, 0xdf, 0x50, 0x0,
    0xf0, 0xe, 0x0, 0xd2, 0xa, 0x50, 0x0, 0xf0,
    0xe, 0x0, 0xd2, 0xb, 0x50, 0x0, 0xf0, 0xd,
    0x0, 0xc2, 0xce, 0x30, 0x0, 0x0, 0x0, 0x0,
    0x0, 0x0, 0x0,

    /* U+9762 "面" */
    0x2f, 0xff, 0xff, 0xff, 0xff, 0xff, 0xf3, 0x0,
    0x0, 0x0, 0xe5, 0x0, 0x0, 0x0, 0x0, 0x0,
    0x1, 0xf1, 0x0, 0x0, 0x0, 0x8, 0xfe, 0xff,
    0xee, 0xff, 0xef, 0x80, 0x8, 0x70, 0x87, 0x0,
    0x96, 0x8, 0x80, 0x8, 0x70, 0x8d, 0xbb, 0xe6,
    0x8, 0x80, 0x8, 0x70, 0x88, 0x11, 0x96, 0x8,
    0x80, 0x8, 0x70, 0x87, 0x0, 0x96, 0x8, 0x80,
    0x8, 0x70, 0x8e, 0xdd, 0xf6, 0x8, 0x80, 0x8,
    0x70, 0x87, 0x0, 0x96, 0x8, 0x80, 0x8, 0xed,
    0xee, 0xdd, 0xee, 0xde, 0x80, 0x8, 0x82, 0x22,
    0x22, 0x22, 0x29, 0x80,

    /* U+978B "鞋" */
    0x0, 0x0, 0x0, 0x0, 0x0, 0x0, 0x0, 0x2,
    0xc0, 0x1d, 0x0, 0x2, 0xe0, 0x0, 0x3a, 0xe9,
    0xae, 0x90, 0x2, 0xe0, 0x0, 0x27, 0xd5, 0x7e,
    0x59, 0xee, 0xfe, 0xe3, 0x2, 0xe8, 0x9d, 0x0,
    0x2, 0xe0, 0x0, 0x0, 0x4c, 0x83, 0x0, 0x2,
    0xe0, 0x0, 0xb, 0xce, 0xdc, 0x6e, 0xef, 0xfe,
    0xe7, 0xe, 0x9, 0x48, 0x60, 0x1, 0x40, 0x0,
    0xe, 0x9, 0x37, 0x60, 0x2, 0xe0, 0x0, 0xc,
    0xdf, 0xed, 0x56, 0x78, 0xf7, 0x72, 0x0, 0xb,
    0x50, 0x6, 0x79, 0xf7, 0x72, 0x6d, 0xdf, 0xed,
    0xc0, 0x2, 0xe0, 0x0, 0x0, 0xa, 0x40, 0x12,
    0x24, 0xe2, 0x21, 0x0, 0xa, 0x40, 0x6d, 0xdd,
    0xdd, 0xd9,

    /* U+97E9 "韩" */
    0x0, 0xf, 0x0, 0x0, 0xe, 0x10, 0x0, 0x26,
    0x6f, 0x66, 0x10, 0xe, 0x10, 0x0, 0x28, 0x9f,
    0x88, 0x8e, 0xef, 0xfe, 0xe1, 0x1, 0x2f, 0x11,
    0x0, 0xe, 0x20, 0x0, 0xe, 0xee, 0xee, 0x1,
    0x1e, 0x31, 0x0, 0xe, 0x11, 0x2e, 0x2e, 0xef,
    0xee, 0x70, 0xe, 0x88, 0x8e, 0x0, 0xe, 0x10,
    0x0, 0xe, 0xba, 0xbe, 0x7e, 0xef, 0xee, 0xe4,
    0x2, 0x3f, 0x22, 0x0, 0xe, 0x20, 0xb3, 0x38,
    0x8f, 0x88, 0x20, 0xe, 0x10, 0xc2, 0x38, 0x8f,
    0x88, 0x20, 0xe, 0x21, 0xe0, 0x0, 0xf, 0x0,
    0x0, 0xe, 0x5d, 0x80, 0x0, 0xf, 0x0, 0x0,
    0xe, 0x10, 0x0, 0x0, 0x1, 0x0, 0x0, 0x0,
    0x0, 0x0,

    /* U+97F3 "音" */
    0x0, 0x0, 0x0, 0x0, 0x0, 0x0, 0x0, 0x0,
    0x0, 0x0, 0xb6, 0x0, 0x0, 0x0, 0x4, 0xbb,
    0xbb, 0xde, 0xbb, 0xbb, 0x60, 0x1, 0x37, 0x93,
    0x33, 0x39, 0x93, 0x20, 0x0, 0x3, 0xe0, 0x0,
    0xd, 0x50, 0x0, 0x0, 0x0, 0xe3, 0x0, 0x3e,
    0x0, 0x0, 0x3f, 0xff, 0xff, 0xff, 0xff, 0xff,
    0xf3, 0x0, 0x0, 0x0, 0x0, 0x0, 0x0, 0x0,
    0x0, 0x4f, 0xee, 0xee, 0xee, 0xf7, 0x0, 0x0,
    0x4b, 0x0, 0x0, 0x0, 0xa7, 0x0, 0x0, 0x4f,
    0xdd, 0xdd, 0xdd, 0xf7, 0x0, 0x0, 0x4b, 0x0,
    0x0, 0x0, 0xa7, 0x0, 0x0, 0x4c, 0x11, 0x11,
    0x11, 0xa7, 0x0, 0x0, 0x4f, 0xdd, 0xdd, 0xdd,
    0xe7, 0x0,

    /* U+9884 "预" */
    0x0, 0x0, 0x0, 0x0, 0x0, 0x0, 0x0, 0xd,
    0xee, 0xff, 0x5e, 0xee, 0xfe, 0xea, 0x0, 0x10,
    0xc7, 0x0, 0x6, 0xa0, 0x0, 0x3, 0xdc, 0x60,
    0xa, 0xef, 0xfe, 0xe2, 0x0, 0x2c, 0x90, 0xb,
    0x51, 0x20, 0xd2, 0x5c, 0xcd, 0xfc, 0x8b, 0x45,
    0xa0, 0xd2, 0x12, 0x3e, 0x2a, 0x6b, 0x45, 0xa0,
    0xd2, 0x0, 0x1e, 0xe, 0xb, 0x45, 0xa0, 0xd2,
    0x0, 0x1e, 0x14, 0xb, 0x46, 0x90, 0xd2, 0x0,
    0x1e, 0x0, 0x8, 0x3a, 0x60, 0x91, 0x0, 0x1e,
    0x0, 0x0, 0x5e, 0x5a, 0x0, 0x0, 0x1e, 0x0,
    0x7, 0xe2, 0x9, 0xc1, 0x8, 0xfa, 0x0, 0xa9,
    0x10, 0x0, 0x87, 0x0, 0x0, 0x0, 0x0, 0x0,
    0x0, 0x0,

    /* U+9898 "题" */
    0x7, 0xec, 0xce, 0x4d, 0xde, 0xed, 0xd8, 0x7,
    0xa4, 0x4c, 0x40, 0x9, 0x60, 0x0, 0x7, 0xa6,
    0x6c, 0x46, 0xdd, 0xdc, 0xd0, 0x7, 0xc8, 0x8d,
    0x46, 0x71, 0x40, 0xe0, 0x1, 0x22, 0x22, 0x6,
    0x73, 0xa0, 0xe0, 0x4d, 0xdd, 0xdd, 0xd6, 0x74,
    0x90, 0xe0, 0x1, 0x37, 0x60, 0x6, 0x77, 0x70,
    0xe0, 0x5, 0x87, 0xca, 0x76, 0x7b, 0x41, 0xd0,
    0x7, 0x97, 0x82, 0x20, 0x5c, 0x5d, 0x20, 0x9,
    0xeb, 0x60, 0x19, 0xd2, 0x4, 0xe3, 0xe, 0x1c,
    0xa3, 0x47, 0x0, 0x0, 0x42, 0x5a, 0x0, 0x6b,
    0xdd, 0xdd, 0xdd, 0xd7, 0x1, 0x0, 0x0, 0x0,
    0x0, 0x0, 0x0,

    /* U+989C "颜" */
    0x0, 0x8, 0x30, 0x0, 0x0, 0x0, 0x0, 0x2,
    0x28, 0x92, 0x2a, 0xdd, 0xfd, 0xd4, 0xb, 0xdb,
    0xbc, 0xb0, 0x6, 0x70, 0x0, 0x0, 0xc2, 0xd,
    0x14, 0x8d, 0xa8, 0x70, 0x8, 0xdc, 0xce, 0xa7,
    0x62, 0x41, 0xe0, 0xb, 0x52, 0x39, 0x47, 0x53,
    0x90, 0xe0, 0xb, 0x35, 0xd7, 0x7, 0x54, 0x80,
    0xe0, 0xc, 0x99, 0x25, 0x37, 0x54, 0x80, 0xe0,
    0xc, 0x21, 0xab, 0x7, 0x57, 0x60, 0xe0, 0xd,
    0x9d, 0x62, 0x57, 0x5a, 0x20, 0xe0, 0xf, 0x20,
    0x3d, 0x40, 0x2d, 0x44, 0x0, 0x4c, 0x4b, 0xc3,
    0x2, 0xc4, 0x1c, 0x70, 0x68, 0x84, 0x0, 0x9c,
    0x40, 0x0, 0xa4, 0x0, 0x0, 0x0, 0x0, 0x0,
    0x0, 0x0,

    /* U+98DF "食" */
    0x0, 0x0, 0x0, 0x57, 0x0, 0x0, 0x0, 0x0,
    0x0, 0x4, 0xed, 0x40, 0x0, 0x0, 0x0, 0x0,
    0x7c, 0x52, 0xd8, 0x0, 0x0, 0x0, 0x4d, 0xa0,
    0xa6, 0x8, 0xe9, 0x20, 0x2d, 0xdf, 0xed, 0xee,
    0xde, 0xf9, 0xf5, 0x3, 0xf, 0x0, 0x0, 0x1,
    0xf0, 0x0, 0x0, 0xf, 0xdc, 0xcc, 0xcd, 0xf0,
    0x0, 0x0, 0xf, 0x0, 0x0, 0x1, 0xf0, 0x0,
    0x0, 0xf, 0xdd, 0xdd, 0xdd, 0xf4, 0x0, 0x0,
    0xf, 0x0, 0x66, 0x2, 0xc9, 0x0, 0x0, 0xf,
    0x0, 0x19, 0xee, 0x40, 0x0, 0x0, 0xf, 0x68,
    0xb6, 0x2b, 0xc3, 0x0, 0x0, 0x4e, 0xa7, 0x30,
    0x0, 0x5d, 0x10, 0x0, 0x0, 0x0, 0x0, 0x0,
    0x0, 0x0,

    /* U+9910 "餐" */
    0x0, 0x8, 0x60, 0x0, 0x0, 0x0, 0x0, 0x0,
    0x8, 0xdb, 0xb5, 0xbb, 0xbe, 0x60, 0x1, 0xde,
    0xcb, 0x42, 0xb3, 0x5d, 0x0, 0x3c, 0x60, 0x6d,
    0x0, 0x4f, 0xf3, 0x0, 0x11, 0x8d, 0xc1, 0x9a,
    0xc7, 0x5d, 0x50, 0x19, 0xc5, 0x3c, 0x89, 0xb2,
    0x1, 0x20, 0x5, 0x5b, 0xb2, 0x86, 0x3b, 0xc7,
    0x20, 0x4f, 0xbf, 0xaa, 0xab, 0xaa, 0xe8, 0xd4,
    0x1, 0xe, 0x87, 0x77, 0x79, 0xd0, 0x0, 0x0,
    0xe, 0x42, 0x22, 0x25, 0xd0, 0x0, 0x0, 0xe,
    0xa9, 0x9e, 0xa9, 0xbb, 0x0, 0x0, 0xf, 0x10,
    0x38, 0xca, 0xd2, 0x0, 0x0, 0x5f, 0xdc, 0xa3,
    0x3, 0x9d, 0x30, 0x0, 0x11, 0x0, 0x0, 0x0,
    0x1, 0x0,

    /* U+996A "饪" */
    0x0, 0xa4, 0x0, 0x0, 0x0, 0x15, 0x60, 0x0,
    0xe2, 0x0, 0x6a, 0xce, 0xeb, 0x70, 0x2, 0xfd,
    0xcd, 0x85, 0x3d, 0x30, 0x0, 0x7, 0xa2, 0x2f,
    0x10, 0xd, 0x30, 0x0, 0xe, 0x30, 0x5b, 0x0,
    0xd, 0x30, 0x0, 0x5c, 0x1e, 0x22, 0x0, 0xd,
    0x30, 0x0, 0x1, 0x1e, 0x1, 0xee, 0xef, 0xfe,
    0xe9, 0x0, 0x1e, 0x0, 0x0, 0xd, 0x40, 0x0,
    0x0, 0x1e, 0x0, 0x0, 0xd, 0x30, 0x0, 0x0,
    0x1e, 0x1, 0x0, 0xd, 0x30, 0x0, 0x0, 0x1e,
    0x6e, 0x10, 0xd, 0x30, 0x0, 0x0, 0x4f, 0xc2,
    0x23, 0x3e, 0x63, 0x31, 0x0, 0xa8, 0x0, 0xbc,
    0xcc, 0xcc, 0xc4, 0x0, 0x0, 0x0, 0x0, 0x0,
    0x0, 0x0,

    /* U+996D "饭" */
    0x3, 0xa0, 0x0, 0x0, 0x0, 0x48, 0x40, 0x6,
    0x90, 0x0, 0xbd, 0xee, 0xb8, 0x30, 0xa, 0xec,
    0xc4, 0xf1, 0x0, 0x0, 0x0, 0xe, 0x32, 0xe1,
    0xf0, 0x0, 0x0, 0x0, 0x6b, 0x14, 0xa0, 0xfd,
    0xdd, 0xdd, 0x50, 0xa4, 0xe2, 0x11, 0xe9, 0x71,
    0x1c, 0x30, 0x0, 0xe1, 0x2, 0xd3, 0xc0, 0x1e,
    0x0, 0x0, 0xe1, 0x3, 0xb0, 0xe3, 0x79, 0x0,
    0x0, 0xe1, 0x5, 0xa0, 0x7a, 0xe1, 0x0, 0x0,
    0xe1, 0x49, 0x70, 0xf, 0x90, 0x0, 0x0, 0xec,
    0x7d, 0x30, 0xad, 0xe2, 0x0, 0x4, 0xf5, 0x5d,
    0x3c, 0xb0, 0x6e, 0x50, 0x4, 0x30, 0x65, 0x86,
    0x0, 0x4, 0xb0,

    /* U+996E "饮" */
    0x0, 0xa3, 0x0, 0x2, 0xc0, 0x0, 0x0, 0x0,
    0xe1, 0x0, 0x6, 0xa0, 0x0, 0x0, 0x2, 0xfc,
    0xcc, 0x2a, 0xed, 0xdd, 0xd3, 0x8, 0x92, 0x3e,
    0x1f, 0x21, 0x11, 0xf1, 0xe, 0x31, 0x59, 0x8b,
    0xc, 0x13, 0xd0, 0x4a, 0x3c, 0x11, 0x72, 0xf,
    0x11, 0x40, 0x0, 0x3c, 0x0, 0x0, 0xf, 0x20,
    0x0, 0x0, 0x3c, 0x0, 0x0, 0x3f, 0x60, 0x0,
    0x0, 0x3c, 0x0, 0x0, 0x8c, 0xc0, 0x0, 0x0,
    0x3c, 0x3, 0x1, 0xf3, 0xb3, 0x0, 0x0, 0x4d,
    0xc8, 0xa, 0xa0, 0x4d, 0x0, 0x0, 0xae, 0x40,
    0x9c, 0x0, 0x9, 0xc2, 0x0, 0x61, 0x4, 0xa0,
    0x0, 0x0, 0x87,

    /* U+9996 "首" */
    0x0, 0x5, 0x90, 0x0, 0x4, 0xb0, 0x0, 0x0,
    0x0, 0xd5, 0x0, 0xd, 0x50, 0x0, 0x1e, 0xee,
    0xff, 0xee, 0xff, 0xee, 0xe6, 0x0, 0x0, 0x0,
    0x9a, 0x0, 0x0, 0x0, 0x0, 0x5c, 0xcc, 0xfd,
    0xcc, 0xca, 0x0, 0x0, 0x7a, 0x22, 0x22, 0x22,
    0x6d, 0x0, 0x0, 0x78, 0x0, 0x0, 0x0, 0x4d,
    0x0, 0x0, 0x7e, 0xdd, 0xdd, 0xdd, 0xed, 0x0,
    0x0, 0x78, 0x0, 0x0, 0x0, 0x4d, 0x0, 0x0,
    0x7e, 0xdd, 0xdd, 0xdd, 0xed, 0x0, 0x0, 0x78,
    0x0, 0x0, 0x0, 0x4d, 0x0, 0x0, 0x7e, 0xdd,
    0xdd, 0xdd, 0xdd, 0x0, 0x0, 0x79, 0x11, 0x11,
    0x11, 0x5d, 0x0,

    /* U+9999 "香" */
    0x0, 0x0, 0x0, 0x2, 0x47, 0xa2, 0x0, 0x0,
    0xac, 0xde, 0xfe, 0xa8, 0x51, 0x0, 0x0, 0x21,
    0x0, 0x88, 0x0, 0x0, 0x0, 0x2c, 0xcc, 0xcc,
    0xee, 0xcc, 0xcc, 0xc2, 0x2, 0x22, 0x5e, 0xcc,
    0xe5, 0x22, 0x20, 0x0, 0x2, 0xe4, 0x88, 0x4e,
    0x40, 0x0, 0x0, 0x6e, 0x50, 0x88, 0x3, 0xe8,
    0x10, 0x2d, 0xe6, 0x33, 0x66, 0x33, 0x4a, 0xf3,
    0x6, 0x2f, 0xaa, 0xaa, 0xaa, 0xe5, 0x30, 0x0,
    0x1e, 0x11, 0x11, 0x11, 0xc5, 0x0, 0x0, 0x1f,
    0xaa, 0xaa, 0xaa, 0xe5, 0x0, 0x0, 0x1e, 0x0,
    0x0, 0x0, 0xb5, 0x0, 0x0, 0x1f, 0xcc, 0xcc,
    0xcc, 0xe5, 0x0,

    /* U+9A8C "验" */
    0x0, 0x0, 0x0, 0x0, 0x27, 0x0, 0x0, 0x3e,
    0xee, 0xf3, 0x0, 0xbd, 0x0, 0x0, 0x0, 0x0,
    0xc2, 0x4, 0xc9, 0xa0, 0x0, 0xa, 0x30, 0xe0,
    0x2d, 0x20, 0xb9, 0x0, 0xb, 0x20, 0xe2, 0xe8,
    0x33, 0x4c, 0xb0, 0xd, 0x1, 0xe6, 0x59, 0xbb,
    0xb3, 0x90, 0xe, 0x2, 0xc0, 0x0, 0x12, 0x0,
    0x0, 0xd, 0xdd, 0xdc, 0x75, 0x2b, 0x6, 0x90,
    0x0, 0x0, 0x3b, 0x3a, 0xe, 0xc, 0x20, 0x25,
    0x9b, 0x7a, 0xd, 0xb, 0x4b, 0x0, 0x56, 0x30,
    0x68, 0x1, 0x0, 0xc2, 0x0, 0x0, 0x0, 0xa5,
    0xab, 0xbb, 0xfb, 0xa0, 0x0, 0xcd, 0xc1, 0x33,
    0x33, 0x33, 0x30, 0x0, 0x0, 0x0, 0x0, 0x0,
    0x0, 0x0,

    /* U+9AD8 "高" */
    0x0, 0x0, 0x0, 0x95, 0x0, 0x0, 0x0, 0x17,
    0x77, 0x77, 0xbd, 0x77, 0x77, 0x70, 0x17, 0x77,
    0x77, 0x77, 0x77, 0x77, 0x70, 0x0, 0xc, 0xcc,
    0xcc, 0xcc, 0xc2, 0x0, 0x0, 0xf, 0x0, 0x0,
    0x0, 0xe2, 0x0, 0x0, 0xf, 0xaa, 0xaa, 0xaa,
    0xf2, 0x0, 0x0, 0x2, 0x22, 0x22, 0x22, 0x20,
    0x0, 0xa, 0xee, 0xee, 0xee, 0xee, 0xee, 0xa0,
    0xa, 0x50, 0x11, 0x11, 0x11, 0x5, 0xa0, 0xa,
    0x50, 0xfb, 0xbb, 0xbe, 0x5, 0xa0, 0xa, 0x50,
    0xe0, 0x0, 0xe, 0x5, 0xa0, 0xa, 0x50, 0xfc,
    0xcc, 0xcb, 0x6, 0xa0, 0xa, 0x50, 0x70, 0x0,
    0x0, 0xad, 0x60,

    /* U+9E21 "鸡" */
    0x0, 0x0, 0x0, 0x0, 0x37, 0x0, 0x0, 0x0,
    0x0, 0x0, 0x24, 0xb9, 0x44, 0x0, 0x4f, 0xff,
    0xf9, 0x8b, 0x88, 0x8e, 0x20, 0x0, 0x0, 0x86,
    0x86, 0x74, 0xd, 0x10, 0xc, 0x30, 0xd3, 0x86,
    0xb, 0x1f, 0x0, 0x4, 0xd3, 0xe0, 0x86, 0x4,
    0x8d, 0x0, 0x0, 0x9e, 0x90, 0x86, 0x2, 0x41,
    0x0, 0x0, 0xf, 0x50, 0x8e, 0xdd, 0xdd, 0xd0,
    0x0, 0x7d, 0xd0, 0x0, 0x0, 0x0, 0xf0, 0x2,
    0xe2, 0xc4, 0xbb, 0xbb, 0xb4, 0xf0, 0x2e, 0x70,
    0x10, 0x22, 0x22, 0x22, 0xd0, 0x48, 0x0, 0x0,
    0x0, 0x0, 0x4, 0xb0, 0x0, 0x0, 0x0, 0x0,
    0x3, 0xde, 0x50,

    /* U+9EC4 "黄" */
    0x0, 0x0, 0x97, 0x0, 0x1f, 0x0, 0x0, 0x0,
    0xbb, 0xed, 0xbb, 0xcf, 0xbb, 0x50, 0x0, 0x33,
    0xa9, 0x33, 0x4f, 0x33, 0x10, 0x0, 0x0, 0x97,
    0x0, 0x2f, 0x0, 0x0, 0x1e, 0xee, 0xee, 0xff,
    0xee, 0xee, 0xe6, 0x0, 0x0, 0x0, 0x6b, 0x0,
    0x0, 0x0, 0x0, 0x8d, 0xbb, 0xde, 0xbb, 0xcf,
    0x0, 0x0, 0x87, 0x0, 0x6b, 0x0, 0x1f, 0x0,
    0x0, 0x8d, 0xbb, 0xde, 0xbb, 0xcf, 0x0, 0x0,
    0x87, 0x0, 0x6b, 0x0, 0x1f, 0x0, 0x0, 0x6c,
    0xcc, 0xcc, 0xcc, 0xcb, 0x0, 0x0, 0x3, 0xa9,
    0x0, 0x3d, 0x72, 0x0, 0x7, 0xdc, 0x50, 0x0,
    0x1, 0x7d, 0xb1, 0x2, 0x10, 0x0, 0x0, 0x0,
    0x0, 0x30,

    /* U+9ED1 "黑" */
    0x0, 0xde, 0xee, 0xff, 0xee, 0xec, 0x0, 0x0,
    0xd2, 0x80, 0x87, 0x8, 0x4c, 0x0, 0x0, 0xd2,
    0x84, 0x87, 0x67, 0x4c, 0x0, 0x0, 0xd3, 0x34,
    0x98, 0x81, 0x5c, 0x0, 0x0, 0xac, 0xcc, 0xee,
    0xcc, 0xca, 0x0, 0x0, 0x0, 0x0, 0x98, 0x0,
    0x0, 0x0, 0x1, 0xdd, 0xdd, 0xee, 0xdd, 0xdd,
    0x0, 0x0, 0x0, 0x0, 0x87, 0x0, 0x0, 0x0,
    0x3e, 0xee, 0xee, 0xee, 0xee, 0xee, 0xe3, 0x0,
    0x51, 0x2, 0x0, 0x20, 0x14, 0x0, 0x2, 0xe0,
    0x2d, 0x2, 0xe0, 0x1e, 0x50, 0xd, 0x60, 0xf,
    0x0, 0xc4, 0x3, 0xe1, 0x2, 0x0, 0x1, 0x0,
    0x10, 0x0, 0x10,

    /* U+9F3B "鼻" */
    0x0, 0x0, 0x0, 0xa6, 0x0, 0x0, 0x0, 0x0,
    0x1c, 0xaa, 0xdb, 0xaa, 0xc1, 0x0, 0x0, 0x1f,
    0x88, 0x88, 0x88, 0xf1, 0x0, 0x0, 0x1e, 0x44,
    0x44, 0x44, 0xf1, 0x0, 0x0, 0x1e, 0x44, 0x44,
    0x44, 0xf1, 0x0, 0x0, 0x1a, 0xaa, 0xaa, 0xaa,
    0xa0, 0x0, 0x3, 0xb9, 0x99, 0xbb, 0x99, 0x9b,
    0x30, 0x4, 0xd8, 0x88, 0xcc, 0x88, 0x8e, 0x40,
    0x4, 0xd6, 0x66, 0xba, 0x66, 0x6d, 0x40, 0x1,
    0x44, 0x44, 0x44, 0x44, 0x44, 0x10, 0x3d, 0xde,
    0xfe, 0xdd, 0xef, 0xdd, 0xd3, 0x0, 0x8, 0xb0,
    0x0, 0x2d, 0x0, 0x0, 0xb, 0xb7, 0x0, 0x0,
    0x2d, 0x0, 0x0,

    /* U+FF01 "！" */
    0x13, 0x14, 0xf3, 0x3f, 0x32, 0xf2, 0x2f, 0x21,
    0xf1, 0xf, 0x0, 0xc0, 0x0, 0x2, 0xb1, 0x3f,
    0x30, 0x0,

    /* U+FF08 "（" */
    0x0, 0xc, 0x10, 0xa, 0x80, 0x3, 0xd0, 0x0,
    0xa6, 0x0, 0xe, 0x10, 0x2, 0xe0, 0x0, 0x3c,
    0x0, 0x2, 0xd0, 0x0, 0xf, 0x0, 0x0, 0xc4,
    0x0, 0x6, 0xa0, 0x0, 0xd, 0x40, 0x0, 0x3e,
    0x10, 0x0, 0x20,

    /* U+FF09 "）" */
    0x1c, 0x0, 0x0, 0x8a, 0x0, 0x0, 0xd3, 0x0,
    0x6, 0xa0, 0x0, 0x1e, 0x0, 0x0, 0xe1, 0x0,
    0xc, 0x30, 0x0, 0xd2, 0x0, 0xf, 0x0, 0x4,
    0xc0, 0x0, 0xb6, 0x0, 0x4d, 0x0, 0x1e, 0x30,
    0x0, 0x20, 0x0,

    /* U+FF0C "，" */
    0x0, 0x0, 0x9, 0xf3, 0x6, 0xe7, 0x0, 0xb4,
    0x9, 0xa0, 0x5, 0x0,

    /* U+FF1A "：" */
    0x6c, 0x19, 0xf3, 0x1, 0x0, 0x0, 0x0, 0x0,
    0x0, 0x0, 0x7, 0xe2, 0x8f, 0x20, 0x0,

    /* U+FF1B "；" */
    0x6, 0xc1, 0x9, 0xf3, 0x0, 0x10, 0x0, 0x0,
    0x0, 0x0, 0x0, 0x0, 0x5, 0xb2, 0x8, 0xf7,
    0x0, 0x97, 0x1, 0xd2, 0xd, 0x50, 0x0, 0x0,

    /* U+FF1F "？" */
    0x3, 0x9c, 0xb4, 0x3, 0xe7, 0x49, 0xf2, 0x2,
    0x0, 0xe, 0x60, 0x0, 0x1, 0xf2, 0x0, 0x1,
    0xc9, 0x0, 0x0, 0xba, 0x0, 0x0, 0x3f, 0x0,
    0x0, 0x1, 0x50, 0x0, 0x0, 0x0, 0x0, 0x0,
    0x3, 0xa0, 0x0, 0x0, 0x6f, 0x10, 0x0, 0x0,
    0x0, 0x0
};


/*---------------------
 *  GLYPH DESCRIPTION
 *--------------------*/

static const lv_font_fmt_txt_glyph_dsc_t glyph_dsc[] = {
    {.bitmap_index = 0, .adv_w = 0, .box_w = 0, .box_h = 0, .ofs_x = 0, .ofs_y = 0} /* id = 0 reserved */,
    {.bitmap_index = 0, .adv_w = 50, .box_w = 0, .box_h = 0, .ofs_x = 0, .ofs_y = 0},
    {.bitmap_index = 0, .adv_w = 72, .box_w = 3, .box_h = 11, .ofs_x = 1, .ofs_y = 0},
    {.bitmap_index = 17, .adv_w = 106, .box_w = 5, .box_h = 5, .ofs_x = 1, .ofs_y = 6},
    {.bitmap_index = 30, .adv_w = 124, .box_w = 8, .box_h = 11, .ofs_x = 0, .ofs_y = 0},
    {.bitmap_index = 74, .adv_w = 124, .box_w = 7, .box_h = 14, .ofs_x = 0, .ofs_y = -2},
    {.bitmap_index = 123, .adv_w = 206, .box_w = 13, .box_h = 11, .ofs_x = 0, .ofs_y = 0},
    {.bitmap_index = 195, .adv_w = 152, .box_w = 10, .box_h = 11, .ofs_x = 0, .ofs_y = 0},
    {.bitmap_index = 250, .adv_w = 62, .box_w = 2, .box_h = 5, .ofs_x = 1, .ofs_y = 6},
    {.bitmap_index = 255, .adv_w = 76, .box_w = 4, .box_h = 15, .ofs_x = 1, .ofs_y = -3},
    {.bitmap_index = 285, .adv_w = 76, .box_w = 4, .box_h = 15, .ofs_x = 0, .ofs_y = -3},
    {.bitmap_index = 315, .adv_w = 105, .box_w = 6, .box_h = 5, .ofs_x = 0, .ofs_y = 6},
    {.bitmap_index = 330, .adv_w = 124, .box_w = 8, .box_h = 8, .ofs_x = 0, .ofs_y = 2},
    {.bitmap_index = 362, .adv_w = 62, .box_w = 4, .box_h = 5, .ofs_x = 0, .ofs_y = -3},
    {.bitmap_index = 372, .adv_w = 78, .box_w = 5, .box_h = 2, .ofs_x = 0, .ofs_y = 3},
    {.bitmap_index = 377, .adv_w = 62, .box_w = 2, .box_h = 2, .ofs_x = 1, .ofs_y = 0},
    {.bitmap_index = 379, .adv_w = 88, .box_w = 6, .box_h = 14, .ofs_x = 0, .ofs_y = -3},
    {.bitmap_index = 421, .adv_w = 124, .box_w = 8, .box_h = 11, .ofs_x = 0, .ofs_y = 0},
    {.bitmap_index = 465, .adv_w = 124, .box_w = 6, .box_h = 11, .ofs_x = 1, .ofs_y = 0},
    {.bitmap_index = 498, .adv_w = 124, .box_w = 8, .box_h = 11, .ofs_x = 0, .ofs_y = 0},
    {.bitmap_index = 542, .adv_w = 124, .box_w = 7, .box_h = 11, .ofs_x = 0, .ofs_y = 0},
    {.bitmap_index = 581, .adv_w = 124, .box_w = 8, .box_h = 11, .ofs_x = 0, .ofs_y = 0},
    {.bitmap_index = 625, .adv_w = 124, .box_w = 8, .box_h = 11, .ofs_x = 0, .ofs_y = 0},
    {.bitmap_index = 669, .adv_w = 124, .box_w = 8, .box_h = 11, .ofs_x = 0, .ofs_y = 0},
    {.bitmap_index = 713, .adv_w = 124, .box_w = 8, .box_h = 11, .ofs_x = 0, .ofs_y = 0},
    {.bitmap_index = 757, .adv_w = 124, .box_w = 8, .box_h = 11, .ofs_x = 0, .ofs_y = 0},
    {.bitmap_index = 801, .adv_w = 124, .box_w = 8, .box_h = 11, .ofs_x = 0, .ofs_y = 0},
    {.bitmap_index = 845, .adv_w = 62, .box_w = 2, .box_h = 8, .ofs_x = 1, .ofs_y = 0},
    {.bitmap_index = 853, .adv_w = 62, .box_w = 4, .box_h = 11, .ofs_x = 0, .ofs_y = -3},
    {.bitmap_index = 875, .adv_w = 124, .box_w = 8, .box_h = 7, .ofs_x = 0, .ofs_y = 2},
    {.bitmap_index = 903, .adv_w = 124, .box_w = 8, .box_h = 4, .ofs_x = 0, .ofs_y = 4},
    {.bitmap_index = 919, .adv_w = 124, .box_w = 8, .box_h = 7, .ofs_x = 0, .ofs_y = 2},
    {.bitmap_index = 947, .adv_w = 106, .box_w = 6, .box_h = 11, .ofs_x = 0, .ofs_y = 0},
    {.bitmap_index = 980, .adv_w = 212, .box_w = 13, .box_h = 13, .ofs_x = 0, .ofs_y = -2},
    {.bitmap_index = 1065, .adv_w = 136, .box_w = 9, .box_h = 11, .ofs_x = 0, .ofs_y = 0},
    {.bitmap_index = 1115, .adv_w = 147, .box_w = 8, .box_h = 11, .ofs_x = 1, .ofs_y = 0},
    {.bitmap_index = 1159, .adv_w = 143, .box_w = 9, .box_h = 11, .ofs_x = 0, .ofs_y = 0},
    {.bitmap_index = 1209, .adv_w = 154, .box_w = 8, .box_h = 11, .ofs_x = 1, .ofs_y = 0},
    {.bitmap_index = 1253, .adv_w = 132, .box_w = 7, .box_h = 11, .ofs_x = 1, .ofs_y = 0},
    {.bitmap_index = 1292, .adv_w = 124, .box_w = 7, .box_h = 11, .ofs_x = 1, .ofs_y = 0},
    {.bitmap_index = 1331, .adv_w = 154, .box_w = 9, .box_h = 11, .ofs_x = 0, .ofs_y = 0},
    {.bitmap_index = 1381, .adv_w = 163, .box_w = 8, .box_h = 11, .ofs_x = 1, .ofs_y = 0},
    {.bitmap_index = 1425, .adv_w = 66, .box_w = 2, .box_h = 11, .ofs_x = 1, .ofs_y = 0},
    {.bitmap_index = 1436, .adv_w = 120, .box_w = 7, .box_h = 11, .ofs_x = 0, .ofs_y = 0},
    {.bitmap_index = 1475, .adv_w = 145, .box_w = 8, .box_h = 11, .ofs_x = 1, .ofs_y = 0},
    {.bitmap_index = 1519, .adv_w = 122, .box_w = 7, .box_h = 11, .ofs_x = 1, .ofs_y = 0},
    {.bitmap_index = 1558, .adv_w = 182, .box_w = 9, .box_h = 11, .ofs_x = 1, .ofs_y = 0},
    {.bitmap_index = 1608, .adv_w = 162, .box_w = 8, .box_h = 11, .ofs_x = 1, .ofs_y = 0},
    {.bitmap_index = 1652, .adv_w = 166, .box_w = 10, .box_h = 11, .ofs_x = 0, .ofs_y = 0},
    {.bitmap_index = 1707, .adv_w = 142, .box_w = 8, .box_h = 11, .ofs_x = 1, .ofs_y = 0},
    {.bitmap_index = 1751, .adv_w = 166, .box_w = 10, .box_h = 14, .ofs_x = 0, .ofs_y = -3},
    {.bitmap_index = 1821, .adv_w = 142, .box_w = 8, .box_h = 11, .ofs_x = 1, .ofs_y = 0},
    {.bitmap_index = 1865, .adv_w = 134, .box_w = 8, .box_h = 11, .ofs_x = 0, .ofs_y = 0},
    {.bitmap_index = 1909, .adv_w = 134, .box_w = 8, .box_h = 11, .ofs_x = 0, .ofs_y = 0},
    {.bitmap_index = 1953, .adv_w = 162, .box_w = 8, .box_h = 11, .ofs_x = 1, .ofs_y = 0},
    {.bitmap_index = 1997, .adv_w = 129, .box_w = 9, .box_h = 11, .ofs_x = 0, .ofs_y = 0},
    {.bitmap_index = 2047, .adv_w = 197, .box_w = 12, .box_h = 11, .ofs_x = 0, .ofs_y = 0},
    {.bitmap_index = 2113, .adv_w = 128, .box_w = 8, .box_h = 11, .ofs_x = 0, .ofs_y = 0},
    {.bitmap_index = 2157, .adv_w = 119, .box_w = 9, .box_h = 11, .ofs_x = -1, .ofs_y = 0},
    {.bitmap_index = 2207, .adv_w = 135, .box_w = 8, .box_h = 11, .ofs_x = 0, .ofs_y = 0},
    {.bitmap_index = 2251, .adv_w = 76, .box_w = 4, .box_h = 14, .ofs_x = 1, .ofs_y = -3},
    {.bitmap_index = 2279, .adv_w = 88, .box_w = 6, .box_h = 14, .ofs_x = 0, .ofs_y = -3},
    {.bitmap_index = 2321, .adv_w = 76, .box_w = 4, .box_h = 14, .ofs_x = 0, .ofs_y = -3},
    {.bitmap_index = 2349, .adv_w = 124, .box_w = 7, .box_h = 6, .ofs_x = 0, .ofs_y = 5},
    {.bitmap_index = 2370, .adv_w = 125, .box_w = 8, .box_h = 1, .ofs_x = 0, .ofs_y = -2},
    {.bitmap_index = 2374, .adv_w = 136, .box_w = 5, .box_h = 3, .ofs_x = 1, .ofs_y = 9},
    {.bitmap_index = 2382, .adv_w = 126, .box_w = 7, .box_h = 8, .ofs_x = 0, .ofs_y = 0},
    {.bitmap_index = 2410, .adv_w = 138, .box_w = 7, .box_h = 11, .ofs_x = 1, .ofs_y = 0},
    {.bitmap_index = 2449, .adv_w = 114, .box_w = 7, .box_h = 8, .ofs_x = 0, .ofs_y = 0},
    {.bitmap_index = 2477, .adv_w = 139, .box_w = 8, .box_h = 11, .ofs_x = 0, .ofs_y = 0},
    {.bitmap_index = 2521, .adv_w = 124, .box_w = 8, .box_h = 8, .ofs_x = 0, .ofs_y = 0},
    {.bitmap_index = 2553, .adv_w = 73, .box_w = 5, .box_h = 11, .ofs_x = 0, .ofs_y = 0},
    {.bitmap_index = 2581, .adv_w = 126, .box_w = 8, .box_h = 11, .ofs_x = 0, .ofs_y = -3},
    {.bitmap_index = 2625, .adv_w = 136, .box_w = 7, .box_h = 11, .ofs_x = 1, .ofs_y = 0},
    {.bitmap_index = 2664, .adv_w = 62, .box_w = 2, .box_h = 11, .ofs_x = 1, .ofs_y = 0},
    {.bitmap_index = 2675, .adv_w = 62, .box_w = 4, .box_h = 14, .ofs_x = -1, .ofs_y = -3},
    {.bitmap_index = 2703, .adv_w = 124, .box_w = 7, .box_h = 11, .ofs_x = 1, .ofs_y = 0},
    {.bitmap_index = 2742, .adv_w = 64, .box_w = 3, .box_h = 11, .ofs_x = 1, .ofs_y = 0},
    {.bitmap_index = 2759, .adv_w = 207, .box_w = 11, .box_h = 8, .ofs_x = 1, .ofs_y = 0},
    {.bitmap_index = 2803, .adv_w = 137, .box_w = 7, .box_h = 8, .ofs_x = 1, .ofs_y = 0},
    {.bitmap_index = 2831, .adv_w = 136, .box_w = 8, .box_h = 8, .ofs_x = 0, .ofs_y = 0},
    {.bitmap_index = 2863, .adv_w = 139, .box_w = 7, .box_h = 11, .ofs_x = 1, .ofs_y = -3},
    {.bitmap_index = 2902, .adv_w = 139, .box_w = 8, .box_h = 11, .ofs_x = 0, .ofs_y = -3},
    {.bitmap_index = 2946, .adv_w = 87, .box_w = 5, .box_h = 8, .ofs_x = 1, .ofs_y = 0},
    {.bitmap_index = 2966, .adv_w = 105, .box_w = 7, .box_h = 8, .ofs_x = 0, .ofs_y = 0},
    {.bitmap_index = 2994, .adv_w = 84, .box_w = 6, .box_h = 11, .ofs_x = 0, .ofs_y = 0},
    {.bitmap_index = 3027, .adv_w = 136, .box_w = 7, .box_h = 8, .ofs_x = 1, .ofs_y = 0},
    {.bitmap_index = 3055, .adv_w = 117, .box_w = 8, .box_h = 8, .ofs_x = 0, .ofs_y = 0},
    {.bitmap_index = 3087, .adv_w = 180, .box_w = 11, .box_h = 8, .ofs_x = 0, .ofs_y = 0},
    {.bitmap_index = 3131, .adv_w = 112, .box_w = 7, .box_h = 8, .ofs_x = 0, .ofs_y = 0},
    {.bitmap_index = 3159, .adv_w = 117, .box_w = 8, .box_h = 11, .ofs_x = 0, .ofs_y = -3},
    {.bitmap_index = 3203, .adv_w = 106, .box_w = 7, .box_h = 8, .ofs_x = 0, .ofs_y = 0},
    {.bitmap_index = 3231, .adv_w = 76, .box_w = 5, .box_h = 14, .ofs_x = 0, .ofs_y = -3},
    {.bitmap_index = 3266, .adv_w = 60, .box_w = 2, .box_h = 16, .ofs_x = 1, .ofs_y = -4},
    {.bitmap_index = 3282, .adv_w = 76, .box_w = 5, .box_h = 14, .ofs_x = 0, .ofs_y = -3},
    {.bitmap_index = 3317, .adv_w = 124, .box_w = 8, .box_h = 2, .ofs_x = 0, .ofs_y = 4},
    {.bitmap_index = 3325, .adv_w = 224, .box_w = 4, .box_h = 4, .ofs_x = 5, .ofs_y = 4},
    {.bitmap_index = 3333, .adv_w = 224, .box_w = 10, .box_h = 11, .ofs_x = 2, .ofs_y = 0},
    {.bitmap_index = 3388, .adv_w = 224, .box_w = 14, .box_h = 12, .ofs_x = 0, .ofs_y = 0},
    {.bitmap_index = 3472, .adv_w = 224, .box_w = 14, .box_h = 12, .ofs_x = 0, .ofs_y = -1},
    {.bitmap_index = 3556, .adv_w = 224, .box_w = 14, .box_h = 13, .ofs_x = 0, .ofs_y = -1},
    {.bitmap_index = 3647, .adv_w = 224, .box_w = 8, .box_h = 13, .ofs_x = 3, .ofs_y = -1},
    {.bitmap_index = 3699, .adv_w = 153, .box_w = 10, .box_h = 12, .ofs_x = 0, .ofs_y = -1},
    {.bitmap_index = 3759, .adv_w = 224, .box_w = 5, .box_h = 5, .ofs_x = 0, .ofs_y = -1},
    {.bitmap_index = 3772, .adv_w = 224, .box_w = 5, .box_h = 10, .ofs_x = 9, .ofs_y = 2},
    {.bitmap_index = 3797, .adv_w = 224, .box_w = 5, .box_h = 10, .ofs_x = 0, .ofs_y = -1},
    {.bitmap_index = 3822, .adv_w = 224, .box_w = 14, .box_h = 3, .ofs_x = 0, .ofs_y = 4},
    {.bitmap_index = 3843, .adv_w = 224, .box_w = 14, .box_h = 13, .ofs_x = 0, .ofs_y = -1},
    {.bitmap_index = 3934, .adv_w = 224, .box_w = 14, .box_h = 12, .ofs_x = 0, .ofs_y = -1},
    {.bitmap_index = 4018, .adv_w = 224, .box_w = 14, .box_h = 13, .ofs_x = 0, .ofs_y = -1},
    {.bitmap_index = 4109, .adv_w = 224, .box_w = 14, .box_h = 12, .ofs_x = 0, .ofs_y = -1},
    {.bitmap_index = 4193, .adv_w = 224, .box_w = 14, .box_h = 12, .ofs_x = 0, .ofs_y = -1},
    {.bitmap_index = 4277, .adv_w = 224, .box_w = 13, .box_h = 14, .ofs_x = 0, .ofs_y = -2},
    {.bitmap_index = 4368, .adv_w = 224, .box_w = 14, .box_h = 13, .ofs_x = 0, .ofs_y = -1},
    {.bitmap_index = 4459, .adv_w = 224, .box_w = 14, .box_h = 13, .ofs_x = 0, .ofs_y = -1},
    {.bitmap_index = 4550, .adv_w = 224, .box_w = 14, .box_h = 12, .ofs_x = 0, .ofs_y = -1},
    {.bitmap_index = 4634, .adv_w = 224, .box_w = 14, .box_h = 13, .ofs_x = 0, .ofs_y = -1},
    {.bitmap_index = 4725, .adv_w = 224, .box_w = 12, .box_h = 13, .ofs_x = 1, .ofs_y = -1},
    {.bitmap_index = 4803, .adv_w = 224, .box_w = 12, .box_h = 14, .ofs_x = 1, .ofs_y = -2},
    {.bitmap_index = 4887, .adv_w = 224, .box_w = 14, .box_h = 13, .ofs_x = 0, .ofs_y = -1},
    {.bitmap_index = 4978, .adv_w = 224, .box_w = 14, .box_h = 14, .ofs_x = 0, .ofs_y = -2},
    {.bitmap_index = 5076, .adv_w = 224, .box_w = 14, .box_h = 14, .ofs_x = 0, .ofs_y = -2},
    {.bitmap_index = 5174, .adv_w = 224, .box_w = 14, .box_h = 13, .ofs_x = 0, .ofs_y = -1},
    {.bitmap_index = 5265, .adv_w = 224, .box_w = 14, .box_h = 14, .ofs_x = 0, .ofs_y = -2},
    {.bitmap_index = 5363, .adv_w = 224, .box_w = 12, .box_h = 13, .ofs_x = 1, .ofs_y = -2},
    {.bitmap_index = 5441, .adv_w = 224, .box_w = 14, .box_h = 13, .ofs_x = 0, .ofs_y = -1},
    {.bitmap_index = 5532, .adv_w = 224, .box_w = 12, .box_h = 12, .ofs_x = 1, .ofs_y = -1},
    {.bitmap_index = 5604, .adv_w = 224, .box_w = 14, .box_h = 10, .ofs_x = 0, .ofs_y = 0},
    {.bitmap_index = 5674, .adv_w = 224, .box_w = 14, .box_h = 13, .ofs_x = 0, .ofs_y = -2},
    {.bitmap_index = 5765, .adv_w = 224, .box_w = 14, .box_h = 12, .ofs_x = 0, .ofs_y = -1},
    {.bitmap_index = 5849, .adv_w = 224, .box_w = 14, .box_h = 14, .ofs_x = 0, .ofs_y = -1},
    {.bitmap_index = 5947, .adv_w = 224, .box_w = 14, .box_h = 14, .ofs_x = 0, .ofs_y = -2},
    {.bitmap_index = 6045, .adv_w = 224, .box_w = 13, .box_h = 13, .ofs_x = 1, .ofs_y = -1},
    {.bitmap_index = 6130, .adv_w = 224, .box_w = 14, .box_h = 13, .ofs_x = 0, .ofs_y = -1},
    {.bitmap_index = 6221, .adv_w = 224, .box_w = 14, .box_h = 15, .ofs_x = 0, .ofs_y = -2},
    {.bitmap_index = 6326, .adv_w = 224, .box_w = 14, .box_h = 14, .ofs_x = 0, .ofs_y = -2},
    {.bitmap_index = 6424, .adv_w = 224, .box_w = 14, .box_h = 13, .ofs_x = 0, .ofs_y = -1},
    {.bitmap_index = 6515, .adv_w = 224, .box_w = 14, .box_h = 14, .ofs_x = 0, .ofs_y = -1},
    {.bitmap_index = 6613, .adv_w = 224, .box_w = 14, .box_h = 14, .ofs_x = 0, .ofs_y = -1},
    {.bitmap_index = 6711, .adv_w = 224, .box_w = 14, .box_h = 13, .ofs_x = 0, .ofs_y = -1},
    {.bitmap_index = 6802, .adv_w = 224, .box_w = 14, .box_h = 13, .ofs_x = 0, .ofs_y = -1},
    {.bitmap_index = 6893, .adv_w = 224, .box_w = 14, .box_h = 13, .ofs_x = 0, .ofs_y = -1},
    {.bitmap_index = 6984, .adv_w = 224, .box_w = 14, .box_h = 13, .ofs_x = 0, .ofs_y = -1},
    {.bitmap_index = 7075, .adv_w = 224, .box_w = 14, .box_h = 13, .ofs_x = 0, .ofs_y = -1},
    {.bitmap_index = 7166, .adv_w = 224, .box_w = 14, .box_h = 13, .ofs_x = 0, .ofs_y = -1},
    {.bitmap_index = 7257, .adv_w = 224, .box_w = 14, .box_h = 13, .ofs_x = 0, .ofs_y = -1},
    {.bitmap_index = 7348, .adv_w = 224, .box_w = 14, .box_h = 14, .ofs_x = 0, .ofs_y = -2},
    {.bitmap_index = 7446, .adv_w = 224, .box_w = 13, .box_h = 15, .ofs_x = 0, .ofs_y = -2},
    {.bitmap_index = 7544, .adv_w = 224, .box_w = 14, .box_h = 14, .ofs_x = 0, .ofs_y = -2},
    {.bitmap_index = 7642, .adv_w = 224, .box_w = 14, .box_h = 13, .ofs_x = 0, .ofs_y = -1},
    {.bitmap_index = 7733, .adv_w = 224, .box_w = 14, .box_h = 15, .ofs_x = 0, .ofs_y = -2},
    {.bitmap_index = 7838, .adv_w = 224, .box_w = 14, .box_h = 14, .ofs_x = 0, .ofs_y = -2},
    {.bitmap_index = 7936, .adv_w = 224, .box_w = 14, .box_h = 15, .ofs_x = 0, .ofs_y = -2},
    {.bitmap_index = 8041, .adv_w = 224, .box_w = 13, .box_h = 15, .ofs_x = 0, .ofs_y = -2},
    {.bitmap_index = 8139, .adv_w = 224, .box_w = 14, .box_h = 15, .ofs_x = 0, .ofs_y = -2},
    {.bitmap_index = 8244, .adv_w = 224, .box_w = 14, .box_h = 14, .ofs_x = 0, .ofs_y = -2},
    {.bitmap_index = 8342, .adv_w = 224, .box_w = 14, .box_h = 14, .ofs_x = 0, .ofs_y = -2},
    {.bitmap_index = 8440, .adv_w = 224, .box_w = 14, .box_h = 13, .ofs_x = 0, .ofs_y = -2},
    {.bitmap_index = 8531, .adv_w = 224, .box_w = 14, .box_h = 14, .ofs_x = 0, .ofs_y = -2},
    {.bitmap_index = 8629, .adv_w = 224, .box_w = 14, .box_h = 14, .ofs_x = 0, .ofs_y = -2},
    {.bitmap_index = 8727, .adv_w = 224, .box_w = 14, .box_h = 14, .ofs_x = 0, .ofs_y = -1},
    {.bitmap_index = 8825, .adv_w = 224, .box_w = 14, .box_h = 13, .ofs_x = 0, .ofs_y = -2},
    {.bitmap_index = 8916, .adv_w = 224, .box_w = 14, .box_h = 14, .ofs_x = 0, .ofs_y = -2},
    {.bitmap_index = 9014, .adv_w = 224, .box_w = 14, .box_h = 14, .ofs_x = 0, .ofs_y = -2},
    {.bitmap_index = 9112, .adv_w = 224, .box_w = 14, .box_h = 14, .ofs_x = 0, .ofs_y = -2},
    {.bitmap_index = 9210, .adv_w = 224, .box_w = 14, .box_h = 14, .ofs_x = 0, .ofs_y = -2},
    {.bitmap_index = 9308, .adv_w = 224, .box_w = 14, .box_h = 12, .ofs_x = 0, .ofs_y = -1},
    {.bitmap_index = 9392, .adv_w = 224, .box_w = 14, .box_h = 13, .ofs_x = 0, .ofs_y = -2},
    {.bitmap_index = 9483, .adv_w = 224, .box_w = 12, .box_h = 13, .ofs_x = 1, .ofs_y = -1},
    {.bitmap_index = 9561, .adv_w = 224, .box_w = 14, .box_h = 13, .ofs_x = 0, .ofs_y = -2},
    {.bitmap_index = 9652, .adv_w = 224, .box_w = 13, .box_h = 14, .ofs_x = 0, .ofs_y = -2},
    {.bitmap_index = 9743, .adv_w = 224, .box_w = 13, .box_h = 15, .ofs_x = 0, .ofs_y = -2},
    {.bitmap_index = 9841, .adv_w = 224, .box_w = 13, .box_h = 14, .ofs_x = 0, .ofs_y = -2},
    {.bitmap_index = 9932, .adv_w = 224, .box_w = 13, .box_h = 14, .ofs_x = 0, .ofs_y = -2},
    {.bitmap_index = 10023, .adv_w = 224, .box_w = 13, .box_h = 14, .ofs_x = 0, .ofs_y = -2},
    {.bitmap_index = 10114, .adv_w = 224, .box_w = 14, .box_h = 14, .ofs_x = 0, .ofs_y = -2},
    {.bitmap_index = 10212, .adv_w = 224, .box_w = 14, .box_h = 14, .ofs_x = 0, .ofs_y = -2},
    {.bitmap_index = 10310, .adv_w = 224, .box_w = 13, .box_h = 14, .ofs_x = 0, .ofs_y = -2},
    {.bitmap_index = 10401, .adv_w = 224, .box_w = 14, .box_h = 13, .ofs_x = 0, .ofs_y = -1},
    {.bitmap_index = 10492, .adv_w = 224, .box_w = 14, .box_h = 14, .ofs_x = 0, .ofs_y = -2},
    {.bitmap_index = 10590, .adv_w = 224, .box_w = 13, .box_h = 12, .ofs_x = 1, .ofs_y = -1},
    {.bitmap_index = 10668, .adv_w = 224, .box_w = 14, .box_h = 13, .ofs_x = 0, .ofs_y = -1},
    {.bitmap_index = 10759, .adv_w = 224, .box_w = 14, .box_h = 13, .ofs_x = 0, .ofs_y = -1},
    {.bitmap_index = 10850, .adv_w = 224, .box_w = 14, .box_h = 13, .ofs_x = 0, .ofs_y = -1},
    {.bitmap_index = 10941, .adv_w = 224, .box_w = 14, .box_h = 13, .ofs_x = 0, .ofs_y = -1},
    {.bitmap_index = 11032, .adv_w = 224, .box_w = 8, .box_h = 13, .ofs_x = 5, .ofs_y = -1},
    {.bitmap_index = 11084, .adv_w = 224, .box_w = 14, .box_h = 13, .ofs_x = 0, .ofs_y = -1},
    {.bitmap_index = 11175, .adv_w = 224, .box_w = 14, .box_h = 14, .ofs_x = 0, .ofs_y = -2},
    {.bitmap_index = 11273, .adv_w = 224, .box_w = 14, .box_h = 12, .ofs_x = 0, .ofs_y = -1},
    {.bitmap_index = 11357, .adv_w = 224, .box_w = 14, .box_h = 13, .ofs_x = 0, .ofs_y = -1},
    {.bitmap_index = 11448, .adv_w = 224, .box_w = 14, .box_h = 13, .ofs_x = 0, .ofs_y = -1},
    {.bitmap_index = 11539, .adv_w = 224, .box_w = 14, .box_h = 12, .ofs_x = 0, .ofs_y = -1},
    {.bitmap_index = 11623, .adv_w = 224, .box_w = 14, .box_h = 15, .ofs_x = 0, .ofs_y = -2},
    {.bitmap_index = 11728, .adv_w = 224, .box_w = 14, .box_h = 13, .ofs_x = 0, .ofs_y = -2},
    {.bitmap_index = 11819, .adv_w = 224, .box_w = 12, .box_h = 12, .ofs_x = 1, .ofs_y = -1},
    {.bitmap_index = 11891, .adv_w = 224, .box_w = 12, .box_h = 13, .ofs_x = 1, .ofs_y = -1},
    {.bitmap_index = 11969, .adv_w = 224, .box_w = 14, .box_h = 12, .ofs_x = 0, .ofs_y = -1},
    {.bitmap_index = 12053, .adv_w = 224, .box_w = 12, .box_h = 12, .ofs_x = 1, .ofs_y = -1},
    {.bitmap_index = 12125, .adv_w = 224, .box_w = 13, .box_h = 13, .ofs_x = 1, .ofs_y = -1},
    {.bitmap_index = 12210, .adv_w = 224, .box_w = 14, .box_h = 13, .ofs_x = 0, .ofs_y = -1},
    {.bitmap_index = 12301, .adv_w = 224, .box_w = 13, .box_h = 13, .ofs_x = 0, .ofs_y = -1},
    {.bitmap_index = 12386, .adv_w = 224, .box_w = 12, .box_h = 13, .ofs_x = 1, .ofs_y = -1},
    {.bitmap_index = 12464, .adv_w = 224, .box_w = 13, .box_h = 14, .ofs_x = 1, .ofs_y = -2},
    {.bitmap_index = 12555, .adv_w = 224, .box_w = 13, .box_h = 12, .ofs_x = 1, .ofs_y = -1},
    {.bitmap_index = 12633, .adv_w = 224, .box_w = 13, .box_h = 13, .ofs_x = 1, .ofs_y = -1},
    {.bitmap_index = 12718, .adv_w = 224, .box_w = 13, .box_h = 13, .ofs_x = 1, .ofs_y = -2},
    {.bitmap_index = 12803, .adv_w = 224, .box_w = 13, .box_h = 13, .ofs_x = 1, .ofs_y = -2},
    {.bitmap_index = 12888, .adv_w = 224, .box_w = 13, .box_h = 13, .ofs_x = 0, .ofs_y = -2},
    {.bitmap_index = 12973, .adv_w = 224, .box_w = 13, .box_h = 14, .ofs_x = 1, .ofs_y = -2},
    {.bitmap_index = 13064, .adv_w = 224, .box_w = 12, .box_h = 14, .ofs_x = 1, .ofs_y = -2},
    {.bitmap_index = 13148, .adv_w = 224, .box_w = 12, .box_h = 12, .ofs_x = 1, .ofs_y = -1},
    {.bitmap_index = 13220, .adv_w = 224, .box_w = 13, .box_h = 13, .ofs_x = 1, .ofs_y = -1},
    {.bitmap_index = 13305, .adv_w = 224, .box_w = 13, .box_h = 14, .ofs_x = 1, .ofs_y = -2},
    {.bitmap_index = 13396, .adv_w = 224, .box_w = 14, .box_h = 12, .ofs_x = 0, .ofs_y = -1},
    {.bitmap_index = 13480, .adv_w = 224, .box_w = 13, .box_h = 14, .ofs_x = 1, .ofs_y = -2},
    {.bitmap_index = 13571, .adv_w = 224, .box_w = 13, .box_h = 14, .ofs_x = 1, .ofs_y = -2},
    {.bitmap_index = 13662, .adv_w = 224, .box_w = 14, .box_h = 13, .ofs_x = 0, .ofs_y = -2},
    {.bitmap_index = 13753, .adv_w = 224, .box_w = 13, .box_h = 13, .ofs_x = 1, .ofs_y = -1},
    {.bitmap_index = 13838, .adv_w = 224, .box_w = 13, .box_h = 14, .ofs_x = 1, .ofs_y = -2},
    {.bitmap_index = 13929, .adv_w = 224, .box_w = 13, .box_h = 13, .ofs_x = 1, .ofs_y = -1},
    {.bitmap_index = 14014, .adv_w = 224, .box_w = 13, .box_h = 14, .ofs_x = 1, .ofs_y = -2},
    {.bitmap_index = 14105, .adv_w = 224, .box_w = 14, .box_h = 13, .ofs_x = 0, .ofs_y = -1},
    {.bitmap_index = 14196, .adv_w = 224, .box_w = 13, .box_h = 13, .ofs_x = 1, .ofs_y = -2},
    {.bitmap_index = 14281, .adv_w = 224, .box_w = 13, .box_h = 13, .ofs_x = 1, .ofs_y = -1},
    {.bitmap_index = 14366, .adv_w = 224, .box_w = 13, .box_h = 12, .ofs_x = 1, .ofs_y = -1},
    {.bitmap_index = 14444, .adv_w = 224, .box_w = 13, .box_h = 14, .ofs_x = 1, .ofs_y = -2},
    {.bitmap_index = 14535, .adv_w = 224, .box_w = 13, .box_h = 14, .ofs_x = 1, .ofs_y = -2},
    {.bitmap_index = 14626, .adv_w = 224, .box_w = 12, .box_h = 12, .ofs_x = 1, .ofs_y = -1},
    {.bitmap_index = 14698, .adv_w = 224, .box_w = 12, .box_h = 12, .ofs_x = 1, .ofs_y = -1},
    {.bitmap_index = 14770, .adv_w = 224, .box_w = 12, .box_h = 12, .ofs_x = 1, .ofs_y = -1},
    {.bitmap_index = 14842, .adv_w = 224, .box_w = 12, .box_h = 12, .ofs_x = 1, .ofs_y = -1},
    {.bitmap_index = 14914, .adv_w = 224, .box_w = 12, .box_h = 12, .ofs_x = 1, .ofs_y = -1},
    {.bitmap_index = 14986, .adv_w = 224, .box_w = 14, .box_h = 13, .ofs_x = 0, .ofs_y = -1},
    {.bitmap_index = 15077, .adv_w = 224, .box_w = 14, .box_h = 13, .ofs_x = 0, .ofs_y = -1},
    {.bitmap_index = 15168, .adv_w = 224, .box_w = 14, .box_h = 13, .ofs_x = 0, .ofs_y = -1},
    {.bitmap_index = 15259, .adv_w = 224, .box_w = 14, .box_h = 14, .ofs_x = 0, .ofs_y = -2},
    {.bitmap_index = 15357, .adv_w = 224, .box_w = 14, .box_h = 14, .ofs_x = 0, .ofs_y = -2},
    {.bitmap_index = 15455, .adv_w = 224, .box_w = 14, .box_h = 15, .ofs_x = 0, .ofs_y = -2},
    {.bitmap_index = 15560, .adv_w = 224, .box_w = 14, .box_h = 14, .ofs_x = 0, .ofs_y = -1},
    {.bitmap_index = 15658, .adv_w = 224, .box_w = 14, .box_h = 14, .ofs_x = 0, .ofs_y = -2},
    {.bitmap_index = 15756, .adv_w = 224, .box_w = 14, .box_h = 14, .ofs_x = 0, .ofs_y = -2},
    {.bitmap_index = 15854, .adv_w = 224, .box_w = 14, .box_h = 13, .ofs_x = 0, .ofs_y = -1},
    {.bitmap_index = 15945, .adv_w = 224, .box_w = 14, .box_h = 14, .ofs_x = 0, .ofs_y = -1},
    {.bitmap_index = 16043, .adv_w = 224, .box_w = 13, .box_h = 13, .ofs_x = 1, .ofs_y = -1},
    {.bitmap_index = 16128, .adv_w = 224, .box_w = 14, .box_h = 14, .ofs_x = 0, .ofs_y = -2},
    {.bitmap_index = 16226, .adv_w = 224, .box_w = 14, .box_h = 13, .ofs_x = 0, .ofs_y = -1},
    {.bitmap_index = 16317, .adv_w = 224, .box_w = 14, .box_h = 13, .ofs_x = 0, .ofs_y = -2},
    {.bitmap_index = 16408, .adv_w = 224, .box_w = 14, .box_h = 14, .ofs_x = 0, .ofs_y = -2},
    {.bitmap_index = 16506, .adv_w = 224, .box_w = 14, .box_h = 14, .ofs_x = 0, .ofs_y = -2},
    {.bitmap_index = 16604, .adv_w = 224, .box_w = 14, .box_h = 14, .ofs_x = 0, .ofs_y = -2},
    {.bitmap_index = 16702, .adv_w = 224, .box_w = 14, .box_h = 15, .ofs_x = 0, .ofs_y = -2},
    {.bitmap_index = 16807, .adv_w = 224, .box_w = 14, .box_h = 15, .ofs_x = 0, .ofs_y = -2},
    {.bitmap_index = 16912, .adv_w = 224, .box_w = 14, .box_h = 13, .ofs_x = 0, .ofs_y = -1},
    {.bitmap_index = 17003, .adv_w = 224, .box_w = 14, .box_h = 15, .ofs_x = 0, .ofs_y = -2},
    {.bitmap_index = 17108, .adv_w = 224, .box_w = 14, .box_h = 15, .ofs_x = 0, .ofs_y = -2},
    {.bitmap_index = 17213, .adv_w = 224, .box_w = 14, .box_h = 13, .ofs_x = 0, .ofs_y = -2},
    {.bitmap_index = 17304, .adv_w = 224, .box_w = 14, .box_h = 14, .ofs_x = 0, .ofs_y = -2},
    {.bitmap_index = 17402, .adv_w = 224, .box_w = 14, .box_h = 13, .ofs_x = 0, .ofs_y = -1},
    {.bitmap_index = 17493, .adv_w = 224, .box_w = 14, .box_h = 13, .ofs_x = 0, .ofs_y = -1},
    {.bitmap_index = 17584, .adv_w = 224, .box_w = 14, .box_h = 13, .ofs_x = 0, .ofs_y = -1},
    {.bitmap_index = 17675, .adv_w = 224, .box_w = 14, .box_h = 14, .ofs_x = 0, .ofs_y = -2},
    {.bitmap_index = 17773, .adv_w = 224, .box_w = 14, .box_h = 14, .ofs_x = 0, .ofs_y = -2},
    {.bitmap_index = 17871, .adv_w = 224, .box_w = 14, .box_h = 14, .ofs_x = 0, .ofs_y = -2},
    {.bitmap_index = 17969, .adv_w = 224, .box_w = 14, .box_h = 13, .ofs_x = 0, .ofs_y = -1},
    {.bitmap_index = 18060, .adv_w = 224, .box_w = 14, .box_h = 15, .ofs_x = 0, .ofs_y = -2},
    {.bitmap_index = 18165, .adv_w = 224, .box_w = 14, .box_h = 13, .ofs_x = 0, .ofs_y = -1},
    {.bitmap_index = 18256, .adv_w = 224, .box_w = 14, .box_h = 14, .ofs_x = 0, .ofs_y = -2},
    {.bitmap_index = 18354, .adv_w = 224, .box_w = 14, .box_h = 14, .ofs_x = 0, .ofs_y = -2},
    {.bitmap_index = 18452, .adv_w = 224, .box_w = 14, .box_h = 13, .ofs_x = 0, .ofs_y = -1},
    {.bitmap_index = 18543, .adv_w = 224, .box_w = 14, .box_h = 13, .ofs_x = 0, .ofs_y = -1},
    {.bitmap_index = 18634, .adv_w = 224, .box_w = 14, .box_h = 15, .ofs_x = 0, .ofs_y = -2},
    {.bitmap_index = 18739, .adv_w = 224, .box_w = 14, .box_h = 13, .ofs_x = 0, .ofs_y = -2},
    {.bitmap_index = 18830, .adv_w = 224, .box_w = 13, .box_h = 12, .ofs_x = 1, .ofs_y = -1},
    {.bitmap_index = 18908, .adv_w = 224, .box_w = 13, .box_h = 12, .ofs_x = 1, .ofs_y = -1},
    {.bitmap_index = 18986, .adv_w = 224, .box_w = 14, .box_h = 14, .ofs_x = 0, .ofs_y = -1},
    {.bitmap_index = 19084, .adv_w = 224, .box_w = 13, .box_h = 14, .ofs_x = 1, .ofs_y = -2},
    {.bitmap_index = 19175, .adv_w = 224, .box_w = 14, .box_h = 13, .ofs_x = 0, .ofs_y = -1},
    {.bitmap_index = 19266, .adv_w = 224, .box_w = 12, .box_h = 13, .ofs_x = 1, .ofs_y = -1},
    {.bitmap_index = 19344, .adv_w = 224, .box_w = 13, .box_h = 13, .ofs_x = 1, .ofs_y = -1},
    {.bitmap_index = 19429, .adv_w = 224, .box_w = 14, .box_h = 12, .ofs_x = 0, .ofs_y = -1},
    {.bitmap_index = 19513, .adv_w = 224, .box_w = 14, .box_h = 13, .ofs_x = 0, .ofs_y = -1},
    {.bitmap_index = 19604, .adv_w = 224, .box_w = 14, .box_h = 13, .ofs_x = 0, .ofs_y = -1},
    {.bitmap_index = 19695, .adv_w = 224, .box_w = 14, .box_h = 14, .ofs_x = 0, .ofs_y = -2},
    {.bitmap_index = 19793, .adv_w = 224, .box_w = 14, .box_h = 13, .ofs_x = 0, .ofs_y = -1},
    {.bitmap_index = 19884, .adv_w = 224, .box_w = 14, .box_h = 14, .ofs_x = 0, .ofs_y = -1},
    {.bitmap_index = 19982, .adv_w = 224, .box_w = 14, .box_h = 13, .ofs_x = 0, .ofs_y = -2},
    {.bitmap_index = 20073, .adv_w = 224, .box_w = 13, .box_h = 13, .ofs_x = 0, .ofs_y = -1},
    {.bitmap_index = 20158, .adv_w = 224, .box_w = 13, .box_h = 14, .ofs_x = 1, .ofs_y = -2},
    {.bitmap_index = 20249, .adv_w = 224, .box_w = 14, .box_h = 14, .ofs_x = 0, .ofs_y = -2},
    {.bitmap_index = 20347, .adv_w = 224, .box_w = 14, .box_h = 13, .ofs_x = 0, .ofs_y = -2},
    {.bitmap_index = 20438, .adv_w = 224, .box_w = 14, .box_h = 14, .ofs_x = 0, .ofs_y = -2},
    {.bitmap_index = 20536, .adv_w = 224, .box_w = 14, .box_h = 13, .ofs_x = 0, .ofs_y = -1},
    {.bitmap_index = 20627, .adv_w = 224, .box_w = 14, .box_h = 13, .ofs_x = 0, .ofs_y = -1},
    {.bitmap_index = 20718, .adv_w = 224, .box_w = 14, .box_h = 13, .ofs_x = 0, .ofs_y = -1},
    {.bitmap_index = 20809, .adv_w = 224, .box_w = 14, .box_h = 12, .ofs_x = 0, .ofs_y = -1},
    {.bitmap_index = 20893, .adv_w = 224, .box_w = 14, .box_h = 13, .ofs_x = 0, .ofs_y = -1},
    {.bitmap_index = 20984, .adv_w = 224, .box_w = 14, .box_h = 13, .ofs_x = 0, .ofs_y = -1},
    {.bitmap_index = 21075, .adv_w = 224, .box_w = 14, .box_h = 14, .ofs_x = 0, .ofs_y = -2},
    {.bitmap_index = 21173, .adv_w = 224, .box_w = 14, .box_h = 14, .ofs_x = 0, .ofs_y = -2},
    {.bitmap_index = 21271, .adv_w = 224, .box_w = 14, .box_h = 14, .ofs_x = 0, .ofs_y = -2},
    {.bitmap_index = 21369, .adv_w = 224, .box_w = 12, .box_h = 15, .ofs_x = 0, .ofs_y = -2},
    {.bitmap_index = 21459, .adv_w = 224, .box_w = 13, .box_h = 14, .ofs_x = 0, .ofs_y = -2},
    {.bitmap_index = 21550, .adv_w = 224, .box_w = 14, .box_h = 13, .ofs_x = 0, .ofs_y = -1},
    {.bitmap_index = 21641, .adv_w = 224, .box_w = 14, .box_h = 14, .ofs_x = 0, .ofs_y = -2},
    {.bitmap_index = 21739, .adv_w = 224, .box_w = 14, .box_h = 14, .ofs_x = 0, .ofs_y = -1},
    {.bitmap_index = 21837, .adv_w = 224, .box_w = 14, .box_h = 15, .ofs_x = 0, .ofs_y = -2},
    {.bitmap_index = 21942, .adv_w = 224, .box_w = 14, .box_h = 15, .ofs_x = 0, .ofs_y = -2},
    {.bitmap_index = 22047, .adv_w = 224, .box_w = 14, .box_h = 15, .ofs_x = 0, .ofs_y = -2},
    {.bitmap_index = 22152, .adv_w = 224, .box_w = 14, .box_h = 14, .ofs_x = 0, .ofs_y = -2},
    {.bitmap_index = 22250, .adv_w = 224, .box_w = 14, .box_h = 15, .ofs_x = 0, .ofs_y = -2},
    {.bitmap_index = 22355, .adv_w = 224, .box_w = 14, .box_h = 15, .ofs_x = 0, .ofs_y = -2},
    {.bitmap_index = 22460, .adv_w = 224, .box_w = 14, .box_h = 15, .ofs_x = 0, .ofs_y = -2},
    {.bitmap_index = 22565, .adv_w = 224, .box_w = 14, .box_h = 13, .ofs_x = 0, .ofs_y = -1},
    {.bitmap_index = 22656, .adv_w = 224, .box_w = 14, .box_h = 14, .ofs_x = 0, .ofs_y = -2},
    {.bitmap_index = 22754, .adv_w = 224, .box_w = 14, .box_h = 15, .ofs_x = 0, .ofs_y = -2},
    {.bitmap_index = 22859, .adv_w = 224, .box_w = 14, .box_h = 14, .ofs_x = 0, .ofs_y = -2},
    {.bitmap_index = 22957, .adv_w = 224, .box_w = 14, .box_h = 14, .ofs_x = 0, .ofs_y = -2},
    {.bitmap_index = 23055, .adv_w = 224, .box_w = 14, .box_h = 14, .ofs_x = 0, .ofs_y = -1},
    {.bitmap_index = 23153, .adv_w = 224, .box_w = 14, .box_h = 14, .ofs_x = 0, .ofs_y = -1},
    {.bitmap_index = 23251, .adv_w = 224, .box_w = 14, .box_h = 13, .ofs_x = 0, .ofs_y = -1},
    {.bitmap_index = 23342, .adv_w = 224, .box_w = 14, .box_h = 14, .ofs_x = 0, .ofs_y = -2},
    {.bitmap_index = 23440, .adv_w = 224, .box_w = 14, .box_h = 13, .ofs_x = 0, .ofs_y = -2},
    {.bitmap_index = 23531, .adv_w = 224, .box_w = 10, .box_h = 12, .ofs_x = 2, .ofs_y = -1},
    {.bitmap_index = 23591, .adv_w = 224, .box_w = 14, .box_h = 12, .ofs_x = 0, .ofs_y = -1},
    {.bitmap_index = 23675, .adv_w = 224, .box_w = 13, .box_h = 13, .ofs_x = 1, .ofs_y = -1},
    {.bitmap_index = 23760, .adv_w = 224, .box_w = 12, .box_h = 13, .ofs_x = 1, .ofs_y = -2},
    {.bitmap_index = 23838, .adv_w = 224, .box_w = 14, .box_h = 12, .ofs_x = 0, .ofs_y = -1},
    {.bitmap_index = 23922, .adv_w = 224, .box_w = 13, .box_h = 13, .ofs_x = 1, .ofs_y = -1},
    {.bitmap_index = 24007, .adv_w = 224, .box_w = 14, .box_h = 13, .ofs_x = 0, .ofs_y = -2},
    {.bitmap_index = 24098, .adv_w = 224, .box_w = 13, .box_h = 14, .ofs_x = 1, .ofs_y = -2},
    {.bitmap_index = 24189, .adv_w = 224, .box_w = 14, .box_h = 12, .ofs_x = 0, .ofs_y = -1},
    {.bitmap_index = 24273, .adv_w = 224, .box_w = 14, .box_h = 13, .ofs_x = 0, .ofs_y = -2},
    {.bitmap_index = 24364, .adv_w = 224, .box_w = 14, .box_h = 13, .ofs_x = 0, .ofs_y = -1},
    {.bitmap_index = 24455, .adv_w = 224, .box_w = 13, .box_h = 13, .ofs_x = 0, .ofs_y = -2},
    {.bitmap_index = 24540, .adv_w = 224, .box_w = 14, .box_h = 13, .ofs_x = 0, .ofs_y = -2},
    {.bitmap_index = 24631, .adv_w = 224, .box_w = 14, .box_h = 14, .ofs_x = 0, .ofs_y = -2},
    {.bitmap_index = 24729, .adv_w = 224, .box_w = 14, .box_h = 13, .ofs_x = 0, .ofs_y = -1},
    {.bitmap_index = 24820, .adv_w = 224, .box_w = 14, .box_h = 13, .ofs_x = 0, .ofs_y = -1},
    {.bitmap_index = 24911, .adv_w = 224, .box_w = 14, .box_h = 12, .ofs_x = 0, .ofs_y = -1},
    {.bitmap_index = 24995, .adv_w = 224, .box_w = 14, .box_h = 14, .ofs_x = 0, .ofs_y = -2},
    {.bitmap_index = 25093, .adv_w = 224, .box_w = 14, .box_h = 13, .ofs_x = 0, .ofs_y = -1},
    {.bitmap_index = 25184, .adv_w = 224, .box_w = 14, .box_h = 13, .ofs_x = 0, .ofs_y = -1},
    {.bitmap_index = 25275, .adv_w = 224, .box_w = 14, .box_h = 12, .ofs_x = 0, .ofs_y = -1},
    {.bitmap_index = 25359, .adv_w = 224, .box_w = 14, .box_h = 15, .ofs_x = 0, .ofs_y = -2},
    {.bitmap_index = 25464, .adv_w = 224, .box_w = 14, .box_h = 15, .ofs_x = 0, .ofs_y = -2},
    {.bitmap_index = 25569, .adv_w = 224, .box_w = 14, .box_h = 14, .ofs_x = 0, .ofs_y = -1},
    {.bitmap_index = 25667, .adv_w = 224, .box_w = 14, .box_h = 14, .ofs_x = 0, .ofs_y = -2},
    {.bitmap_index = 25765, .adv_w = 224, .box_w = 14, .box_h = 14, .ofs_x = 0, .ofs_y = -1},
    {.bitmap_index = 25863, .adv_w = 224, .box_w = 14, .box_h = 14, .ofs_x = 0, .ofs_y = -1},
    {.bitmap_index = 25961, .adv_w = 224, .box_w = 14, .box_h = 15, .ofs_x = 0, .ofs_y = -2},
    {.bitmap_index = 26066, .adv_w = 224, .box_w = 14, .box_h = 13, .ofs_x = 0, .ofs_y = -1},
    {.bitmap_index = 26157, .adv_w = 224, .box_w = 14, .box_h = 13, .ofs_x = 0, .ofs_y = -1},
    {.bitmap_index = 26248, .adv_w = 224, .box_w = 14, .box_h = 14, .ofs_x = 0, .ofs_y = -2},
    {.bitmap_index = 26346, .adv_w = 224, .box_w = 14, .box_h = 13, .ofs_x = 0, .ofs_y = -1},
    {.bitmap_index = 26437, .adv_w = 224, .box_w = 14, .box_h = 14, .ofs_x = 0, .ofs_y = -2},
    {.bitmap_index = 26535, .adv_w = 224, .box_w = 14, .box_h = 15, .ofs_x = 0, .ofs_y = -2},
    {.bitmap_index = 26640, .adv_w = 224, .box_w = 14, .box_h = 14, .ofs_x = 0, .ofs_y = -2},
    {.bitmap_index = 26738, .adv_w = 224, .box_w = 14, .box_h = 12, .ofs_x = 0, .ofs_y = -1},
    {.bitmap_index = 26822, .adv_w = 224, .box_w = 14, .box_h = 12, .ofs_x = 0, .ofs_y = -1},
    {.bitmap_index = 26906, .adv_w = 224, .box_w = 14, .box_h = 13, .ofs_x = 0, .ofs_y = -2},
    {.bitmap_index = 26997, .adv_w = 224, .box_w = 14, .box_h = 14, .ofs_x = 0, .ofs_y = -2},
    {.bitmap_index = 27095, .adv_w = 224, .box_w = 14, .box_h = 13, .ofs_x = 0, .ofs_y = -1},
    {.bitmap_index = 27186, .adv_w = 224, .box_w = 14, .box_h = 14, .ofs_x = 0, .ofs_y = -2},
    {.bitmap_index = 27284, .adv_w = 224, .box_w = 14, .box_h = 13, .ofs_x = 0, .ofs_y = -1},
    {.bitmap_index = 27375, .adv_w = 224, .box_w = 14, .box_h = 13, .ofs_x = 0, .ofs_y = -1},
    {.bitmap_index = 27466, .adv_w = 224, .box_w = 14, .box_h = 13, .ofs_x = 0, .ofs_y = -1},
    {.bitmap_index = 27557, .adv_w = 224, .box_w = 14, .box_h = 14, .ofs_x = 0, .ofs_y = -2},
    {.bitmap_index = 27655, .adv_w = 224, .box_w = 13, .box_h = 14, .ofs_x = 0, .ofs_y = -2},
    {.bitmap_index = 27746, .adv_w = 224, .box_w = 14, .box_h = 13, .ofs_x = 0, .ofs_y = -1},
    {.bitmap_index = 27837, .adv_w = 224, .box_w = 13, .box_h = 13, .ofs_x = 0, .ofs_y = -1},
    {.bitmap_index = 27922, .adv_w = 224, .box_w = 14, .box_h = 13, .ofs_x = 0, .ofs_y = -1},
    {.bitmap_index = 28013, .adv_w = 224, .box_w = 14, .box_h = 13, .ofs_x = 0, .ofs_y = -1},
    {.bitmap_index = 28104, .adv_w = 224, .box_w = 14, .box_h = 14, .ofs_x = 0, .ofs_y = -2},
    {.bitmap_index = 28202, .adv_w = 224, .box_w = 14, .box_h = 13, .ofs_x = 0, .ofs_y = -1},
    {.bitmap_index = 28293, .adv_w = 224, .box_w = 14, .box_h = 14, .ofs_x = 0, .ofs_y = -2},
    {.bitmap_index = 28391, .adv_w = 224, .box_w = 13, .box_h = 14, .ofs_x = 0, .ofs_y = -2},
    {.bitmap_index = 28482, .adv_w = 224, .box_w = 14, .box_h = 14, .ofs_x = 0, .ofs_y = -2},
    {.bitmap_index = 28580, .adv_w = 224, .box_w = 14, .box_h = 13, .ofs_x = 0, .ofs_y = -1},
    {.bitmap_index = 28671, .adv_w = 224, .box_w = 14, .box_h = 14, .ofs_x = 0, .ofs_y = -2},
    {.bitmap_index = 28769, .adv_w = 224, .box_w = 14, .box_h = 14, .ofs_x = 0, .ofs_y = -2},
    {.bitmap_index = 28867, .adv_w = 224, .box_w = 14, .box_h = 13, .ofs_x = 0, .ofs_y = -1},
    {.bitmap_index = 28958, .adv_w = 224, .box_w = 14, .box_h = 14, .ofs_x = 0, .ofs_y = -2},
    {.bitmap_index = 29056, .adv_w = 224, .box_w = 14, .box_h = 13, .ofs_x = 0, .ofs_y = -1},
    {.bitmap_index = 29147, .adv_w = 224, .box_w = 14, .box_h = 15, .ofs_x = 0, .ofs_y = -2},
    {.bitmap_index = 29252, .adv_w = 224, .box_w = 14, .box_h = 14, .ofs_x = 0, .ofs_y = -2},
    {.bitmap_index = 29350, .adv_w = 224, .box_w = 14, .box_h = 15, .ofs_x = 0, .ofs_y = -2},
    {.bitmap_index = 29455, .adv_w = 224, .box_w = 14, .box_h = 13, .ofs_x = 0, .ofs_y = -1},
    {.bitmap_index = 29546, .adv_w = 224, .box_w = 14, .box_h = 13, .ofs_x = 0, .ofs_y = -1},
    {.bitmap_index = 29637, .adv_w = 224, .box_w = 14, .box_h = 14, .ofs_x = 0, .ofs_y = -2},
    {.bitmap_index = 29735, .adv_w = 224, .box_w = 14, .box_h = 13, .ofs_x = 0, .ofs_y = -1},
    {.bitmap_index = 29826, .adv_w = 224, .box_w = 13, .box_h = 14, .ofs_x = 0, .ofs_y = -2},
    {.bitmap_index = 29917, .adv_w = 224, .box_w = 14, .box_h = 13, .ofs_x = 0, .ofs_y = -1},
    {.bitmap_index = 30008, .adv_w = 224, .box_w = 14, .box_h = 15, .ofs_x = 0, .ofs_y = -2},
    {.bitmap_index = 30113, .adv_w = 224, .box_w = 14, .box_h = 14, .ofs_x = 0, .ofs_y = -2},
    {.bitmap_index = 30211, .adv_w = 224, .box_w = 14, .box_h = 14, .ofs_x = 0, .ofs_y = -2},
    {.bitmap_index = 30309, .adv_w = 224, .box_w = 14, .box_h = 13, .ofs_x = 0, .ofs_y = -2},
    {.bitmap_index = 30400, .adv_w = 224, .box_w = 14, .box_h = 14, .ofs_x = 0, .ofs_y = -2},
    {.bitmap_index = 30498, .adv_w = 224, .box_w = 14, .box_h = 14, .ofs_x = 0, .ofs_y = -2},
    {.bitmap_index = 30596, .adv_w = 224, .box_w = 14, .box_h = 14, .ofs_x = 0, .ofs_y = -1},
    {.bitmap_index = 30694, .adv_w = 224, .box_w = 14, .box_h = 14, .ofs_x = 0, .ofs_y = -2},
    {.bitmap_index = 30792, .adv_w = 224, .box_w = 14, .box_h = 13, .ofs_x = 0, .ofs_y = -1},
    {.bitmap_index = 30883, .adv_w = 224, .box_w = 13, .box_h = 13, .ofs_x = 0, .ofs_y = -2},
    {.bitmap_index = 30968, .adv_w = 224, .box_w = 13, .box_h = 13, .ofs_x = 1, .ofs_y = -1},
    {.bitmap_index = 31053, .adv_w = 224, .box_w = 13, .box_h = 13, .ofs_x = 0, .ofs_y = -2},
    {.bitmap_index = 31138, .adv_w = 224, .box_w = 14, .box_h = 13, .ofs_x = 0, .ofs_y = -2},
    {.bitmap_index = 31229, .adv_w = 224, .box_w = 14, .box_h = 13, .ofs_x = 0, .ofs_y = -1},
    {.bitmap_index = 31320, .adv_w = 224, .box_w = 14, .box_h = 14, .ofs_x = 0, .ofs_y = -2},
    {.bitmap_index = 31418, .adv_w = 224, .box_w = 14, .box_h = 14, .ofs_x = 0, .ofs_y = -2},
    {.bitmap_index = 31516, .adv_w = 224, .box_w = 14, .box_h = 13, .ofs_x = 0, .ofs_y = -1},
    {.bitmap_index = 31607, .adv_w = 224, .box_w = 11, .box_h = 13, .ofs_x = 2, .ofs_y = -1},
    {.bitmap_index = 31679, .adv_w = 224, .box_w = 12, .box_h = 15, .ofs_x = 1, .ofs_y = -2},
    {.bitmap_index = 31769, .adv_w = 224, .box_w = 14, .box_h = 13, .ofs_x = 0, .ofs_y = -1},
    {.bitmap_index = 31860, .adv_w = 224, .box_w = 13, .box_h = 12, .ofs_x = 1, .ofs_y = -1},
    {.bitmap_index = 31938, .adv_w = 224, .box_w = 13, .box_h = 13, .ofs_x = 1, .ofs_y = -1},
    {.bitmap_index = 32023, .adv_w = 224, .box_w = 14, .box_h = 14, .ofs_x = 0, .ofs_y = -2},
    {.bitmap_index = 32121, .adv_w = 224, .box_w = 14, .box_h = 14, .ofs_x = 0, .ofs_y = -2},
    {.bitmap_index = 32219, .adv_w = 224, .box_w = 14, .box_h = 12, .ofs_x = 0, .ofs_y = -1},
    {.bitmap_index = 32303, .adv_w = 224, .box_w = 14, .box_h = 14, .ofs_x = 0, .ofs_y = -1},
    {.bitmap_index = 32401, .adv_w = 224, .box_w = 14, .box_h = 13, .ofs_x = 0, .ofs_y = -1},
    {.bitmap_index = 32492, .adv_w = 224, .box_w = 14, .box_h = 13, .ofs_x = 0, .ofs_y = -1},
    {.bitmap_index = 32583, .adv_w = 224, .box_w = 14, .box_h = 13, .ofs_x = 0, .ofs_y = -1},
    {.bitmap_index = 32674, .adv_w = 224, .box_w = 14, .box_h = 14, .ofs_x = 0, .ofs_y = -2},
    {.bitmap_index = 32772, .adv_w = 224, .box_w = 12, .box_h = 13, .ofs_x = 1, .ofs_y = -1},
    {.bitmap_index = 32850, .adv_w = 224, .box_w = 12, .box_h = 14, .ofs_x = 1, .ofs_y = -1},
    {.bitmap_index = 32934, .adv_w = 224, .box_w = 14, .box_h = 13, .ofs_x = 0, .ofs_y = -1},
    {.bitmap_index = 33025, .adv_w = 224, .box_w = 14, .box_h = 13, .ofs_x = 0, .ofs_y = -1},
    {.bitmap_index = 33116, .adv_w = 224, .box_w = 14, .box_h = 15, .ofs_x = 0, .ofs_y = -2},
    {.bitmap_index = 33221, .adv_w = 224, .box_w = 14, .box_h = 13, .ofs_x = 0, .ofs_y = -1},
    {.bitmap_index = 33312, .adv_w = 224, .box_w = 14, .box_h = 13, .ofs_x = 0, .ofs_y = -1},
    {.bitmap_index = 33403, .adv_w = 224, .box_w = 14, .box_h = 14, .ofs_x = 0, .ofs_y = -2},
    {.bitmap_index = 33501, .adv_w = 224, .box_w = 14, .box_h = 14, .ofs_x = 0, .ofs_y = -2},
    {.bitmap_index = 33599, .adv_w = 224, .box_w = 13, .box_h = 13, .ofs_x = 1, .ofs_y = -1},
    {.bitmap_index = 33684, .adv_w = 224, .box_w = 13, .box_h = 13, .ofs_x = 1, .ofs_y = -1},
    {.bitmap_index = 33769, .adv_w = 224, .box_w = 14, .box_h = 13, .ofs_x = 0, .ofs_y = -1},
    {.bitmap_index = 33860, .adv_w = 224, .box_w = 13, .box_h = 12, .ofs_x = 0, .ofs_y = -1},
    {.bitmap_index = 33938, .adv_w = 224, .box_w = 14, .box_h = 13, .ofs_x = 0, .ofs_y = -1},
    {.bitmap_index = 34029, .adv_w = 224, .box_w = 13, .box_h = 13, .ofs_x = 0, .ofs_y = -1},
    {.bitmap_index = 34114, .adv_w = 224, .box_w = 14, .box_h = 13, .ofs_x = 0, .ofs_y = -1},
    {.bitmap_index = 34205, .adv_w = 224, .box_w = 14, .box_h = 13, .ofs_x = 0, .ofs_y = -1},
    {.bitmap_index = 34296, .adv_w = 224, .box_w = 14, .box_h = 13, .ofs_x = 0, .ofs_y = -1},
    {.bitmap_index = 34387, .adv_w = 224, .box_w = 14, .box_h = 14, .ofs_x = 0, .ofs_y = -1},
    {.bitmap_index = 34485, .adv_w = 224, .box_w = 14, .box_h = 13, .ofs_x = 0, .ofs_y = -1},
    {.bitmap_index = 34576, .adv_w = 224, .box_w = 14, .box_h = 13, .ofs_x = 0, .ofs_y = -1},
    {.bitmap_index = 34667, .adv_w = 224, .box_w = 14, .box_h = 14, .ofs_x = 0, .ofs_y = -2},
    {.bitmap_index = 34765, .adv_w = 224, .box_w = 14, .box_h = 12, .ofs_x = 0, .ofs_y = -1},
    {.bitmap_index = 34849, .adv_w = 224, .box_w = 13, .box_h = 13, .ofs_x = 0, .ofs_y = -1},
    {.bitmap_index = 34934, .adv_w = 224, .box_w = 14, .box_h = 13, .ofs_x = 0, .ofs_y = -1},
    {.bitmap_index = 35025, .adv_w = 224, .box_w = 14, .box_h = 12, .ofs_x = 0, .ofs_y = -1},
    {.bitmap_index = 35109, .adv_w = 224, .box_w = 14, .box_h = 13, .ofs_x = 0, .ofs_y = -1},
    {.bitmap_index = 35200, .adv_w = 224, .box_w = 12, .box_h = 14, .ofs_x = 1, .ofs_y = -2},
    {.bitmap_index = 35284, .adv_w = 224, .box_w = 13, .box_h = 14, .ofs_x = 0, .ofs_y = -2},
    {.bitmap_index = 35375, .adv_w = 224, .box_w = 14, .box_h = 14, .ofs_x = 0, .ofs_y = -2},
    {.bitmap_index = 35473, .adv_w = 224, .box_w = 13, .box_h = 14, .ofs_x = 0, .ofs_y = -2},
    {.bitmap_index = 35564, .adv_w = 224, .box_w = 14, .box_h = 14, .ofs_x = 0, .ofs_y = -2},
    {.bitmap_index = 35662, .adv_w = 224, .box_w = 14, .box_h = 13, .ofs_x = 0, .ofs_y = -2},
    {.bitmap_index = 35753, .adv_w = 224, .box_w = 10, .box_h = 13, .ofs_x = 2, .ofs_y = -1},
    {.bitmap_index = 35818, .adv_w = 224, .box_w = 14, .box_h = 13, .ofs_x = 0, .ofs_y = -1},
    {.bitmap_index = 35909, .adv_w = 224, .box_w = 14, .box_h = 13, .ofs_x = 0, .ofs_y = -1},
    {.bitmap_index = 36000, .adv_w = 224, .box_w = 13, .box_h = 14, .ofs_x = 0, .ofs_y = -1},
    {.bitmap_index = 36091, .adv_w = 224, .box_w = 14, .box_h = 13, .ofs_x = 0, .ofs_y = -1},
    {.bitmap_index = 36182, .adv_w = 224, .box_w = 14, .box_h = 14, .ofs_x = 0, .ofs_y = -2},
    {.bitmap_index = 36280, .adv_w = 224, .box_w = 14, .box_h = 13, .ofs_x = 0, .ofs_y = -1},
    {.bitmap_index = 36371, .adv_w = 224, .box_w = 14, .box_h = 13, .ofs_x = 0, .ofs_y = -1},
    {.bitmap_index = 36462, .adv_w = 224, .box_w = 14, .box_h = 14, .ofs_x = 0, .ofs_y = -2},
    {.bitmap_index = 36560, .adv_w = 224, .box_w = 14, .box_h = 13, .ofs_x = 0, .ofs_y = -1},
    {.bitmap_index = 36651, .adv_w = 224, .box_w = 14, .box_h = 13, .ofs_x = 0, .ofs_y = -1},
    {.bitmap_index = 36742, .adv_w = 224, .box_w = 14, .box_h = 13, .ofs_x = 0, .ofs_y = -1},
    {.bitmap_index = 36833, .adv_w = 224, .box_w = 14, .box_h = 14, .ofs_x = 0, .ofs_y = -2},
    {.bitmap_index = 36931, .adv_w = 224, .box_w = 14, .box_h = 14, .ofs_x = 0, .ofs_y = -2},
    {.bitmap_index = 37029, .adv_w = 224, .box_w = 14, .box_h = 13, .ofs_x = 0, .ofs_y = -1},
    {.bitmap_index = 37120, .adv_w = 224, .box_w = 14, .box_h = 13, .ofs_x = 0, .ofs_y = -1},
    {.bitmap_index = 37211, .adv_w = 224, .box_w = 14, .box_h = 14, .ofs_x = 0, .ofs_y = -2},
    {.bitmap_index = 37309, .adv_w = 224, .box_w = 14, .box_h = 14, .ofs_x = 0, .ofs_y = -2},
    {.bitmap_index = 37407, .adv_w = 224, .box_w = 14, .box_h = 14, .ofs_x = 0, .ofs_y = -2},
    {.bitmap_index = 37505, .adv_w = 224, .box_w = 14, .box_h = 14, .ofs_x = 0, .ofs_y = -2},
    {.bitmap_index = 37603, .adv_w = 224, .box_w = 14, .box_h = 14, .ofs_x = 0, .ofs_y = -2},
    {.bitmap_index = 37701, .adv_w = 224, .box_w = 14, .box_h = 14, .ofs_x = 0, .ofs_y = -2},
    {.bitmap_index = 37799, .adv_w = 224, .box_w = 14, .box_h = 14, .ofs_x = 0, .ofs_y = -2},
    {.bitmap_index = 37897, .adv_w = 224, .box_w = 14, .box_h = 14, .ofs_x = 0, .ofs_y = -2},
    {.bitmap_index = 37995, .adv_w = 224, .box_w = 14, .box_h = 12, .ofs_x = 0, .ofs_y = -1},
    {.bitmap_index = 38079, .adv_w = 224, .box_w = 14, .box_h = 13, .ofs_x = 0, .ofs_y = -2},
    {.bitmap_index = 38170, .adv_w = 224, .box_w = 14, .box_h = 13, .ofs_x = 0, .ofs_y = -2},
    {.bitmap_index = 38261, .adv_w = 224, .box_w = 12, .box_h = 14, .ofs_x = 1, .ofs_y = -2},
    {.bitmap_index = 38345, .adv_w = 224, .box_w = 14, .box_h = 13, .ofs_x = 0, .ofs_y = -1},
    {.bitmap_index = 38436, .adv_w = 224, .box_w = 14, .box_h = 14, .ofs_x = 0, .ofs_y = -2},
    {.bitmap_index = 38534, .adv_w = 224, .box_w = 14, .box_h = 13, .ofs_x = 0, .ofs_y = -1},
    {.bitmap_index = 38625, .adv_w = 224, .box_w = 14, .box_h = 13, .ofs_x = 0, .ofs_y = -1},
    {.bitmap_index = 38716, .adv_w = 224, .box_w = 14, .box_h = 13, .ofs_x = 0, .ofs_y = -1},
    {.bitmap_index = 38807, .adv_w = 224, .box_w = 14, .box_h = 13, .ofs_x = 0, .ofs_y = -1},
    {.bitmap_index = 38898, .adv_w = 224, .box_w = 14, .box_h = 13, .ofs_x = 0, .ofs_y = -1},
    {.bitmap_index = 38989, .adv_w = 224, .box_w = 14, .box_h = 13, .ofs_x = 0, .ofs_y = -1},
    {.bitmap_index = 39080, .adv_w = 224, .box_w = 14, .box_h = 14, .ofs_x = 0, .ofs_y = -2},
    {.bitmap_index = 39178, .adv_w = 224, .box_w = 14, .box_h = 13, .ofs_x = 0, .ofs_y = -1},
    {.bitmap_index = 39269, .adv_w = 224, .box_w = 14, .box_h = 13, .ofs_x = 0, .ofs_y = -1},
    {.bitmap_index = 39360, .adv_w = 224, .box_w = 14, .box_h = 13, .ofs_x = 0, .ofs_y = -1},
    {.bitmap_index = 39451, .adv_w = 224, .box_w = 14, .box_h = 13, .ofs_x = 0, .ofs_y = -1},
    {.bitmap_index = 39542, .adv_w = 224, .box_w = 14, .box_h = 14, .ofs_x = 0, .ofs_y = -2},
    {.bitmap_index = 39640, .adv_w = 224, .box_w = 14, .box_h = 15, .ofs_x = 0, .ofs_y = -2},
    {.bitmap_index = 39745, .adv_w = 224, .box_w = 14, .box_h = 12, .ofs_x = 0, .ofs_y = -1},
    {.bitmap_index = 39829, .adv_w = 224, .box_w = 14, .box_h = 14, .ofs_x = 0, .ofs_y = -2},
    {.bitmap_index = 39927, .adv_w = 224, .box_w = 14, .box_h = 14, .ofs_x = 0, .ofs_y = -2},
    {.bitmap_index = 40025, .adv_w = 224, .box_w = 14, .box_h = 14, .ofs_x = 0, .ofs_y = -2},
    {.bitmap_index = 40123, .adv_w = 224, .box_w = 14, .box_h = 13, .ofs_x = 0, .ofs_y = -1},
    {.bitmap_index = 40214, .adv_w = 224, .box_w = 14, .box_h = 14, .ofs_x = 0, .ofs_y = -2},
    {.bitmap_index = 40312, .adv_w = 224, .box_w = 14, .box_h = 14, .ofs_x = 0, .ofs_y = -2},
    {.bitmap_index = 40410, .adv_w = 224, .box_w = 14, .box_h = 13, .ofs_x = 0, .ofs_y = -1},
    {.bitmap_index = 40501, .adv_w = 224, .box_w = 14, .box_h = 14, .ofs_x = 0, .ofs_y = -2},
    {.bitmap_index = 40599, .adv_w = 224, .box_w = 14, .box_h = 14, .ofs_x = 0, .ofs_y = -1},
    {.bitmap_index = 40697, .adv_w = 224, .box_w = 14, .box_h = 13, .ofs_x = 0, .ofs_y = -1},
    {.bitmap_index = 40788, .adv_w = 224, .box_w = 14, .box_h = 13, .ofs_x = 0, .ofs_y = -1},
    {.bitmap_index = 40879, .adv_w = 224, .box_w = 14, .box_h = 14, .ofs_x = 0, .ofs_y = -2},
    {.bitmap_index = 40977, .adv_w = 224, .box_w = 14, .box_h = 13, .ofs_x = 0, .ofs_y = -1},
    {.bitmap_index = 41068, .adv_w = 224, .box_w = 14, .box_h = 13, .ofs_x = 0, .ofs_y = -1},
    {.bitmap_index = 41159, .adv_w = 224, .box_w = 14, .box_h = 14, .ofs_x = 0, .ofs_y = -2},
    {.bitmap_index = 41257, .adv_w = 224, .box_w = 14, .box_h = 14, .ofs_x = 0, .ofs_y = -2},
    {.bitmap_index = 41355, .adv_w = 224, .box_w = 14, .box_h = 14, .ofs_x = 0, .ofs_y = -2},
    {.bitmap_index = 41453, .adv_w = 224, .box_w = 14, .box_h = 14, .ofs_x = 0, .ofs_y = -2},
    {.bitmap_index = 41551, .adv_w = 224, .box_w = 14, .box_h = 15, .ofs_x = 0, .ofs_y = -2},
    {.bitmap_index = 41656, .adv_w = 224, .box_w = 14, .box_h = 14, .ofs_x = 0, .ofs_y = -2},
    {.bitmap_index = 41754, .adv_w = 224, .box_w = 14, .box_h = 14, .ofs_x = 0, .ofs_y = -2},
    {.bitmap_index = 41852, .adv_w = 224, .box_w = 14, .box_h = 14, .ofs_x = 0, .ofs_y = -2},
    {.bitmap_index = 41950, .adv_w = 224, .box_w = 14, .box_h = 14, .ofs_x = 0, .ofs_y = -2},
    {.bitmap_index = 42048, .adv_w = 224, .box_w = 14, .box_h = 14, .ofs_x = 0, .ofs_y = -2},
    {.bitmap_index = 42146, .adv_w = 224, .box_w = 14, .box_h = 14, .ofs_x = 0, .ofs_y = -2},
    {.bitmap_index = 42244, .adv_w = 224, .box_w = 14, .box_h = 14, .ofs_x = 0, .ofs_y = -2},
    {.bitmap_index = 42342, .adv_w = 224, .box_w = 14, .box_h = 13, .ofs_x = 0, .ofs_y = -2},
    {.bitmap_index = 42433, .adv_w = 224, .box_w = 14, .box_h = 13, .ofs_x = 0, .ofs_y = -1},
    {.bitmap_index = 42524, .adv_w = 224, .box_w = 14, .box_h = 13, .ofs_x = 0, .ofs_y = -1},
    {.bitmap_index = 42615, .adv_w = 224, .box_w = 14, .box_h = 13, .ofs_x = 0, .ofs_y = -1},
    {.bitmap_index = 42706, .adv_w = 224, .box_w = 14, .box_h = 14, .ofs_x = 0, .ofs_y = -1},
    {.bitmap_index = 42804, .adv_w = 224, .box_w = 14, .box_h = 12, .ofs_x = 0, .ofs_y = -1},
    {.bitmap_index = 42888, .adv_w = 224, .box_w = 14, .box_h = 13, .ofs_x = 0, .ofs_y = -1},
    {.bitmap_index = 42979, .adv_w = 224, .box_w = 14, .box_h = 12, .ofs_x = 0, .ofs_y = -1},
    {.bitmap_index = 43063, .adv_w = 224, .box_w = 14, .box_h = 13, .ofs_x = 0, .ofs_y = -1},
    {.bitmap_index = 43154, .adv_w = 224, .box_w = 13, .box_h = 14, .ofs_x = 0, .ofs_y = -2},
    {.bitmap_index = 43245, .adv_w = 224, .box_w = 14, .box_h = 13, .ofs_x = 0, .ofs_y = -1},
    {.bitmap_index = 43336, .adv_w = 224, .box_w = 14, .box_h = 14, .ofs_x = 0, .ofs_y = -1},
    {.bitmap_index = 43434, .adv_w = 224, .box_w = 14, .box_h = 13, .ofs_x = 0, .ofs_y = -1},
    {.bitmap_index = 43525, .adv_w = 224, .box_w = 14, .box_h = 14, .ofs_x = 0, .ofs_y = -2},
    {.bitmap_index = 43623, .adv_w = 224, .box_w = 14, .box_h = 13, .ofs_x = 0, .ofs_y = -1},
    {.bitmap_index = 43714, .adv_w = 224, .box_w = 14, .box_h = 14, .ofs_x = 0, .ofs_y = -2},
    {.bitmap_index = 43812, .adv_w = 224, .box_w = 14, .box_h = 14, .ofs_x = 0, .ofs_y = -2},
    {.bitmap_index = 43910, .adv_w = 224, .box_w = 12, .box_h = 13, .ofs_x = 1, .ofs_y = -1},
    {.bitmap_index = 43988, .adv_w = 224, .box_w = 12, .box_h = 13, .ofs_x = 1, .ofs_y = -1},
    {.bitmap_index = 44066, .adv_w = 224, .box_w = 12, .box_h = 13, .ofs_x = 1, .ofs_y = -1},
    {.bitmap_index = 44144, .adv_w = 224, .box_w = 13, .box_h = 14, .ofs_x = 1, .ofs_y = -2},
    {.bitmap_index = 44235, .adv_w = 224, .box_w = 13, .box_h = 14, .ofs_x = 1, .ofs_y = -2},
    {.bitmap_index = 44326, .adv_w = 224, .box_w = 14, .box_h = 12, .ofs_x = 0, .ofs_y = -1},
    {.bitmap_index = 44410, .adv_w = 224, .box_w = 14, .box_h = 13, .ofs_x = 0, .ofs_y = -2},
    {.bitmap_index = 44501, .adv_w = 224, .box_w = 14, .box_h = 12, .ofs_x = 0, .ofs_y = -1},
    {.bitmap_index = 44585, .adv_w = 224, .box_w = 14, .box_h = 14, .ofs_x = 0, .ofs_y = -1},
    {.bitmap_index = 44683, .adv_w = 224, .box_w = 14, .box_h = 14, .ofs_x = 0, .ofs_y = -2},
    {.bitmap_index = 44781, .adv_w = 224, .box_w = 14, .box_h = 14, .ofs_x = 0, .ofs_y = -1},
    {.bitmap_index = 44879, .adv_w = 224, .box_w = 14, .box_h = 14, .ofs_x = 0, .ofs_y = -2},
    {.bitmap_index = 44977, .adv_w = 224, .box_w = 14, .box_h = 13, .ofs_x = 0, .ofs_y = -2},
    {.bitmap_index = 45068, .adv_w = 224, .box_w = 14, .box_h = 14, .ofs_x = 0, .ofs_y = -2},
    {.bitmap_index = 45166, .adv_w = 224, .box_w = 14, .box_h = 14, .ofs_x = 0, .ofs_y = -2},
    {.bitmap_index = 45264, .adv_w = 224, .box_w = 14, .box_h = 14, .ofs_x = 0, .ofs_y = -2},
    {.bitmap_index = 45362, .adv_w = 224, .box_w = 14, .box_h = 14, .ofs_x = 0, .ofs_y = -2},
    {.bitmap_index = 45460, .adv_w = 224, .box_w = 14, .box_h = 13, .ofs_x = 0, .ofs_y = -1},
    {.bitmap_index = 45551, .adv_w = 224, .box_w = 14, .box_h = 13, .ofs_x = 0, .ofs_y = -1},
    {.bitmap_index = 45642, .adv_w = 224, .box_w = 14, .box_h = 13, .ofs_x = 0, .ofs_y = -1},
    {.bitmap_index = 45733, .adv_w = 224, .box_w = 14, .box_h = 13, .ofs_x = 0, .ofs_y = -1},
    {.bitmap_index = 45824, .adv_w = 224, .box_w = 14, .box_h = 14, .ofs_x = 0, .ofs_y = -2},
    {.bitmap_index = 45922, .adv_w = 224, .box_w = 14, .box_h = 13, .ofs_x = 0, .ofs_y = -1},
    {.bitmap_index = 46013, .adv_w = 224, .box_w = 14, .box_h = 13, .ofs_x = 0, .ofs_y = -1},
    {.bitmap_index = 46104, .adv_w = 224, .box_w = 14, .box_h = 14, .ofs_x = 0, .ofs_y = -2},
    {.bitmap_index = 46202, .adv_w = 224, .box_w = 14, .box_h = 13, .ofs_x = 0, .ofs_y = -2},
    {.bitmap_index = 46293, .adv_w = 224, .box_w = 14, .box_h = 13, .ofs_x = 0, .ofs_y = -1},
    {.bitmap_index = 46384, .adv_w = 224, .box_w = 3, .box_h = 12, .ofs_x = 2, .ofs_y = -1},
    {.bitmap_index = 46402, .adv_w = 224, .box_w = 5, .box_h = 14, .ofs_x = 9, .ofs_y = -2},
    {.bitmap_index = 46437, .adv_w = 224, .box_w = 5, .box_h = 14, .ofs_x = 0, .ofs_y = -2},
    {.bitmap_index = 46472, .adv_w = 224, .box_w = 4, .box_h = 6, .ofs_x = 1, .ofs_y = -2},
    {.bitmap_index = 46484, .adv_w = 224, .box_w = 3, .box_h = 10, .ofs_x = 2, .ofs_y = -1},
    {.bitmap_index = 46499, .adv_w = 224, .box_w = 4, .box_h = 12, .ofs_x = 1, .ofs_y = -3},
    {.bitmap_index = 46523, .adv_w = 224, .box_w = 7, .box_h = 12, .ofs_x = 0, .ofs_y = -1}
};

/*---------------------
 *  CHARACTER MAPPING
 *--------------------*/

static const uint16_t unicode_list_1[] = {
    0x0, 0x20, 0x24fb, 0x2505, 0x2518, 0x25b3, 0x265c, 0x2f4b,
    0x2f55, 0x2f56, 0x4d49, 0x4d4c, 0x4d52, 0x4d53, 0x4d54, 0x4d56,
    0x4d57, 0x4d5f, 0x4d66, 0x4d6d, 0x4d73, 0x4d76, 0x4d83, 0x4d91,
    0x4d94, 0x4d95, 0x4d99, 0x4da6, 0x4da9, 0x4daf, 0x4dcf, 0x4dd5,
    0x4dd7, 0x4ddd, 0x4ded, 0x4df7, 0x4dfb, 0x4e03, 0x4e09, 0x4e13,
    0x4e14, 0x4e21, 0x4e61, 0x4e63, 0x4e67, 0x4e85, 0x4e8f, 0x4e96,
    0x4e98, 0x4e9c, 0x4ea9, 0x4ed4, 0x4f08, 0x4f62, 0x4fa3, 0x4fa5,
    0x4fae, 0x4fd6, 0x4ff1, 0x5018, 0x5088, 0x508c, 0x5091, 0x50ae,
    0x50b1, 0x50b4, 0x50b5, 0x50b6, 0x50bc, 0x50bd, 0x50d6, 0x5129,
    0x5143, 0x5150, 0x5166, 0x5172, 0x5179, 0x51e4, 0x51e9, 0x51ea,
    0x51f1, 0x51f2, 0x524e, 0x5262, 0x5284, 0x528a, 0x5291, 0x5293,
    0x529e, 0x52a5, 0x52aa, 0x52ba, 0x52ce, 0x5304, 0x5314, 0x5315,
    0x531a, 0x531f, 0x532c, 0x5334, 0x5338, 0x5341, 0x534c, 0x5351,
    0x5356, 0x535a, 0x5360, 0x5370, 0x5375, 0x5389, 0x538c, 0x53a1,
    0x53c5, 0x53df, 0x540a, 0x5410, 0x5428, 0x542e, 0x542f, 0x5433,
    0x5450, 0x5493, 0x54aa, 0x54ad, 0x54d2, 0x54e5, 0x54e6, 0x551b,
    0x5557, 0x557d, 0x557f, 0x5624, 0x5627, 0x5643, 0x5646, 0x564f,
    0x5668, 0x5671, 0x5679, 0x5683, 0x56aa, 0x5717, 0x5743, 0x5839,
    0x584d, 0x5856, 0x585f, 0x5863, 0x5865, 0x5870, 0x5872, 0x5873,
    0x587d, 0x58bc, 0x58bf, 0x58c6, 0x5902, 0x5919, 0x594a, 0x59bd,
    0x5a99, 0x5aa0, 0x5aa1, 0x5aaf, 0x5ab2, 0x5ad2, 0x5ad5, 0x5ae5,
    0x5aff, 0x5b02, 0x5b42, 0x5b58, 0x5b5a, 0x5b5f, 0x5b7a, 0x5b87,
    0x5d3a, 0x5d3b, 0x5d4b, 0x5d51, 0x5d77, 0x5d81, 0x5d86, 0x5dbc,
    0x5dbd, 0x5ddd, 0x5de0, 0x5def, 0x5e00, 0x5e49, 0x5e68, 0x5e69,
    0x5e82, 0x5e83, 0x5eab, 0x5ed1, 0x5ee0, 0x5f57, 0x5f66, 0x603c,
    0x6058, 0x60ab, 0x6159, 0x615a, 0x6180, 0x6188, 0x6194, 0x619c,
    0x61b9, 0x61fa, 0x6212, 0x6215, 0x6245, 0x6250, 0x6252, 0x62ab,
    0x62d5, 0x632a, 0x63b2, 0x63c1, 0x63f6, 0x642f, 0x647f, 0x64b9,
    0x64d0, 0x6529, 0x652e, 0x6532, 0x653f, 0x6557, 0x6568, 0x6571,
    0x6578, 0x65a3, 0x65b1, 0x663d, 0x6652, 0x6654, 0x6656, 0x6668,
    0x6673, 0x6675, 0x667e, 0x6683, 0x66aa, 0x66ae, 0x66e5, 0x675a,
    0x676a, 0x6780, 0x67ef, 0x67f1, 0x681b, 0x684e, 0x69a1, 0x69a2,
    0x6a6a, 0x6a6b, 0x6a81, 0x6a87, 0x6a92, 0x6aac, 0x6ab3, 0x6b16,
    0x6b18, 0x6b5d, 0x6b7d, 0x6b8b, 0x6b90, 0x6b92, 0x6bcc, 0x6be8,
    0x6bea, 0x6c02, 0x6c1e, 0x6c2a, 0x6c2b, 0x6c54, 0x6c60, 0x6c94,
    0x6cc0, 0x6d4e, 0x6d6c, 0x6e1a, 0x6e4b, 0x6fb9, 0x6fdb, 0x7001,
    0x7002, 0x702d, 0x7042, 0x717a, 0x717f, 0x7180, 0x7190, 0x71a4,
    0x71b2, 0x71c2, 0x7220, 0x72f9, 0x7304, 0x734c, 0x73cc, 0x7425,
    0x7468, 0x7471, 0x747e, 0x7480, 0x7495, 0x74b3, 0x74da, 0x7505,
    0x750e, 0x75c6, 0x75cd, 0x7654, 0x7685, 0x76a4, 0x7736, 0x77b7,
    0x7883, 0x7885, 0x791a, 0x7928, 0x7939, 0x7944, 0x79c3, 0x79e0,
    0x7a22, 0x7a5d, 0x7a75, 0x7a9d, 0x7bbc, 0x7bd2, 0x7c1e, 0x7c44,
    0x7c70, 0x7c74, 0x7c78, 0x7deb, 0x7def, 0x7e0c, 0x7e1c, 0x7e22,
    0x7e30, 0x7e33, 0x7e36, 0x7e48, 0x7eb7, 0x7f44, 0x7f4a, 0x7f7c,
    0x7f7f, 0x7fd2, 0x802a, 0x805a, 0x8063, 0x8081, 0x80c8, 0x8133,
    0x8155, 0x815b, 0x81bb, 0x8242, 0x824d, 0x827f, 0x8292, 0x82b8,
    0x82dc, 0x8325, 0x834d, 0x8366, 0x83aa, 0x83ba, 0x8426, 0x8475,
    0x8492, 0x8614, 0x8795, 0x87ac, 0x87b1, 0x880e, 0x8822, 0x88c8,
    0x88ca, 0x890a, 0x891b, 0x8aea, 0x8aed, 0x8af9, 0x8b00, 0x8b07,
    0x8b16, 0x8b26, 0x8b36, 0x8b3d, 0x8b3f, 0x8b40, 0x8b44, 0x8b4a,
    0x8b51, 0x8b6b, 0x8b8f, 0x8bd5, 0x8c6f, 0x8c76, 0x8c7e, 0x8cb9,
    0x8cc0, 0x8d38, 0x8df4, 0x8eaf, 0x8eb7, 0x8ec4, 0x8ecc, 0x8ece,
    0x8ecf, 0x8f02, 0x8f10, 0x8f1a, 0x8f1d, 0x8f22, 0x8f24, 0x8f25,
    0x8f40, 0x8f4a, 0x8f52, 0x8f63, 0x8f96, 0x8fec, 0x901a, 0x9031,
    0x909b, 0x90ba, 0x9115, 0x9116, 0x9118, 0x93e8, 0x93ee, 0x93fa,
    0x940a, 0x940e, 0x943f, 0x9462, 0x94a5, 0x94c8, 0x9531, 0x9537,
    0x953d, 0x95ab, 0x95ad, 0x9631, 0x9649, 0x96ab, 0x96d4, 0x9732,
    0x973c, 0x97cd, 0x97e1, 0x97e5, 0x9828, 0x9859, 0x98b3, 0x98b6,
    0x98b7, 0x98df, 0x98e2, 0x99d5, 0x9a21, 0x9d6a, 0x9e0d, 0x9e1a,
    0x9e84, 0xfe4a, 0xfe51, 0xfe52, 0xfe55, 0xfe63, 0xfe64, 0xfe68
};

/*Collect the unicode lists and glyph_id offsets*/
static const lv_font_fmt_txt_cmap_t cmaps[] =
{
    {
        .range_start = 32, .range_length = 95, .glyph_id_start = 1,
        .unicode_list = NULL, .glyph_id_ofs_list = NULL, .list_length = 0, .type = LV_FONT_FMT_TXT_CMAP_FORMAT0_TINY
    },
    {
        .range_start = 183, .range_length = 65129, .glyph_id_start = 96,
        .unicode_list = unicode_list_1, .glyph_id_ofs_list = NULL, .list_length = 480, .type = LV_FONT_FMT_TXT_CMAP_SPARSE_TINY
    }
};



/*--------------------
 *  ALL CUSTOM DATA
 *--------------------*/

#if LVGL_VERSION_MAJOR == 8
/*Store all the custom data of the font*/
static  lv_font_fmt_txt_glyph_cache_t cache;
#endif

#if LVGL_VERSION_MAJOR >= 8
static const lv_font_fmt_txt_dsc_t font_dsc = {
#else
static lv_font_fmt_txt_dsc_t font_dsc = {
#endif
    .glyph_bitmap = glyph_bitmap,
    .glyph_dsc = glyph_dsc,
    .cmaps = cmaps,
    .kern_dsc = NULL,
    .kern_scale = 0,
    .cmap_num = 2,
    .bpp = 4,
    .kern_classes = 0,
    .bitmap_format = 0,
#if LVGL_VERSION_MAJOR == 8
    .cache = &cache
#endif
};



/*-----------------
 *  PUBLIC FONT
 *----------------*/

/*Initialize a public general font descriptor*/
#if LVGL_VERSION_MAJOR >= 8
const lv_font_t ko_zh14 = {
#else
lv_font_t ko_zh14 = {
#endif
    .get_glyph_dsc = lv_font_get_glyph_dsc_fmt_txt,    /*Function pointer to get glyph's data*/
    .get_glyph_bitmap = lv_font_get_bitmap_fmt_txt,    /*Function pointer to get glyph's bitmap*/
    .line_height = 17,          /*The maximum line height required by the font*/
    .base_line = 4,             /*Baseline measured from the bottom of the line*/
#if !(LVGL_VERSION_MAJOR == 6 && LVGL_VERSION_MINOR == 0)
    .subpx = LV_FONT_SUBPX_NONE,
#endif
#if LV_VERSION_CHECK(7, 4, 0) || LVGL_VERSION_MAJOR >= 8
    .underline_position = -2,
    .underline_thickness = 1,
#endif
    .dsc = &font_dsc,          /*The custom font data. Will be accessed by `get_glyph_bitmap/dsc` */
#if LV_VERSION_CHECK(8, 2, 0) || LVGL_VERSION_MAJOR >= 9
    .fallback = NULL,
#endif
    .user_data = NULL,
};



#endif /*#if KO_ZH14*/

